2026-03-06 07:50:16 ERROR root remotelib error:LobbyPanel:15113:{"property": "SetVisible", "value": [false], "qualifier": {"code": "property does not exist"}}
2026-03-06 07:50:16 ERROR root remotelib error:LobbyPanel:4916:{"property": "SetText", "value": ["BWD Feed 3"], "qualifier": {"code": "property does not exist"}}
2026-03-06 07:50:16 ERROR root remotelib error:BreakRmPanel:4766:{"property": "SetText", "value": [""], "qualifier": {"code": "property does not exist"}}
2026-03-06 07:50:16 ERROR root remotelib error:HallPanel:4862:{"property": "SetText", "value": ["none"], "qualifier": {"code": "property does not exist"}}
2026-03-06 07:50:16 ERROR root remotelib error:LobbyPanel:4616:{"property": "SetText", "value": ["BWD Feed 3"], "qualifier": {"code": "property does not exist"}}
2026-03-06 07:50:16 ERROR root remotelib error:BWDPanel:15114:{"property": "SetVisible", "value": [false], "qualifier": {"code": "property does not exist"}}
2026-03-06 07:50:16 ERROR root remotelib error:HallPanel:4912:{"property": "SetText", "value": ["none"], "qualifier": {"code": "property does not exist"}}
2026-03-06 07:50:16 ERROR root remotelib error:BreakRmPanel:4867:{"property": "SetText", "value": ["BWD Feed 4"], "qualifier": {"code": "property does not exist"}}
2026-03-06 07:50:16 ERROR root remotelib error:LobbyPanel:15115:{"property": "SetVisible", "value": [false], "qualifier": {"code": "property does not exist"}}
2026-03-06 07:50:16 ERROR root remotelib error:IC142Panel:14621:{"property": "SetState", "value": [0], "qualifier": {"code": "property does not exist"}}
2026-03-06 07:50:16 ERROR root remotelib error:HallPanel:4612:{"property": "SetText", "value": ["none"], "qualifier": {"code": "property does not exist"}}
2026-03-06 07:50:16 ERROR root remotelib error:BreakRmPanel:4917:{"property": "SetText", "value": ["BWD Feed 4"], "qualifier": {"code": "property does not exist"}}
2026-03-06 07:50:16 ERROR root remotelib error:BWDPanel:14615:{"property": "SetState", "value": [0], "qualifier": {"code": "property does not exist"}}
2026-03-06 07:50:16 ERROR root remotelib error:HallPanel:15111:{"property": "SetVisible", "value": [false], "qualifier": {"code": "property does not exist"}}
2026-03-06 07:50:16 ERROR root remotelib error:LobbyPanel:14616:{"property": "SetState", "value": [0], "qualifier": {"code": "property does not exist"}}
2026-03-06 07:50:16 ERROR root remotelib error:IC143Panel:4870:{"property": "SetText", "value": ["Aux HDMI 3"], "qualifier": {"code": "property does not exist"}}
2026-03-06 07:50:16 ERROR root remotelib error:BreakRmPanel:4617:{"property": "SetText", "value": ["BWD Feed 4"], "qualifier": {"code": "property does not exist"}}
2026-03-06 07:50:17 ERROR root remotelib error:IC144Panel:4867:{"property": "SetText", "value": ["BWD Feed 4"], "qualifier": {"code": "property does not exist"}}
2026-03-06 07:50:17 ERROR root remotelib error:HallPanel:14612:{"property": "SetState", "value": [0], "qualifier": {"code": "property does not exist"}}
2026-03-06 07:50:17 ERROR root remotelib error:BreakRmPanel:15116:{"property": "SetVisible", "value": [false], "qualifier": {"code": "property does not exist"}}
2026-03-06 07:50:17 ERROR root remotelib error:IC142Panel:4872:{"property": "SetText", "value": ["Aux HDMI 5"], "qualifier": {"code": "property does not exist"}}
2026-03-06 07:50:17 ERROR root remotelib error:BWDPanel:4866:{"property": "SetText", "value": ["BWD Feed 3"], "qualifier": {"code": "property does not exist"}}
2026-03-06 07:50:17 ERROR root remotelib error:BreakRmPanel:14617:{"property": "SetState", "value": [0], "qualifier": {"code": "property does not exist"}}
2026-03-06 07:50:17 ERROR root remotelib error:LobbyPanel:4766:{"property": "SetText", "value": [""], "qualifier": {"code": "property does not exist"}}
2026-03-06 07:50:17 ERROR root remotelib error:IC143Panel:4920:{"property": "SetText", "value": ["Aux HDMI 3"], "qualifier": {"code": "property does not exist"}}
2026-03-06 07:50:17 ERROR root remotelib error:IC144Panel:4917:{"property": "SetText", "value": ["BWD Feed 4"], "qualifier": {"code": "property does not exist"}}
2026-03-06 07:50:17 ERROR root remotelib error:BWDPanel:4916:{"property": "SetText", "value": ["BWD Feed 3"], "qualifier": {"code": "property does not exist"}}
2026-03-06 07:50:17 ERROR root remotelib error:HallPanel:4762:{"property": "SetText", "value": [""], "qualifier": {"code": "property does not exist"}}
2026-03-06 07:50:17 ERROR root remotelib error:LobbyPanel:4867:{"property": "SetText", "value": ["BWD Feed 4"], "qualifier": {"code": "property does not exist"}}
2026-03-06 07:50:17 ERROR root remotelib error:IC142Panel:4922:{"property": "SetText", "value": ["Aux HDMI 5"], "qualifier": {"code": "property does not exist"}}
2026-03-06 07:50:17 ERROR root remotelib error:LobbyPanel:4917:{"property": "SetText", "value": ["BWD Feed 4"], "qualifier": {"code": "property does not exist"}}
2026-03-06 07:50:17 ERROR root remotelib error:BreakRmPanel:4767:{"property": "SetText", "value": [""], "qualifier": {"code": "property does not exist"}}
2026-03-06 07:50:17 ERROR root remotelib error:LobbyPanel:4617:{"property": "SetText", "value": ["BWD Feed 4"], "qualifier": {"code": "property does not exist"}}
2026-03-06 07:50:17 ERROR root remotelib error:HallPanel:4863:{"property": "SetText", "value": ["none"], "qualifier": {"code": "property does not exist"}}
2026-03-06 07:50:17 ERROR root remotelib error:IC144Panel:15116:{"property": "SetVisible", "value": [false], "qualifier": {"code": "property does not exist"}}
2026-03-06 07:50:17 ERROR root remotelib error:BWDPanel:15115:{"property": "SetVisible", "value": [false], "qualifier": {"code": "property does not exist"}}
2026-03-06 07:50:17 ERROR root remotelib error:HallPanel:4913:{"property": "SetText", "value": ["none"], "qualifier": {"code": "property does not exist"}}
2026-03-06 07:50:17 ERROR root remotelib error:LobbyPanel:15116:{"property": "SetVisible", "value": [false], "qualifier": {"code": "property does not exist"}}
2026-03-06 07:50:17 ERROR root remotelib error:BreakRmPanel:4868:{"property": "SetText", "value": ["Aux HDMI 1"], "qualifier": {"code": "property does not exist"}}
2026-03-06 07:50:17 ERROR root remotelib error:IC144Panel:14617:{"property": "SetState", "value": [0], "qualifier": {"code": "property does not exist"}}
2026-03-06 07:50:17 ERROR root remotelib error:IC143Panel:14620:{"property": "SetState", "value": [0], "qualifier": {"code": "property does not exist"}}
2026-03-06 07:50:17 ERROR root remotelib error:BWDPanel:14616:{"property": "SetState", "value": [0], "qualifier": {"code": "property does not exist"}}
2026-03-06 07:50:17 ERROR root remotelib error:LobbyPanel:14617:{"property": "SetState", "value": [0], "qualifier": {"code": "property does not exist"}}
2026-03-06 07:50:17 ERROR root remotelib error:BreakRmPanel:4918:{"property": "SetText", "value": ["Aux HDMI 1"], "qualifier": {"code": "property does not exist"}}
2026-03-06 07:50:17 ERROR root remotelib error:HallPanel:4613:{"property": "SetText", "value": ["none"], "qualifier": {"code": "property does not exist"}}
2026-03-06 07:50:17 ERROR root remotelib error:IC142Panel:14622:{"property": "SetState", "value": [0], "qualifier": {"code": "property does not exist"}}
2026-03-06 07:50:17 ERROR root remotelib error:LobbyPanel:4767:{"property": "SetText", "value": [""], "qualifier": {"code": "property does not exist"}}
2026-03-06 07:50:17 ERROR root remotelib error:HallPanel:15112:{"property": "SetVisible", "value": [false], "qualifier": {"code": "property does not exist"}}
2026-03-06 07:50:17 ERROR root remotelib error:IC143Panel:4871:{"property": "SetText", "value": ["Aux HDMI 4"], "qualifier": {"code": "property does not exist"}}
2026-03-06 07:50:17 ERROR root remotelib error:BreakRmPanel:4618:{"property": "SetText", "value": ["Aux HDMI 1"], "qualifier": {"code": "property does not exist"}}
2026-03-06 07:50:17 ERROR root remotelib error:BWDPanel:4867:{"property": "SetText", "value": ["BWD Feed 4"], "qualifier": {"code": "property does not exist"}}
2026-03-06 07:50:17 ERROR root remotelib error:LobbyPanel:4868:{"property": "SetText", "value": ["Aux HDMI 1"], "qualifier": {"code": "property does not exist"}}
2026-03-06 07:50:17 ERROR root remotelib error:HallPanel:14613:{"property": "SetState", "value": [0], "qualifier": {"code": "property does not exist"}}
2026-03-06 07:50:17 ERROR root remotelib error:IC143Panel:4921:{"property": "SetText", "value": ["Aux HDMI 4"], "qualifier": {"code": "property does not exist"}}
2026-03-06 07:50:17 ERROR root remotelib error:IC142Panel:4873:{"property": "SetText", "value": ["Aux HDMI 6"], "qualifier": {"code": "property does not exist"}}
2026-03-06 07:50:17 ERROR root remotelib error:BreakRmPanel:15117:{"property": "SetVisible", "value": [false], "qualifier": {"code": "property does not exist"}}
2026-03-06 07:50:17 ERROR root remotelib error:IC144Panel:4868:{"property": "SetText", "value": ["Aux HDMI 1"], "qualifier": {"code": "property does not exist"}}
2026-03-06 07:50:17 ERROR root remotelib error:BWDPanel:4917:{"property": "SetText", "value": ["BWD Feed 4"], "qualifier": {"code": "property does not exist"}}
2026-03-06 07:50:17 ERROR root remotelib error:BreakRmPanel:14618:{"property": "SetState", "value": [0], "qualifier": {"code": "property does not exist"}}
2026-03-06 07:50:17 ERROR root remotelib error:IC142Panel:4923:{"property": "SetText", "value": ["Aux HDMI 6"], "qualifier": {"code": "property does not exist"}}
2026-03-06 07:50:17 ERROR root remotelib error:LobbyPanel:4918:{"property": "SetText", "value": ["Aux HDMI 1"], "qualifier": {"code": "property does not exist"}}
2026-03-06 07:50:17 ERROR root remotelib error:IC143Panel:14621:{"property": "SetState", "value": [0], "qualifier": {"code": "property does not exist"}}
2026-03-06 07:50:17 ERROR root remotelib error:HallPanel:4763:{"property": "SetText", "value": [""], "qualifier": {"code": "property does not exist"}}
2026-03-06 07:50:17 ERROR root remotelib error:IC144Panel:4918:{"property": "SetText", "value": ["Aux HDMI 1"], "qualifier": {"code": "property does not exist"}}
2026-03-06 07:50:17 ERROR root remotelib error:LobbyPanel:4618:{"property": "SetText", "value": ["Aux HDMI 1"], "qualifier": {"code": "property does not exist"}}
2026-03-06 07:50:17 ERROR root remotelib error:BreakRmPanel:4768:{"property": "SetText", "value": [""], "qualifier": {"code": "property does not exist"}}
2026-03-06 07:50:17 ERROR root remotelib error:HallPanel:4864:{"property": "SetText", "value": ["BWD Feed 1"], "qualifier": {"code": "property does not exist"}}
2026-03-06 07:50:17 ERROR root remotelib error:BWDPanel:15116:{"property": "SetVisible", "value": [false], "qualifier": {"code": "property does not exist"}}
2026-03-06 07:50:17 ERROR root remotelib error:LobbyPanel:15117:{"property": "SetVisible", "value": [false], "qualifier": {"code": "property does not exist"}}
2026-03-06 07:50:17 ERROR root remotelib error:BWDPanel:14617:{"property": "SetState", "value": [0], "qualifier": {"code": "property does not exist"}}
2026-03-06 07:50:17 ERROR root remotelib error:BreakRmPanel:4869:{"property": "SetText", "value": ["Aux HDMI 2"], "qualifier": {"code": "property does not exist"}}
2026-03-06 07:50:17 ERROR root remotelib error:HallPanel:4914:{"property": "SetText", "value": ["BWD Feed 1"], "qualifier": {"code": "property does not exist"}}
2026-03-06 07:50:17 ERROR root remotelib error:LobbyPanel:14618:{"property": "SetState", "value": [0], "qualifier": {"code": "property does not exist"}}
2026-03-06 07:50:17 ERROR root remotelib error:IC142Panel:14623:{"property": "SetState", "value": [0], "qualifier": {"code": "property does not exist"}}
2026-03-06 07:50:17 ERROR root remotelib error:IC144Panel:14618:{"property": "SetState", "value": [0], "qualifier": {"code": "property does not exist"}}
2026-03-06 07:50:17 ERROR root remotelib error:IC143Panel:4872:{"property": "SetText", "value": ["Aux HDMI 5"], "qualifier": {"code": "property does not exist"}}
2026-03-06 07:50:17 ERROR root remotelib error:BreakRmPanel:4919:{"property": "SetText", "value": ["Aux HDMI 2"], "qualifier": {"code": "property does not exist"}}
2026-03-06 07:50:17 ERROR root remotelib error:IC143Panel:4922:{"property": "SetText", "value": ["Aux HDMI 5"], "qualifier": {"code": "property does not exist"}}
2026-03-06 07:50:17 ERROR root remotelib error:HallPanel:4614:{"property": "SetText", "value": ["BWD Feed 1"], "qualifier": {"code": "property does not exist"}}
2026-03-06 07:50:17 ERROR root remotelib error:LobbyPanel:4768:{"property": "SetText", "value": [""], "qualifier": {"code": "property does not exist"}}
2026-03-06 07:50:17 ERROR root remotelib error:BreakRmPanel:4619:{"property": "SetText", "value": ["Aux HDMI 2"], "qualifier": {"code": "property does not exist"}}
2026-03-06 07:50:17 ERROR root remotelib error:HallPanel:15113:{"property": "SetVisible", "value": [false], "qualifier": {"code": "property does not exist"}}
2026-03-06 07:50:17 ERROR root remotelib error:HallPanel:14614:{"property": "SetState", "value": [0], "qualifier": {"code": "property does not exist"}}
2026-03-06 07:50:17 ERROR root remotelib error:BWDPanel:4868:{"property": "SetText", "value": ["Aux HDMI 1"], "qualifier": {"code": "property does not exist"}}
2026-03-06 07:50:17 ERROR root remotelib error:IC142Panel:4874:{"property": "SetText", "value": ["Aux HDMI 7"], "qualifier": {"code": "property does not exist"}}
2026-03-06 07:50:17 ERROR root remotelib error:BreakRmPanel:15118:{"property": "SetVisible", "value": [false], "qualifier": {"code": "property does not exist"}}
2026-03-06 07:50:17 ERROR root remotelib error:BWDPanel:4918:{"property": "SetText", "value": ["Aux HDMI 1"], "qualifier": {"code": "property does not exist"}}
2026-03-06 07:50:17 ERROR root remotelib error:IC142Panel:4924:{"property": "SetText", "value": ["Aux HDMI 7"], "qualifier": {"code": "property does not exist"}}
2026-03-06 07:50:17 ERROR root remotelib error:LobbyPanel:4869:{"property": "SetText", "value": ["Aux HDMI 2"], "qualifier": {"code": "property does not exist"}}
2026-03-06 07:50:17 ERROR root remotelib error:IC143Panel:14622:{"property": "SetState", "value": [0], "qualifier": {"code": "property does not exist"}}
2026-03-06 07:50:17 ERROR root remotelib error:IC144Panel:4869:{"property": "SetText", "value": ["Aux HDMI 2"], "qualifier": {"code": "property does not exist"}}
2026-03-06 07:50:17 ERROR root remotelib error:HallPanel:4764:{"property": "SetText", "value": [""], "qualifier": {"code": "property does not exist"}}
2026-03-06 07:50:17 ERROR root remotelib error:BreakRmPanel:14619:{"property": "SetState", "value": [0], "qualifier": {"code": "property does not exist"}}
2026-03-06 07:50:17 ERROR root remotelib error:HallPanel:4865:{"property": "SetText", "value": ["BWD Feed 2"], "qualifier": {"code": "property does not exist"}}
2026-03-06 07:50:17 ERROR root remotelib error:BWDPanel:14618:{"property": "SetState", "value": [0], "qualifier": {"code": "property does not exist"}}
2026-03-06 07:50:17 ERROR root remotelib error:IC144Panel:4919:{"property": "SetText", "value": ["Aux HDMI 2"], "qualifier": {"code": "property does not exist"}}
2026-03-06 07:50:17 ERROR root remotelib error:LobbyPanel:4919:{"property": "SetText", "value": ["Aux HDMI 2"], "qualifier": {"code": "property does not exist"}}
2026-03-06 07:50:17 ERROR root remotelib error:BreakRmPanel:4769:{"property": "SetText", "value": [""], "qualifier": {"code": "property does not exist"}}
2026-03-06 07:50:17 ERROR root remotelib error:HallPanel:4915:{"property": "SetText", "value": ["BWD Feed 2"], "qualifier": {"code": "property does not exist"}}
2026-03-06 07:50:17 ERROR root remotelib error:IC143Panel:4873:{"property": "SetText", "value": ["Aux HDMI 6"], "qualifier": {"code": "property does not exist"}}
2026-03-06 07:50:17 ERROR root remotelib error:IC142Panel:14624:{"property": "SetState", "value": [0], "qualifier": {"code": "property does not exist"}}
2026-03-06 07:50:17 ERROR root remotelib error:LobbyPanel:4619:{"property": "SetText", "value": ["Aux HDMI 2"], "qualifier": {"code": "property does not exist"}}
2026-03-06 07:50:17 ERROR root remotelib error:HallPanel:4615:{"property": "SetText", "value": ["BWD Feed 2"], "qualifier": {"code": "property does not exist"}}
2026-03-06 07:50:17 ERROR root remotelib error:IC143Panel:4923:{"property": "SetText", "value": ["Aux HDMI 6"], "qualifier": {"code": "property does not exist"}}
2026-03-06 07:50:17 ERROR root remotelib error:LobbyPanel:15118:{"property": "SetVisible", "value": [false], "qualifier": {"code": "property does not exist"}}
2026-03-06 07:50:17 ERROR root remotelib error:BreakRmPanel:4870:{"property": "SetText", "value": ["Aux HDMI 3"], "qualifier": {"code": "property does not exist"}}
2026-03-06 07:50:17 ERROR root remotelib error:LobbyPanel:14619:{"property": "SetState", "value": [0], "qualifier": {"code": "property does not exist"}}
2026-03-06 07:50:17 ERROR root remotelib error:BreakRmPanel:4920:{"property": "SetText", "value": ["Aux HDMI 3"], "qualifier": {"code": "property does not exist"}}
2026-03-06 07:50:17 ERROR root remotelib error:HallPanel:15114:{"property": "SetVisible", "value": [false], "qualifier": {"code": "property does not exist"}}
2026-03-06 07:50:18 ERROR root remotelib error:BWDPanel:4869:{"property": "SetText", "value": ["Aux HDMI 2"], "qualifier": {"code": "property does not exist"}}
2026-03-06 07:50:18 ERROR root remotelib error:IC144Panel:14619:{"property": "SetState", "value": [0], "qualifier": {"code": "property does not exist"}}
2026-03-06 07:50:18 ERROR root remotelib error:BWDPanel:4919:{"property": "SetText", "value": ["Aux HDMI 2"], "qualifier": {"code": "property does not exist"}}
2026-03-06 07:50:18 ERROR root remotelib error:BreakRmPanel:4620:{"property": "SetText", "value": ["Aux HDMI 3"], "qualifier": {"code": "property does not exist"}}
2026-03-06 07:50:18 ERROR root remotelib error:HallPanel:14615:{"property": "SetState", "value": [0], "qualifier": {"code": "property does not exist"}}
2026-03-06 07:50:18 ERROR root remotelib error:LobbyPanel:4769:{"property": "SetText", "value": [""], "qualifier": {"code": "property does not exist"}}
2026-03-06 07:50:18 ERROR root remotelib error:BreakRmPanel:15119:{"property": "SetVisible", "value": [false], "qualifier": {"code": "property does not exist"}}
2026-03-06 07:50:18 ERROR root remotelib error:LobbyPanel:4870:{"property": "SetText", "value": ["Aux HDMI 3"], "qualifier": {"code": "property does not exist"}}
2026-03-06 07:50:18 ERROR root remotelib error:HallPanel:4765:{"property": "SetText", "value": [""], "qualifier": {"code": "property does not exist"}}
2026-03-06 07:50:18 ERROR root remotelib error:BreakRmPanel:14620:{"property": "SetState", "value": [0], "qualifier": {"code": "property does not exist"}}
2026-03-06 07:50:18 ERROR root remotelib error:LobbyPanel:4920:{"property": "SetText", "value": ["Aux HDMI 3"], "qualifier": {"code": "property does not exist"}}
2026-03-06 07:50:18 ERROR root remotelib error:IC143Panel:14623:{"property": "SetState", "value": [0], "qualifier": {"code": "property does not exist"}}
2026-03-06 07:50:18 ERROR root remotelib error:LobbyPanel:4620:{"property": "SetText", "value": ["Aux HDMI 3"], "qualifier": {"code": "property does not exist"}}
2026-03-06 07:50:18 ERROR root remotelib error:IC144Panel:4870:{"property": "SetText", "value": ["Aux HDMI 3"], "qualifier": {"code": "property does not exist"}}
2026-03-06 07:50:18 ERROR root remotelib error:BreakRmPanel:4770:{"property": "SetText", "value": [""], "qualifier": {"code": "property does not exist"}}
2026-03-06 07:50:18 ERROR root remotelib error:IC144Panel:4920:{"property": "SetText", "value": ["Aux HDMI 3"], "qualifier": {"code": "property does not exist"}}
2026-03-06 07:50:18 ERROR root remotelib error:BWDPanel:14619:{"property": "SetState", "value": [0], "qualifier": {"code": "property does not exist"}}
2026-03-06 07:50:18 ERROR root remotelib error:HallPanel:4866:{"property": "SetText", "value": ["BWD Feed 3"], "qualifier": {"code": "property does not exist"}}
2026-03-06 07:50:18 ERROR root remotelib error:LobbyPanel:15119:{"property": "SetVisible", "value": [false], "qualifier": {"code": "property does not exist"}}
2026-03-06 07:50:18 ERROR root remotelib error:IC143Panel:4874:{"property": "SetText", "value": ["Aux HDMI 7"], "qualifier": {"code": "property does not exist"}}
2026-03-06 07:50:18 ERROR root remotelib error:BreakRmPanel:4871:{"property": "SetText", "value": ["Aux HDMI 4"], "qualifier": {"code": "property does not exist"}}
2026-03-06 07:50:18 ERROR root remotelib error:BreakRmPanel:4921:{"property": "SetText", "value": ["Aux HDMI 4"], "qualifier": {"code": "property does not exist"}}
2026-03-06 07:50:18 ERROR root remotelib error:IC143Panel:4924:{"property": "SetText", "value": ["Aux HDMI 7"], "qualifier": {"code": "property does not exist"}}
2026-03-06 07:50:18 ERROR root remotelib error:LobbyPanel:14620:{"property": "SetState", "value": [0], "qualifier": {"code": "property does not exist"}}
2026-03-06 07:50:18 ERROR root remotelib error:HallPanel:4916:{"property": "SetText", "value": ["BWD Feed 3"], "qualifier": {"code": "property does not exist"}}
2026-03-06 07:50:18 ERROR root remotelib error:IC142Panel:4657:{"property": "SetVisible", "value": [false], "qualifier": {"code": "property does not exist"}}
2026-03-06 07:50:18 ERROR root remotelib error:BreakRmPanel:4621:{"property": "SetText", "value": ["Aux HDMI 4"], "qualifier": {"code": "property does not exist"}}
2026-03-06 07:50:18 ERROR root remotelib error:BreakRmPanel:15120:{"property": "SetVisible", "value": [false], "qualifier": {"code": "property does not exist"}}
2026-03-06 07:50:18 ERROR root remotelib error:HallPanel:4616:{"property": "SetText", "value": ["BWD Feed 3"], "qualifier": {"code": "property does not exist"}}
2026-03-06 07:50:18 ERROR root remotelib error:BWDPanel:4870:{"property": "SetText", "value": ["Aux HDMI 3"], "qualifier": {"code": "property does not exist"}}
2026-03-06 07:50:18 ERROR root remotelib error:IC142Panel:4658:{"property": "SetVisible", "value": [false], "qualifier": {"code": "property does not exist"}}
2026-03-06 07:50:18 ERROR root remotelib error:IC144Panel:14620:{"property": "SetState", "value": [0], "qualifier": {"code": "property does not exist"}}
2026-03-06 07:50:18 ERROR root remotelib error:BWDPanel:4920:{"property": "SetText", "value": ["Aux HDMI 3"], "qualifier": {"code": "property does not exist"}}
2026-03-06 07:50:18 ERROR root remotelib error:LobbyPanel:4770:{"property": "SetText", "value": [""], "qualifier": {"code": "property does not exist"}}
2026-03-06 07:50:18 ERROR root remotelib error:HallPanel:15115:{"property": "SetVisible", "value": [false], "qualifier": {"code": "property does not exist"}}
2026-03-06 07:50:18 ERROR root remotelib error:BreakRmPanel:14621:{"property": "SetState", "value": [0], "qualifier": {"code": "property does not exist"}}
2026-03-06 07:50:18 ERROR root remotelib error:IC143Panel:14624:{"property": "SetState", "value": [0], "qualifier": {"code": "property does not exist"}}
2026-03-06 07:50:18 ERROR root remotelib error:LobbyPanel:4871:{"property": "SetText", "value": ["Aux HDMI 4"], "qualifier": {"code": "property does not exist"}}
2026-03-06 07:50:18 ERROR root remotelib error:HallPanel:14616:{"property": "SetState", "value": [0], "qualifier": {"code": "property does not exist"}}
2026-03-06 07:50:18 ERROR root remotelib error:IC142Panel:4660:{"property": "SetVisible", "value": [false], "qualifier": {"code": "property does not exist"}}
2026-03-06 07:50:18 ERROR root remotelib error:IC144Panel:4871:{"property": "SetText", "value": ["Aux HDMI 4"], "qualifier": {"code": "property does not exist"}}
2026-03-06 07:50:18 ERROR root remotelib error:LobbyPanel:4921:{"property": "SetText", "value": ["Aux HDMI 4"], "qualifier": {"code": "property does not exist"}}
2026-03-06 07:50:18 ERROR root remotelib error:BreakRmPanel:4771:{"property": "SetText", "value": [""], "qualifier": {"code": "property does not exist"}}
2026-03-06 07:50:18 ERROR root remotelib error:IC144Panel:4921:{"property": "SetText", "value": ["Aux HDMI 4"], "qualifier": {"code": "property does not exist"}}
2026-03-06 07:50:18 ERROR root remotelib error:IC142Panel:4661:{"property": "SetVisible", "value": [false], "qualifier": {"code": "property does not exist"}}
2026-03-06 07:50:18 ERROR root remotelib error:LobbyPanel:4621:{"property": "SetText", "value": ["Aux HDMI 4"], "qualifier": {"code": "property does not exist"}}
2026-03-06 07:50:18 ERROR root remotelib error:BWDPanel:14620:{"property": "SetState", "value": [0], "qualifier": {"code": "property does not exist"}}
2026-03-06 07:50:18 ERROR root remotelib error:BreakRmPanel:4872:{"property": "SetText", "value": ["Aux HDMI 5"], "qualifier": {"code": "property does not exist"}}
2026-03-06 07:50:18 ERROR root remotelib error:HallPanel:4766:{"property": "SetText", "value": [""], "qualifier": {"code": "property does not exist"}}
2026-03-06 07:50:18 ERROR root remotelib error:IC142Panel:4662:{"property": "SetVisible", "value": [false], "qualifier": {"code": "property does not exist"}}
2026-03-06 07:50:18 ERROR root remotelib error:LobbyPanel:15120:{"property": "SetVisible", "value": [false], "qualifier": {"code": "property does not exist"}}
2026-03-06 07:50:18 ERROR root remotelib error:IC142Panel:4663:{"property": "SetVisible", "value": [false], "qualifier": {"code": "property does not exist"}}
2026-03-06 07:50:18 ERROR root remotelib error:HallPanel:4867:{"property": "SetText", "value": ["BWD Feed 4"], "qualifier": {"code": "property does not exist"}}
2026-03-06 07:50:18 ERROR root remotelib error:BreakRmPanel:4922:{"property": "SetText", "value": ["Aux HDMI 5"], "qualifier": {"code": "property does not exist"}}
2026-03-06 07:50:18 ERROR root remotelib error:HallPanel:4917:{"property": "SetText", "value": ["BWD Feed 4"], "qualifier": {"code": "property does not exist"}}
2026-03-06 07:50:18 ERROR root remotelib error:BreakRmPanel:4622:{"property": "SetText", "value": ["Aux HDMI 5"], "qualifier": {"code": "property does not exist"}}
2026-03-06 07:50:18 ERROR root remotelib error:IC142Panel:4664:{"property": "SetVisible", "value": [false], "qualifier": {"code": "property does not exist"}}
2026-03-06 07:50:18 ERROR root remotelib error:LobbyPanel:14621:{"property": "SetState", "value": [0], "qualifier": {"code": "property does not exist"}}
2026-03-06 07:50:18 ERROR root remotelib error:IC144Panel:14621:{"property": "SetState", "value": [0], "qualifier": {"code": "property does not exist"}}
2026-03-06 07:50:18 ERROR root remotelib error:BreakRmPanel:15121:{"property": "SetVisible", "value": [false], "qualifier": {"code": "property does not exist"}}
2026-03-06 07:50:18 ERROR root remotelib error:HallPanel:4617:{"property": "SetText", "value": ["BWD Feed 4"], "qualifier": {"code": "property does not exist"}}
2026-03-06 07:50:18 ERROR root remotelib error:BWDPanel:4871:{"property": "SetText", "value": ["Aux HDMI 4"], "qualifier": {"code": "property does not exist"}}
2026-03-06 07:50:18 ERROR root remotelib error:IC142Panel:4665:{"property": "SetVisible", "value": [false], "qualifier": {"code": "property does not exist"}}
2026-03-06 07:50:18 ERROR root remotelib error:BreakRmPanel:14622:{"property": "SetState", "value": [0], "qualifier": {"code": "property does not exist"}}
2026-03-06 07:50:18 ERROR root remotelib error:IC142Panel:4666:{"property": "SetVisible", "value": [false], "qualifier": {"code": "property does not exist"}}
2026-03-06 07:50:18 ERROR root remotelib error:IC143Panel:4657:{"property": "SetVisible", "value": [false], "qualifier": {"code": "property does not exist"}}
2026-03-06 07:50:18 ERROR root remotelib error:BWDPanel:4921:{"property": "SetText", "value": ["Aux HDMI 4"], "qualifier": {"code": "property does not exist"}}
2026-03-06 07:50:18 ERROR root remotelib error:HallPanel:15116:{"property": "SetVisible", "value": [false], "qualifier": {"code": "property does not exist"}}
2026-03-06 07:50:18 ERROR root remotelib error:LobbyPanel:4771:{"property": "SetText", "value": [""], "qualifier": {"code": "property does not exist"}}
2026-03-06 07:50:18 ERROR root remotelib error:IC142Panel:4667:{"property": "SetVisible", "value": [false], "qualifier": {"code": "property does not exist"}}
2026-03-06 07:50:18 ERROR root remotelib error:IC143Panel:4658:{"property": "SetVisible", "value": [false], "qualifier": {"code": "property does not exist"}}
2026-03-06 07:50:18 ERROR root remotelib error:IC144Panel:4872:{"property": "SetText", "value": ["Aux HDMI 5"], "qualifier": {"code": "property does not exist"}}
2026-03-06 07:50:18 ERROR root remotelib error:LobbyPanel:4872:{"property": "SetText", "value": ["Aux HDMI 5"], "qualifier": {"code": "property does not exist"}}
2026-03-06 07:50:18 ERROR root remotelib error:BreakRmPanel:4772:{"property": "SetText", "value": [""], "qualifier": {"code": "property does not exist"}}
2026-03-06 07:50:18 ERROR root remotelib error:HallPanel:14617:{"property": "SetState", "value": [0], "qualifier": {"code": "property does not exist"}}
2026-03-06 07:50:18 ERROR root remotelib error:IC142Panel:4668:{"property": "SetVisible", "value": [false], "qualifier": {"code": "property does not exist"}}
2026-03-06 07:50:18 ERROR root remotelib error:LobbyPanel:4922:{"property": "SetText", "value": ["Aux HDMI 5"], "qualifier": {"code": "property does not exist"}}
2026-03-06 07:50:18 ERROR root remotelib error:IC144Panel:4922:{"property": "SetText", "value": ["Aux HDMI 5"], "qualifier": {"code": "property does not exist"}}
2026-03-06 07:50:18 ERROR root remotelib error:IC142Panel:4669:{"property": "SetVisible", "value": [false], "qualifier": {"code": "property does not exist"}}
2026-03-06 07:50:18 ERROR root remotelib error:HallPanel:4767:{"property": "SetText", "value": [""], "qualifier": {"code": "property does not exist"}}
2026-03-06 07:50:18 ERROR root remotelib error:IC143Panel:4660:{"property": "SetVisible", "value": [false], "qualifier": {"code": "property does not exist"}}
2026-03-06 07:50:18 ERROR root remotelib error:BWDPanel:14621:{"property": "SetState", "value": [0], "qualifier": {"code": "property does not exist"}}
2026-03-06 07:50:18 ERROR root remotelib error:LobbyPanel:4622:{"property": "SetText", "value": ["Aux HDMI 5"], "qualifier": {"code": "property does not exist"}}
2026-03-06 07:50:18 ERROR root remotelib error:BreakRmPanel:4873:{"property": "SetText", "value": ["Aux HDMI 6"], "qualifier": {"code": "property does not exist"}}
2026-03-06 07:50:18 ERROR root remotelib error:HallPanel:4868:{"property": "SetText", "value": ["Aux HDMI 1"], "qualifier": {"code": "property does not exist"}}
2026-03-06 07:50:18 ERROR root remotelib error:BreakRmPanel:4923:{"property": "SetText", "value": ["Aux HDMI 6"], "qualifier": {"code": "property does not exist"}}
2026-03-06 07:50:18 ERROR root remotelib error:IC143Panel:4661:{"property": "SetVisible", "value": [false], "qualifier": {"code": "property does not exist"}}
2026-03-06 07:50:18 ERROR root remotelib error:LobbyPanel:15121:{"property": "SetVisible", "value": [false], "qualifier": {"code": "property does not exist"}}
2026-03-06 07:50:18 ERROR root remotelib error:IC143Panel:4662:{"property": "SetVisible", "value": [false], "qualifier": {"code": "property does not exist"}}
2026-03-06 07:50:18 ERROR root remotelib error:HallPanel:4918:{"property": "SetText", "value": ["Aux HDMI 1"], "qualifier": {"code": "property does not exist"}}
2026-03-06 07:50:18 ERROR root remotelib error:BWDPanel:4872:{"property": "SetText", "value": ["Aux HDMI 5"], "qualifier": {"code": "property does not exist"}}
2026-03-06 07:50:18 ERROR root remotelib error:IC144Panel:14622:{"property": "SetState", "value": [0], "qualifier": {"code": "property does not exist"}}
2026-03-06 07:50:18 ERROR root remotelib error:BreakRmPanel:4623:{"property": "SetText", "value": ["Aux HDMI 6"], "qualifier": {"code": "property does not exist"}}
2026-03-06 07:50:18 ERROR root remotelib error:LobbyPanel:14622:{"property": "SetState", "value": [0], "qualifier": {"code": "property does not exist"}}
2026-03-06 07:50:18 ERROR root remotelib error:IC142Panel:4670:{"property": "SetVisible", "value": [false], "qualifier": {"code": "property does not exist"}}
2026-03-06 07:50:18 ERROR root remotelib error:HallPanel:4618:{"property": "SetText", "value": ["Aux HDMI 1"], "qualifier": {"code": "property does not exist"}}
2026-03-06 07:50:18 ERROR root remotelib error:BWDPanel:4922:{"property": "SetText", "value": ["Aux HDMI 5"], "qualifier": {"code": "property does not exist"}}
2026-03-06 07:50:18 ERROR root remotelib error:IC143Panel:4663:{"property": "SetVisible", "value": [false], "qualifier": {"code": "property does not exist"}}
2026-03-06 07:50:18 ERROR root remotelib error:BreakRmPanel:15122:{"property": "SetVisible", "value": [false], "qualifier": {"code": "property does not exist"}}
2026-03-06 07:50:19 ERROR root remotelib error:HallPanel:15117:{"property": "SetVisible", "value": [false], "qualifier": {"code": "property does not exist"}}
2026-03-06 07:50:19 ERROR root remotelib error:BreakRmPanel:14623:{"property": "SetState", "value": [0], "qualifier": {"code": "property does not exist"}}
2026-03-06 07:50:19 ERROR root remotelib error:IC142Panel:4671:{"property": "SetVisible", "value": [false], "qualifier": {"code": "property does not exist"}}
2026-03-06 07:50:19 ERROR root remotelib error:IC143Panel:4664:{"property": "SetVisible", "value": [false], "qualifier": {"code": "property does not exist"}}
2026-03-06 07:50:19 ERROR root remotelib error:LobbyPanel:4772:{"property": "SetText", "value": [""], "qualifier": {"code": "property does not exist"}}
2026-03-06 07:50:19 ERROR root remotelib error:IC142Panel:4672:{"property": "SetVisible", "value": [false], "qualifier": {"code": "property does not exist"}}
2026-03-06 07:50:19 ERROR root remotelib error:HallPanel:14618:{"property": "SetState", "value": [0], "qualifier": {"code": "property does not exist"}}
2026-03-06 07:50:19 ERROR root remotelib error:IC144Panel:4873:{"property": "SetText", "value": ["Aux HDMI 6"], "qualifier": {"code": "property does not exist"}}
2026-03-06 07:50:19 ERROR root remotelib error:IC143Panel:4665:{"property": "SetVisible", "value": [false], "qualifier": {"code": "property does not exist"}}
2026-03-06 07:50:19 ERROR root remotelib error:IC142Panel:4673:{"property": "SetVisible", "value": [false], "qualifier": {"code": "property does not exist"}}
2026-03-06 07:50:19 ERROR root remotelib error:BWDPanel:14622:{"property": "SetState", "value": [0], "qualifier": {"code": "property does not exist"}}
2026-03-06 07:50:19 ERROR root remotelib error:LobbyPanel:4873:{"property": "SetText", "value": ["Aux HDMI 6"], "qualifier": {"code": "property does not exist"}}
2026-03-06 07:50:19 ERROR root remotelib error:IC144Panel:4923:{"property": "SetText", "value": ["Aux HDMI 6"], "qualifier": {"code": "property does not exist"}}
2026-03-06 07:50:19 ERROR root remotelib error:IC143Panel:4666:{"property": "SetVisible", "value": [false], "qualifier": {"code": "property does not exist"}}
2026-03-06 07:50:19 ERROR root Debug Server restarted:Listening
2026-03-06 07:50:19 ERROR root Debug Server restarted:Listening
2026-03-06 07:50:19 ERROR root remotelib error:BWDPanel:5446:{"property": "SetState", "value": [0], "qualifier": {"code": "property does not exist"}}
2026-03-06 07:50:19 ERROR root remotelib error:BWDPanel:5447:{"property": "SetState", "value": [0], "qualifier": {"code": "property does not exist"}}
2026-03-06 07:50:19 ERROR root remotelib error:BWDPanel:5448:{"property": "SetState", "value": [0], "qualifier": {"code": "property does not exist"}}
2026-03-06 07:50:19 ERROR root remotelib error:BWDPanel:5449:{"property": "SetState", "value": [0], "qualifier": {"code": "property does not exist"}}
2026-03-06 07:50:19 ERROR root Debug Server restarted:Listening
2026-03-06 07:50:19 ERROR root Debug Server restarted:Listening
2026-03-06 07:50:19 ERROR root Debug Server restarted:Listening
2026-03-06 07:50:19 ERROR root Debug Server restarted:Listening
2026-03-06 07:50:23 ERROR root remotelib error:BWDPanel:4600:{"property": "SetState", "value": [0], "qualifier": {"code": "property does not exist"}}
2026-03-06 07:50:23 ERROR root remotelib error:BWDPanel:4629:{"property": "SetState", "value": [0], "qualifier": {"code": "property does not exist"}}
2026-03-06 07:50:23 ERROR root remotelib error:BWDPanel:4630:{"property": "SetState", "value": [0], "qualifier": {"code": "property does not exist"}}
2026-03-06 07:50:23 ERROR root remotelib error:BWDPanel:4631:{"property": "SetState", "value": [0], "qualifier": {"code": "property does not exist"}}
2026-03-06 07:50:23 ERROR root remotelib error:BWDPanel:4632:{"property": "SetState", "value": [0], "qualifier": {"code": "property does not exist"}}
2026-03-06 07:50:40 ERROR root Debug Server restarted:Listening
2026-03-06 07:51:10 ERROR root Debug Server restarted:Listening
2026-03-06 07:51:40 ERROR root Debug Server restarted:Listening
2026-03-06 07:52:10 ERROR root Debug Server restarted:Listening
2026-03-06 07:52:40 ERROR root Debug Server restarted:Listening
2026-03-06 07:53:10 ERROR root Debug Server restarted:Listening
2026-03-06 07:53:40 ERROR root Debug Server restarted:Listening
2026-03-06 07:54:10 ERROR root Debug Server restarted:Listening
2026-03-06 07:54:40 ERROR root Debug Server restarted:Listening
2026-03-06 07:55:10 ERROR root Debug Server restarted:Listening
2026-03-06 07:55:40 ERROR root Debug Server restarted:Listening
2026-03-06 07:56:10 ERROR root Debug Server restarted:Listening
2026-03-06 07:56:40 ERROR root Debug Server restarted:Listening
2026-03-06 07:57:10 ERROR root Debug Server restarted:Listening
2026-03-06 07:57:40 ERROR root Debug Server restarted:Listening
2026-03-06 07:58:10 ERROR root Debug Server restarted:Listening
2026-03-06 07:58:40 ERROR root Debug Server restarted:Listening
2026-03-06 07:59:10 ERROR root Debug Server restarted:Listening
2026-03-06 07:59:40 ERROR root Debug Server restarted:Listening
2026-03-06 08:00:10 ERROR root Debug Server restarted:Listening
2026-03-06 08:00:40 ERROR root Debug Server restarted:Listening
2026-03-06 08:01:10 ERROR root Debug Server restarted:Listening
2026-03-06 08:01:32 ERROR root Invalid Parameter BWDPanel ShowPopup: popup=Header-Uncombined-6
2026-03-06 08:01:32 ERROR root remotelib error:IC142Panel:8003:{"property": "SetVisible", "value": [true], "qualifier": {"code": "property does not exist"}}
2026-03-06 08:01:32 ERROR root remotelib error:IC142Panel:8003:{"property": "SetEnable", "value": [true], "qualifier": {"code": "property does not exist"}}
2026-03-06 08:01:32 ERROR root remotelib error:IC142Panel:8004:{"property": "SetVisible", "value": [true], "qualifier": {"code": "property does not exist"}}
2026-03-06 08:01:32 ERROR root remotelib error:IC142Panel:8004:{"property": "SetEnable", "value": [true], "qualifier": {"code": "property does not exist"}}
2026-03-06 08:01:32 ERROR root remotelib error:IC143Panel:8003:{"property": "SetVisible", "value": [true], "qualifier": {"code": "property does not exist"}}
2026-03-06 08:01:32 ERROR root remotelib error:IC143Panel:8004:{"property": "SetVisible", "value": [true], "qualifier": {"code": "property does not exist"}}
2026-03-06 08:01:32 ERROR root remotelib error:IC143Panel:8003:{"property": "SetEnable", "value": [true], "qualifier": {"code": "property does not exist"}}
2026-03-06 08:01:32 ERROR root remotelib error:IC143Panel:8004:{"property": "SetEnable", "value": [true], "qualifier": {"code": "property does not exist"}}
2026-03-06 08:01:32 ERROR root remotelib error:IC144Panel:8003:{"property": "SetVisible", "value": [true], "qualifier": {"code": "property does not exist"}}
2026-03-06 08:01:32 ERROR root remotelib error:IC144Panel:8004:{"property": "SetVisible", "value": [true], "qualifier": {"code": "property does not exist"}}
2026-03-06 08:01:32 ERROR root remotelib error:IC144Panel:8003:{"property": "SetEnable", "value": [true], "qualifier": {"code": "property does not exist"}}
2026-03-06 08:01:32 ERROR root remotelib error:IC144Panel:8004:{"property": "SetEnable", "value": [true], "qualifier": {"code": "property does not exist"}}
2026-03-06 08:01:32 ERROR root remotelib error:BreakRmPanel:8003:{"property": "SetVisible", "value": [true], "qualifier": {"code": "property does not exist"}}
2026-03-06 08:01:32 ERROR root remotelib error:BreakRmPanel:8004:{"property": "SetVisible", "value": [true], "qualifier": {"code": "property does not exist"}}
2026-03-06 08:01:32 ERROR root remotelib error:BreakRmPanel:8003:{"property": "SetEnable", "value": [true], "qualifier": {"code": "property does not exist"}}
2026-03-06 08:01:32 ERROR root remotelib error:BreakRmPanel:8004:{"property": "SetEnable", "value": [true], "qualifier": {"code": "property does not exist"}}
2026-03-06 08:01:32 ERROR root remotelib error:LobbyPanel:8003:{"property": "SetVisible", "value": [true], "qualifier": {"code": "property does not exist"}}
2026-03-06 08:01:32 ERROR root remotelib error:LobbyPanel:8004:{"property": "SetVisible", "value": [true], "qualifier": {"code": "property does not exist"}}
2026-03-06 08:01:32 ERROR root remotelib error:LobbyPanel:8003:{"property": "SetEnable", "value": [true], "qualifier": {"code": "property does not exist"}}
2026-03-06 08:01:32 ERROR root remotelib error:LobbyPanel:8004:{"property": "SetEnable", "value": [true], "qualifier": {"code": "property does not exist"}}
2026-03-06 08:01:32 ERROR root remotelib error:HallPanel:8003:{"property": "SetVisible", "value": [true], "qualifier": {"code": "property does not exist"}}
2026-03-06 08:01:32 ERROR root remotelib error:HallPanel:8004:{"property": "SetVisible", "value": [true], "qualifier": {"code": "property does not exist"}}
2026-03-06 08:01:32 ERROR root remotelib error:HallPanel:8003:{"property": "SetEnable", "value": [true], "qualifier": {"code": "property does not exist"}}
2026-03-06 08:01:32 ERROR root remotelib error:HallPanel:8004:{"property": "SetEnable", "value": [true], "qualifier": {"code": "property does not exist"}}
2026-03-06 08:01:32 ERROR root remotelib error:BWDPanel:8003:{"property": "SetVisible", "value": [true], "qualifier": {"code": "property does not exist"}}
2026-03-06 08:01:32 ERROR root remotelib error:BWDPanel:8004:{"property": "SetVisible", "value": [true], "qualifier": {"code": "property does not exist"}}
2026-03-06 08:01:32 ERROR root remotelib error:BWDPanel:8003:{"property": "SetEnable", "value": [true], "qualifier": {"code": "property does not exist"}}
2026-03-06 08:01:32 ERROR root remotelib error:BWDPanel:8004:{"property": "SetEnable", "value": [true], "qualifier": {"code": "property does not exist"}}
2026-03-06 08:01:32 ERROR root remotelib error:BWDPanel:5000:{"property": "SetState", "value": [0], "qualifier": {"code": "property does not exist"}}
2026-03-06 08:01:32 ERROR root remotelib error:BWDPanel:5015:{"property": "SetState", "value": [0], "qualifier": {"code": "property does not exist"}}
2026-03-06 08:01:32 ERROR root remotelib error:BWDPanel:5013:{"property": "SetState", "value": [0], "qualifier": {"code": "property does not exist"}}
2026-03-06 08:01:32 ERROR root remotelib error:BWDPanel:5016:{"property": "SetState", "value": [0], "qualifier": {"code": "property does not exist"}}
2026-03-06 08:01:32 ERROR root remotelib error:BWDPanel:5014:{"property": "SetState", "value": [0], "qualifier": {"code": "property does not exist"}}
2026-03-06 08:01:32 ERROR root remotelib error:BWDPanel:5025:{"property": "SetState", "value": [0], "qualifier": {"code": "property does not exist"}}
2026-03-06 08:01:32 ERROR root remotelib error:BWDPanel:5026:{"property": "SetState", "value": [0], "qualifier": {"code": "property does not exist"}}
2026-03-06 08:01:32 ERROR root remotelib error:BWDPanel:5027:{"property": "SetState", "value": [0], "qualifier": {"code": "property does not exist"}}
2026-03-06 08:01:32 ERROR root remotelib error:BWDPanel:5028:{"property": "SetState", "value": [0], "qualifier": {"code": "property does not exist"}}
2026-03-06 08:01:32 ERROR root remotelib error:BWDPanel:5029:{"property": "SetState", "value": [0], "qualifier": {"code": "property does not exist"}}
2026-03-06 08:01:32 ERROR root remotelib error:BWDPanel:5030:{"property": "SetState", "value": [0], "qualifier": {"code": "property does not exist"}}
2026-03-06 08:01:32 ERROR root remotelib error:BWDPanel:5031:{"property": "SetState", "value": [0], "qualifier": {"code": "property does not exist"}}
2026-03-06 08:01:32 ERROR root remotelib error:BWDPanel:5032:{"property": "SetState", "value": [0], "qualifier": {"code": "property does not exist"}}
2026-03-06 08:01:32 ERROR root remotelib error:BWDPanel:4964:{"property": "SetState", "value": [0], "qualifier": {"code": "property does not exist"}}
2026-03-06 08:01:32 ERROR root remotelib error:BWDPanel:4950:{"property": "SetState", "value": [0], "qualifier": {"code": "property does not exist"}}
2026-03-06 08:01:32 ERROR root remotelib error:BWDPanel:4963:{"property": "SetState", "value": [0], "qualifier": {"code": "property does not exist"}}
2026-03-06 08:01:32 ERROR root remotelib error:BWDPanel:4965:{"property": "SetState", "value": [0], "qualifier": {"code": "property does not exist"}}
2026-03-06 08:01:32 ERROR root remotelib error:BWDPanel:4966:{"property": "SetState", "value": [0], "qualifier": {"code": "property does not exist"}}
2026-03-06 08:01:32 ERROR root remotelib error:BWDPanel:4975:{"property": "SetState", "value": [0], "qualifier": {"code": "property does not exist"}}
2026-03-06 08:01:32 ERROR root remotelib error:BWDPanel:4976:{"property": "SetState", "value": [0], "qualifier": {"code": "property does not exist"}}
2026-03-06 08:01:32 ERROR root remotelib error:BWDPanel:4977:{"property": "SetState", "value": [0], "qualifier": {"code": "property does not exist"}}
2026-03-06 08:01:32 ERROR root remotelib error:BWDPanel:4979:{"property": "SetState", "value": [0], "qualifier": {"code": "property does not exist"}}
2026-03-06 08:01:32 ERROR root remotelib error:BWDPanel:4980:{"property": "SetState", "value": [0], "qualifier": {"code": "property does not exist"}}
2026-03-06 08:01:32 ERROR root remotelib error:BWDPanel:4978:{"property": "SetState", "value": [0], "qualifier": {"code": "property does not exist"}}
2026-03-06 08:01:32 ERROR root remotelib error:BWDPanel:4982:{"property": "SetState", "value": [0], "qualifier": {"code": "property does not exist"}}
2026-03-06 08:01:32 ERROR root remotelib error:BWDPanel:4981:{"property": "SetState", "value": [0], "qualifier": {"code": "property does not exist"}}
2026-03-06 08:01:40 ERROR root Debug Server restarted:Listening
2026-03-06 08:01:40 ERROR root Invalid Parameter BWDPanel ShowPopup: popup=Header-Uncombined-6
2026-03-06 08:01:40 ERROR root remotelib error:BWDPanel:89:{"property": "SetState", "value": [0], "qualifier": {"code": "property does not exist"}}
2026-03-06 08:01:46 ERROR root Invalid Parameter BWDPanel ShowPopup: popup=Header-Uncombined-6
2026-03-06 08:01:53 ERROR root Invalid Parameter BWDPanel ShowPopup: popup=Header-Uncombined-6
2026-03-06 08:02:03 ERROR root Invalid Parameter BWDPanel ShowPopup: popup=Header-Uncombined-6
2026-03-06 08:02:10 ERROR root Debug Server restarted:Listening
2026-03-06 08:02:11 ERROR root Invalid Parameter BWDPanel ShowPopup: popup=Header-Uncombined-6
2026-03-06 08:02:18 ERROR root Invalid Parameter BWDPanel ShowPopup: popup=Header-Uncombined-6
2026-03-06 08:02:40 ERROR root Debug Server restarted:Listening
2026-03-06 08:03:10 ERROR root Debug Server restarted:Listening
2026-03-06 08:03:40 ERROR root Debug Server restarted:Listening
2026-03-06 08:04:10 ERROR root Debug Server restarted:Listening
2026-03-06 08:04:40 ERROR root Debug Server restarted:Listening
2026-03-06 08:05:10 ERROR root Debug Server restarted:Listening
2026-03-06 08:05:40 ERROR root Debug Server restarted:Listening
2026-03-06 08:06:10 ERROR root Debug Server restarted:Listening
2026-03-06 08:06:40 ERROR root Debug Server restarted:Listening
2026-03-06 08:07:10 ERROR root Debug Server restarted:Listening
2026-03-06 08:07:40 ERROR root Debug Server restarted:Listening
2026-03-06 08:08:10 ERROR root Debug Server restarted:Listening
2026-03-06 08:08:40 ERROR root Debug Server restarted:Listening
2026-03-06 08:09:10 ERROR root Debug Server restarted:Listening
2026-03-06 08:09:40 ERROR root Debug Server restarted:Listening
2026-03-06 08:10:10 ERROR root Debug Server restarted:Listening
2026-03-06 08:10:40 ERROR root Debug Server restarted:Listening
2026-03-06 08:11:10 ERROR root Debug Server restarted:Listening
2026-03-06 08:11:40 ERROR root Debug Server restarted:Listening
2026-03-06 08:12:10 ERROR root Debug Server restarted:Listening
2026-03-06 08:12:40 ERROR root Debug Server restarted:Listening
2026-03-06 08:13:10 ERROR root Debug Server restarted:Listening
2026-03-06 08:13:40 ERROR root Debug Server restarted:Listening
2026-03-06 08:13:57 ERROR root Receive failed, from client
2026-03-06 08:13:57 ERROR root Invalid Parameter IC142Panel ShowPopup: popup=Control Server is Offline
2026-03-06 08:13:57 ERROR root Invalid Parameter IC143Panel ShowPopup: popup=Control Server is Offline
2026-03-06 08:13:57 ERROR root Invalid Parameter IC144Panel ShowPopup: popup=Control Server is Offline
2026-03-06 08:13:57 ERROR root Invalid Parameter BreakRmPanel ShowPopup: popup=Control Server is Offline
2026-03-06 08:13:57 ERROR root Invalid Parameter LobbyPanel ShowPopup: popup=Control Server is Offline
2026-03-06 08:13:57 ERROR root Invalid Parameter HallPanel ShowPopup: popup=Control Server is Offline
2026-03-06 08:13:57 ERROR root Invalid Parameter BWDPanel ShowPopup: popup=Control Server is Offline
2026-03-06 08:13:57 ERROR root Invalid Parameter IC142Panel ShowPopup: popup=Control Server is Offline
2026-03-06 08:13:57 ERROR root Invalid Parameter IC143Panel ShowPopup: popup=Control Server is Offline
2026-03-06 08:13:57 ERROR root Invalid Parameter IC144Panel ShowPopup: popup=Control Server is Offline
2026-03-06 08:13:57 ERROR root Invalid Parameter BreakRmPanel ShowPopup: popup=Control Server is Offline
2026-03-06 08:13:57 ERROR root Invalid Parameter LobbyPanel ShowPopup: popup=Control Server is Offline
2026-03-06 08:13:57 ERROR root Invalid Parameter HallPanel ShowPopup: popup=Control Server is Offline
2026-03-06 08:13:57 ERROR root Invalid Parameter BWDPanel ShowPopup: popup=Control Server is Offline
2026-03-06 09:30:12 ERROR root Invalid Parameter IC142Panel HidePopup: popup=Control Server is Offline
2026-03-06 09:30:12 ERROR root Invalid Parameter IC143Panel HidePopup: popup=Control Server is Offline
2026-03-06 09:30:12 ERROR root Invalid Parameter IC144Panel HidePopup: popup=Control Server is Offline
2026-03-06 09:30:12 ERROR root Invalid Parameter BreakRmPanel HidePopup: popup=Control Server is Offline
2026-03-06 09:30:12 ERROR root Invalid Parameter LobbyPanel HidePopup: popup=Control Server is Offline
2026-03-06 09:30:12 ERROR root Invalid Parameter HallPanel HidePopup: popup=Control Server is Offline
2026-03-06 09:30:12 ERROR root Invalid Parameter BWDPanel HidePopup: popup=Control Server is Offline
2026-03-06 09:30:12 ERROR root EXCEPTION:NonvolatileValues:ReadValues:Traceback (most recent call last):
  File "c:\Users\manyr\OneDrive\Desktop\Chris system\Server\source\tools.py", line 403, in ReadValues
    values = _json.load(f)
  File "C:\Python\Python310\lib\json\__init__.py", line 293, in load
    return loads(fp.read(),
  File "C:\Python\Python310\lib\json\__init__.py", line 346, in loads
    return _default_decoder.decode(s)
  File "C:\Python\Python310\lib\json\decoder.py", line 337, in decode
    obj, end = self.raw_decode(s, idx=_w(s, 0).end())
  File "C:\Python\Python310\lib\json\decoder.py", line 355, in raw_decode
    raise JSONDecodeError("Expecting value", s, err.value) from None
json.decoder.JSONDecodeError: Expecting value: line 1 column 1 (char 0)
:deleting corrupted file
2026-03-06 09:30:16 ERROR root SerialInterface spd1:COM1SendAndWait: Port COM1 not open
2026-03-06 09:30:16 ERROR root SerialInterface spd4:COM1SendAndWait: Port COM1 not open
2026-03-06 09:30:16 ERROR root SerialInterface spd3:COM1SendAndWait: Port COM1 not open
2026-03-06 09:30:16 ERROR root SerialInterface spd5:COM1SendAndWait: Port COM1 not open
2026-03-06 09:30:16 ERROR root SerialInterface spd2:COM1SendAndWait: Port COM1 not open
2026-03-06 09:30:16 ERROR root SerialInterface spd6:COM1SendAndWait: Port COM1 not open
2026-03-06 09:30:25 ERROR root EXCEPTION:NonvolatileValues:ReadValues:Traceback (most recent call last):
  File "c:\Users\manyr\OneDrive\Desktop\Chris system\Server\source\tools.py", line 403, in ReadValues
    values = _json.load(f)
  File "C:\Python\Python310\lib\json\__init__.py", line 293, in load
    return loads(fp.read(),
  File "C:\Python\Python310\lib\json\__init__.py", line 346, in loads
    return _default_decoder.decode(s)
  File "C:\Python\Python310\lib\json\decoder.py", line 337, in decode
    obj, end = self.raw_decode(s, idx=_w(s, 0).end())
  File "C:\Python\Python310\lib\json\decoder.py", line 355, in raw_decode
    raise JSONDecodeError("Expecting value", s, err.value) from None
json.decoder.JSONDecodeError: Expecting value: line 1 column 1 (char 0)
:deleting corrupted file
2026-03-06 09:31:48 INFO root Device 22-0 VTLP sync handling began
2026-03-06 09:31:49 INFO root Device 22-0 VTLP sync handling ended
2026-03-06 09:31:49 ERROR root Control ID 0 not defined
2026-03-06 09:32:45 ERROR root Failed to run wait callback function: Wait.w
Traceback (most recent call last):
  File "/remotelib_qxi/__init__.py", line 312, in w
    self.receive_message(data,ipaddress)
  File "/remotelib_qxi/__init__.py", line 362, in receive_message
    WrapperBasics.wrapped_objects[type][alias].receive_message(data)
  File "/remotelib_qxi/ui/Button.py", line 114, in receive_message
    if str(arg) != str(data['args'][cur_arg]):
IndexError: list index out of range
2026-03-06 09:32:45 ERROR root Failed to run wait callback function: Wait.w
Traceback (most recent call last):
  File "/remotelib_qxi/__init__.py", line 312, in w
    self.receive_message(data,ipaddress)
  File "/remotelib_qxi/__init__.py", line 362, in receive_message
    WrapperBasics.wrapped_objects[type][alias].receive_message(data)
  File "/remotelib_qxi/ui/Button.py", line 114, in receive_message
    if str(arg) != str(data['args'][cur_arg]):
IndexError: list index out of range
2026-03-06 09:32:45 ERROR root Failed to run wait callback function: Wait.w
Traceback (most recent call last):
  File "/remotelib_qxi/__init__.py", line 312, in w
    self.receive_message(data,ipaddress)
  File "/remotelib_qxi/__init__.py", line 362, in receive_message
    WrapperBasics.wrapped_objects[type][alias].receive_message(data)
  File "/remotelib_qxi/ui/Button.py", line 114, in receive_message
    if str(arg) != str(data['args'][cur_arg]):
IndexError: list index out of range
2026-03-06 09:32:45 ERROR root Failed to run wait callback function: Wait.w
Traceback (most recent call last):
  File "/remotelib_qxi/__init__.py", line 312, in w
    self.receive_message(data,ipaddress)
  File "/remotelib_qxi/__init__.py", line 362, in receive_message
    WrapperBasics.wrapped_objects[type][alias].receive_message(data)
  File "/remotelib_qxi/ui/Button.py", line 114, in receive_message
    if str(arg) != str(data['args'][cur_arg]):
IndexError: list index out of range
2026-03-06 09:32:45 ERROR root Failed to run wait callback function: Wait.w
Traceback (most recent call last):
  File "/remotelib_qxi/__init__.py", line 312, in w
    self.receive_message(data,ipaddress)
  File "/remotelib_qxi/__init__.py", line 362, in receive_message
    WrapperBasics.wrapped_objects[type][alias].receive_message(data)
  File "/remotelib_qxi/ui/Button.py", line 114, in receive_message
    if str(arg) != str(data['args'][cur_arg]):
IndexError: list index out of range
2026-03-06 09:32:46 ERROR root Failed to run wait callback function: Wait.w
Traceback (most recent call last):
  File "/remotelib_qxi/__init__.py", line 312, in w
    self.receive_message(data,ipaddress)
  File "/remotelib_qxi/__init__.py", line 362, in receive_message
    WrapperBasics.wrapped_objects[type][alias].receive_message(data)
  File "/remotelib_qxi/ui/Button.py", line 114, in receive_message
    if str(arg) != str(data['args'][cur_arg]):
IndexError: list index out of range
2026-03-06 09:32:51 ERROR root Failed to run wait callback function: Wait.w
Traceback (most recent call last):
  File "/remotelib_qxi/__init__.py", line 312, in w
    self.receive_message(data,ipaddress)
  File "/remotelib_qxi/__init__.py", line 362, in receive_message
    WrapperBasics.wrapped_objects[type][alias].receive_message(data)
  File "/remotelib_qxi/ui/Button.py", line 114, in receive_message
    if str(arg) != str(data['args'][cur_arg]):
IndexError: list index out of range
2026-03-06 09:32:51 ERROR root Failed to run wait callback function: Wait.w
Traceback (most recent call last):
  File "/remotelib_qxi/__init__.py", line 312, in w
    self.receive_message(data,ipaddress)
  File "/remotelib_qxi/__init__.py", line 362, in receive_message
    WrapperBasics.wrapped_objects[type][alias].receive_message(data)
  File "/remotelib_qxi/ui/Button.py", line 114, in receive_message
    if str(arg) != str(data['args'][cur_arg]):
IndexError: list index out of range
2026-03-06 09:32:53 ERROR root remotelib error:IC143Panel:1284:{"property": "SetVisible", "value": [false], "qualifier": {"code": "property does not exist"}}
2026-03-06 09:32:54 ERROR root remotelib error:IC143Panel:1285:{"property": "SetVisible", "value": [false], "qualifier": {"code": "property does not exist"}}
2026-03-06 09:32:54 ERROR root remotelib error:IC143Panel:1286:{"property": "SetVisible", "value": [false], "qualifier": {"code": "property does not exist"}}
2026-03-06 09:32:54 ERROR root remotelib error:IC143Panel:1287:{"property": "SetVisible", "value": [false], "qualifier": {"code": "property does not exist"}}
2026-03-06 09:32:54 ERROR root remotelib error:IC143Panel:1288:{"property": "SetVisible", "value": [false], "qualifier": {"code": "property does not exist"}}
2026-03-06 09:32:54 ERROR root remotelib error:IC143Panel:1289:{"property": "SetVisible", "value": [false], "qualifier": {"code": "property does not exist"}}
2026-03-06 09:32:54 ERROR root remotelib error:BreakRmPanel:1284:{"property": "SetVisible", "value": [false], "qualifier": {"code": "property does not exist"}}
2026-03-06 09:32:55 ERROR root remotelib error:IC143Panel:1290:{"property": "SetVisible", "value": [false], "qualifier": {"code": "property does not exist"}}
2026-03-06 09:32:55 ERROR root remotelib error:BreakRmPanel:1285:{"property": "SetVisible", "value": [false], "qualifier": {"code": "property does not exist"}}
2026-03-06 09:32:55 ERROR root remotelib error:IC143Panel:2301:{"property": "SetVisible", "value": [false], "qualifier": {"code": "property does not exist"}}
2026-03-06 09:32:55 ERROR root remotelib error:BreakRmPanel:1286:{"property": "SetVisible", "value": [false], "qualifier": {"code": "property does not exist"}}
2026-03-06 09:32:55 ERROR root remotelib error:IC143Panel:2302:{"property": "SetVisible", "value": [false], "qualifier": {"code": "property does not exist"}}
2026-03-06 09:32:55 ERROR root remotelib error:BreakRmPanel:1287:{"property": "SetVisible", "value": [false], "qualifier": {"code": "property does not exist"}}
2026-03-06 09:32:55 ERROR root remotelib error:IC142Panel:1284:{"property": "SetVisible", "value": [false], "qualifier": {"code": "property does not exist"}}
2026-03-06 09:32:55 ERROR root remotelib error:BreakRmPanel:1288:{"property": "SetVisible", "value": [false], "qualifier": {"code": "property does not exist"}}
2026-03-06 09:32:55 ERROR root remotelib error:IC143Panel:2303:{"property": "SetVisible", "value": [false], "qualifier": {"code": "property does not exist"}}
2026-03-06 09:32:56 ERROR root remotelib error:IC142Panel:1285:{"property": "SetVisible", "value": [false], "qualifier": {"code": "property does not exist"}}
2026-03-06 09:32:56 ERROR root remotelib error:IC143Panel:2304:{"property": "SetVisible", "value": [false], "qualifier": {"code": "property does not exist"}}
2026-03-06 09:32:56 ERROR root remotelib error:BreakRmPanel:1289:{"property": "SetVisible", "value": [false], "qualifier": {"code": "property does not exist"}}
2026-03-06 09:32:56 ERROR root remotelib error:IC143Panel:2305:{"property": "SetVisible", "value": [false], "qualifier": {"code": "property does not exist"}}
2026-03-06 09:32:56 ERROR root remotelib error:IC142Panel:1286:{"property": "SetVisible", "value": [false], "qualifier": {"code": "property does not exist"}}
2026-03-06 09:32:56 ERROR root remotelib error:BreakRmPanel:1290:{"property": "SetVisible", "value": [false], "qualifier": {"code": "property does not exist"}}
2026-03-06 09:32:57 ERROR root remotelib error:IC143Panel:2306:{"property": "SetVisible", "value": [false], "qualifier": {"code": "property does not exist"}}
2026-03-06 09:32:57 ERROR root remotelib error:BreakRmPanel:2301:{"property": "SetVisible", "value": [false], "qualifier": {"code": "property does not exist"}}
2026-03-06 09:32:57 ERROR root remotelib error:IC142Panel:1287:{"property": "SetVisible", "value": [false], "qualifier": {"code": "property does not exist"}}
2026-03-06 09:32:57 ERROR root remotelib error:IC143Panel:2307:{"property": "SetVisible", "value": [false], "qualifier": {"code": "property does not exist"}}
2026-03-06 09:32:57 ERROR root remotelib error:IC142Panel:1288:{"property": "SetVisible", "value": [false], "qualifier": {"code": "property does not exist"}}
2026-03-06 09:32:57 ERROR root remotelib error:IC143Panel:2308:{"property": "SetVisible", "value": [false], "qualifier": {"code": "property does not exist"}}
2026-03-06 09:32:57 ERROR root remotelib error:IC142Panel:1289:{"property": "SetVisible", "value": [false], "qualifier": {"code": "property does not exist"}}
2026-03-06 09:32:57 ERROR root remotelib error:BreakRmPanel:2302:{"property": "SetVisible", "value": [false], "qualifier": {"code": "property does not exist"}}
2026-03-06 09:32:57 ERROR root remotelib error:IC143Panel:2309:{"property": "SetVisible", "value": [false], "qualifier": {"code": "property does not exist"}}
2026-03-06 09:32:57 ERROR root remotelib error:IC142Panel:1290:{"property": "SetVisible", "value": [false], "qualifier": {"code": "property does not exist"}}
2026-03-06 09:32:57 ERROR root remotelib error:BreakRmPanel:2303:{"property": "SetVisible", "value": [false], "qualifier": {"code": "property does not exist"}}
2026-03-06 09:32:57 ERROR root remotelib error:IC142Panel:2301:{"property": "SetVisible", "value": [false], "qualifier": {"code": "property does not exist"}}
2026-03-06 09:32:57 ERROR root remotelib error:IC143Panel:2310:{"property": "SetVisible", "value": [false], "qualifier": {"code": "property does not exist"}}
2026-03-06 09:32:57 ERROR root remotelib error:IC142Panel:2302:{"property": "SetVisible", "value": [false], "qualifier": {"code": "property does not exist"}}
2026-03-06 09:32:57 ERROR root remotelib error:BreakRmPanel:2304:{"property": "SetVisible", "value": [false], "qualifier": {"code": "property does not exist"}}
2026-03-06 09:32:57 ERROR root remotelib error:BreakRmPanel:2305:{"property": "SetVisible", "value": [false], "qualifier": {"code": "property does not exist"}}
2026-03-06 09:32:58 ERROR root remotelib error:IC143Panel:2311:{"property": "SetVisible", "value": [false], "qualifier": {"code": "property does not exist"}}
2026-03-06 09:32:58 ERROR root remotelib error:IC142Panel:2303:{"property": "SetVisible", "value": [false], "qualifier": {"code": "property does not exist"}}
2026-03-06 09:32:58 ERROR root remotelib error:HallPanel:1284:{"property": "SetVisible", "value": [false], "qualifier": {"code": "property does not exist"}}
2026-03-06 09:32:58 ERROR root remotelib error:BreakRmPanel:2306:{"property": "SetVisible", "value": [false], "qualifier": {"code": "property does not exist"}}
2026-03-06 09:32:58 ERROR root remotelib error:IC143Panel:2312:{"property": "SetVisible", "value": [false], "qualifier": {"code": "property does not exist"}}
2026-03-06 09:32:58 ERROR root remotelib error:IC142Panel:2304:{"property": "SetVisible", "value": [false], "qualifier": {"code": "property does not exist"}}
2026-03-06 09:32:58 ERROR root remotelib error:IC143Panel:2313:{"property": "SetVisible", "value": [false], "qualifier": {"code": "property does not exist"}}
2026-03-06 09:32:58 ERROR root remotelib error:BreakRmPanel:2307:{"property": "SetVisible", "value": [false], "qualifier": {"code": "property does not exist"}}
2026-03-06 09:32:58 ERROR root remotelib error:IC142Panel:2305:{"property": "SetVisible", "value": [false], "qualifier": {"code": "property does not exist"}}
2026-03-06 09:32:58 ERROR root remotelib error:HallPanel:1285:{"property": "SetVisible", "value": [false], "qualifier": {"code": "property does not exist"}}
2026-03-06 09:32:58 ERROR root remotelib error:BreakRmPanel:2308:{"property": "SetVisible", "value": [false], "qualifier": {"code": "property does not exist"}}
2026-03-06 09:32:58 ERROR root remotelib error:IC142Panel:2306:{"property": "SetVisible", "value": [false], "qualifier": {"code": "property does not exist"}}
2026-03-06 09:32:58 ERROR root Failed to run wait callback function: Wait.w
Traceback (most recent call last):
  File "/remotelib_qxi/__init__.py", line 312, in w
    self.receive_message(data,ipaddress)
  File "/remotelib_qxi/__init__.py", line 362, in receive_message
    WrapperBasics.wrapped_objects[type][alias].receive_message(data)
  File "/remotelib_qxi/ui/Button.py", line 114, in receive_message
    if str(arg) != str(data['args'][cur_arg]):
IndexError: list index out of range
2026-03-06 09:32:58 ERROR root remotelib error:BreakRmPanel:2309:{"property": "SetVisible", "value": [false], "qualifier": {"code": "property does not exist"}}
2026-03-06 09:32:58 ERROR root Failed to run wait callback function: Wait.w
Traceback (most recent call last):
  File "/remotelib_qxi/__init__.py", line 312, in w
    self.receive_message(data,ipaddress)
  File "/remotelib_qxi/__init__.py", line 362, in receive_message
    WrapperBasics.wrapped_objects[type][alias].receive_message(data)
  File "/remotelib_qxi/ui/Button.py", line 114, in receive_message
    if str(arg) != str(data['args'][cur_arg]):
IndexError: list index out of range
2026-03-06 09:32:58 ERROR root remotelib error:IC143Panel:2314:{"property": "SetVisible", "value": [false], "qualifier": {"code": "property does not exist"}}
2026-03-06 09:32:58 ERROR root remotelib error:IC142Panel:2307:{"property": "SetVisible", "value": [false], "qualifier": {"code": "property does not exist"}}
2026-03-06 09:32:58 ERROR root remotelib error:HallPanel:1286:{"property": "SetVisible", "value": [false], "qualifier": {"code": "property does not exist"}}
2026-03-06 09:32:58 ERROR root remotelib error:BreakRmPanel:2310:{"property": "SetVisible", "value": [false], "qualifier": {"code": "property does not exist"}}
2026-03-06 09:32:58 ERROR root remotelib error:IC142Panel:2308:{"property": "SetVisible", "value": [false], "qualifier": {"code": "property does not exist"}}
2026-03-06 09:32:58 ERROR root remotelib error:IC143Panel:2315:{"property": "SetVisible", "value": [false], "qualifier": {"code": "property does not exist"}}
2026-03-06 09:32:58 ERROR root remotelib error:BreakRmPanel:2311:{"property": "SetVisible", "value": [false], "qualifier": {"code": "property does not exist"}}
2026-03-06 09:32:59 ERROR root remotelib error:HallPanel:1287:{"property": "SetVisible", "value": [false], "qualifier": {"code": "property does not exist"}}
2026-03-06 09:32:59 ERROR root remotelib error:BreakRmPanel:2312:{"property": "SetVisible", "value": [false], "qualifier": {"code": "property does not exist"}}
2026-03-06 09:32:59 ERROR root remotelib error:IC143Panel:2316:{"property": "SetVisible", "value": [false], "qualifier": {"code": "property does not exist"}}
2026-03-06 09:32:59 ERROR root remotelib error:IC142Panel:2309:{"property": "SetVisible", "value": [false], "qualifier": {"code": "property does not exist"}}
2026-03-06 09:32:59 ERROR root remotelib error:HallPanel:1288:{"property": "SetVisible", "value": [false], "qualifier": {"code": "property does not exist"}}
2026-03-06 09:32:59 ERROR root remotelib error:IC143Panel:2317:{"property": "SetVisible", "value": [false], "qualifier": {"code": "property does not exist"}}
2026-03-06 09:32:59 ERROR root remotelib error:IC142Panel:2310:{"property": "SetVisible", "value": [false], "qualifier": {"code": "property does not exist"}}
2026-03-06 09:32:59 ERROR root remotelib error:BreakRmPanel:2313:{"property": "SetVisible", "value": [false], "qualifier": {"code": "property does not exist"}}
2026-03-06 09:32:59 ERROR root remotelib error:HallPanel:1289:{"property": "SetVisible", "value": [false], "qualifier": {"code": "property does not exist"}}
2026-03-06 09:32:59 ERROR root remotelib error:IC143Panel:2318:{"property": "SetVisible", "value": [false], "qualifier": {"code": "property does not exist"}}
2026-03-06 09:32:59 ERROR root remotelib error:BreakRmPanel:2314:{"property": "SetVisible", "value": [false], "qualifier": {"code": "property does not exist"}}
2026-03-06 09:32:59 ERROR root remotelib error:IC142Panel:2311:{"property": "SetVisible", "value": [false], "qualifier": {"code": "property does not exist"}}
2026-03-06 09:32:59 ERROR root remotelib error:HallPanel:1290:{"property": "SetVisible", "value": [false], "qualifier": {"code": "property does not exist"}}
2026-03-06 09:32:59 ERROR root remotelib error:BreakRmPanel:2315:{"property": "SetVisible", "value": [false], "qualifier": {"code": "property does not exist"}}
2026-03-06 09:32:59 ERROR root Failed to run wait callback function: Wait.w
Traceback (most recent call last):
  File "/remotelib_qxi/__init__.py", line 312, in w
    self.receive_message(data,ipaddress)
  File "/remotelib_qxi/__init__.py", line 362, in receive_message
    WrapperBasics.wrapped_objects[type][alias].receive_message(data)
  File "/remotelib_qxi/ui/Button.py", line 114, in receive_message
    if str(arg) != str(data['args'][cur_arg]):
IndexError: list index out of range
2026-03-06 09:33:00 ERROR root remotelib error:HallPanel:2301:{"property": "SetVisible", "value": [false], "qualifier": {"code": "property does not exist"}}
2026-03-06 09:33:00 ERROR root remotelib error:IC142Panel:2312:{"property": "SetVisible", "value": [false], "qualifier": {"code": "property does not exist"}}
2026-03-06 09:33:00 ERROR root remotelib error:IC143Panel:2319:{"property": "SetVisible", "value": [false], "qualifier": {"code": "property does not exist"}}
2026-03-06 09:33:00 ERROR root Failed to run wait callback function: Wait.w
Traceback (most recent call last):
  File "/remotelib_qxi/__init__.py", line 312, in w
    self.receive_message(data,ipaddress)
  File "/remotelib_qxi/__init__.py", line 362, in receive_message
    WrapperBasics.wrapped_objects[type][alias].receive_message(data)
  File "/remotelib_qxi/ui/Button.py", line 114, in receive_message
    if str(arg) != str(data['args'][cur_arg]):
IndexError: list index out of range
2026-03-06 09:33:00 ERROR root remotelib error:IC142Panel:2313:{"property": "SetVisible", "value": [false], "qualifier": {"code": "property does not exist"}}
2026-03-06 09:33:00 ERROR root remotelib error:IC143Panel:793:{"property": "SetText", "value": [""], "qualifier": {"code": "property does not exist"}}
2026-03-06 09:33:00 ERROR root remotelib error:BreakRmPanel:2316:{"property": "SetVisible", "value": [false], "qualifier": {"code": "property does not exist"}}
2026-03-06 09:33:00 ERROR root remotelib error:IC142Panel:2314:{"property": "SetVisible", "value": [false], "qualifier": {"code": "property does not exist"}}
2026-03-06 09:33:00 ERROR root remotelib error:HallPanel:2302:{"property": "SetVisible", "value": [false], "qualifier": {"code": "property does not exist"}}
2026-03-06 09:33:00 ERROR root remotelib error:BreakRmPanel:2317:{"property": "SetVisible", "value": [false], "qualifier": {"code": "property does not exist"}}
2026-03-06 09:33:00 ERROR root remotelib error:IC143Panel:4925:{"property": "SetVisible", "value": [false], "qualifier": {"code": "property does not exist"}}
2026-03-06 09:33:00 ERROR root remotelib error:BreakRmPanel:2318:{"property": "SetVisible", "value": [false], "qualifier": {"code": "property does not exist"}}
2026-03-06 09:33:00 ERROR root remotelib error:HallPanel:2303:{"property": "SetVisible", "value": [false], "qualifier": {"code": "property does not exist"}}
2026-03-06 09:33:00 ERROR root remotelib error:IC143Panel:4926:{"property": "SetVisible", "value": [false], "qualifier": {"code": "property does not exist"}}
2026-03-06 09:33:00 ERROR root remotelib error:HallPanel:2304:{"property": "SetVisible", "value": [false], "qualifier": {"code": "property does not exist"}}
2026-03-06 09:33:00 ERROR root remotelib error:BreakRmPanel:2319:{"property": "SetVisible", "value": [false], "qualifier": {"code": "property does not exist"}}
2026-03-06 09:33:00 ERROR root Failed to run wait callback function: Wait.w
Traceback (most recent call last):
  File "/remotelib_qxi/__init__.py", line 312, in w
    self.receive_message(data,ipaddress)
  File "/remotelib_qxi/__init__.py", line 362, in receive_message
    WrapperBasics.wrapped_objects[type][alias].receive_message(data)
  File "/remotelib_qxi/ui/Button.py", line 114, in receive_message
    if str(arg) != str(data['args'][cur_arg]):
IndexError: list index out of range
2026-03-06 09:33:00 ERROR root Failed to run wait callback function: Wait.w
Traceback (most recent call last):
  File "/remotelib_qxi/__init__.py", line 312, in w
    self.receive_message(data,ipaddress)
  File "/remotelib_qxi/__init__.py", line 362, in receive_message
    WrapperBasics.wrapped_objects[type][alias].receive_message(data)
  File "/remotelib_qxi/ui/Button.py", line 114, in receive_message
    if str(arg) != str(data['args'][cur_arg]):
IndexError: list index out of range
2026-03-06 09:33:00 ERROR root remotelib error:HallPanel:2305:{"property": "SetVisible", "value": [false], "qualifier": {"code": "property does not exist"}}
2026-03-06 09:33:00 ERROR root remotelib error:IC143Panel:4927:{"property": "SetVisible", "value": [false], "qualifier": {"code": "property does not exist"}}
2026-03-06 09:33:00 ERROR root remotelib error:BreakRmPanel:793:{"property": "SetText", "value": [""], "qualifier": {"code": "property does not exist"}}
2026-03-06 09:33:00 ERROR root remotelib error:IC142Panel:2315:{"property": "SetVisible", "value": [false], "qualifier": {"code": "property does not exist"}}
2026-03-06 09:33:00 ERROR root remotelib error:HallPanel:2306:{"property": "SetVisible", "value": [false], "qualifier": {"code": "property does not exist"}}
2026-03-06 09:33:00 ERROR root remotelib error:BreakRmPanel:4925:{"property": "SetVisible", "value": [false], "qualifier": {"code": "property does not exist"}}
2026-03-06 09:33:01 ERROR root remotelib error:IC143Panel:4928:{"property": "SetVisible", "value": [false], "qualifier": {"code": "property does not exist"}}
2026-03-06 09:33:01 ERROR root remotelib error:HallPanel:2307:{"property": "SetVisible", "value": [false], "qualifier": {"code": "property does not exist"}}
2026-03-06 09:33:01 ERROR root remotelib error:IC142Panel:2316:{"property": "SetVisible", "value": [false], "qualifier": {"code": "property does not exist"}}
2026-03-06 09:33:01 ERROR root remotelib error:BreakRmPanel:4926:{"property": "SetVisible", "value": [false], "qualifier": {"code": "property does not exist"}}
2026-03-06 09:33:01 ERROR root remotelib error:IC143Panel:4929:{"property": "SetVisible", "value": [false], "qualifier": {"code": "property does not exist"}}
2026-03-06 09:33:01 ERROR root remotelib error:IC142Panel:2317:{"property": "SetVisible", "value": [false], "qualifier": {"code": "property does not exist"}}
2026-03-06 09:33:01 ERROR root remotelib error:HallPanel:2308:{"property": "SetVisible", "value": [false], "qualifier": {"code": "property does not exist"}}
2026-03-06 09:33:01 ERROR root remotelib error:BreakRmPanel:4927:{"property": "SetVisible", "value": [false], "qualifier": {"code": "property does not exist"}}
2026-03-06 09:33:01 ERROR root remotelib error:IC143Panel:4930:{"property": "SetVisible", "value": [false], "qualifier": {"code": "property does not exist"}}
2026-03-06 09:33:01 ERROR root remotelib error:HallPanel:2309:{"property": "SetVisible", "value": [false], "qualifier": {"code": "property does not exist"}}
2026-03-06 09:33:01 ERROR root remotelib error:BreakRmPanel:4928:{"property": "SetVisible", "value": [false], "qualifier": {"code": "property does not exist"}}
2026-03-06 09:33:01 ERROR root remotelib error:HallPanel:2310:{"property": "SetVisible", "value": [false], "qualifier": {"code": "property does not exist"}}
2026-03-06 09:33:01 ERROR root remotelib error:IC143Panel:4931:{"property": "SetVisible", "value": [false], "qualifier": {"code": "property does not exist"}}
2026-03-06 09:33:01 ERROR root remotelib error:BreakRmPanel:4929:{"property": "SetVisible", "value": [false], "qualifier": {"code": "property does not exist"}}
2026-03-06 09:33:01 ERROR root remotelib error:IC142Panel:2318:{"property": "SetVisible", "value": [false], "qualifier": {"code": "property does not exist"}}
2026-03-06 09:33:01 ERROR root remotelib error:HallPanel:2311:{"property": "SetVisible", "value": [false], "qualifier": {"code": "property does not exist"}}
2026-03-06 09:33:02 ERROR root remotelib error:IC142Panel:2319:{"property": "SetVisible", "value": [false], "qualifier": {"code": "property does not exist"}}
2026-03-06 09:33:02 ERROR root remotelib error:BreakRmPanel:4930:{"property": "SetVisible", "value": [false], "qualifier": {"code": "property does not exist"}}
2026-03-06 09:33:02 ERROR root remotelib error:IC143Panel:4932:{"property": "SetVisible", "value": [false], "qualifier": {"code": "property does not exist"}}
2026-03-06 09:33:02 ERROR root remotelib error:HallPanel:2312:{"property": "SetVisible", "value": [false], "qualifier": {"code": "property does not exist"}}
2026-03-06 09:33:02 ERROR root remotelib error:IC142Panel:793:{"property": "SetText", "value": [""], "qualifier": {"code": "property does not exist"}}
2026-03-06 09:33:02 ERROR root remotelib error:BreakRmPanel:4931:{"property": "SetVisible", "value": [false], "qualifier": {"code": "property does not exist"}}
2026-03-06 09:33:02 ERROR root remotelib error:IC143Panel:4900:{"property": "SetVisible", "value": [true], "qualifier": {"code": "property does not exist"}}
2026-03-06 09:33:02 ERROR root remotelib error:IC143Panel:4901:{"property": "SetVisible", "value": [true], "qualifier": {"code": "property does not exist"}}
2026-03-06 09:33:02 ERROR root remotelib error:HallPanel:2313:{"property": "SetVisible", "value": [false], "qualifier": {"code": "property does not exist"}}
2026-03-06 09:33:02 ERROR root remotelib error:BreakRmPanel:4932:{"property": "SetVisible", "value": [false], "qualifier": {"code": "property does not exist"}}
2026-03-06 09:33:02 ERROR root remotelib error:IC142Panel:4925:{"property": "SetVisible", "value": [false], "qualifier": {"code": "property does not exist"}}
2026-03-06 09:33:02 ERROR root remotelib error:HallPanel:2314:{"property": "SetVisible", "value": [false], "qualifier": {"code": "property does not exist"}}
2026-03-06 09:33:02 ERROR root remotelib error:BreakRmPanel:4900:{"property": "SetVisible", "value": [true], "qualifier": {"code": "property does not exist"}}
2026-03-06 09:33:02 ERROR root remotelib error:IC143Panel:4902:{"property": "SetVisible", "value": [true], "qualifier": {"code": "property does not exist"}}
2026-03-06 09:33:03 ERROR root remotelib error:IC142Panel:4926:{"property": "SetVisible", "value": [false], "qualifier": {"code": "property does not exist"}}
2026-03-06 09:33:03 ERROR root remotelib error:HallPanel:2315:{"property": "SetVisible", "value": [false], "qualifier": {"code": "property does not exist"}}
2026-03-06 09:33:03 ERROR root remotelib error:IC142Panel:4927:{"property": "SetVisible", "value": [false], "qualifier": {"code": "property does not exist"}}
2026-03-06 09:33:03 ERROR root remotelib error:HallPanel:2316:{"property": "SetVisible", "value": [false], "qualifier": {"code": "property does not exist"}}
2026-03-06 09:33:03 ERROR root remotelib error:BreakRmPanel:4901:{"property": "SetVisible", "value": [true], "qualifier": {"code": "property does not exist"}}
2026-03-06 09:33:03 ERROR root remotelib error:IC143Panel:4903:{"property": "SetVisible", "value": [true], "qualifier": {"code": "property does not exist"}}
2026-03-06 09:33:03 ERROR root remotelib error:HallPanel:2317:{"property": "SetVisible", "value": [false], "qualifier": {"code": "property does not exist"}}
2026-03-06 09:33:03 ERROR root remotelib error:IC142Panel:4928:{"property": "SetVisible", "value": [false], "qualifier": {"code": "property does not exist"}}
2026-03-06 09:33:03 ERROR root remotelib error:BreakRmPanel:4902:{"property": "SetVisible", "value": [true], "qualifier": {"code": "property does not exist"}}
2026-03-06 09:33:03 ERROR root remotelib error:HallPanel:2318:{"property": "SetVisible", "value": [false], "qualifier": {"code": "property does not exist"}}
2026-03-06 09:33:03 ERROR root remotelib error:IC143Panel:4904:{"property": "SetVisible", "value": [true], "qualifier": {"code": "property does not exist"}}
2026-03-06 09:33:03 ERROR root remotelib error:IC142Panel:4929:{"property": "SetVisible", "value": [false], "qualifier": {"code": "property does not exist"}}
2026-03-06 09:33:03 ERROR root remotelib error:BreakRmPanel:4903:{"property": "SetVisible", "value": [true], "qualifier": {"code": "property does not exist"}}
2026-03-06 09:33:03 ERROR root remotelib error:IC143Panel:4905:{"property": "SetVisible", "value": [true], "qualifier": {"code": "property does not exist"}}
2026-03-06 09:33:03 ERROR root remotelib error:BreakRmPanel:4904:{"property": "SetVisible", "value": [true], "qualifier": {"code": "property does not exist"}}
2026-03-06 09:33:03 ERROR root remotelib error:HallPanel:2319:{"property": "SetVisible", "value": [false], "qualifier": {"code": "property does not exist"}}
2026-03-06 09:33:03 ERROR root remotelib error:HallPanel:793:{"property": "SetText", "value": [""], "qualifier": {"code": "property does not exist"}}
2026-03-06 09:33:03 ERROR root remotelib error:IC143Panel:4906:{"property": "SetVisible", "value": [true], "qualifier": {"code": "property does not exist"}}
2026-03-06 09:33:03 ERROR root remotelib error:IC142Panel:4930:{"property": "SetVisible", "value": [false], "qualifier": {"code": "property does not exist"}}
2026-03-06 09:33:03 ERROR root remotelib error:HallPanel:4925:{"property": "SetVisible", "value": [false], "qualifier": {"code": "property does not exist"}}
2026-03-06 09:33:03 ERROR root remotelib error:IC142Panel:4931:{"property": "SetVisible", "value": [false], "qualifier": {"code": "property does not exist"}}
2026-03-06 09:33:03 ERROR root remotelib error:BreakRmPanel:4905:{"property": "SetVisible", "value": [true], "qualifier": {"code": "property does not exist"}}
2026-03-06 09:33:03 ERROR root remotelib error:IC143Panel:4907:{"property": "SetVisible", "value": [true], "qualifier": {"code": "property does not exist"}}
2026-03-06 09:33:03 ERROR root remotelib error:BreakRmPanel:4906:{"property": "SetVisible", "value": [true], "qualifier": {"code": "property does not exist"}}
2026-03-06 09:33:03 ERROR root remotelib error:IC142Panel:4932:{"property": "SetVisible", "value": [false], "qualifier": {"code": "property does not exist"}}
2026-03-06 09:33:03 ERROR root remotelib error:IC143Panel:4908:{"property": "SetVisible", "value": [true], "qualifier": {"code": "property does not exist"}}
2026-03-06 09:33:03 ERROR root remotelib error:BreakRmPanel:4907:{"property": "SetVisible", "value": [true], "qualifier": {"code": "property does not exist"}}
2026-03-06 09:33:03 ERROR root remotelib error:LobbyPanel:1284:{"property": "SetVisible", "value": [false], "qualifier": {"code": "property does not exist"}}
2026-03-06 09:33:03 ERROR root remotelib error:HallPanel:4926:{"property": "SetVisible", "value": [false], "qualifier": {"code": "property does not exist"}}
2026-03-06 09:33:03 ERROR root remotelib error:LobbyPanel:1285:{"property": "SetVisible", "value": [false], "qualifier": {"code": "property does not exist"}}
2026-03-06 09:33:03 ERROR root remotelib error:IC142Panel:4900:{"property": "SetVisible", "value": [true], "qualifier": {"code": "property does not exist"}}
2026-03-06 09:33:03 ERROR root remotelib error:HallPanel:4927:{"property": "SetVisible", "value": [false], "qualifier": {"code": "property does not exist"}}
2026-03-06 09:33:03 ERROR root remotelib error:BWDPanel:1284:{"property": "SetVisible", "value": [false], "qualifier": {"code": "property does not exist"}}
2026-03-06 09:33:03 ERROR root remotelib error:BreakRmPanel:4908:{"property": "SetVisible", "value": [true], "qualifier": {"code": "property does not exist"}}
2026-03-06 09:33:03 ERROR root remotelib error:IC142Panel:4901:{"property": "SetVisible", "value": [true], "qualifier": {"code": "property does not exist"}}
2026-03-06 09:33:03 ERROR root remotelib error:IC143Panel:4909:{"property": "SetVisible", "value": [true], "qualifier": {"code": "property does not exist"}}
2026-03-06 09:33:03 ERROR root remotelib error:LobbyPanel:1286:{"property": "SetVisible", "value": [false], "qualifier": {"code": "property does not exist"}}
2026-03-06 09:33:03 ERROR root remotelib error:BWDPanel:1285:{"property": "SetVisible", "value": [false], "qualifier": {"code": "property does not exist"}}
2026-03-06 09:33:03 ERROR root remotelib error:IC144Panel:1284:{"property": "SetVisible", "value": [false], "qualifier": {"code": "property does not exist"}}
2026-03-06 09:33:03 ERROR root remotelib error:IC142Panel:4902:{"property": "SetVisible", "value": [true], "qualifier": {"code": "property does not exist"}}
2026-03-06 09:33:03 ERROR root remotelib error:BWDPanel:1286:{"property": "SetVisible", "value": [false], "qualifier": {"code": "property does not exist"}}
2026-03-06 09:33:03 ERROR root remotelib error:IC143Panel:4910:{"property": "SetVisible", "value": [true], "qualifier": {"code": "property does not exist"}}
2026-03-06 09:33:03 ERROR root remotelib error:BWDPanel:1287:{"property": "SetVisible", "value": [false], "qualifier": {"code": "property does not exist"}}
2026-03-06 09:33:03 ERROR root remotelib error:HallPanel:4928:{"property": "SetVisible", "value": [false], "qualifier": {"code": "property does not exist"}}
2026-03-06 09:33:03 ERROR root remotelib error:BreakRmPanel:4909:{"property": "SetVisible", "value": [true], "qualifier": {"code": "property does not exist"}}
2026-03-06 09:33:03 ERROR root remotelib error:LobbyPanel:1287:{"property": "SetVisible", "value": [false], "qualifier": {"code": "property does not exist"}}
2026-03-06 09:33:03 ERROR root remotelib error:IC144Panel:1285:{"property": "SetVisible", "value": [false], "qualifier": {"code": "property does not exist"}}
2026-03-06 09:33:03 ERROR root remotelib error:IC143Panel:4911:{"property": "SetVisible", "value": [true], "qualifier": {"code": "property does not exist"}}
2026-03-06 09:33:03 ERROR root remotelib error:IC142Panel:4903:{"property": "SetVisible", "value": [true], "qualifier": {"code": "property does not exist"}}
2026-03-06 09:33:03 ERROR root remotelib error:IC144Panel:1286:{"property": "SetVisible", "value": [false], "qualifier": {"code": "property does not exist"}}
2026-03-06 09:33:03 ERROR root remotelib error:BWDPanel:1288:{"property": "SetVisible", "value": [false], "qualifier": {"code": "property does not exist"}}
2026-03-06 09:33:03 ERROR root remotelib error:HallPanel:4929:{"property": "SetVisible", "value": [false], "qualifier": {"code": "property does not exist"}}
2026-03-06 09:33:03 ERROR root remotelib error:IC142Panel:4904:{"property": "SetVisible", "value": [true], "qualifier": {"code": "property does not exist"}}
2026-03-06 09:33:03 ERROR root remotelib error:BreakRmPanel:4910:{"property": "SetVisible", "value": [true], "qualifier": {"code": "property does not exist"}}
2026-03-06 09:33:03 ERROR root remotelib error:LobbyPanel:1288:{"property": "SetVisible", "value": [false], "qualifier": {"code": "property does not exist"}}
2026-03-06 09:33:04 ERROR root remotelib error:IC143Panel:4912:{"property": "SetVisible", "value": [true], "qualifier": {"code": "property does not exist"}}
2026-03-06 09:33:04 ERROR root remotelib error:BWDPanel:1289:{"property": "SetVisible", "value": [false], "qualifier": {"code": "property does not exist"}}
2026-03-06 09:33:04 ERROR root remotelib error:BreakRmPanel:4911:{"property": "SetVisible", "value": [true], "qualifier": {"code": "property does not exist"}}
2026-03-06 09:33:04 ERROR root remotelib error:IC142Panel:4905:{"property": "SetVisible", "value": [true], "qualifier": {"code": "property does not exist"}}
2026-03-06 09:33:04 ERROR root remotelib error:IC144Panel:1287:{"property": "SetVisible", "value": [false], "qualifier": {"code": "property does not exist"}}
2026-03-06 09:33:04 ERROR root remotelib error:IC143Panel:4913:{"property": "SetVisible", "value": [true], "qualifier": {"code": "property does not exist"}}
2026-03-06 09:33:04 ERROR root remotelib error:HallPanel:4930:{"property": "SetVisible", "value": [false], "qualifier": {"code": "property does not exist"}}
2026-03-06 09:33:04 ERROR root remotelib error:LobbyPanel:1289:{"property": "SetVisible", "value": [false], "qualifier": {"code": "property does not exist"}}
2026-03-06 09:33:04 ERROR root remotelib error:LobbyPanel:1290:{"property": "SetVisible", "value": [false], "qualifier": {"code": "property does not exist"}}
2026-03-06 09:33:04 ERROR root remotelib error:BreakRmPanel:4912:{"property": "SetVisible", "value": [true], "qualifier": {"code": "property does not exist"}}
2026-03-06 09:33:04 ERROR root remotelib error:BWDPanel:1290:{"property": "SetVisible", "value": [false], "qualifier": {"code": "property does not exist"}}
2026-03-06 09:33:04 ERROR root remotelib error:IC142Panel:4906:{"property": "SetVisible", "value": [true], "qualifier": {"code": "property does not exist"}}
2026-03-06 09:33:04 ERROR root remotelib error:IC143Panel:4914:{"property": "SetVisible", "value": [true], "qualifier": {"code": "property does not exist"}}
2026-03-06 09:33:04 ERROR root remotelib error:IC144Panel:1288:{"property": "SetVisible", "value": [false], "qualifier": {"code": "property does not exist"}}
2026-03-06 09:33:04 ERROR root remotelib error:HallPanel:4931:{"property": "SetVisible", "value": [false], "qualifier": {"code": "property does not exist"}}
2026-03-06 09:33:04 ERROR root remotelib error:LobbyPanel:2301:{"property": "SetVisible", "value": [false], "qualifier": {"code": "property does not exist"}}
2026-03-06 09:33:04 ERROR root remotelib error:IC143Panel:4915:{"property": "SetVisible", "value": [true], "qualifier": {"code": "property does not exist"}}
2026-03-06 09:33:04 ERROR root remotelib error:BWDPanel:2301:{"property": "SetVisible", "value": [false], "qualifier": {"code": "property does not exist"}}
2026-03-06 09:33:04 ERROR root remotelib error:BreakRmPanel:4913:{"property": "SetVisible", "value": [true], "qualifier": {"code": "property does not exist"}}
2026-03-06 09:33:04 ERROR root remotelib error:LobbyPanel:2302:{"property": "SetVisible", "value": [false], "qualifier": {"code": "property does not exist"}}
2026-03-06 09:33:04 ERROR root remotelib error:IC144Panel:1289:{"property": "SetVisible", "value": [false], "qualifier": {"code": "property does not exist"}}
2026-03-06 09:33:04 ERROR root remotelib error:IC142Panel:4907:{"property": "SetVisible", "value": [true], "qualifier": {"code": "property does not exist"}}
2026-03-06 09:33:04 ERROR root remotelib error:HallPanel:4932:{"property": "SetVisible", "value": [false], "qualifier": {"code": "property does not exist"}}
2026-03-06 09:33:04 ERROR root remotelib error:IC144Panel:1290:{"property": "SetVisible", "value": [false], "qualifier": {"code": "property does not exist"}}
2026-03-06 09:33:04 ERROR root remotelib error:BreakRmPanel:4914:{"property": "SetVisible", "value": [true], "qualifier": {"code": "property does not exist"}}
2026-03-06 09:33:04 ERROR root remotelib error:IC143Panel:4916:{"property": "SetVisible", "value": [true], "qualifier": {"code": "property does not exist"}}
2026-03-06 09:33:04 ERROR root remotelib error:LobbyPanel:2303:{"property": "SetVisible", "value": [false], "qualifier": {"code": "property does not exist"}}
2026-03-06 09:33:04 ERROR root remotelib error:BWDPanel:2302:{"property": "SetVisible", "value": [false], "qualifier": {"code": "property does not exist"}}
2026-03-06 09:33:04 ERROR root remotelib error:IC143Panel:4917:{"property": "SetVisible", "value": [true], "qualifier": {"code": "property does not exist"}}
2026-03-06 09:33:04 ERROR root remotelib error:IC142Panel:4908:{"property": "SetVisible", "value": [true], "qualifier": {"code": "property does not exist"}}
2026-03-06 09:33:04 ERROR root remotelib error:BreakRmPanel:4915:{"property": "SetVisible", "value": [true], "qualifier": {"code": "property does not exist"}}
2026-03-06 09:33:04 ERROR root remotelib error:IC144Panel:2301:{"property": "SetVisible", "value": [false], "qualifier": {"code": "property does not exist"}}
2026-03-06 09:33:04 ERROR root remotelib error:IC143Panel:4918:{"property": "SetVisible", "value": [true], "qualifier": {"code": "property does not exist"}}
2026-03-06 09:33:04 ERROR root remotelib error:BWDPanel:2303:{"property": "SetVisible", "value": [false], "qualifier": {"code": "property does not exist"}}
2026-03-06 09:33:04 ERROR root remotelib error:LobbyPanel:2304:{"property": "SetVisible", "value": [false], "qualifier": {"code": "property does not exist"}}
2026-03-06 09:33:04 ERROR root remotelib error:IC142Panel:4909:{"property": "SetVisible", "value": [true], "qualifier": {"code": "property does not exist"}}
2026-03-06 09:33:04 ERROR root remotelib error:BreakRmPanel:4916:{"property": "SetVisible", "value": [true], "qualifier": {"code": "property does not exist"}}
2026-03-06 09:33:04 ERROR root remotelib error:HallPanel:4900:{"property": "SetVisible", "value": [true], "qualifier": {"code": "property does not exist"}}
2026-03-06 09:33:04 ERROR root remotelib error:IC144Panel:2302:{"property": "SetVisible", "value": [false], "qualifier": {"code": "property does not exist"}}
2026-03-06 09:33:04 ERROR root remotelib error:IC143Panel:4919:{"property": "SetVisible", "value": [true], "qualifier": {"code": "property does not exist"}}
2026-03-06 09:33:04 ERROR root remotelib error:BreakRmPanel:4917:{"property": "SetVisible", "value": [true], "qualifier": {"code": "property does not exist"}}
2026-03-06 09:33:04 ERROR root remotelib error:IC142Panel:4910:{"property": "SetVisible", "value": [true], "qualifier": {"code": "property does not exist"}}
2026-03-06 09:33:04 ERROR root remotelib error:IC143Panel:4920:{"property": "SetVisible", "value": [true], "qualifier": {"code": "property does not exist"}}
2026-03-06 09:33:04 ERROR root remotelib error:IC144Panel:2303:{"property": "SetVisible", "value": [false], "qualifier": {"code": "property does not exist"}}
2026-03-06 09:33:04 ERROR root remotelib error:LobbyPanel:2305:{"property": "SetVisible", "value": [false], "qualifier": {"code": "property does not exist"}}
2026-03-06 09:33:04 ERROR root remotelib error:BreakRmPanel:4918:{"property": "SetVisible", "value": [true], "qualifier": {"code": "property does not exist"}}
2026-03-06 09:33:04 ERROR root remotelib error:IC142Panel:4911:{"property": "SetVisible", "value": [true], "qualifier": {"code": "property does not exist"}}
2026-03-06 09:33:04 ERROR root remotelib error:IC143Panel:4921:{"property": "SetVisible", "value": [true], "qualifier": {"code": "property does not exist"}}
2026-03-06 09:33:04 ERROR root remotelib error:LobbyPanel:2306:{"property": "SetVisible", "value": [false], "qualifier": {"code": "property does not exist"}}
2026-03-06 09:33:04 ERROR root remotelib error:IC144Panel:2304:{"property": "SetVisible", "value": [false], "qualifier": {"code": "property does not exist"}}
2026-03-06 09:33:04 ERROR root remotelib error:BWDPanel:2304:{"property": "SetVisible", "value": [false], "qualifier": {"code": "property does not exist"}}
2026-03-06 09:33:04 ERROR root remotelib error:HallPanel:4901:{"property": "SetVisible", "value": [true], "qualifier": {"code": "property does not exist"}}
2026-03-06 09:33:04 ERROR root remotelib error:BWDPanel:2305:{"property": "SetVisible", "value": [false], "qualifier": {"code": "property does not exist"}}
2026-03-06 09:33:04 ERROR root remotelib error:BreakRmPanel:4919:{"property": "SetVisible", "value": [true], "qualifier": {"code": "property does not exist"}}
2026-03-06 09:33:04 ERROR root remotelib error:IC142Panel:4912:{"property": "SetVisible", "value": [true], "qualifier": {"code": "property does not exist"}}
2026-03-06 09:33:04 ERROR root remotelib error:IC144Panel:2305:{"property": "SetVisible", "value": [false], "qualifier": {"code": "property does not exist"}}
2026-03-06 09:33:04 ERROR root remotelib error:IC143Panel:4922:{"property": "SetVisible", "value": [true], "qualifier": {"code": "property does not exist"}}
2026-03-06 09:33:04 ERROR root remotelib error:HallPanel:4902:{"property": "SetVisible", "value": [true], "qualifier": {"code": "property does not exist"}}
2026-03-06 09:33:04 ERROR root remotelib error:IC143Panel:4923:{"property": "SetVisible", "value": [true], "qualifier": {"code": "property does not exist"}}
2026-03-06 09:33:04 ERROR root remotelib error:LobbyPanel:2307:{"property": "SetVisible", "value": [false], "qualifier": {"code": "property does not exist"}}
2026-03-06 09:33:04 ERROR root remotelib error:IC142Panel:4913:{"property": "SetVisible", "value": [true], "qualifier": {"code": "property does not exist"}}
2026-03-06 09:33:04 ERROR root remotelib error:BreakRmPanel:4920:{"property": "SetVisible", "value": [true], "qualifier": {"code": "property does not exist"}}
2026-03-06 09:33:04 ERROR root remotelib error:IC144Panel:2306:{"property": "SetVisible", "value": [false], "qualifier": {"code": "property does not exist"}}
2026-03-06 09:33:04 ERROR root remotelib error:HallPanel:4903:{"property": "SetVisible", "value": [true], "qualifier": {"code": "property does not exist"}}
2026-03-06 09:33:04 ERROR root remotelib error:BWDPanel:2306:{"property": "SetVisible", "value": [false], "qualifier": {"code": "property does not exist"}}
2026-03-06 09:33:04 ERROR root remotelib error:IC142Panel:4914:{"property": "SetVisible", "value": [true], "qualifier": {"code": "property does not exist"}}
2026-03-06 09:33:04 ERROR root remotelib error:LobbyPanel:2308:{"property": "SetVisible", "value": [false], "qualifier": {"code": "property does not exist"}}
2026-03-06 09:33:04 ERROR root remotelib error:BreakRmPanel:4921:{"property": "SetVisible", "value": [true], "qualifier": {"code": "property does not exist"}}
2026-03-06 09:33:04 ERROR root remotelib error:IC143Panel:4924:{"property": "SetVisible", "value": [true], "qualifier": {"code": "property does not exist"}}
2026-03-06 09:33:04 ERROR root remotelib error:BWDPanel:2307:{"property": "SetVisible", "value": [false], "qualifier": {"code": "property does not exist"}}
2026-03-06 09:33:04 ERROR root remotelib error:BreakRmPanel:4922:{"property": "SetVisible", "value": [true], "qualifier": {"code": "property does not exist"}}
2026-03-06 09:33:04 ERROR root remotelib error:HallPanel:4904:{"property": "SetVisible", "value": [true], "qualifier": {"code": "property does not exist"}}
2026-03-06 09:33:04 ERROR root remotelib error:LobbyPanel:2309:{"property": "SetVisible", "value": [false], "qualifier": {"code": "property does not exist"}}
2026-03-06 09:33:04 ERROR root remotelib error:IC142Panel:4915:{"property": "SetVisible", "value": [true], "qualifier": {"code": "property does not exist"}}
2026-03-06 09:33:04 ERROR root remotelib error:IC144Panel:2307:{"property": "SetVisible", "value": [false], "qualifier": {"code": "property does not exist"}}
2026-03-06 09:33:04 ERROR root remotelib error:HallPanel:4905:{"property": "SetVisible", "value": [true], "qualifier": {"code": "property does not exist"}}
2026-03-06 09:33:04 ERROR root remotelib error:IC143Panel:4625:{"property": "SetVisible", "value": [false], "qualifier": {"code": "property does not exist"}}
2026-03-06 09:33:04 ERROR root remotelib error:BWDPanel:2308:{"property": "SetVisible", "value": [false], "qualifier": {"code": "property does not exist"}}
2026-03-06 09:33:04 ERROR root remotelib error:BreakRmPanel:4923:{"property": "SetVisible", "value": [true], "qualifier": {"code": "property does not exist"}}
2026-03-06 09:33:04 ERROR root remotelib error:IC144Panel:2308:{"property": "SetVisible", "value": [false], "qualifier": {"code": "property does not exist"}}
2026-03-06 09:33:04 ERROR root remotelib error:LobbyPanel:2310:{"property": "SetVisible", "value": [false], "qualifier": {"code": "property does not exist"}}
2026-03-06 09:33:04 ERROR root remotelib error:HallPanel:4906:{"property": "SetVisible", "value": [true], "qualifier": {"code": "property does not exist"}}
2026-03-06 09:33:04 ERROR root remotelib error:IC142Panel:4916:{"property": "SetVisible", "value": [true], "qualifier": {"code": "property does not exist"}}
2026-03-06 09:33:04 ERROR root remotelib error:IC143Panel:4626:{"property": "SetVisible", "value": [false], "qualifier": {"code": "property does not exist"}}
2026-03-06 09:33:04 ERROR root remotelib error:IC144Panel:2309:{"property": "SetVisible", "value": [false], "qualifier": {"code": "property does not exist"}}
2026-03-06 09:33:04 ERROR root remotelib error:LobbyPanel:2311:{"property": "SetVisible", "value": [false], "qualifier": {"code": "property does not exist"}}
2026-03-06 09:33:04 ERROR root remotelib error:BreakRmPanel:4924:{"property": "SetVisible", "value": [true], "qualifier": {"code": "property does not exist"}}
2026-03-06 09:33:04 ERROR root remotelib error:BWDPanel:2309:{"property": "SetVisible", "value": [false], "qualifier": {"code": "property does not exist"}}
2026-03-06 09:33:04 ERROR root remotelib error:IC142Panel:4917:{"property": "SetVisible", "value": [true], "qualifier": {"code": "property does not exist"}}
2026-03-06 09:33:04 ERROR root remotelib error:IC143Panel:4627:{"property": "SetVisible", "value": [false], "qualifier": {"code": "property does not exist"}}
2026-03-06 09:33:04 ERROR root remotelib error:BWDPanel:2310:{"property": "SetVisible", "value": [false], "qualifier": {"code": "property does not exist"}}
2026-03-06 09:33:04 ERROR root remotelib error:IC144Panel:2310:{"property": "SetVisible", "value": [false], "qualifier": {"code": "property does not exist"}}
2026-03-06 09:33:04 ERROR root remotelib error:BreakRmPanel:4625:{"property": "SetVisible", "value": [false], "qualifier": {"code": "property does not exist"}}
2026-03-06 09:33:04 ERROR root remotelib error:HallPanel:4907:{"property": "SetVisible", "value": [true], "qualifier": {"code": "property does not exist"}}
2026-03-06 09:33:04 ERROR root remotelib error:BWDPanel:2311:{"property": "SetVisible", "value": [false], "qualifier": {"code": "property does not exist"}}
2026-03-06 09:33:04 ERROR root remotelib error:IC142Panel:4918:{"property": "SetVisible", "value": [true], "qualifier": {"code": "property does not exist"}}
2026-03-06 09:33:04 ERROR root remotelib error:BreakRmPanel:4626:{"property": "SetVisible", "value": [false], "qualifier": {"code": "property does not exist"}}
2026-03-06 09:33:04 ERROR root remotelib error:IC143Panel:4628:{"property": "SetVisible", "value": [false], "qualifier": {"code": "property does not exist"}}
2026-03-06 09:33:04 ERROR root remotelib error:LobbyPanel:2312:{"property": "SetVisible", "value": [false], "qualifier": {"code": "property does not exist"}}
2026-03-06 09:33:04 ERROR root remotelib error:IC144Panel:2311:{"property": "SetVisible", "value": [false], "qualifier": {"code": "property does not exist"}}
2026-03-06 09:33:04 ERROR root remotelib error:BWDPanel:2312:{"property": "SetVisible", "value": [false], "qualifier": {"code": "property does not exist"}}
2026-03-06 09:33:04 ERROR root remotelib error:IC142Panel:4919:{"property": "SetVisible", "value": [true], "qualifier": {"code": "property does not exist"}}
2026-03-06 09:33:04 ERROR root remotelib error:IC143Panel:4629:{"property": "SetVisible", "value": [false], "qualifier": {"code": "property does not exist"}}
2026-03-06 09:33:04 ERROR root remotelib error:BreakRmPanel:4627:{"property": "SetVisible", "value": [false], "qualifier": {"code": "property does not exist"}}
2026-03-06 09:33:04 ERROR root remotelib error:BWDPanel:2313:{"property": "SetVisible", "value": [false], "qualifier": {"code": "property does not exist"}}
2026-03-06 09:33:04 ERROR root remotelib error:LobbyPanel:2313:{"property": "SetVisible", "value": [false], "qualifier": {"code": "property does not exist"}}
2026-03-06 09:33:04 ERROR root remotelib error:IC144Panel:2312:{"property": "SetVisible", "value": [false], "qualifier": {"code": "property does not exist"}}
2026-03-06 09:33:04 ERROR root remotelib error:HallPanel:4908:{"property": "SetVisible", "value": [true], "qualifier": {"code": "property does not exist"}}
2026-03-06 09:33:04 ERROR root remotelib error:BreakRmPanel:4628:{"property": "SetVisible", "value": [false], "qualifier": {"code": "property does not exist"}}
2026-03-06 09:33:04 ERROR root remotelib error:IC142Panel:4920:{"property": "SetVisible", "value": [true], "qualifier": {"code": "property does not exist"}}
2026-03-06 09:33:04 ERROR root remotelib error:IC144Panel:2313:{"property": "SetVisible", "value": [false], "qualifier": {"code": "property does not exist"}}
2026-03-06 09:33:04 ERROR root remotelib error:BWDPanel:2314:{"property": "SetVisible", "value": [false], "qualifier": {"code": "property does not exist"}}
2026-03-06 09:33:04 ERROR root remotelib error:IC143Panel:4630:{"property": "SetVisible", "value": [false], "qualifier": {"code": "property does not exist"}}
2026-03-06 09:33:04 ERROR root remotelib error:BreakRmPanel:4629:{"property": "SetVisible", "value": [false], "qualifier": {"code": "property does not exist"}}
2026-03-06 09:33:04 ERROR root remotelib error:HallPanel:4909:{"property": "SetVisible", "value": [true], "qualifier": {"code": "property does not exist"}}
2026-03-06 09:33:05 ERROR root remotelib error:IC142Panel:4921:{"property": "SetVisible", "value": [true], "qualifier": {"code": "property does not exist"}}
2026-03-06 09:33:05 ERROR root remotelib error:LobbyPanel:2314:{"property": "SetVisible", "value": [false], "qualifier": {"code": "property does not exist"}}
2026-03-06 09:33:05 ERROR root remotelib error:IC144Panel:2314:{"property": "SetVisible", "value": [false], "qualifier": {"code": "property does not exist"}}
2026-03-06 09:33:05 ERROR root remotelib error:BWDPanel:2315:{"property": "SetVisible", "value": [false], "qualifier": {"code": "property does not exist"}}
2026-03-06 09:33:05 ERROR root remotelib error:HallPanel:4910:{"property": "SetVisible", "value": [true], "qualifier": {"code": "property does not exist"}}
2026-03-06 09:33:05 ERROR root remotelib error:IC142Panel:4922:{"property": "SetVisible", "value": [true], "qualifier": {"code": "property does not exist"}}
2026-03-06 09:33:05 ERROR root remotelib error:BreakRmPanel:4630:{"property": "SetVisible", "value": [false], "qualifier": {"code": "property does not exist"}}
2026-03-06 09:33:05 ERROR root remotelib error:IC144Panel:2315:{"property": "SetVisible", "value": [false], "qualifier": {"code": "property does not exist"}}
2026-03-06 09:33:05 ERROR root remotelib error:BreakRmPanel:4631:{"property": "SetVisible", "value": [false], "qualifier": {"code": "property does not exist"}}
2026-03-06 09:33:05 ERROR root remotelib error:IC143Panel:4631:{"property": "SetVisible", "value": [false], "qualifier": {"code": "property does not exist"}}
2026-03-06 09:33:05 ERROR root remotelib error:LobbyPanel:2315:{"property": "SetVisible", "value": [false], "qualifier": {"code": "property does not exist"}}
2026-03-06 09:33:05 ERROR root remotelib error:HallPanel:4911:{"property": "SetVisible", "value": [true], "qualifier": {"code": "property does not exist"}}
2026-03-06 09:33:05 ERROR root remotelib error:BWDPanel:2316:{"property": "SetVisible", "value": [false], "qualifier": {"code": "property does not exist"}}
2026-03-06 09:33:05 ERROR root remotelib error:IC142Panel:4923:{"property": "SetVisible", "value": [true], "qualifier": {"code": "property does not exist"}}
2026-03-06 09:33:05 ERROR root remotelib error:IC143Panel:4632:{"property": "SetVisible", "value": [false], "qualifier": {"code": "property does not exist"}}
2026-03-06 09:33:05 ERROR root remotelib error:LobbyPanel:2316:{"property": "SetVisible", "value": [false], "qualifier": {"code": "property does not exist"}}
2026-03-06 09:33:05 ERROR root remotelib error:HallPanel:4912:{"property": "SetVisible", "value": [true], "qualifier": {"code": "property does not exist"}}
2026-03-06 09:33:05 ERROR root remotelib error:BreakRmPanel:4632:{"property": "SetVisible", "value": [false], "qualifier": {"code": "property does not exist"}}
2026-03-06 09:33:05 ERROR root remotelib error:IC143Panel:4600:{"property": "SetVisible", "value": [true], "qualifier": {"code": "property does not exist"}}
2026-03-06 09:33:05 ERROR root remotelib error:IC144Panel:2316:{"property": "SetVisible", "value": [false], "qualifier": {"code": "property does not exist"}}
2026-03-06 09:33:05 ERROR root remotelib error:IC144Panel:2317:{"property": "SetVisible", "value": [false], "qualifier": {"code": "property does not exist"}}
2026-03-06 09:33:05 ERROR root remotelib error:BreakRmPanel:4600:{"property": "SetVisible", "value": [true], "qualifier": {"code": "property does not exist"}}
2026-03-06 09:33:05 ERROR root remotelib error:BWDPanel:2317:{"property": "SetVisible", "value": [false], "qualifier": {"code": "property does not exist"}}
2026-03-06 09:33:05 ERROR root remotelib error:IC142Panel:4924:{"property": "SetVisible", "value": [true], "qualifier": {"code": "property does not exist"}}
2026-03-06 09:33:05 ERROR root remotelib error:LobbyPanel:2317:{"property": "SetVisible", "value": [false], "qualifier": {"code": "property does not exist"}}
2026-03-06 09:33:05 ERROR root remotelib error:HallPanel:4913:{"property": "SetVisible", "value": [true], "qualifier": {"code": "property does not exist"}}
2026-03-06 09:33:05 ERROR root remotelib error:IC144Panel:2318:{"property": "SetVisible", "value": [false], "qualifier": {"code": "property does not exist"}}
2026-03-06 09:33:05 ERROR root remotelib error:IC142Panel:4625:{"property": "SetVisible", "value": [false], "qualifier": {"code": "property does not exist"}}
2026-03-06 09:33:05 ERROR root remotelib error:BWDPanel:2318:{"property": "SetVisible", "value": [false], "qualifier": {"code": "property does not exist"}}
2026-03-06 09:33:05 ERROR root remotelib error:LobbyPanel:2318:{"property": "SetVisible", "value": [false], "qualifier": {"code": "property does not exist"}}
2026-03-06 09:33:05 ERROR root remotelib error:BWDPanel:2319:{"property": "SetVisible", "value": [false], "qualifier": {"code": "property does not exist"}}
2026-03-06 09:33:05 ERROR root remotelib error:HallPanel:4914:{"property": "SetVisible", "value": [true], "qualifier": {"code": "property does not exist"}}
2026-03-06 09:33:05 ERROR root remotelib error:IC142Panel:4626:{"property": "SetVisible", "value": [false], "qualifier": {"code": "property does not exist"}}
2026-03-06 09:33:05 ERROR root remotelib error:IC144Panel:2319:{"property": "SetVisible", "value": [false], "qualifier": {"code": "property does not exist"}}
2026-03-06 09:33:05 ERROR root remotelib error:LobbyPanel:2319:{"property": "SetVisible", "value": [false], "qualifier": {"code": "property does not exist"}}
2026-03-06 09:33:05 ERROR root remotelib error:HallPanel:4915:{"property": "SetVisible", "value": [true], "qualifier": {"code": "property does not exist"}}
2026-03-06 09:33:05 ERROR root remotelib error:HallPanel:4916:{"property": "SetVisible", "value": [true], "qualifier": {"code": "property does not exist"}}
2026-03-06 09:33:05 ERROR root remotelib error:BWDPanel:793:{"property": "SetText", "value": [""], "qualifier": {"code": "property does not exist"}}
2026-03-06 09:33:05 ERROR root remotelib error:IC144Panel:793:{"property": "SetText", "value": [""], "qualifier": {"code": "property does not exist"}}
2026-03-06 09:33:05 ERROR root remotelib error:LobbyPanel:793:{"property": "SetText", "value": [""], "qualifier": {"code": "property does not exist"}}
2026-03-06 09:33:05 ERROR root remotelib error:HallPanel:4917:{"property": "SetVisible", "value": [true], "qualifier": {"code": "property does not exist"}}
2026-03-06 09:33:05 ERROR root remotelib error:BWDPanel:4925:{"property": "SetVisible", "value": [false], "qualifier": {"code": "property does not exist"}}
2026-03-06 09:33:05 ERROR root remotelib error:IC144Panel:4925:{"property": "SetVisible", "value": [false], "qualifier": {"code": "property does not exist"}}
2026-03-06 09:33:05 ERROR root remotelib error:LobbyPanel:4925:{"property": "SetVisible", "value": [false], "qualifier": {"code": "property does not exist"}}
2026-03-06 09:33:05 ERROR root remotelib error:IC142Panel:4627:{"property": "SetVisible", "value": [false], "qualifier": {"code": "property does not exist"}}
2026-03-06 09:33:05 ERROR root remotelib error:HallPanel:4918:{"property": "SetVisible", "value": [true], "qualifier": {"code": "property does not exist"}}
2026-03-06 09:33:05 ERROR root remotelib error:BWDPanel:4926:{"property": "SetVisible", "value": [false], "qualifier": {"code": "property does not exist"}}
2026-03-06 09:33:05 ERROR root remotelib error:LobbyPanel:4926:{"property": "SetVisible", "value": [false], "qualifier": {"code": "property does not exist"}}
2026-03-06 09:33:05 ERROR root remotelib error:IC144Panel:4926:{"property": "SetVisible", "value": [false], "qualifier": {"code": "property does not exist"}}
2026-03-06 09:33:05 ERROR root remotelib error:HallPanel:4919:{"property": "SetVisible", "value": [true], "qualifier": {"code": "property does not exist"}}
2026-03-06 09:33:05 ERROR root remotelib error:IC142Panel:4628:{"property": "SetVisible", "value": [false], "qualifier": {"code": "property does not exist"}}
2026-03-06 09:33:05 ERROR root remotelib error:IC144Panel:4927:{"property": "SetVisible", "value": [false], "qualifier": {"code": "property does not exist"}}
2026-03-06 09:33:05 ERROR root remotelib error:BWDPanel:4927:{"property": "SetVisible", "value": [false], "qualifier": {"code": "property does not exist"}}
2026-03-06 09:33:05 ERROR root remotelib error:LobbyPanel:4927:{"property": "SetVisible", "value": [false], "qualifier": {"code": "property does not exist"}}
2026-03-06 09:33:05 ERROR root remotelib error:IC144Panel:4928:{"property": "SetVisible", "value": [false], "qualifier": {"code": "property does not exist"}}
2026-03-06 09:33:05 ERROR root remotelib error:IC142Panel:4629:{"property": "SetVisible", "value": [false], "qualifier": {"code": "property does not exist"}}
2026-03-06 09:33:05 ERROR root remotelib error:HallPanel:4920:{"property": "SetVisible", "value": [true], "qualifier": {"code": "property does not exist"}}
2026-03-06 09:33:05 ERROR root remotelib error:IC142Panel:4630:{"property": "SetVisible", "value": [false], "qualifier": {"code": "property does not exist"}}
2026-03-06 09:33:05 ERROR root remotelib error:LobbyPanel:4928:{"property": "SetVisible", "value": [false], "qualifier": {"code": "property does not exist"}}
2026-03-06 09:33:05 ERROR root remotelib error:BWDPanel:4928:{"property": "SetVisible", "value": [false], "qualifier": {"code": "property does not exist"}}
2026-03-06 09:33:05 ERROR root remotelib error:IC142Panel:4631:{"property": "SetVisible", "value": [false], "qualifier": {"code": "property does not exist"}}
2026-03-06 09:33:05 ERROR root remotelib error:IC144Panel:4929:{"property": "SetVisible", "value": [false], "qualifier": {"code": "property does not exist"}}
2026-03-06 09:33:05 ERROR root remotelib error:HallPanel:4921:{"property": "SetVisible", "value": [true], "qualifier": {"code": "property does not exist"}}
2026-03-06 09:33:05 ERROR root remotelib error:BWDPanel:4929:{"property": "SetVisible", "value": [false], "qualifier": {"code": "property does not exist"}}
2026-03-06 09:33:05 ERROR root remotelib error:IC142Panel:4632:{"property": "SetVisible", "value": [false], "qualifier": {"code": "property does not exist"}}
2026-03-06 09:33:05 ERROR root remotelib error:IC144Panel:4930:{"property": "SetVisible", "value": [false], "qualifier": {"code": "property does not exist"}}
2026-03-06 09:33:05 ERROR root remotelib error:BreakRmPanel:4608:{"property": "SetVisible", "value": [true], "qualifier": {"code": "property does not exist"}}
2026-03-06 09:33:05 ERROR root remotelib error:LobbyPanel:4929:{"property": "SetVisible", "value": [false], "qualifier": {"code": "property does not exist"}}
2026-03-06 09:33:05 ERROR root remotelib error:HallPanel:4922:{"property": "SetVisible", "value": [true], "qualifier": {"code": "property does not exist"}}
2026-03-06 09:33:05 ERROR root remotelib error:IC143Panel:4608:{"property": "SetVisible", "value": [true], "qualifier": {"code": "property does not exist"}}
2026-03-06 09:33:05 ERROR root remotelib error:BWDPanel:4930:{"property": "SetVisible", "value": [false], "qualifier": {"code": "property does not exist"}}
2026-03-06 09:33:05 ERROR root remotelib error:IC144Panel:4931:{"property": "SetVisible", "value": [false], "qualifier": {"code": "property does not exist"}}
2026-03-06 09:33:05 ERROR root remotelib error:IC142Panel:4600:{"property": "SetVisible", "value": [true], "qualifier": {"code": "property does not exist"}}
2026-03-06 09:33:05 ERROR root remotelib error:HallPanel:4923:{"property": "SetVisible", "value": [true], "qualifier": {"code": "property does not exist"}}
2026-03-06 09:33:05 ERROR root remotelib error:BWDPanel:4931:{"property": "SetVisible", "value": [false], "qualifier": {"code": "property does not exist"}}
2026-03-06 09:33:05 ERROR root remotelib error:LobbyPanel:4930:{"property": "SetVisible", "value": [false], "qualifier": {"code": "property does not exist"}}
2026-03-06 09:33:05 ERROR root remotelib error:HallPanel:4924:{"property": "SetVisible", "value": [true], "qualifier": {"code": "property does not exist"}}
2026-03-06 09:33:05 ERROR root remotelib error:IC144Panel:4932:{"property": "SetVisible", "value": [false], "qualifier": {"code": "property does not exist"}}
2026-03-06 09:33:05 ERROR root remotelib error:BWDPanel:4932:{"property": "SetVisible", "value": [false], "qualifier": {"code": "property does not exist"}}
2026-03-06 09:33:05 ERROR root remotelib error:IC143Panel:4610:{"property": "SetVisible", "value": [true], "qualifier": {"code": "property does not exist"}}
2026-03-06 09:33:05 ERROR root remotelib error:BreakRmPanel:4611:{"property": "SetVisible", "value": [true], "qualifier": {"code": "property does not exist"}}
2026-03-06 09:33:05 ERROR root remotelib error:IC143Panel:4611:{"property": "SetVisible", "value": [true], "qualifier": {"code": "property does not exist"}}
2026-03-06 09:33:05 ERROR root remotelib error:HallPanel:4625:{"property": "SetVisible", "value": [false], "qualifier": {"code": "property does not exist"}}
2026-03-06 09:33:05 ERROR root remotelib error:IC144Panel:4900:{"property": "SetVisible", "value": [true], "qualifier": {"code": "property does not exist"}}
2026-03-06 09:33:05 ERROR root remotelib error:BWDPanel:4900:{"property": "SetVisible", "value": [true], "qualifier": {"code": "property does not exist"}}
2026-03-06 09:33:05 ERROR root remotelib error:LobbyPanel:4931:{"property": "SetVisible", "value": [false], "qualifier": {"code": "property does not exist"}}
2026-03-06 09:33:05 ERROR root remotelib error:BreakRmPanel:4612:{"property": "SetVisible", "value": [true], "qualifier": {"code": "property does not exist"}}
2026-03-06 09:33:05 ERROR root remotelib error:IC143Panel:4612:{"property": "SetVisible", "value": [true], "qualifier": {"code": "property does not exist"}}
2026-03-06 09:33:05 ERROR root remotelib error:HallPanel:4626:{"property": "SetVisible", "value": [false], "qualifier": {"code": "property does not exist"}}
2026-03-06 09:33:05 ERROR root remotelib error:LobbyPanel:4932:{"property": "SetVisible", "value": [false], "qualifier": {"code": "property does not exist"}}
2026-03-06 09:33:05 ERROR root remotelib error:BWDPanel:4901:{"property": "SetVisible", "value": [true], "qualifier": {"code": "property does not exist"}}
2026-03-06 09:33:05 ERROR root remotelib error:IC143Panel:4613:{"property": "SetVisible", "value": [true], "qualifier": {"code": "property does not exist"}}
2026-03-06 09:33:05 ERROR root remotelib error:HallPanel:4627:{"property": "SetVisible", "value": [false], "qualifier": {"code": "property does not exist"}}
2026-03-06 09:33:05 ERROR root remotelib error:IC144Panel:4901:{"property": "SetVisible", "value": [true], "qualifier": {"code": "property does not exist"}}
2026-03-06 09:33:05 ERROR root remotelib error:BWDPanel:4902:{"property": "SetVisible", "value": [true], "qualifier": {"code": "property does not exist"}}
2026-03-06 09:33:05 ERROR root remotelib error:BreakRmPanel:4613:{"property": "SetVisible", "value": [true], "qualifier": {"code": "property does not exist"}}
2026-03-06 09:33:05 ERROR root remotelib error:IC144Panel:4902:{"property": "SetVisible", "value": [true], "qualifier": {"code": "property does not exist"}}
2026-03-06 09:33:05 ERROR root remotelib error:LobbyPanel:4900:{"property": "SetVisible", "value": [true], "qualifier": {"code": "property does not exist"}}
2026-03-06 09:33:05 ERROR root remotelib error:BWDPanel:4903:{"property": "SetVisible", "value": [true], "qualifier": {"code": "property does not exist"}}
2026-03-06 09:33:05 ERROR root remotelib error:BreakRmPanel:4614:{"property": "SetVisible", "value": [true], "qualifier": {"code": "property does not exist"}}
2026-03-06 09:33:05 ERROR root remotelib error:HallPanel:4628:{"property": "SetVisible", "value": [false], "qualifier": {"code": "property does not exist"}}
2026-03-06 09:33:05 ERROR root remotelib error:BWDPanel:4904:{"property": "SetVisible", "value": [true], "qualifier": {"code": "property does not exist"}}
2026-03-06 09:33:05 ERROR root remotelib error:IC144Panel:4903:{"property": "SetVisible", "value": [true], "qualifier": {"code": "property does not exist"}}
2026-03-06 09:33:05 ERROR root remotelib error:BWDPanel:4905:{"property": "SetVisible", "value": [true], "qualifier": {"code": "property does not exist"}}
2026-03-06 09:33:05 ERROR root remotelib error:BreakRmPanel:4615:{"property": "SetVisible", "value": [true], "qualifier": {"code": "property does not exist"}}
2026-03-06 09:33:05 ERROR root remotelib error:LobbyPanel:4901:{"property": "SetVisible", "value": [true], "qualifier": {"code": "property does not exist"}}
2026-03-06 09:33:05 ERROR root remotelib error:BWDPanel:4906:{"property": "SetVisible", "value": [true], "qualifier": {"code": "property does not exist"}}
2026-03-06 09:33:05 ERROR root remotelib error:IC144Panel:4904:{"property": "SetVisible", "value": [true], "qualifier": {"code": "property does not exist"}}
2026-03-06 09:33:05 ERROR root remotelib error:LobbyPanel:4902:{"property": "SetVisible", "value": [true], "qualifier": {"code": "property does not exist"}}
2026-03-06 09:33:05 ERROR root remotelib error:HallPanel:4629:{"property": "SetVisible", "value": [false], "qualifier": {"code": "property does not exist"}}
2026-03-06 09:33:05 ERROR root remotelib error:BreakRmPanel:4616:{"property": "SetVisible", "value": [true], "qualifier": {"code": "property does not exist"}}
2026-03-06 09:33:05 ERROR root remotelib error:IC144Panel:4905:{"property": "SetVisible", "value": [true], "qualifier": {"code": "property does not exist"}}
2026-03-06 09:33:05 ERROR root remotelib error:HallPanel:4630:{"property": "SetVisible", "value": [false], "qualifier": {"code": "property does not exist"}}
2026-03-06 09:33:05 ERROR root remotelib error:LobbyPanel:4903:{"property": "SetVisible", "value": [true], "qualifier": {"code": "property does not exist"}}
2026-03-06 09:33:05 ERROR root remotelib error:BreakRmPanel:4617:{"property": "SetVisible", "value": [true], "qualifier": {"code": "property does not exist"}}
2026-03-06 09:33:05 ERROR root remotelib error:IC144Panel:4906:{"property": "SetVisible", "value": [true], "qualifier": {"code": "property does not exist"}}
2026-03-06 09:33:05 ERROR root remotelib error:HallPanel:4631:{"property": "SetVisible", "value": [false], "qualifier": {"code": "property does not exist"}}
2026-03-06 09:33:05 ERROR root remotelib error:BWDPanel:4907:{"property": "SetVisible", "value": [true], "qualifier": {"code": "property does not exist"}}
2026-03-06 09:33:05 ERROR root remotelib error:BreakRmPanel:4618:{"property": "SetVisible", "value": [true], "qualifier": {"code": "property does not exist"}}
2026-03-06 09:33:05 ERROR root remotelib error:BWDPanel:4908:{"property": "SetVisible", "value": [true], "qualifier": {"code": "property does not exist"}}
2026-03-06 09:33:06 ERROR root remotelib error:HallPanel:4632:{"property": "SetVisible", "value": [false], "qualifier": {"code": "property does not exist"}}
2026-03-06 09:33:06 ERROR root remotelib error:IC144Panel:4907:{"property": "SetVisible", "value": [true], "qualifier": {"code": "property does not exist"}}
2026-03-06 09:33:06 ERROR root remotelib error:LobbyPanel:4904:{"property": "SetVisible", "value": [true], "qualifier": {"code": "property does not exist"}}
2026-03-06 09:33:06 ERROR root remotelib error:BreakRmPanel:4619:{"property": "SetVisible", "value": [true], "qualifier": {"code": "property does not exist"}}
2026-03-06 09:33:06 ERROR root remotelib error:LobbyPanel:4905:{"property": "SetVisible", "value": [true], "qualifier": {"code": "property does not exist"}}
2026-03-06 09:33:06 ERROR root remotelib error:IC142Panel:4608:{"property": "SetVisible", "value": [true], "qualifier": {"code": "property does not exist"}}
2026-03-06 09:33:06 ERROR root remotelib error:HallPanel:4600:{"property": "SetVisible", "value": [true], "qualifier": {"code": "property does not exist"}}
2026-03-06 09:33:06 ERROR root remotelib error:LobbyPanel:4906:{"property": "SetVisible", "value": [true], "qualifier": {"code": "property does not exist"}}
2026-03-06 09:33:06 ERROR root remotelib error:BreakRmPanel:4620:{"property": "SetVisible", "value": [true], "qualifier": {"code": "property does not exist"}}
2026-03-06 09:33:06 ERROR root remotelib error:IC144Panel:4908:{"property": "SetVisible", "value": [true], "qualifier": {"code": "property does not exist"}}
2026-03-06 09:33:06 ERROR root remotelib error:BWDPanel:4909:{"property": "SetVisible", "value": [true], "qualifier": {"code": "property does not exist"}}
2026-03-06 09:33:06 ERROR root remotelib error:IC142Panel:4610:{"property": "SetVisible", "value": [true], "qualifier": {"code": "property does not exist"}}
2026-03-06 09:33:06 ERROR root remotelib error:BreakRmPanel:4621:{"property": "SetVisible", "value": [true], "qualifier": {"code": "property does not exist"}}
2026-03-06 09:33:06 ERROR root remotelib error:LobbyPanel:4907:{"property": "SetVisible", "value": [true], "qualifier": {"code": "property does not exist"}}
2026-03-06 09:33:06 ERROR root remotelib error:BWDPanel:4910:{"property": "SetVisible", "value": [true], "qualifier": {"code": "property does not exist"}}
2026-03-06 09:33:06 ERROR root remotelib error:IC144Panel:4909:{"property": "SetVisible", "value": [true], "qualifier": {"code": "property does not exist"}}
2026-03-06 09:33:06 ERROR root remotelib error:IC142Panel:4611:{"property": "SetVisible", "value": [true], "qualifier": {"code": "property does not exist"}}
2026-03-06 09:33:06 ERROR root remotelib error:LobbyPanel:4908:{"property": "SetVisible", "value": [true], "qualifier": {"code": "property does not exist"}}
2026-03-06 09:33:06 ERROR root remotelib error:BreakRmPanel:4622:{"property": "SetVisible", "value": [true], "qualifier": {"code": "property does not exist"}}
2026-03-06 09:33:06 ERROR root remotelib error:IC144Panel:4910:{"property": "SetVisible", "value": [true], "qualifier": {"code": "property does not exist"}}
2026-03-06 09:33:06 ERROR root remotelib error:BWDPanel:4911:{"property": "SetVisible", "value": [true], "qualifier": {"code": "property does not exist"}}
2026-03-06 09:33:06 ERROR root remotelib error:IC142Panel:4612:{"property": "SetVisible", "value": [true], "qualifier": {"code": "property does not exist"}}
2026-03-06 09:33:06 ERROR root remotelib error:BreakRmPanel:4623:{"property": "SetVisible", "value": [true], "qualifier": {"code": "property does not exist"}}
2026-03-06 09:33:06 ERROR root remotelib error:LobbyPanel:4909:{"property": "SetVisible", "value": [true], "qualifier": {"code": "property does not exist"}}
2026-03-06 09:33:06 ERROR root remotelib error:IC144Panel:4911:{"property": "SetVisible", "value": [true], "qualifier": {"code": "property does not exist"}}
2026-03-06 09:33:06 ERROR root remotelib error:IC142Panel:4613:{"property": "SetVisible", "value": [true], "qualifier": {"code": "property does not exist"}}
2026-03-06 09:33:06 ERROR root remotelib error:LobbyPanel:4910:{"property": "SetVisible", "value": [true], "qualifier": {"code": "property does not exist"}}
2026-03-06 09:33:06 ERROR root remotelib error:BWDPanel:4912:{"property": "SetVisible", "value": [true], "qualifier": {"code": "property does not exist"}}
2026-03-06 09:33:06 ERROR root remotelib error:BreakRmPanel:4624:{"property": "SetVisible", "value": [true], "qualifier": {"code": "property does not exist"}}
2026-03-06 09:33:06 ERROR root remotelib error:LobbyPanel:4911:{"property": "SetVisible", "value": [true], "qualifier": {"code": "property does not exist"}}
2026-03-06 09:33:06 ERROR root remotelib error:IC144Panel:4912:{"property": "SetVisible", "value": [true], "qualifier": {"code": "property does not exist"}}
2026-03-06 09:33:06 ERROR root remotelib error:BWDPanel:4913:{"property": "SetVisible", "value": [true], "qualifier": {"code": "property does not exist"}}
2026-03-06 09:33:06 ERROR root remotelib error:BreakRmPanel:4776:{"property": "SetVisible", "value": [false], "qualifier": {"code": "property does not exist"}}
2026-03-06 09:33:06 ERROR root remotelib error:IC144Panel:4913:{"property": "SetVisible", "value": [true], "qualifier": {"code": "property does not exist"}}
2026-03-06 09:33:06 ERROR root remotelib error:LobbyPanel:4912:{"property": "SetVisible", "value": [true], "qualifier": {"code": "property does not exist"}}
2026-03-06 09:33:06 ERROR root remotelib error:BWDPanel:4914:{"property": "SetVisible", "value": [true], "qualifier": {"code": "property does not exist"}}
2026-03-06 09:33:06 ERROR root remotelib error:IC143Panel:4776:{"property": "SetVisible", "value": [false], "qualifier": {"code": "property does not exist"}}
2026-03-06 09:33:06 ERROR root remotelib error:BreakRmPanel:4777:{"property": "SetVisible", "value": [false], "qualifier": {"code": "property does not exist"}}
2026-03-06 09:33:06 ERROR root remotelib error:IC144Panel:4914:{"property": "SetVisible", "value": [true], "qualifier": {"code": "property does not exist"}}
2026-03-06 09:33:06 ERROR root remotelib error:LobbyPanel:4913:{"property": "SetVisible", "value": [true], "qualifier": {"code": "property does not exist"}}
2026-03-06 09:33:06 ERROR root remotelib error:HallPanel:4608:{"property": "SetVisible", "value": [true], "qualifier": {"code": "property does not exist"}}
2026-03-06 09:33:06 ERROR root remotelib error:IC143Panel:4777:{"property": "SetVisible", "value": [false], "qualifier": {"code": "property does not exist"}}
2026-03-06 09:33:06 ERROR root remotelib error:LobbyPanel:4914:{"property": "SetVisible", "value": [true], "qualifier": {"code": "property does not exist"}}
2026-03-06 09:33:06 ERROR root remotelib error:BWDPanel:4915:{"property": "SetVisible", "value": [true], "qualifier": {"code": "property does not exist"}}
2026-03-06 09:33:06 ERROR root remotelib error:IC144Panel:4915:{"property": "SetVisible", "value": [true], "qualifier": {"code": "property does not exist"}}
2026-03-06 09:33:06 ERROR root remotelib error:HallPanel:4609:{"property": "SetVisible", "value": [true], "qualifier": {"code": "property does not exist"}}
2026-03-06 09:33:06 ERROR root remotelib error:BreakRmPanel:4778:{"property": "SetVisible", "value": [false], "qualifier": {"code": "property does not exist"}}
2026-03-06 09:33:06 ERROR root remotelib error:IC143Panel:4778:{"property": "SetVisible", "value": [false], "qualifier": {"code": "property does not exist"}}
2026-03-06 09:33:06 ERROR root remotelib error:LobbyPanel:4915:{"property": "SetVisible", "value": [true], "qualifier": {"code": "property does not exist"}}
2026-03-06 09:33:06 ERROR root remotelib error:BWDPanel:4916:{"property": "SetVisible", "value": [true], "qualifier": {"code": "property does not exist"}}
2026-03-06 09:33:06 ERROR root remotelib error:IC144Panel:4916:{"property": "SetVisible", "value": [true], "qualifier": {"code": "property does not exist"}}
2026-03-06 09:33:06 ERROR root remotelib error:HallPanel:4610:{"property": "SetVisible", "value": [true], "qualifier": {"code": "property does not exist"}}
2026-03-06 09:33:06 ERROR root remotelib error:LobbyPanel:4916:{"property": "SetVisible", "value": [true], "qualifier": {"code": "property does not exist"}}
2026-03-06 09:33:06 ERROR root remotelib error:IC144Panel:4917:{"property": "SetVisible", "value": [true], "qualifier": {"code": "property does not exist"}}
2026-03-06 09:33:06 ERROR root remotelib error:BreakRmPanel:4779:{"property": "SetVisible", "value": [false], "qualifier": {"code": "property does not exist"}}
2026-03-06 09:33:06 ERROR root remotelib error:BWDPanel:4917:{"property": "SetVisible", "value": [true], "qualifier": {"code": "property does not exist"}}
2026-03-06 09:33:06 ERROR root remotelib error:BreakRmPanel:4780:{"property": "SetVisible", "value": [false], "qualifier": {"code": "property does not exist"}}
2026-03-06 09:33:06 ERROR root remotelib error:IC143Panel:4779:{"property": "SetVisible", "value": [false], "qualifier": {"code": "property does not exist"}}
2026-03-06 09:33:06 ERROR root remotelib error:IC144Panel:4918:{"property": "SetVisible", "value": [true], "qualifier": {"code": "property does not exist"}}
2026-03-06 09:33:06 ERROR root remotelib error:LobbyPanel:4917:{"property": "SetVisible", "value": [true], "qualifier": {"code": "property does not exist"}}
2026-03-06 09:33:06 ERROR root remotelib error:BreakRmPanel:4781:{"property": "SetVisible", "value": [false], "qualifier": {"code": "property does not exist"}}
2026-03-06 09:33:06 ERROR root remotelib error:BWDPanel:4918:{"property": "SetVisible", "value": [true], "qualifier": {"code": "property does not exist"}}
2026-03-06 09:33:06 ERROR root remotelib error:IC143Panel:4780:{"property": "SetVisible", "value": [false], "qualifier": {"code": "property does not exist"}}
2026-03-06 09:33:06 ERROR root remotelib error:LobbyPanel:4918:{"property": "SetVisible", "value": [true], "qualifier": {"code": "property does not exist"}}
2026-03-06 09:33:06 ERROR root remotelib error:IC144Panel:4919:{"property": "SetVisible", "value": [true], "qualifier": {"code": "property does not exist"}}
2026-03-06 09:33:06 ERROR root remotelib error:HallPanel:4612:{"property": "SetVisible", "value": [true], "qualifier": {"code": "property does not exist"}}
2026-03-06 09:33:06 ERROR root remotelib error:BWDPanel:4919:{"property": "SetVisible", "value": [true], "qualifier": {"code": "property does not exist"}}
2026-03-06 09:33:06 ERROR root remotelib error:IC143Panel:4781:{"property": "SetVisible", "value": [false], "qualifier": {"code": "property does not exist"}}
2026-03-06 09:33:06 ERROR root remotelib error:BreakRmPanel:4782:{"property": "SetVisible", "value": [false], "qualifier": {"code": "property does not exist"}}
2026-03-06 09:33:06 ERROR root remotelib error:IC144Panel:4920:{"property": "SetVisible", "value": [true], "qualifier": {"code": "property does not exist"}}
2026-03-06 09:33:06 ERROR root remotelib error:BreakRmPanel:4751:{"property": "SetVisible", "value": [true], "qualifier": {"code": "property does not exist"}}
2026-03-06 09:33:06 ERROR root remotelib error:HallPanel:4613:{"property": "SetVisible", "value": [true], "qualifier": {"code": "property does not exist"}}
2026-03-06 09:33:06 ERROR root remotelib error:LobbyPanel:4919:{"property": "SetVisible", "value": [true], "qualifier": {"code": "property does not exist"}}
2026-03-06 09:33:06 ERROR root remotelib error:IC143Panel:4782:{"property": "SetVisible", "value": [false], "qualifier": {"code": "property does not exist"}}
2026-03-06 09:33:06 ERROR root remotelib error:BWDPanel:4920:{"property": "SetVisible", "value": [true], "qualifier": {"code": "property does not exist"}}
2026-03-06 09:33:06 ERROR root remotelib error:IC144Panel:4921:{"property": "SetVisible", "value": [true], "qualifier": {"code": "property does not exist"}}
2026-03-06 09:33:06 ERROR root remotelib error:LobbyPanel:4920:{"property": "SetVisible", "value": [true], "qualifier": {"code": "property does not exist"}}
2026-03-06 09:33:06 ERROR root remotelib error:HallPanel:4614:{"property": "SetVisible", "value": [true], "qualifier": {"code": "property does not exist"}}
2026-03-06 09:33:06 ERROR root remotelib error:IC143Panel:4751:{"property": "SetVisible", "value": [true], "qualifier": {"code": "property does not exist"}}
2026-03-06 09:33:06 ERROR root remotelib error:BWDPanel:4921:{"property": "SetVisible", "value": [true], "qualifier": {"code": "property does not exist"}}
2026-03-06 09:33:06 ERROR root remotelib error:HallPanel:4615:{"property": "SetVisible", "value": [true], "qualifier": {"code": "property does not exist"}}
2026-03-06 09:33:06 ERROR root remotelib error:LobbyPanel:4921:{"property": "SetVisible", "value": [true], "qualifier": {"code": "property does not exist"}}
2026-03-06 09:33:06 ERROR root remotelib error:IC144Panel:4922:{"property": "SetVisible", "value": [true], "qualifier": {"code": "property does not exist"}}
2026-03-06 09:33:06 ERROR root remotelib error:BWDPanel:4922:{"property": "SetVisible", "value": [true], "qualifier": {"code": "property does not exist"}}
2026-03-06 09:33:06 ERROR root remotelib error:HallPanel:4616:{"property": "SetVisible", "value": [true], "qualifier": {"code": "property does not exist"}}
2026-03-06 09:33:06 ERROR root remotelib error:IC144Panel:4923:{"property": "SetVisible", "value": [true], "qualifier": {"code": "property does not exist"}}
2026-03-06 09:33:06 ERROR root remotelib error:LobbyPanel:4922:{"property": "SetVisible", "value": [true], "qualifier": {"code": "property does not exist"}}
2026-03-06 09:33:06 ERROR root remotelib error:IC142Panel:4776:{"property": "SetVisible", "value": [false], "qualifier": {"code": "property does not exist"}}
2026-03-06 09:33:06 ERROR root remotelib error:LobbyPanel:4923:{"property": "SetVisible", "value": [true], "qualifier": {"code": "property does not exist"}}
2026-03-06 09:33:06 ERROR root remotelib error:HallPanel:4617:{"property": "SetVisible", "value": [true], "qualifier": {"code": "property does not exist"}}
2026-03-06 09:33:06 ERROR root remotelib error:IC144Panel:4924:{"property": "SetVisible", "value": [true], "qualifier": {"code": "property does not exist"}}
2026-03-06 09:33:06 ERROR root remotelib error:IC144Panel:4625:{"property": "SetVisible", "value": [false], "qualifier": {"code": "property does not exist"}}
2026-03-06 09:33:06 ERROR root remotelib error:BWDPanel:4923:{"property": "SetVisible", "value": [true], "qualifier": {"code": "property does not exist"}}
2026-03-06 09:33:06 ERROR root remotelib error:IC142Panel:4777:{"property": "SetVisible", "value": [false], "qualifier": {"code": "property does not exist"}}
2026-03-06 09:33:06 ERROR root remotelib error:LobbyPanel:4924:{"property": "SetVisible", "value": [true], "qualifier": {"code": "property does not exist"}}
2026-03-06 09:33:06 ERROR root remotelib error:HallPanel:4618:{"property": "SetVisible", "value": [true], "qualifier": {"code": "property does not exist"}}
2026-03-06 09:33:06 ERROR root remotelib error:IC144Panel:4626:{"property": "SetVisible", "value": [false], "qualifier": {"code": "property does not exist"}}
2026-03-06 09:33:06 ERROR root remotelib error:BWDPanel:4924:{"property": "SetVisible", "value": [true], "qualifier": {"code": "property does not exist"}}
2026-03-06 09:33:06 ERROR root remotelib error:IC142Panel:4778:{"property": "SetVisible", "value": [false], "qualifier": {"code": "property does not exist"}}
2026-03-06 09:33:07 ERROR root remotelib error:HallPanel:4619:{"property": "SetVisible", "value": [true], "qualifier": {"code": "property does not exist"}}
2026-03-06 09:33:07 ERROR root remotelib error:LobbyPanel:4625:{"property": "SetVisible", "value": [false], "qualifier": {"code": "property does not exist"}}
2026-03-06 09:33:07 ERROR root remotelib error:IC142Panel:4779:{"property": "SetVisible", "value": [false], "qualifier": {"code": "property does not exist"}}
2026-03-06 09:33:07 ERROR root remotelib error:IC144Panel:4627:{"property": "SetVisible", "value": [false], "qualifier": {"code": "property does not exist"}}
2026-03-06 09:33:07 ERROR root remotelib error:IC142Panel:4780:{"property": "SetVisible", "value": [false], "qualifier": {"code": "property does not exist"}}
2026-03-06 09:33:07 ERROR root remotelib error:LobbyPanel:4626:{"property": "SetVisible", "value": [false], "qualifier": {"code": "property does not exist"}}
2026-03-06 09:33:07 ERROR root remotelib error:IC143Panel:4758:{"property": "SetVisible", "value": [true], "qualifier": {"code": "property does not exist"}}
2026-03-06 09:33:07 ERROR root remotelib error:HallPanel:4620:{"property": "SetVisible", "value": [true], "qualifier": {"code": "property does not exist"}}
2026-03-06 09:33:07 ERROR root remotelib error:BreakRmPanel:4758:{"property": "SetVisible", "value": [true], "qualifier": {"code": "property does not exist"}}
2026-03-06 09:33:07 ERROR root remotelib error:LobbyPanel:4627:{"property": "SetVisible", "value": [false], "qualifier": {"code": "property does not exist"}}
2026-03-06 09:33:07 ERROR root remotelib error:IC142Panel:4781:{"property": "SetVisible", "value": [false], "qualifier": {"code": "property does not exist"}}
2026-03-06 09:33:07 ERROR root remotelib error:HallPanel:4621:{"property": "SetVisible", "value": [true], "qualifier": {"code": "property does not exist"}}
2026-03-06 09:33:07 ERROR root remotelib error:IC144Panel:4628:{"property": "SetVisible", "value": [false], "qualifier": {"code": "property does not exist"}}
2026-03-06 09:33:07 ERROR root remotelib error:IC144Panel:4629:{"property": "SetVisible", "value": [false], "qualifier": {"code": "property does not exist"}}
2026-03-06 09:33:07 ERROR root remotelib error:IC142Panel:4782:{"property": "SetVisible", "value": [false], "qualifier": {"code": "property does not exist"}}
2026-03-06 09:33:07 ERROR root remotelib error:HallPanel:4622:{"property": "SetVisible", "value": [true], "qualifier": {"code": "property does not exist"}}
2026-03-06 09:33:07 ERROR root remotelib error:LobbyPanel:4628:{"property": "SetVisible", "value": [false], "qualifier": {"code": "property does not exist"}}
2026-03-06 09:33:07 ERROR root remotelib error:IC143Panel:4760:{"property": "SetVisible", "value": [true], "qualifier": {"code": "property does not exist"}}
2026-03-06 09:33:07 ERROR root remotelib error:IC142Panel:4751:{"property": "SetVisible", "value": [true], "qualifier": {"code": "property does not exist"}}
2026-03-06 09:33:07 ERROR root remotelib error:HallPanel:4623:{"property": "SetVisible", "value": [true], "qualifier": {"code": "property does not exist"}}
2026-03-06 09:33:07 ERROR root remotelib error:BreakRmPanel:4761:{"property": "SetVisible", "value": [true], "qualifier": {"code": "property does not exist"}}
2026-03-06 09:33:07 ERROR root remotelib error:LobbyPanel:4629:{"property": "SetVisible", "value": [false], "qualifier": {"code": "property does not exist"}}
2026-03-06 09:33:07 ERROR root remotelib error:IC144Panel:4630:{"property": "SetVisible", "value": [false], "qualifier": {"code": "property does not exist"}}
2026-03-06 09:33:07 ERROR root remotelib error:IC143Panel:4761:{"property": "SetVisible", "value": [true], "qualifier": {"code": "property does not exist"}}
2026-03-06 09:33:07 ERROR root remotelib error:HallPanel:4624:{"property": "SetVisible", "value": [true], "qualifier": {"code": "property does not exist"}}
2026-03-06 09:33:07 ERROR root remotelib error:IC143Panel:4762:{"property": "SetVisible", "value": [true], "qualifier": {"code": "property does not exist"}}
2026-03-06 09:33:07 ERROR root remotelib error:LobbyPanel:4630:{"property": "SetVisible", "value": [false], "qualifier": {"code": "property does not exist"}}
2026-03-06 09:33:07 ERROR root remotelib error:BWDPanel:4629:{"property": "SetVisible", "value": [false], "qualifier": {"code": "property does not exist"}}
2026-03-06 09:33:07 ERROR root remotelib error:BreakRmPanel:4762:{"property": "SetVisible", "value": [true], "qualifier": {"code": "property does not exist"}}
2026-03-06 09:33:07 ERROR root remotelib error:IC143Panel:4763:{"property": "SetVisible", "value": [true], "qualifier": {"code": "property does not exist"}}
2026-03-06 09:33:07 ERROR root remotelib error:LobbyPanel:4631:{"property": "SetVisible", "value": [false], "qualifier": {"code": "property does not exist"}}
2026-03-06 09:33:07 ERROR root remotelib error:HallPanel:4776:{"property": "SetVisible", "value": [false], "qualifier": {"code": "property does not exist"}}
2026-03-06 09:33:07 ERROR root remotelib error:BreakRmPanel:4763:{"property": "SetVisible", "value": [true], "qualifier": {"code": "property does not exist"}}
2026-03-06 09:33:07 ERROR root remotelib error:IC144Panel:4631:{"property": "SetVisible", "value": [false], "qualifier": {"code": "property does not exist"}}
2026-03-06 09:33:07 ERROR root remotelib error:BWDPanel:4630:{"property": "SetVisible", "value": [false], "qualifier": {"code": "property does not exist"}}
2026-03-06 09:33:07 ERROR root remotelib error:HallPanel:4777:{"property": "SetVisible", "value": [false], "qualifier": {"code": "property does not exist"}}
2026-03-06 09:33:07 ERROR root remotelib error:IC144Panel:4632:{"property": "SetVisible", "value": [false], "qualifier": {"code": "property does not exist"}}
2026-03-06 09:33:07 ERROR root remotelib error:LobbyPanel:4632:{"property": "SetVisible", "value": [false], "qualifier": {"code": "property does not exist"}}
2026-03-06 09:33:07 ERROR root remotelib error:IC144Panel:4600:{"property": "SetVisible", "value": [true], "qualifier": {"code": "property does not exist"}}
2026-03-06 09:33:07 ERROR root remotelib error:BreakRmPanel:4764:{"property": "SetVisible", "value": [true], "qualifier": {"code": "property does not exist"}}
2026-03-06 09:33:07 ERROR root remotelib error:HallPanel:4778:{"property": "SetVisible", "value": [false], "qualifier": {"code": "property does not exist"}}
2026-03-06 09:33:07 ERROR root can't start new thread
2026-03-06 09:33:07 ERROR root remotelib error:LobbyPanel:4600:{"property": "SetVisible", "value": [true], "qualifier": {"code": "property does not exist"}}
2026-03-06 09:33:07 ERROR root remotelib error:BWDPanel:4631:{"property": "SetVisible", "value": [false], "qualifier": {"code": "property does not exist"}}
2026-03-06 09:33:07 ERROR root remotelib error:BWDPanel:4632:{"property": "SetVisible", "value": [false], "qualifier": {"code": "property does not exist"}}
2026-03-06 09:33:07 ERROR root remotelib error:BreakRmPanel:4765:{"property": "SetVisible", "value": [true], "qualifier": {"code": "property does not exist"}}
2026-03-06 09:33:07 ERROR root remotelib error:HallPanel:4779:{"property": "SetVisible", "value": [false], "qualifier": {"code": "property does not exist"}}
2026-03-06 09:33:07 ERROR root remotelib error:BreakRmPanel:4766:{"property": "SetVisible", "value": [true], "qualifier": {"code": "property does not exist"}}
2026-03-06 09:33:07 ERROR root remotelib error:HallPanel:4780:{"property": "SetVisible", "value": [false], "qualifier": {"code": "property does not exist"}}
2026-03-06 09:33:07 ERROR root remotelib error:BWDPanel:4600:{"property": "SetVisible", "value": [true], "qualifier": {"code": "property does not exist"}}
2026-03-06 09:33:07 ERROR root remotelib error:BreakRmPanel:4767:{"property": "SetVisible", "value": [true], "qualifier": {"code": "property does not exist"}}
2026-03-06 09:33:07 ERROR root remotelib error:HallPanel:4781:{"property": "SetVisible", "value": [false], "qualifier": {"code": "property does not exist"}}
2026-03-06 09:33:07 ERROR root remotelib error:BreakRmPanel:4768:{"property": "SetVisible", "value": [true], "qualifier": {"code": "property does not exist"}}
2026-03-06 09:33:07 ERROR root remotelib error:IC142Panel:4758:{"property": "SetVisible", "value": [true], "qualifier": {"code": "property does not exist"}}
2026-03-06 09:33:07 ERROR root remotelib error:HallPanel:4782:{"property": "SetVisible", "value": [false], "qualifier": {"code": "property does not exist"}}
2026-03-06 09:33:07 ERROR root remotelib error:BreakRmPanel:4769:{"property": "SetVisible", "value": [true], "qualifier": {"code": "property does not exist"}}
2026-03-06 09:33:07 ERROR root remotelib error:HallPanel:4751:{"property": "SetVisible", "value": [true], "qualifier": {"code": "property does not exist"}}
2026-03-06 09:33:07 ERROR root remotelib error:BreakRmPanel:4770:{"property": "SetVisible", "value": [true], "qualifier": {"code": "property does not exist"}}
2026-03-06 09:33:07 ERROR root remotelib error:IC142Panel:4760:{"property": "SetVisible", "value": [true], "qualifier": {"code": "property does not exist"}}
2026-03-06 09:33:07 ERROR root remotelib error:BreakRmPanel:4771:{"property": "SetVisible", "value": [true], "qualifier": {"code": "property does not exist"}}
2026-03-06 09:33:08 ERROR root remotelib error:IC142Panel:4761:{"property": "SetVisible", "value": [true], "qualifier": {"code": "property does not exist"}}
2026-03-06 09:33:08 ERROR root remotelib error:BreakRmPanel:4772:{"property": "SetVisible", "value": [true], "qualifier": {"code": "property does not exist"}}
2026-03-06 09:33:08 ERROR root remotelib error:IC144Panel:4608:{"property": "SetVisible", "value": [true], "qualifier": {"code": "property does not exist"}}
2026-03-06 09:33:08 ERROR root remotelib error:BreakRmPanel:4773:{"property": "SetVisible", "value": [true], "qualifier": {"code": "property does not exist"}}
2026-03-06 09:33:08 ERROR root remotelib error:LobbyPanel:4608:{"property": "SetVisible", "value": [true], "qualifier": {"code": "property does not exist"}}
2026-03-06 09:33:08 ERROR root remotelib error:IC142Panel:4762:{"property": "SetVisible", "value": [true], "qualifier": {"code": "property does not exist"}}
2026-03-06 09:33:08 ERROR root remotelib error:BreakRmPanel:4774:{"property": "SetVisible", "value": [true], "qualifier": {"code": "property does not exist"}}
2026-03-06 09:33:08 ERROR root remotelib error:LobbyPanel:4609:{"property": "SetVisible", "value": [true], "qualifier": {"code": "property does not exist"}}
2026-03-06 09:33:08 ERROR root remotelib error:IC144Panel:4610:{"property": "SetVisible", "value": [true], "qualifier": {"code": "property does not exist"}}
2026-03-06 09:33:08 ERROR root remotelib error:LobbyPanel:4610:{"property": "SetVisible", "value": [true], "qualifier": {"code": "property does not exist"}}
2026-03-06 09:33:08 ERROR root remotelib error:IC142Panel:4763:{"property": "SetVisible", "value": [true], "qualifier": {"code": "property does not exist"}}
2026-03-06 09:33:08 ERROR root remotelib error:BreakRmPanel:4775:{"property": "SetVisible", "value": [true], "qualifier": {"code": "property does not exist"}}
2026-03-06 09:33:08 ERROR root remotelib error:IC144Panel:4611:{"property": "SetVisible", "value": [true], "qualifier": {"code": "property does not exist"}}
2026-03-06 09:33:08 ERROR root remotelib error:IC144Panel:4612:{"property": "SetVisible", "value": [true], "qualifier": {"code": "property does not exist"}}
2026-03-06 09:33:08 ERROR root remotelib error:BreakRmPanel:14625:{"property": "SetVisible", "value": [false], "qualifier": {"code": "property does not exist"}}
2026-03-06 09:33:08 ERROR root remotelib error:IC143Panel:4775:{"property": "SetVisible", "value": [true], "qualifier": {"code": "property does not exist"}}
2026-03-06 09:33:08 ERROR root remotelib error:HallPanel:4758:{"property": "SetVisible", "value": [true], "qualifier": {"code": "property does not exist"}}
2026-03-06 09:33:08 ERROR root remotelib error:IC144Panel:4613:{"property": "SetVisible", "value": [true], "qualifier": {"code": "property does not exist"}}
2026-03-06 09:33:08 ERROR root remotelib error:HallPanel:4759:{"property": "SetVisible", "value": [true], "qualifier": {"code": "property does not exist"}}
2026-03-06 09:33:08 ERROR root remotelib error:LobbyPanel:4612:{"property": "SetVisible", "value": [true], "qualifier": {"code": "property does not exist"}}
2026-03-06 09:33:08 ERROR root remotelib error:IC143Panel:14625:{"property": "SetVisible", "value": [false], "qualifier": {"code": "property does not exist"}}
2026-03-06 09:33:08 ERROR root remotelib error:BreakRmPanel:14626:{"property": "SetVisible", "value": [false], "qualifier": {"code": "property does not exist"}}
2026-03-06 09:33:08 ERROR root remotelib error:HallPanel:4760:{"property": "SetVisible", "value": [true], "qualifier": {"code": "property does not exist"}}
2026-03-06 09:33:08 ERROR root remotelib error:LobbyPanel:4613:{"property": "SetVisible", "value": [true], "qualifier": {"code": "property does not exist"}}
2026-03-06 09:33:08 ERROR root remotelib error:BreakRmPanel:14627:{"property": "SetVisible", "value": [false], "qualifier": {"code": "property does not exist"}}
2026-03-06 09:33:08 ERROR root remotelib error:IC143Panel:14626:{"property": "SetVisible", "value": [false], "qualifier": {"code": "property does not exist"}}
2026-03-06 09:33:08 ERROR root remotelib error:LobbyPanel:4614:{"property": "SetVisible", "value": [true], "qualifier": {"code": "property does not exist"}}
2026-03-06 09:33:08 ERROR root remotelib error:LobbyPanel:4615:{"property": "SetVisible", "value": [true], "qualifier": {"code": "property does not exist"}}
2026-03-06 09:33:08 ERROR root remotelib error:IC143Panel:14627:{"property": "SetVisible", "value": [false], "qualifier": {"code": "property does not exist"}}
2026-03-06 09:33:08 ERROR root remotelib error:HallPanel:4762:{"property": "SetVisible", "value": [true], "qualifier": {"code": "property does not exist"}}
2026-03-06 09:33:08 ERROR root remotelib error:BreakRmPanel:14628:{"property": "SetVisible", "value": [false], "qualifier": {"code": "property does not exist"}}
2026-03-06 09:33:08 ERROR root remotelib error:LobbyPanel:4616:{"property": "SetVisible", "value": [true], "qualifier": {"code": "property does not exist"}}
2026-03-06 09:33:08 ERROR root remotelib error:IC143Panel:14628:{"property": "SetVisible", "value": [false], "qualifier": {"code": "property does not exist"}}
2026-03-06 09:33:08 ERROR root remotelib error:BreakRmPanel:14629:{"property": "SetVisible", "value": [false], "qualifier": {"code": "property does not exist"}}
2026-03-06 09:33:08 ERROR root remotelib error:HallPanel:4763:{"property": "SetVisible", "value": [true], "qualifier": {"code": "property does not exist"}}
2026-03-06 09:33:08 ERROR root remotelib error:BreakRmPanel:14630:{"property": "SetVisible", "value": [false], "qualifier": {"code": "property does not exist"}}
2026-03-06 09:33:08 ERROR root remotelib error:IC143Panel:14629:{"property": "SetVisible", "value": [false], "qualifier": {"code": "property does not exist"}}
2026-03-06 09:33:08 ERROR root remotelib error:LobbyPanel:4617:{"property": "SetVisible", "value": [true], "qualifier": {"code": "property does not exist"}}
2026-03-06 09:33:08 ERROR root remotelib error:BreakRmPanel:14631:{"property": "SetVisible", "value": [false], "qualifier": {"code": "property does not exist"}}
2026-03-06 09:33:08 ERROR root remotelib error:HallPanel:4764:{"property": "SetVisible", "value": [true], "qualifier": {"code": "property does not exist"}}
2026-03-06 09:33:08 ERROR root remotelib error:IC143Panel:14630:{"property": "SetVisible", "value": [false], "qualifier": {"code": "property does not exist"}}
2026-03-06 09:33:08 ERROR root remotelib error:HallPanel:4765:{"property": "SetVisible", "value": [true], "qualifier": {"code": "property does not exist"}}
2026-03-06 09:33:08 ERROR root remotelib error:LobbyPanel:4618:{"property": "SetVisible", "value": [true], "qualifier": {"code": "property does not exist"}}
2026-03-06 09:33:08 ERROR root remotelib error:LobbyPanel:4619:{"property": "SetVisible", "value": [true], "qualifier": {"code": "property does not exist"}}
2026-03-06 09:33:08 ERROR root remotelib error:IC143Panel:14631:{"property": "SetVisible", "value": [false], "qualifier": {"code": "property does not exist"}}
2026-03-06 09:33:08 ERROR root remotelib error:HallPanel:4766:{"property": "SetVisible", "value": [true], "qualifier": {"code": "property does not exist"}}
2026-03-06 09:33:08 ERROR root remotelib error:LobbyPanel:4620:{"property": "SetVisible", "value": [true], "qualifier": {"code": "property does not exist"}}
2026-03-06 09:33:08 ERROR root remotelib error:BreakRmPanel:14632:{"property": "SetVisible", "value": [false], "qualifier": {"code": "property does not exist"}}
2026-03-06 09:33:08 ERROR root remotelib error:HallPanel:4767:{"property": "SetVisible", "value": [true], "qualifier": {"code": "property does not exist"}}
2026-03-06 09:33:08 ERROR root remotelib error:IC143Panel:14632:{"property": "SetVisible", "value": [false], "qualifier": {"code": "property does not exist"}}
2026-03-06 09:33:08 ERROR root remotelib error:LobbyPanel:4621:{"property": "SetVisible", "value": [true], "qualifier": {"code": "property does not exist"}}
2026-03-06 09:33:08 ERROR root remotelib error:BreakRmPanel:14601:{"property": "SetVisible", "value": [true], "qualifier": {"code": "property does not exist"}}
2026-03-06 09:33:08 ERROR root remotelib error:IC142Panel:4775:{"property": "SetVisible", "value": [true], "qualifier": {"code": "property does not exist"}}
2026-03-06 09:33:08 ERROR root remotelib error:IC143Panel:14601:{"property": "SetVisible", "value": [true], "qualifier": {"code": "property does not exist"}}
2026-03-06 09:33:08 ERROR root remotelib error:LobbyPanel:4622:{"property": "SetVisible", "value": [true], "qualifier": {"code": "property does not exist"}}
2026-03-06 09:33:08 ERROR root remotelib error:BreakRmPanel:14602:{"property": "SetVisible", "value": [true], "qualifier": {"code": "property does not exist"}}
2026-03-06 09:33:08 ERROR root remotelib error:HallPanel:4768:{"property": "SetVisible", "value": [true], "qualifier": {"code": "property does not exist"}}
2026-03-06 09:33:08 ERROR root remotelib error:IC144Panel:4776:{"property": "SetVisible", "value": [false], "qualifier": {"code": "property does not exist"}}
2026-03-06 09:33:08 ERROR root remotelib error:IC142Panel:14625:{"property": "SetVisible", "value": [false], "qualifier": {"code": "property does not exist"}}
2026-03-06 09:33:08 ERROR root remotelib error:HallPanel:4769:{"property": "SetVisible", "value": [true], "qualifier": {"code": "property does not exist"}}
2026-03-06 09:33:08 ERROR root remotelib error:IC143Panel:14602:{"property": "SetVisible", "value": [true], "qualifier": {"code": "property does not exist"}}
2026-03-06 09:33:08 ERROR root remotelib error:IC144Panel:4777:{"property": "SetVisible", "value": [false], "qualifier": {"code": "property does not exist"}}
2026-03-06 09:33:08 ERROR root remotelib error:LobbyPanel:4623:{"property": "SetVisible", "value": [true], "qualifier": {"code": "property does not exist"}}
2026-03-06 09:33:08 ERROR root remotelib error:BreakRmPanel:14603:{"property": "SetVisible", "value": [true], "qualifier": {"code": "property does not exist"}}
2026-03-06 09:33:08 ERROR root remotelib error:IC142Panel:14626:{"property": "SetVisible", "value": [false], "qualifier": {"code": "property does not exist"}}
2026-03-06 09:33:08 ERROR root remotelib error:IC143Panel:14603:{"property": "SetVisible", "value": [true], "qualifier": {"code": "property does not exist"}}
2026-03-06 09:33:08 ERROR root remotelib error:BreakRmPanel:14604:{"property": "SetVisible", "value": [true], "qualifier": {"code": "property does not exist"}}
2026-03-06 09:33:08 ERROR root remotelib error:HallPanel:4770:{"property": "SetVisible", "value": [true], "qualifier": {"code": "property does not exist"}}
2026-03-06 09:33:08 ERROR root remotelib error:LobbyPanel:4624:{"property": "SetVisible", "value": [true], "qualifier": {"code": "property does not exist"}}
2026-03-06 09:33:08 ERROR root remotelib error:HallPanel:4771:{"property": "SetVisible", "value": [true], "qualifier": {"code": "property does not exist"}}
2026-03-06 09:33:08 ERROR root remotelib error:IC143Panel:14604:{"property": "SetVisible", "value": [true], "qualifier": {"code": "property does not exist"}}
2026-03-06 09:33:08 ERROR root remotelib error:IC144Panel:4778:{"property": "SetVisible", "value": [false], "qualifier": {"code": "property does not exist"}}
2026-03-06 09:33:08 ERROR root remotelib error:LobbyPanel:4776:{"property": "SetVisible", "value": [false], "qualifier": {"code": "property does not exist"}}
2026-03-06 09:33:08 ERROR root remotelib error:HallPanel:4772:{"property": "SetVisible", "value": [true], "qualifier": {"code": "property does not exist"}}
2026-03-06 09:33:08 ERROR root remotelib error:BreakRmPanel:14605:{"property": "SetVisible", "value": [true], "qualifier": {"code": "property does not exist"}}
2026-03-06 09:33:08 ERROR root remotelib error:IC142Panel:14627:{"property": "SetVisible", "value": [false], "qualifier": {"code": "property does not exist"}}
2026-03-06 09:33:08 ERROR root remotelib error:HallPanel:4773:{"property": "SetVisible", "value": [true], "qualifier": {"code": "property does not exist"}}
2026-03-06 09:33:08 ERROR root remotelib error:IC144Panel:4779:{"property": "SetVisible", "value": [false], "qualifier": {"code": "property does not exist"}}
2026-03-06 09:33:08 ERROR root remotelib error:LobbyPanel:4777:{"property": "SetVisible", "value": [false], "qualifier": {"code": "property does not exist"}}
2026-03-06 09:33:08 ERROR root remotelib error:IC143Panel:14605:{"property": "SetVisible", "value": [true], "qualifier": {"code": "property does not exist"}}
2026-03-06 09:33:08 ERROR root remotelib error:IC142Panel:14628:{"property": "SetVisible", "value": [false], "qualifier": {"code": "property does not exist"}}
2026-03-06 09:33:08 ERROR root remotelib error:BreakRmPanel:14606:{"property": "SetVisible", "value": [true], "qualifier": {"code": "property does not exist"}}
2026-03-06 09:33:08 ERROR root remotelib error:IC144Panel:4780:{"property": "SetVisible", "value": [false], "qualifier": {"code": "property does not exist"}}
2026-03-06 09:33:08 ERROR root remotelib error:IC143Panel:14606:{"property": "SetVisible", "value": [true], "qualifier": {"code": "property does not exist"}}
2026-03-06 09:33:09 ERROR root remotelib error:IC142Panel:14629:{"property": "SetVisible", "value": [false], "qualifier": {"code": "property does not exist"}}
2026-03-06 09:33:09 ERROR root remotelib error:LobbyPanel:4778:{"property": "SetVisible", "value": [false], "qualifier": {"code": "property does not exist"}}
2026-03-06 09:33:09 ERROR root remotelib error:HallPanel:4774:{"property": "SetVisible", "value": [true], "qualifier": {"code": "property does not exist"}}
2026-03-06 09:33:09 ERROR root remotelib error:IC144Panel:4781:{"property": "SetVisible", "value": [false], "qualifier": {"code": "property does not exist"}}
2026-03-06 09:33:09 ERROR root remotelib error:BreakRmPanel:14607:{"property": "SetVisible", "value": [true], "qualifier": {"code": "property does not exist"}}
2026-03-06 09:33:09 ERROR root remotelib error:IC142Panel:14630:{"property": "SetVisible", "value": [false], "qualifier": {"code": "property does not exist"}}
2026-03-06 09:33:09 ERROR root remotelib error:LobbyPanel:4779:{"property": "SetVisible", "value": [false], "qualifier": {"code": "property does not exist"}}
2026-03-06 09:33:09 ERROR root remotelib error:IC143Panel:14607:{"property": "SetVisible", "value": [true], "qualifier": {"code": "property does not exist"}}
2026-03-06 09:33:09 ERROR root remotelib error:IC142Panel:14631:{"property": "SetVisible", "value": [false], "qualifier": {"code": "property does not exist"}}
2026-03-06 09:33:09 ERROR root remotelib error:HallPanel:4775:{"property": "SetVisible", "value": [true], "qualifier": {"code": "property does not exist"}}
2026-03-06 09:33:09 ERROR root remotelib error:IC144Panel:4782:{"property": "SetVisible", "value": [false], "qualifier": {"code": "property does not exist"}}
2026-03-06 09:33:09 ERROR root remotelib error:BreakRmPanel:14608:{"property": "SetVisible", "value": [true], "qualifier": {"code": "property does not exist"}}
2026-03-06 09:33:09 ERROR root remotelib error:LobbyPanel:4780:{"property": "SetVisible", "value": [false], "qualifier": {"code": "property does not exist"}}
2026-03-06 09:33:09 ERROR root remotelib error:IC144Panel:4751:{"property": "SetVisible", "value": [true], "qualifier": {"code": "property does not exist"}}
2026-03-06 09:33:09 ERROR root remotelib error:IC143Panel:14608:{"property": "SetVisible", "value": [true], "qualifier": {"code": "property does not exist"}}
2026-03-06 09:33:09 ERROR root remotelib error:LobbyPanel:4781:{"property": "SetVisible", "value": [false], "qualifier": {"code": "property does not exist"}}
2026-03-06 09:33:09 ERROR root remotelib error:BreakRmPanel:14609:{"property": "SetVisible", "value": [true], "qualifier": {"code": "property does not exist"}}
2026-03-06 09:33:09 ERROR root remotelib error:IC142Panel:14632:{"property": "SetVisible", "value": [false], "qualifier": {"code": "property does not exist"}}
2026-03-06 09:33:09 ERROR root remotelib error:HallPanel:14625:{"property": "SetVisible", "value": [false], "qualifier": {"code": "property does not exist"}}
2026-03-06 09:33:09 ERROR root remotelib error:BreakRmPanel:14610:{"property": "SetVisible", "value": [true], "qualifier": {"code": "property does not exist"}}
2026-03-06 09:33:09 ERROR root remotelib error:IC143Panel:14609:{"property": "SetVisible", "value": [true], "qualifier": {"code": "property does not exist"}}
2026-03-06 09:33:09 ERROR root remotelib error:HallPanel:14626:{"property": "SetVisible", "value": [false], "qualifier": {"code": "property does not exist"}}
2026-03-06 09:33:09 ERROR root remotelib error:LobbyPanel:4782:{"property": "SetVisible", "value": [false], "qualifier": {"code": "property does not exist"}}
2026-03-06 09:33:09 ERROR root remotelib error:IC142Panel:14601:{"property": "SetVisible", "value": [true], "qualifier": {"code": "property does not exist"}}
2026-03-06 09:33:09 ERROR root remotelib error:IC143Panel:14610:{"property": "SetVisible", "value": [true], "qualifier": {"code": "property does not exist"}}
2026-03-06 09:33:09 ERROR root remotelib error:BWDPanel:4779:{"property": "SetVisible", "value": [false], "qualifier": {"code": "property does not exist"}}
2026-03-06 09:33:09 ERROR root remotelib error:HallPanel:14627:{"property": "SetVisible", "value": [false], "qualifier": {"code": "property does not exist"}}
2026-03-06 09:33:09 ERROR root remotelib error:LobbyPanel:4751:{"property": "SetVisible", "value": [true], "qualifier": {"code": "property does not exist"}}
2026-03-06 09:33:09 ERROR root remotelib error:IC142Panel:14602:{"property": "SetVisible", "value": [true], "qualifier": {"code": "property does not exist"}}
2026-03-06 09:33:09 ERROR root remotelib error:BreakRmPanel:14611:{"property": "SetVisible", "value": [true], "qualifier": {"code": "property does not exist"}}
2026-03-06 09:33:09 ERROR root remotelib error:BWDPanel:4780:{"property": "SetVisible", "value": [false], "qualifier": {"code": "property does not exist"}}
2026-03-06 09:33:09 ERROR root remotelib error:IC142Panel:14603:{"property": "SetVisible", "value": [true], "qualifier": {"code": "property does not exist"}}
2026-03-06 09:33:09 ERROR root remotelib error:IC143Panel:14611:{"property": "SetVisible", "value": [true], "qualifier": {"code": "property does not exist"}}
2026-03-06 09:33:09 ERROR root remotelib error:BWDPanel:4781:{"property": "SetVisible", "value": [false], "qualifier": {"code": "property does not exist"}}
2026-03-06 09:33:09 ERROR root remotelib error:IC143Panel:14612:{"property": "SetVisible", "value": [true], "qualifier": {"code": "property does not exist"}}
2026-03-06 09:33:09 ERROR root remotelib error:HallPanel:14628:{"property": "SetVisible", "value": [false], "qualifier": {"code": "property does not exist"}}
2026-03-06 09:33:09 ERROR root remotelib error:IC142Panel:14604:{"property": "SetVisible", "value": [true], "qualifier": {"code": "property does not exist"}}
2026-03-06 09:33:09 ERROR root remotelib error:IC143Panel:14613:{"property": "SetVisible", "value": [true], "qualifier": {"code": "property does not exist"}}
2026-03-06 09:33:09 ERROR root remotelib error:BreakRmPanel:14612:{"property": "SetVisible", "value": [true], "qualifier": {"code": "property does not exist"}}
2026-03-06 09:33:09 ERROR root remotelib error:HallPanel:14629:{"property": "SetVisible", "value": [false], "qualifier": {"code": "property does not exist"}}
2026-03-06 09:33:09 ERROR root remotelib error:IC142Panel:14605:{"property": "SetVisible", "value": [true], "qualifier": {"code": "property does not exist"}}
2026-03-06 09:33:09 ERROR root remotelib error:BWDPanel:4782:{"property": "SetVisible", "value": [false], "qualifier": {"code": "property does not exist"}}
2026-03-06 09:33:09 ERROR root remotelib error:IC143Panel:14614:{"property": "SetVisible", "value": [true], "qualifier": {"code": "property does not exist"}}
2026-03-06 09:33:09 ERROR root remotelib error:IC142Panel:14606:{"property": "SetVisible", "value": [true], "qualifier": {"code": "property does not exist"}}
2026-03-06 09:33:09 ERROR root remotelib error:IC143Panel:14615:{"property": "SetVisible", "value": [true], "qualifier": {"code": "property does not exist"}}
2026-03-06 09:33:09 ERROR root remotelib error:HallPanel:14630:{"property": "SetVisible", "value": [false], "qualifier": {"code": "property does not exist"}}
2026-03-06 09:33:09 ERROR root remotelib error:BreakRmPanel:14613:{"property": "SetVisible", "value": [true], "qualifier": {"code": "property does not exist"}}
2026-03-06 09:33:09 ERROR root remotelib error:IC142Panel:14607:{"property": "SetVisible", "value": [true], "qualifier": {"code": "property does not exist"}}
2026-03-06 09:33:09 ERROR root remotelib error:HallPanel:14631:{"property": "SetVisible", "value": [false], "qualifier": {"code": "property does not exist"}}
2026-03-06 09:33:09 ERROR root remotelib error:BreakRmPanel:14614:{"property": "SetVisible", "value": [true], "qualifier": {"code": "property does not exist"}}
2026-03-06 09:33:09 ERROR root remotelib error:IC143Panel:14616:{"property": "SetVisible", "value": [true], "qualifier": {"code": "property does not exist"}}
2026-03-06 09:33:09 ERROR root remotelib error:BWDPanel:4751:{"property": "SetVisible", "value": [true], "qualifier": {"code": "property does not exist"}}
2026-03-06 09:33:09 ERROR root remotelib error:IC143Panel:14617:{"property": "SetVisible", "value": [true], "qualifier": {"code": "property does not exist"}}
2026-03-06 09:33:09 ERROR root remotelib error:IC142Panel:14608:{"property": "SetVisible", "value": [true], "qualifier": {"code": "property does not exist"}}
2026-03-06 09:33:09 ERROR root remotelib error:BreakRmPanel:14615:{"property": "SetVisible", "value": [true], "qualifier": {"code": "property does not exist"}}
2026-03-06 09:33:09 ERROR root remotelib error:HallPanel:14632:{"property": "SetVisible", "value": [false], "qualifier": {"code": "property does not exist"}}
2026-03-06 09:33:09 ERROR root remotelib error:IC144Panel:4758:{"property": "SetVisible", "value": [true], "qualifier": {"code": "property does not exist"}}
2026-03-06 09:33:09 ERROR root remotelib error:IC143Panel:14618:{"property": "SetVisible", "value": [true], "qualifier": {"code": "property does not exist"}}
2026-03-06 09:33:09 ERROR root remotelib error:IC142Panel:14609:{"property": "SetVisible", "value": [true], "qualifier": {"code": "property does not exist"}}
2026-03-06 09:33:09 ERROR root remotelib error:BreakRmPanel:14616:{"property": "SetVisible", "value": [true], "qualifier": {"code": "property does not exist"}}
2026-03-06 09:33:09 ERROR root remotelib error:IC143Panel:14619:{"property": "SetVisible", "value": [true], "qualifier": {"code": "property does not exist"}}
2026-03-06 09:33:09 ERROR root remotelib error:HallPanel:14601:{"property": "SetVisible", "value": [true], "qualifier": {"code": "property does not exist"}}
2026-03-06 09:33:09 ERROR root remotelib error:BreakRmPanel:14617:{"property": "SetVisible", "value": [true], "qualifier": {"code": "property does not exist"}}
2026-03-06 09:33:09 ERROR root remotelib error:IC142Panel:14610:{"property": "SetVisible", "value": [true], "qualifier": {"code": "property does not exist"}}
2026-03-06 09:33:09 ERROR root remotelib error:IC143Panel:14620:{"property": "SetVisible", "value": [true], "qualifier": {"code": "property does not exist"}}
2026-03-06 09:33:09 ERROR root remotelib error:IC144Panel:4760:{"property": "SetVisible", "value": [true], "qualifier": {"code": "property does not exist"}}
2026-03-06 09:33:09 ERROR root remotelib error:HallPanel:14602:{"property": "SetVisible", "value": [true], "qualifier": {"code": "property does not exist"}}
2026-03-06 09:33:09 ERROR root remotelib error:BreakRmPanel:14618:{"property": "SetVisible", "value": [true], "qualifier": {"code": "property does not exist"}}
2026-03-06 09:33:09 ERROR root remotelib error:IC143Panel:14621:{"property": "SetVisible", "value": [true], "qualifier": {"code": "property does not exist"}}
2026-03-06 09:33:09 ERROR root remotelib error:LobbyPanel:4758:{"property": "SetVisible", "value": [true], "qualifier": {"code": "property does not exist"}}
2026-03-06 09:33:09 ERROR root remotelib error:HallPanel:14603:{"property": "SetVisible", "value": [true], "qualifier": {"code": "property does not exist"}}
2026-03-06 09:33:09 ERROR root remotelib error:IC142Panel:14611:{"property": "SetVisible", "value": [true], "qualifier": {"code": "property does not exist"}}
2026-03-06 09:33:09 ERROR root remotelib error:IC144Panel:4761:{"property": "SetVisible", "value": [true], "qualifier": {"code": "property does not exist"}}
2026-03-06 09:33:09 ERROR root remotelib error:IC143Panel:14622:{"property": "SetVisible", "value": [true], "qualifier": {"code": "property does not exist"}}
2026-03-06 09:33:09 ERROR root remotelib error:IC144Panel:4762:{"property": "SetVisible", "value": [true], "qualifier": {"code": "property does not exist"}}
2026-03-06 09:33:09 ERROR root remotelib error:HallPanel:14604:{"property": "SetVisible", "value": [true], "qualifier": {"code": "property does not exist"}}
2026-03-06 09:33:09 ERROR root remotelib error:IC142Panel:14612:{"property": "SetVisible", "value": [true], "qualifier": {"code": "property does not exist"}}
2026-03-06 09:33:09 ERROR root remotelib error:BreakRmPanel:14619:{"property": "SetVisible", "value": [true], "qualifier": {"code": "property does not exist"}}
2026-03-06 09:33:09 ERROR root remotelib error:IC144Panel:4763:{"property": "SetVisible", "value": [true], "qualifier": {"code": "property does not exist"}}
2026-03-06 09:33:09 ERROR root remotelib error:IC143Panel:14623:{"property": "SetVisible", "value": [true], "qualifier": {"code": "property does not exist"}}
2026-03-06 09:33:09 ERROR root remotelib error:LobbyPanel:4759:{"property": "SetVisible", "value": [true], "qualifier": {"code": "property does not exist"}}
2026-03-06 09:33:09 ERROR root remotelib error:HallPanel:14605:{"property": "SetVisible", "value": [true], "qualifier": {"code": "property does not exist"}}
2026-03-06 09:33:09 ERROR root remotelib error:IC143Panel:14624:{"property": "SetVisible", "value": [true], "qualifier": {"code": "property does not exist"}}
2026-03-06 09:33:09 ERROR root remotelib error:IC142Panel:14613:{"property": "SetVisible", "value": [true], "qualifier": {"code": "property does not exist"}}
2026-03-06 09:33:09 ERROR root remotelib error:LobbyPanel:4760:{"property": "SetVisible", "value": [true], "qualifier": {"code": "property does not exist"}}
2026-03-06 09:33:09 ERROR root remotelib error:BreakRmPanel:14620:{"property": "SetVisible", "value": [true], "qualifier": {"code": "property does not exist"}}
2026-03-06 09:33:09 ERROR root remotelib error:HallPanel:14606:{"property": "SetVisible", "value": [true], "qualifier": {"code": "property does not exist"}}
2026-03-06 09:33:09 ERROR root remotelib error:IC143Panel:14751:{"property": "SetVisible", "value": [false], "qualifier": {"code": "property does not exist"}}
2026-03-06 09:33:09 ERROR root remotelib error:IC142Panel:14614:{"property": "SetVisible", "value": [true], "qualifier": {"code": "property does not exist"}}
2026-03-06 09:33:09 ERROR root remotelib error:HallPanel:14607:{"property": "SetVisible", "value": [true], "qualifier": {"code": "property does not exist"}}
2026-03-06 09:33:09 ERROR root remotelib error:BreakRmPanel:14621:{"property": "SetVisible", "value": [true], "qualifier": {"code": "property does not exist"}}
2026-03-06 09:33:09 ERROR root remotelib error:IC142Panel:14615:{"property": "SetVisible", "value": [true], "qualifier": {"code": "property does not exist"}}
2026-03-06 09:33:09 ERROR root remotelib error:BreakRmPanel:14622:{"property": "SetVisible", "value": [true], "qualifier": {"code": "property does not exist"}}
2026-03-06 09:33:10 ERROR root remotelib error:HallPanel:14608:{"property": "SetVisible", "value": [true], "qualifier": {"code": "property does not exist"}}
2026-03-06 09:33:10 ERROR root remotelib error:IC143Panel:14752:{"property": "SetVisible", "value": [false], "qualifier": {"code": "property does not exist"}}
2026-03-06 09:33:10 ERROR root remotelib error:LobbyPanel:4762:{"property": "SetVisible", "value": [true], "qualifier": {"code": "property does not exist"}}
2026-03-06 09:33:10 ERROR root remotelib error:HallPanel:14609:{"property": "SetVisible", "value": [true], "qualifier": {"code": "property does not exist"}}
2026-03-06 09:33:10 ERROR root remotelib error:IC142Panel:14616:{"property": "SetVisible", "value": [true], "qualifier": {"code": "property does not exist"}}
2026-03-06 09:33:10 ERROR root remotelib error:LobbyPanel:4763:{"property": "SetVisible", "value": [true], "qualifier": {"code": "property does not exist"}}
2026-03-06 09:33:10 ERROR root remotelib error:BreakRmPanel:14623:{"property": "SetVisible", "value": [true], "qualifier": {"code": "property does not exist"}}
2026-03-06 09:33:10 ERROR root remotelib error:IC143Panel:14753:{"property": "SetVisible", "value": [false], "qualifier": {"code": "property does not exist"}}
2026-03-06 09:33:10 ERROR root remotelib error:IC142Panel:14617:{"property": "SetVisible", "value": [true], "qualifier": {"code": "property does not exist"}}
2026-03-06 09:33:10 ERROR root remotelib error:HallPanel:14610:{"property": "SetVisible", "value": [true], "qualifier": {"code": "property does not exist"}}
2026-03-06 09:33:10 ERROR root remotelib error:LobbyPanel:4764:{"property": "SetVisible", "value": [true], "qualifier": {"code": "property does not exist"}}
2026-03-06 09:33:10 ERROR root remotelib error:BreakRmPanel:14624:{"property": "SetVisible", "value": [true], "qualifier": {"code": "property does not exist"}}
2026-03-06 09:33:10 ERROR root remotelib error:IC143Panel:14754:{"property": "SetVisible", "value": [false], "qualifier": {"code": "property does not exist"}}
2026-03-06 09:33:10 ERROR root remotelib error:IC142Panel:14618:{"property": "SetVisible", "value": [true], "qualifier": {"code": "property does not exist"}}
2026-03-06 09:33:10 ERROR root remotelib error:BreakRmPanel:14751:{"property": "SetVisible", "value": [false], "qualifier": {"code": "property does not exist"}}
2026-03-06 09:33:10 ERROR root remotelib error:HallPanel:14611:{"property": "SetVisible", "value": [true], "qualifier": {"code": "property does not exist"}}
2026-03-06 09:33:10 ERROR root remotelib error:LobbyPanel:4765:{"property": "SetVisible", "value": [true], "qualifier": {"code": "property does not exist"}}
2026-03-06 09:33:10 ERROR root remotelib error:IC143Panel:14755:{"property": "SetVisible", "value": [false], "qualifier": {"code": "property does not exist"}}
2026-03-06 09:33:10 ERROR root remotelib error:IC142Panel:14619:{"property": "SetVisible", "value": [true], "qualifier": {"code": "property does not exist"}}
2026-03-06 09:33:10 ERROR root remotelib error:HallPanel:14612:{"property": "SetVisible", "value": [true], "qualifier": {"code": "property does not exist"}}
2026-03-06 09:33:10 ERROR root remotelib error:BreakRmPanel:14752:{"property": "SetVisible", "value": [false], "qualifier": {"code": "property does not exist"}}
2026-03-06 09:33:10 ERROR root remotelib error:LobbyPanel:4766:{"property": "SetVisible", "value": [true], "qualifier": {"code": "property does not exist"}}
2026-03-06 09:33:10 ERROR root remotelib error:IC143Panel:14756:{"property": "SetVisible", "value": [false], "qualifier": {"code": "property does not exist"}}
2026-03-06 09:33:10 ERROR root remotelib error:IC142Panel:14620:{"property": "SetVisible", "value": [true], "qualifier": {"code": "property does not exist"}}
2026-03-06 09:33:10 ERROR root remotelib error:HallPanel:14613:{"property": "SetVisible", "value": [true], "qualifier": {"code": "property does not exist"}}
2026-03-06 09:33:10 ERROR root remotelib error:LobbyPanel:4767:{"property": "SetVisible", "value": [true], "qualifier": {"code": "property does not exist"}}
2026-03-06 09:33:10 ERROR root remotelib error:HallPanel:14614:{"property": "SetVisible", "value": [true], "qualifier": {"code": "property does not exist"}}
2026-03-06 09:33:10 ERROR root remotelib error:IC143Panel:14757:{"property": "SetVisible", "value": [false], "qualifier": {"code": "property does not exist"}}
2026-03-06 09:33:10 ERROR root remotelib error:BreakRmPanel:14753:{"property": "SetVisible", "value": [false], "qualifier": {"code": "property does not exist"}}
2026-03-06 09:33:10 ERROR root remotelib error:IC142Panel:14621:{"property": "SetVisible", "value": [true], "qualifier": {"code": "property does not exist"}}
2026-03-06 09:33:10 ERROR root remotelib error:LobbyPanel:4768:{"property": "SetVisible", "value": [true], "qualifier": {"code": "property does not exist"}}
2026-03-06 09:33:10 ERROR root remotelib error:IC143Panel:14758:{"property": "SetVisible", "value": [false], "qualifier": {"code": "property does not exist"}}
2026-03-06 09:33:10 ERROR root remotelib error:IC144Panel:4775:{"property": "SetVisible", "value": [true], "qualifier": {"code": "property does not exist"}}
2026-03-06 09:33:10 ERROR root remotelib error:BreakRmPanel:14754:{"property": "SetVisible", "value": [false], "qualifier": {"code": "property does not exist"}}
2026-03-06 09:33:10 ERROR root remotelib error:IC142Panel:14622:{"property": "SetVisible", "value": [true], "qualifier": {"code": "property does not exist"}}
2026-03-06 09:33:10 ERROR root remotelib error:IC143Panel:14759:{"property": "SetVisible", "value": [false], "qualifier": {"code": "property does not exist"}}
2026-03-06 09:33:10 ERROR root remotelib error:IC142Panel:14623:{"property": "SetVisible", "value": [true], "qualifier": {"code": "property does not exist"}}
2026-03-06 09:33:10 ERROR root remotelib error:LobbyPanel:4769:{"property": "SetVisible", "value": [true], "qualifier": {"code": "property does not exist"}}
2026-03-06 09:33:10 ERROR root remotelib error:IC144Panel:14625:{"property": "SetVisible", "value": [false], "qualifier": {"code": "property does not exist"}}
2026-03-06 09:33:10 ERROR root remotelib error:HallPanel:14615:{"property": "SetVisible", "value": [true], "qualifier": {"code": "property does not exist"}}
2026-03-06 09:33:10 ERROR root remotelib error:BreakRmPanel:14755:{"property": "SetVisible", "value": [false], "qualifier": {"code": "property does not exist"}}
2026-03-06 09:33:10 ERROR root remotelib error:IC143Panel:14760:{"property": "SetVisible", "value": [false], "qualifier": {"code": "property does not exist"}}
2026-03-06 09:33:10 ERROR root remotelib error:IC142Panel:14624:{"property": "SetVisible", "value": [true], "qualifier": {"code": "property does not exist"}}
2026-03-06 09:33:10 ERROR root remotelib error:LobbyPanel:4770:{"property": "SetVisible", "value": [true], "qualifier": {"code": "property does not exist"}}
2026-03-06 09:33:10 ERROR root remotelib error:HallPanel:14616:{"property": "SetVisible", "value": [true], "qualifier": {"code": "property does not exist"}}
2026-03-06 09:33:10 ERROR root remotelib error:IC144Panel:14626:{"property": "SetVisible", "value": [false], "qualifier": {"code": "property does not exist"}}
2026-03-06 09:33:10 ERROR root remotelib error:IC143Panel:14761:{"property": "SetVisible", "value": [false], "qualifier": {"code": "property does not exist"}}
2026-03-06 09:33:10 ERROR root remotelib error:IC144Panel:14627:{"property": "SetVisible", "value": [false], "qualifier": {"code": "property does not exist"}}
2026-03-06 09:33:10 ERROR root remotelib error:IC142Panel:14751:{"property": "SetVisible", "value": [false], "qualifier": {"code": "property does not exist"}}
2026-03-06 09:33:10 ERROR root remotelib error:LobbyPanel:4771:{"property": "SetVisible", "value": [true], "qualifier": {"code": "property does not exist"}}
2026-03-06 09:33:10 ERROR root remotelib error:LobbyPanel:4772:{"property": "SetVisible", "value": [true], "qualifier": {"code": "property does not exist"}}
2026-03-06 09:33:10 ERROR root remotelib error:BreakRmPanel:14756:{"property": "SetVisible", "value": [false], "qualifier": {"code": "property does not exist"}}
2026-03-06 09:33:10 ERROR root remotelib error:IC144Panel:14628:{"property": "SetVisible", "value": [false], "qualifier": {"code": "property does not exist"}}
2026-03-06 09:33:10 ERROR root remotelib error:HallPanel:14617:{"property": "SetVisible", "value": [true], "qualifier": {"code": "property does not exist"}}
2026-03-06 09:33:10 ERROR root remotelib error:IC142Panel:14752:{"property": "SetVisible", "value": [false], "qualifier": {"code": "property does not exist"}}
2026-03-06 09:33:10 ERROR root remotelib error:IC143Panel:14762:{"property": "SetVisible", "value": [false], "qualifier": {"code": "property does not exist"}}
2026-03-06 09:33:10 ERROR root remotelib error:BreakRmPanel:14757:{"property": "SetVisible", "value": [false], "qualifier": {"code": "property does not exist"}}
2026-03-06 09:33:10 ERROR root remotelib error:HallPanel:14618:{"property": "SetVisible", "value": [true], "qualifier": {"code": "property does not exist"}}
2026-03-06 09:33:10 ERROR root remotelib error:IC142Panel:14753:{"property": "SetVisible", "value": [false], "qualifier": {"code": "property does not exist"}}
2026-03-06 09:33:10 ERROR root remotelib error:HallPanel:14619:{"property": "SetVisible", "value": [true], "qualifier": {"code": "property does not exist"}}
2026-03-06 09:33:10 ERROR root remotelib error:BreakRmPanel:14758:{"property": "SetVisible", "value": [false], "qualifier": {"code": "property does not exist"}}
2026-03-06 09:33:10 ERROR root remotelib error:IC143Panel:14763:{"property": "SetVisible", "value": [false], "qualifier": {"code": "property does not exist"}}
2026-03-06 09:33:10 ERROR root remotelib error:HallPanel:14620:{"property": "SetVisible", "value": [true], "qualifier": {"code": "property does not exist"}}
2026-03-06 09:33:10 ERROR root remotelib error:LobbyPanel:4773:{"property": "SetVisible", "value": [true], "qualifier": {"code": "property does not exist"}}
2026-03-06 09:33:10 ERROR root remotelib error:IC144Panel:14629:{"property": "SetVisible", "value": [false], "qualifier": {"code": "property does not exist"}}
2026-03-06 09:33:10 ERROR root remotelib error:IC142Panel:14754:{"property": "SetVisible", "value": [false], "qualifier": {"code": "property does not exist"}}
2026-03-06 09:33:10 ERROR root remotelib error:LobbyPanel:4774:{"property": "SetVisible", "value": [true], "qualifier": {"code": "property does not exist"}}
2026-03-06 09:33:10 ERROR root remotelib error:IC143Panel:14764:{"property": "SetVisible", "value": [false], "qualifier": {"code": "property does not exist"}}
2026-03-06 09:33:10 ERROR root remotelib error:IC144Panel:14630:{"property": "SetVisible", "value": [false], "qualifier": {"code": "property does not exist"}}
2026-03-06 09:33:10 ERROR root remotelib error:BreakRmPanel:14759:{"property": "SetVisible", "value": [false], "qualifier": {"code": "property does not exist"}}
2026-03-06 09:33:10 ERROR root remotelib error:HallPanel:14621:{"property": "SetVisible", "value": [true], "qualifier": {"code": "property does not exist"}}
2026-03-06 09:33:10 ERROR root remotelib error:IC143Panel:14765:{"property": "SetVisible", "value": [false], "qualifier": {"code": "property does not exist"}}
2026-03-06 09:33:10 ERROR root remotelib error:IC142Panel:14755:{"property": "SetVisible", "value": [false], "qualifier": {"code": "property does not exist"}}
2026-03-06 09:33:10 ERROR root remotelib error:BreakRmPanel:14760:{"property": "SetVisible", "value": [false], "qualifier": {"code": "property does not exist"}}
2026-03-06 09:33:10 ERROR root remotelib error:LobbyPanel:4775:{"property": "SetVisible", "value": [true], "qualifier": {"code": "property does not exist"}}
2026-03-06 09:33:10 ERROR root remotelib error:BreakRmPanel:14761:{"property": "SetVisible", "value": [false], "qualifier": {"code": "property does not exist"}}
2026-03-06 09:33:10 ERROR root remotelib error:HallPanel:14622:{"property": "SetVisible", "value": [true], "qualifier": {"code": "property does not exist"}}
2026-03-06 09:33:10 ERROR root remotelib error:IC144Panel:14631:{"property": "SetVisible", "value": [false], "qualifier": {"code": "property does not exist"}}
2026-03-06 09:33:10 ERROR root remotelib error:IC142Panel:14756:{"property": "SetVisible", "value": [false], "qualifier": {"code": "property does not exist"}}
2026-03-06 09:33:10 ERROR root remotelib error:LobbyPanel:14625:{"property": "SetVisible", "value": [false], "qualifier": {"code": "property does not exist"}}
2026-03-06 09:33:10 ERROR root remotelib error:IC143Panel:14766:{"property": "SetVisible", "value": [false], "qualifier": {"code": "property does not exist"}}
2026-03-06 09:33:10 ERROR root remotelib error:BreakRmPanel:14762:{"property": "SetVisible", "value": [false], "qualifier": {"code": "property does not exist"}}
2026-03-06 09:33:10 ERROR root remotelib error:HallPanel:14623:{"property": "SetVisible", "value": [true], "qualifier": {"code": "property does not exist"}}
2026-03-06 09:33:10 ERROR root remotelib error:IC144Panel:14632:{"property": "SetVisible", "value": [false], "qualifier": {"code": "property does not exist"}}
2026-03-06 09:33:10 ERROR root remotelib error:IC143Panel:14767:{"property": "SetVisible", "value": [false], "qualifier": {"code": "property does not exist"}}
2026-03-06 09:33:10 ERROR root remotelib error:LobbyPanel:14626:{"property": "SetVisible", "value": [false], "qualifier": {"code": "property does not exist"}}
2026-03-06 09:33:10 ERROR root remotelib error:BreakRmPanel:14763:{"property": "SetVisible", "value": [false], "qualifier": {"code": "property does not exist"}}
2026-03-06 09:33:10 ERROR root remotelib error:BWDPanel:14625:{"property": "SetVisible", "value": [false], "qualifier": {"code": "property does not exist"}}
2026-03-06 09:33:10 ERROR root remotelib error:IC142Panel:14757:{"property": "SetVisible", "value": [false], "qualifier": {"code": "property does not exist"}}
2026-03-06 09:33:10 ERROR root remotelib error:IC144Panel:14601:{"property": "SetVisible", "value": [true], "qualifier": {"code": "property does not exist"}}
2026-03-06 09:33:10 ERROR root remotelib error:IC143Panel:14768:{"property": "SetVisible", "value": [false], "qualifier": {"code": "property does not exist"}}
2026-03-06 09:33:10 ERROR root remotelib error:BreakRmPanel:14764:{"property": "SetVisible", "value": [false], "qualifier": {"code": "property does not exist"}}
2026-03-06 09:33:10 ERROR root remotelib error:LobbyPanel:14627:{"property": "SetVisible", "value": [false], "qualifier": {"code": "property does not exist"}}
2026-03-06 09:33:10 ERROR root remotelib error:IC144Panel:14602:{"property": "SetVisible", "value": [true], "qualifier": {"code": "property does not exist"}}
2026-03-06 09:33:10 ERROR root remotelib error:BreakRmPanel:14765:{"property": "SetVisible", "value": [false], "qualifier": {"code": "property does not exist"}}
2026-03-06 09:33:10 ERROR root remotelib error:BWDPanel:14626:{"property": "SetVisible", "value": [false], "qualifier": {"code": "property does not exist"}}
2026-03-06 09:33:10 ERROR root remotelib error:HallPanel:14624:{"property": "SetVisible", "value": [true], "qualifier": {"code": "property does not exist"}}
2026-03-06 09:33:10 ERROR root remotelib error:IC142Panel:14758:{"property": "SetVisible", "value": [false], "qualifier": {"code": "property does not exist"}}
2026-03-06 09:33:10 ERROR root remotelib error:IC144Panel:14603:{"property": "SetVisible", "value": [true], "qualifier": {"code": "property does not exist"}}
2026-03-06 09:33:10 ERROR root remotelib error:IC143Panel:14769:{"property": "SetVisible", "value": [false], "qualifier": {"code": "property does not exist"}}
2026-03-06 09:33:10 ERROR root remotelib error:LobbyPanel:14628:{"property": "SetVisible", "value": [false], "qualifier": {"code": "property does not exist"}}
2026-03-06 09:33:10 ERROR root remotelib error:BreakRmPanel:14766:{"property": "SetVisible", "value": [false], "qualifier": {"code": "property does not exist"}}
2026-03-06 09:33:10 ERROR root remotelib error:HallPanel:14751:{"property": "SetVisible", "value": [false], "qualifier": {"code": "property does not exist"}}
2026-03-06 09:33:10 ERROR root remotelib error:LobbyPanel:14629:{"property": "SetVisible", "value": [false], "qualifier": {"code": "property does not exist"}}
2026-03-06 09:33:10 ERROR root remotelib error:IC144Panel:14604:{"property": "SetVisible", "value": [true], "qualifier": {"code": "property does not exist"}}
2026-03-06 09:33:11 ERROR root remotelib error:IC143Panel:14770:{"property": "SetVisible", "value": [false], "qualifier": {"code": "property does not exist"}}
2026-03-06 09:33:11 ERROR root remotelib error:BWDPanel:14627:{"property": "SetVisible", "value": [false], "qualifier": {"code": "property does not exist"}}
2026-03-06 09:33:11 ERROR root remotelib error:IC142Panel:14759:{"property": "SetVisible", "value": [false], "qualifier": {"code": "property does not exist"}}
2026-03-06 09:33:11 ERROR root remotelib error:BreakRmPanel:14767:{"property": "SetVisible", "value": [false], "qualifier": {"code": "property does not exist"}}
2026-03-06 09:33:11 ERROR root remotelib error:HallPanel:14752:{"property": "SetVisible", "value": [false], "qualifier": {"code": "property does not exist"}}
2026-03-06 09:33:11 ERROR root remotelib error:IC143Panel:14771:{"property": "SetVisible", "value": [false], "qualifier": {"code": "property does not exist"}}
2026-03-06 09:33:11 ERROR root remotelib error:IC144Panel:14605:{"property": "SetVisible", "value": [true], "qualifier": {"code": "property does not exist"}}
2026-03-06 09:33:11 ERROR root remotelib error:LobbyPanel:14630:{"property": "SetVisible", "value": [false], "qualifier": {"code": "property does not exist"}}
2026-03-06 09:33:11 ERROR root remotelib error:BreakRmPanel:14768:{"property": "SetVisible", "value": [false], "qualifier": {"code": "property does not exist"}}
2026-03-06 09:33:11 ERROR root remotelib error:BWDPanel:14628:{"property": "SetVisible", "value": [false], "qualifier": {"code": "property does not exist"}}
2026-03-06 09:33:11 ERROR root remotelib error:LobbyPanel:14631:{"property": "SetVisible", "value": [false], "qualifier": {"code": "property does not exist"}}
2026-03-06 09:33:11 ERROR root remotelib error:IC142Panel:14760:{"property": "SetVisible", "value": [false], "qualifier": {"code": "property does not exist"}}
2026-03-06 09:33:11 ERROR root remotelib error:IC143Panel:14772:{"property": "SetVisible", "value": [false], "qualifier": {"code": "property does not exist"}}
2026-03-06 09:33:11 ERROR root remotelib error:BWDPanel:14629:{"property": "SetVisible", "value": [false], "qualifier": {"code": "property does not exist"}}
2026-03-06 09:33:11 ERROR root remotelib error:BreakRmPanel:14769:{"property": "SetVisible", "value": [false], "qualifier": {"code": "property does not exist"}}
2026-03-06 09:33:11 ERROR root remotelib error:HallPanel:14753:{"property": "SetVisible", "value": [false], "qualifier": {"code": "property does not exist"}}
2026-03-06 09:33:11 ERROR root remotelib error:IC144Panel:14606:{"property": "SetVisible", "value": [true], "qualifier": {"code": "property does not exist"}}
2026-03-06 09:33:11 ERROR root remotelib error:IC142Panel:14761:{"property": "SetVisible", "value": [false], "qualifier": {"code": "property does not exist"}}
2026-03-06 09:33:11 ERROR root remotelib error:LobbyPanel:14632:{"property": "SetVisible", "value": [false], "qualifier": {"code": "property does not exist"}}
2026-03-06 09:33:11 ERROR root remotelib error:BreakRmPanel:14770:{"property": "SetVisible", "value": [false], "qualifier": {"code": "property does not exist"}}
2026-03-06 09:33:11 ERROR root remotelib error:IC142Panel:14762:{"property": "SetVisible", "value": [false], "qualifier": {"code": "property does not exist"}}
2026-03-06 09:33:11 ERROR root remotelib error:LobbyPanel:14601:{"property": "SetVisible", "value": [true], "qualifier": {"code": "property does not exist"}}
2026-03-06 09:33:11 ERROR root remotelib error:BWDPanel:14630:{"property": "SetVisible", "value": [false], "qualifier": {"code": "property does not exist"}}
2026-03-06 09:33:11 ERROR root remotelib error:HallPanel:14754:{"property": "SetVisible", "value": [false], "qualifier": {"code": "property does not exist"}}
2026-03-06 09:33:11 ERROR root remotelib error:IC143Panel:14773:{"property": "SetVisible", "value": [false], "qualifier": {"code": "property does not exist"}}
2026-03-06 09:33:11 ERROR root remotelib error:HallPanel:14755:{"property": "SetVisible", "value": [false], "qualifier": {"code": "property does not exist"}}
2026-03-06 09:33:11 ERROR root remotelib error:IC142Panel:14763:{"property": "SetVisible", "value": [false], "qualifier": {"code": "property does not exist"}}
2026-03-06 09:33:11 ERROR root remotelib error:IC144Panel:14607:{"property": "SetVisible", "value": [true], "qualifier": {"code": "property does not exist"}}
2026-03-06 09:33:11 ERROR root remotelib error:IC143Panel:14774:{"property": "SetVisible", "value": [false], "qualifier": {"code": "property does not exist"}}
2026-03-06 09:33:11 ERROR root remotelib error:LobbyPanel:14602:{"property": "SetVisible", "value": [true], "qualifier": {"code": "property does not exist"}}
2026-03-06 09:33:11 ERROR root remotelib error:BreakRmPanel:14771:{"property": "SetVisible", "value": [false], "qualifier": {"code": "property does not exist"}}
2026-03-06 09:33:11 ERROR root remotelib error:HallPanel:14756:{"property": "SetVisible", "value": [false], "qualifier": {"code": "property does not exist"}}
2026-03-06 09:33:11 ERROR root remotelib error:BWDPanel:14631:{"property": "SetVisible", "value": [false], "qualifier": {"code": "property does not exist"}}
2026-03-06 09:33:11 ERROR root remotelib error:IC142Panel:14764:{"property": "SetVisible", "value": [false], "qualifier": {"code": "property does not exist"}}
2026-03-06 09:33:11 ERROR root remotelib error:BWDPanel:14632:{"property": "SetVisible", "value": [false], "qualifier": {"code": "property does not exist"}}
2026-03-06 09:33:11 ERROR root remotelib error:IC143Panel:14775:{"property": "SetVisible", "value": [false], "qualifier": {"code": "property does not exist"}}
2026-03-06 09:33:11 ERROR root remotelib error:LobbyPanel:14603:{"property": "SetVisible", "value": [true], "qualifier": {"code": "property does not exist"}}
2026-03-06 09:33:11 ERROR root remotelib error:IC142Panel:14765:{"property": "SetVisible", "value": [false], "qualifier": {"code": "property does not exist"}}
2026-03-06 09:33:11 ERROR root remotelib error:HallPanel:14757:{"property": "SetVisible", "value": [false], "qualifier": {"code": "property does not exist"}}
2026-03-06 09:33:11 ERROR root remotelib error:IC144Panel:14608:{"property": "SetVisible", "value": [true], "qualifier": {"code": "property does not exist"}}
2026-03-06 09:33:11 ERROR root remotelib error:IC143Panel:14776:{"property": "SetVisible", "value": [false], "qualifier": {"code": "property does not exist"}}
2026-03-06 09:33:11 ERROR root remotelib error:BWDPanel:14601:{"property": "SetVisible", "value": [true], "qualifier": {"code": "property does not exist"}}
2026-03-06 09:33:11 ERROR root remotelib error:IC143Panel:14777:{"property": "SetVisible", "value": [false], "qualifier": {"code": "property does not exist"}}
2026-03-06 09:33:11 ERROR root remotelib error:BreakRmPanel:14772:{"property": "SetVisible", "value": [false], "qualifier": {"code": "property does not exist"}}
2026-03-06 09:33:11 ERROR root remotelib error:BreakRmPanel:14773:{"property": "SetVisible", "value": [false], "qualifier": {"code": "property does not exist"}}
2026-03-06 09:33:11 ERROR root remotelib error:IC142Panel:14766:{"property": "SetVisible", "value": [false], "qualifier": {"code": "property does not exist"}}
2026-03-06 09:33:11 ERROR root remotelib error:LobbyPanel:14604:{"property": "SetVisible", "value": [true], "qualifier": {"code": "property does not exist"}}
2026-03-06 09:33:11 ERROR root remotelib error:BWDPanel:14602:{"property": "SetVisible", "value": [true], "qualifier": {"code": "property does not exist"}}
2026-03-06 09:33:11 ERROR root remotelib error:HallPanel:14758:{"property": "SetVisible", "value": [false], "qualifier": {"code": "property does not exist"}}
2026-03-06 09:33:11 ERROR root remotelib error:IC144Panel:14609:{"property": "SetVisible", "value": [true], "qualifier": {"code": "property does not exist"}}
2026-03-06 09:33:11 ERROR root remotelib error:LobbyPanel:14605:{"property": "SetVisible", "value": [true], "qualifier": {"code": "property does not exist"}}
2026-03-06 09:33:11 ERROR root remotelib error:IC143Panel:14778:{"property": "SetVisible", "value": [false], "qualifier": {"code": "property does not exist"}}
2026-03-06 09:33:11 ERROR root remotelib error:IC142Panel:14767:{"property": "SetVisible", "value": [false], "qualifier": {"code": "property does not exist"}}
2026-03-06 09:33:11 ERROR root remotelib error:BWDPanel:14603:{"property": "SetVisible", "value": [true], "qualifier": {"code": "property does not exist"}}
2026-03-06 09:33:11 ERROR root remotelib error:BreakRmPanel:14774:{"property": "SetVisible", "value": [false], "qualifier": {"code": "property does not exist"}}
2026-03-06 09:33:11 ERROR root remotelib error:IC144Panel:14610:{"property": "SetVisible", "value": [true], "qualifier": {"code": "property does not exist"}}
2026-03-06 09:33:11 ERROR root remotelib error:HallPanel:14759:{"property": "SetVisible", "value": [false], "qualifier": {"code": "property does not exist"}}
2026-03-06 09:33:11 ERROR root remotelib error:IC144Panel:14611:{"property": "SetVisible", "value": [true], "qualifier": {"code": "property does not exist"}}
2026-03-06 09:33:11 ERROR root remotelib error:BreakRmPanel:14775:{"property": "SetVisible", "value": [false], "qualifier": {"code": "property does not exist"}}
2026-03-06 09:33:11 ERROR root remotelib error:LobbyPanel:14606:{"property": "SetVisible", "value": [true], "qualifier": {"code": "property does not exist"}}
2026-03-06 09:33:11 ERROR root remotelib error:IC143Panel:14779:{"property": "SetVisible", "value": [false], "qualifier": {"code": "property does not exist"}}
2026-03-06 09:33:11 ERROR root remotelib error:BWDPanel:14604:{"property": "SetVisible", "value": [true], "qualifier": {"code": "property does not exist"}}
2026-03-06 09:33:11 ERROR root remotelib error:LobbyPanel:14607:{"property": "SetVisible", "value": [true], "qualifier": {"code": "property does not exist"}}
2026-03-06 09:33:11 ERROR root remotelib error:HallPanel:14760:{"property": "SetVisible", "value": [false], "qualifier": {"code": "property does not exist"}}
2026-03-06 09:33:11 ERROR root remotelib error:IC144Panel:14612:{"property": "SetVisible", "value": [true], "qualifier": {"code": "property does not exist"}}
2026-03-06 09:33:11 ERROR root remotelib error:HallPanel:14761:{"property": "SetVisible", "value": [false], "qualifier": {"code": "property does not exist"}}
2026-03-06 09:33:11 ERROR root remotelib error:IC142Panel:14768:{"property": "SetVisible", "value": [false], "qualifier": {"code": "property does not exist"}}
2026-03-06 09:33:11 ERROR root remotelib error:IC143Panel:14780:{"property": "SetVisible", "value": [false], "qualifier": {"code": "property does not exist"}}
2026-03-06 09:33:11 ERROR root remotelib error:BWDPanel:14605:{"property": "SetVisible", "value": [true], "qualifier": {"code": "property does not exist"}}
2026-03-06 09:33:11 ERROR root remotelib error:IC142Panel:14769:{"property": "SetVisible", "value": [false], "qualifier": {"code": "property does not exist"}}
2026-03-06 09:33:11 ERROR root remotelib error:BreakRmPanel:14776:{"property": "SetVisible", "value": [false], "qualifier": {"code": "property does not exist"}}
2026-03-06 09:33:11 ERROR root remotelib error:LobbyPanel:14608:{"property": "SetVisible", "value": [true], "qualifier": {"code": "property does not exist"}}
2026-03-06 09:33:11 ERROR root remotelib error:IC144Panel:14613:{"property": "SetVisible", "value": [true], "qualifier": {"code": "property does not exist"}}
2026-03-06 09:33:11 ERROR root remotelib error:IC143Panel:14781:{"property": "SetVisible", "value": [false], "qualifier": {"code": "property does not exist"}}
2026-03-06 09:33:11 ERROR root remotelib error:HallPanel:14762:{"property": "SetVisible", "value": [false], "qualifier": {"code": "property does not exist"}}
2026-03-06 09:33:11 ERROR root remotelib error:BreakRmPanel:14777:{"property": "SetVisible", "value": [false], "qualifier": {"code": "property does not exist"}}
2026-03-06 09:33:11 ERROR root remotelib error:LobbyPanel:14609:{"property": "SetVisible", "value": [true], "qualifier": {"code": "property does not exist"}}
2026-03-06 09:33:11 ERROR root remotelib error:IC142Panel:14770:{"property": "SetVisible", "value": [false], "qualifier": {"code": "property does not exist"}}
2026-03-06 09:33:11 ERROR root remotelib error:BWDPanel:14606:{"property": "SetVisible", "value": [true], "qualifier": {"code": "property does not exist"}}
2026-03-06 09:33:11 ERROR root remotelib error:BreakRmPanel:14778:{"property": "SetVisible", "value": [false], "qualifier": {"code": "property does not exist"}}
2026-03-06 09:33:11 ERROR root remotelib error:LobbyPanel:14610:{"property": "SetVisible", "value": [true], "qualifier": {"code": "property does not exist"}}
2026-03-06 09:33:11 ERROR root remotelib error:IC144Panel:14614:{"property": "SetVisible", "value": [true], "qualifier": {"code": "property does not exist"}}
2026-03-06 09:33:11 ERROR root remotelib error:BWDPanel:14607:{"property": "SetVisible", "value": [true], "qualifier": {"code": "property does not exist"}}
2026-03-06 09:33:11 ERROR root remotelib error:IC143Panel:14782:{"property": "SetVisible", "value": [false], "qualifier": {"code": "property does not exist"}}
2026-03-06 09:33:11 ERROR root remotelib error:IC144Panel:14615:{"property": "SetVisible", "value": [true], "qualifier": {"code": "property does not exist"}}
2026-03-06 09:33:11 ERROR root remotelib error:LobbyPanel:14611:{"property": "SetVisible", "value": [true], "qualifier": {"code": "property does not exist"}}
2026-03-06 09:33:11 ERROR root remotelib error:HallPanel:14763:{"property": "SetVisible", "value": [false], "qualifier": {"code": "property does not exist"}}
2026-03-06 09:33:11 ERROR root remotelib error:IC142Panel:14771:{"property": "SetVisible", "value": [false], "qualifier": {"code": "property does not exist"}}
2026-03-06 09:33:11 ERROR root remotelib error:BreakRmPanel:14779:{"property": "SetVisible", "value": [false], "qualifier": {"code": "property does not exist"}}
2026-03-06 09:33:11 ERROR root remotelib error:HallPanel:14764:{"property": "SetVisible", "value": [false], "qualifier": {"code": "property does not exist"}}
2026-03-06 09:33:11 ERROR root remotelib error:IC143Panel:4850:{"property": "SetText", "value": ["None"], "qualifier": {"code": "property does not exist"}}
2026-03-06 09:33:11 ERROR root remotelib error:IC142Panel:14772:{"property": "SetVisible", "value": [false], "qualifier": {"code": "property does not exist"}}
2026-03-06 09:33:11 ERROR root remotelib error:LobbyPanel:14612:{"property": "SetVisible", "value": [true], "qualifier": {"code": "property does not exist"}}
2026-03-06 09:33:11 ERROR root remotelib error:BreakRmPanel:14780:{"property": "SetVisible", "value": [false], "qualifier": {"code": "property does not exist"}}
2026-03-06 09:33:11 ERROR root remotelib error:BWDPanel:14608:{"property": "SetVisible", "value": [true], "qualifier": {"code": "property does not exist"}}
2026-03-06 09:33:11 ERROR root remotelib error:IC144Panel:14616:{"property": "SetVisible", "value": [true], "qualifier": {"code": "property does not exist"}}
2026-03-06 09:33:11 ERROR root remotelib error:LobbyPanel:14613:{"property": "SetVisible", "value": [true], "qualifier": {"code": "property does not exist"}}
2026-03-06 09:33:11 ERROR root remotelib error:IC143Panel:4900:{"property": "SetText", "value": ["None"], "qualifier": {"code": "property does not exist"}}
2026-03-06 09:33:11 ERROR root remotelib error:BreakRmPanel:14781:{"property": "SetVisible", "value": [false], "qualifier": {"code": "property does not exist"}}
2026-03-06 09:33:11 ERROR root remotelib error:HallPanel:14765:{"property": "SetVisible", "value": [false], "qualifier": {"code": "property does not exist"}}
2026-03-06 09:33:11 ERROR root remotelib error:BWDPanel:14609:{"property": "SetVisible", "value": [true], "qualifier": {"code": "property does not exist"}}
2026-03-06 09:33:11 ERROR root remotelib error:IC142Panel:14773:{"property": "SetVisible", "value": [false], "qualifier": {"code": "property does not exist"}}
2026-03-06 09:33:11 ERROR root remotelib error:IC144Panel:14617:{"property": "SetVisible", "value": [true], "qualifier": {"code": "property does not exist"}}
2026-03-06 09:33:11 ERROR root remotelib error:HallPanel:14766:{"property": "SetVisible", "value": [false], "qualifier": {"code": "property does not exist"}}
2026-03-06 09:33:11 ERROR root can't start new thread
2026-03-06 09:33:11 ERROR root remotelib error:IC143Panel:4600:{"property": "SetText", "value": ["None"], "qualifier": {"code": "property does not exist"}}
2026-03-06 09:33:11 ERROR root remotelib error:BreakRmPanel:14782:{"property": "SetVisible", "value": [false], "qualifier": {"code": "property does not exist"}}
2026-03-06 09:33:11 ERROR root remotelib error:LobbyPanel:14614:{"property": "SetVisible", "value": [true], "qualifier": {"code": "property does not exist"}}
2026-03-06 09:33:11 ERROR root remotelib error:BreakRmPanel:4850:{"property": "SetText", "value": ["None"], "qualifier": {"code": "property does not exist"}}
2026-03-06 09:33:11 ERROR root remotelib error:BWDPanel:14610:{"property": "SetVisible", "value": [true], "qualifier": {"code": "property does not exist"}}
2026-03-06 09:33:11 ERROR root remotelib error:HallPanel:14767:{"property": "SetVisible", "value": [false], "qualifier": {"code": "property does not exist"}}
2026-03-06 09:33:11 ERROR root remotelib error:IC142Panel:14774:{"property": "SetVisible", "value": [false], "qualifier": {"code": "property does not exist"}}
2026-03-06 09:33:12 ERROR root remotelib error:IC143Panel:4851:{"property": "SetText", "value": ["None"], "qualifier": {"code": "property does not exist"}}
2026-03-06 09:33:12 ERROR root remotelib error:LobbyPanel:14615:{"property": "SetVisible", "value": [true], "qualifier": {"code": "property does not exist"}}
2026-03-06 09:33:12 ERROR root remotelib error:IC143Panel:4901:{"property": "SetText", "value": ["None"], "qualifier": {"code": "property does not exist"}}
2026-03-06 09:33:12 ERROR root remotelib error:IC144Panel:14618:{"property": "SetVisible", "value": [true], "qualifier": {"code": "property does not exist"}}
2026-03-06 09:33:12 ERROR root remotelib error:BreakRmPanel:4900:{"property": "SetText", "value": ["None"], "qualifier": {"code": "property does not exist"}}
2026-03-06 09:33:12 ERROR root remotelib error:HallPanel:14768:{"property": "SetVisible", "value": [false], "qualifier": {"code": "property does not exist"}}
2026-03-06 09:33:12 ERROR root remotelib error:BWDPanel:14611:{"property": "SetVisible", "value": [true], "qualifier": {"code": "property does not exist"}}
2026-03-06 09:33:12 ERROR root remotelib error:IC144Panel:14619:{"property": "SetVisible", "value": [true], "qualifier": {"code": "property does not exist"}}
2026-03-06 09:33:12 ERROR root remotelib error:IC142Panel:14775:{"property": "SetVisible", "value": [false], "qualifier": {"code": "property does not exist"}}
2026-03-06 09:33:12 ERROR root remotelib error:LobbyPanel:14616:{"property": "SetVisible", "value": [true], "qualifier": {"code": "property does not exist"}}
2026-03-06 09:33:12 ERROR root remotelib error:BreakRmPanel:4600:{"property": "SetText", "value": ["None"], "qualifier": {"code": "property does not exist"}}
2026-03-06 09:33:12 ERROR root remotelib error:HallPanel:14769:{"property": "SetVisible", "value": [false], "qualifier": {"code": "property does not exist"}}
2026-03-06 09:33:12 ERROR root remotelib error:BWDPanel:14612:{"property": "SetVisible", "value": [true], "qualifier": {"code": "property does not exist"}}
2026-03-06 09:33:12 ERROR root remotelib error:IC143Panel:4852:{"property": "SetText", "value": ["CATV 1"], "qualifier": {"code": "property does not exist"}}
2026-03-06 09:33:12 ERROR root remotelib error:IC144Panel:14620:{"property": "SetVisible", "value": [true], "qualifier": {"code": "property does not exist"}}
2026-03-06 09:33:12 ERROR root remotelib error:IC142Panel:14776:{"property": "SetVisible", "value": [false], "qualifier": {"code": "property does not exist"}}
2026-03-06 09:33:12 ERROR root remotelib error:BreakRmPanel:4851:{"property": "SetText", "value": ["None"], "qualifier": {"code": "property does not exist"}}
2026-03-06 09:33:12 ERROR root remotelib error:LobbyPanel:14617:{"property": "SetVisible", "value": [true], "qualifier": {"code": "property does not exist"}}
2026-03-06 09:33:12 ERROR root remotelib error:BWDPanel:14613:{"property": "SetVisible", "value": [true], "qualifier": {"code": "property does not exist"}}
2026-03-06 09:33:12 ERROR root remotelib error:HallPanel:14770:{"property": "SetVisible", "value": [false], "qualifier": {"code": "property does not exist"}}
2026-03-06 09:33:12 ERROR root remotelib error:BreakRmPanel:4901:{"property": "SetText", "value": ["None"], "qualifier": {"code": "property does not exist"}}
2026-03-06 09:33:12 ERROR root remotelib error:IC142Panel:14777:{"property": "SetVisible", "value": [false], "qualifier": {"code": "property does not exist"}}
2026-03-06 09:33:12 ERROR root remotelib error:BWDPanel:14614:{"property": "SetVisible", "value": [true], "qualifier": {"code": "property does not exist"}}
2026-03-06 09:33:12 ERROR root remotelib error:IC143Panel:4902:{"property": "SetText", "value": ["CATV 1"], "qualifier": {"code": "property does not exist"}}
2026-03-06 09:33:12 ERROR root remotelib error:LobbyPanel:14618:{"property": "SetVisible", "value": [true], "qualifier": {"code": "property does not exist"}}
2026-03-06 09:33:12 ERROR root remotelib error:IC144Panel:14621:{"property": "SetVisible", "value": [true], "qualifier": {"code": "property does not exist"}}
2026-03-06 09:33:12 ERROR root remotelib error:HallPanel:14771:{"property": "SetVisible", "value": [false], "qualifier": {"code": "property does not exist"}}
2026-03-06 09:33:12 ERROR root remotelib error:IC142Panel:14778:{"property": "SetVisible", "value": [false], "qualifier": {"code": "property does not exist"}}
2026-03-06 09:33:12 ERROR root remotelib error:BWDPanel:14615:{"property": "SetVisible", "value": [true], "qualifier": {"code": "property does not exist"}}
2026-03-06 09:33:12 ERROR root remotelib error:LobbyPanel:14619:{"property": "SetVisible", "value": [true], "qualifier": {"code": "property does not exist"}}
2026-03-06 09:33:12 ERROR root remotelib error:HallPanel:14772:{"property": "SetVisible", "value": [false], "qualifier": {"code": "property does not exist"}}
2026-03-06 09:33:12 ERROR root remotelib error:HallPanel:14773:{"property": "SetVisible", "value": [false], "qualifier": {"code": "property does not exist"}}
2026-03-06 09:33:12 ERROR root remotelib error:IC144Panel:14622:{"property": "SetVisible", "value": [true], "qualifier": {"code": "property does not exist"}}
2026-03-06 09:33:12 ERROR root remotelib error:BWDPanel:14616:{"property": "SetVisible", "value": [true], "qualifier": {"code": "property does not exist"}}
2026-03-06 09:33:12 ERROR root remotelib error:IC142Panel:14779:{"property": "SetVisible", "value": [false], "qualifier": {"code": "property does not exist"}}
2026-03-06 09:33:12 ERROR root remotelib error:IC144Panel:14623:{"property": "SetVisible", "value": [true], "qualifier": {"code": "property does not exist"}}
2026-03-06 09:33:12 ERROR root remotelib error:HallPanel:14774:{"property": "SetVisible", "value": [false], "qualifier": {"code": "property does not exist"}}
2026-03-06 09:33:12 ERROR root remotelib error:IC142Panel:14780:{"property": "SetVisible", "value": [false], "qualifier": {"code": "property does not exist"}}
2026-03-06 09:33:12 ERROR root remotelib error:BreakRmPanel:4852:{"property": "SetText", "value": ["CATV 1"], "qualifier": {"code": "property does not exist"}}
2026-03-06 09:33:12 ERROR root remotelib error:BWDPanel:14617:{"property": "SetVisible", "value": [true], "qualifier": {"code": "property does not exist"}}
2026-03-06 09:33:12 ERROR root remotelib error:LobbyPanel:14620:{"property": "SetVisible", "value": [true], "qualifier": {"code": "property does not exist"}}
2026-03-06 09:33:12 ERROR root remotelib error:IC144Panel:14624:{"property": "SetVisible", "value": [true], "qualifier": {"code": "property does not exist"}}
2026-03-06 09:33:12 ERROR root remotelib error:BreakRmPanel:4902:{"property": "SetText", "value": ["CATV 1"], "qualifier": {"code": "property does not exist"}}
2026-03-06 09:33:12 ERROR root remotelib error:IC142Panel:14781:{"property": "SetVisible", "value": [false], "qualifier": {"code": "property does not exist"}}
2026-03-06 09:33:12 ERROR root remotelib error:HallPanel:14775:{"property": "SetVisible", "value": [false], "qualifier": {"code": "property does not exist"}}
2026-03-06 09:33:12 ERROR root remotelib error:IC143Panel:14602:{"property": "SetState", "value": [0], "qualifier": {"code": "property does not exist"}}
2026-03-06 09:33:12 ERROR root remotelib error:LobbyPanel:14621:{"property": "SetVisible", "value": [true], "qualifier": {"code": "property does not exist"}}
2026-03-06 09:33:12 ERROR root remotelib error:BWDPanel:14618:{"property": "SetVisible", "value": [true], "qualifier": {"code": "property does not exist"}}
2026-03-06 09:33:12 ERROR root remotelib error:IC142Panel:14782:{"property": "SetVisible", "value": [false], "qualifier": {"code": "property does not exist"}}
2026-03-06 09:33:12 ERROR root remotelib error:HallPanel:14776:{"property": "SetVisible", "value": [false], "qualifier": {"code": "property does not exist"}}
2026-03-06 09:33:12 ERROR root remotelib error:IC144Panel:14751:{"property": "SetVisible", "value": [false], "qualifier": {"code": "property does not exist"}}
2026-03-06 09:33:12 ERROR root remotelib error:LobbyPanel:14622:{"property": "SetVisible", "value": [true], "qualifier": {"code": "property does not exist"}}
2026-03-06 09:33:12 ERROR root remotelib error:IC143Panel:4853:{"property": "SetText", "value": ["CATV 2"], "qualifier": {"code": "property does not exist"}}
2026-03-06 09:33:12 ERROR root remotelib error:BWDPanel:14619:{"property": "SetVisible", "value": [true], "qualifier": {"code": "property does not exist"}}
2026-03-06 09:33:12 ERROR root remotelib error:IC142Panel:4850:{"property": "SetText", "value": ["None"], "qualifier": {"code": "property does not exist"}}
2026-03-06 09:33:12 ERROR root remotelib error:LobbyPanel:14623:{"property": "SetVisible", "value": [true], "qualifier": {"code": "property does not exist"}}
2026-03-06 09:33:12 ERROR root remotelib error:HallPanel:14777:{"property": "SetVisible", "value": [false], "qualifier": {"code": "property does not exist"}}
2026-03-06 09:33:12 ERROR root remotelib error:BWDPanel:14620:{"property": "SetVisible", "value": [true], "qualifier": {"code": "property does not exist"}}
2026-03-06 09:33:12 ERROR root remotelib error:IC142Panel:4900:{"property": "SetText", "value": ["None"], "qualifier": {"code": "property does not exist"}}
2026-03-06 09:33:12 ERROR root remotelib error:IC144Panel:14752:{"property": "SetVisible", "value": [false], "qualifier": {"code": "property does not exist"}}
2026-03-06 09:33:12 ERROR root remotelib error:IC143Panel:4903:{"property": "SetText", "value": ["CATV 2"], "qualifier": {"code": "property does not exist"}}
2026-03-06 09:33:12 ERROR root remotelib error:LobbyPanel:14624:{"property": "SetVisible", "value": [true], "qualifier": {"code": "property does not exist"}}
2026-03-06 09:33:12 ERROR root remotelib error:BreakRmPanel:14602:{"property": "SetState", "value": [0], "qualifier": {"code": "property does not exist"}}
2026-03-06 09:33:12 ERROR root remotelib error:BWDPanel:14621:{"property": "SetVisible", "value": [true], "qualifier": {"code": "property does not exist"}}
2026-03-06 09:33:12 ERROR root remotelib error:HallPanel:14778:{"property": "SetVisible", "value": [false], "qualifier": {"code": "property does not exist"}}
2026-03-06 09:33:12 ERROR root remotelib error:IC144Panel:14753:{"property": "SetVisible", "value": [false], "qualifier": {"code": "property does not exist"}}
2026-03-06 09:33:12 ERROR root remotelib error:BWDPanel:14622:{"property": "SetVisible", "value": [true], "qualifier": {"code": "property does not exist"}}
2026-03-06 09:33:12 ERROR root remotelib error:IC142Panel:4600:{"property": "SetText", "value": ["None"], "qualifier": {"code": "property does not exist"}}
2026-03-06 09:33:12 ERROR root remotelib error:IC142Panel:4851:{"property": "SetText", "value": ["None"], "qualifier": {"code": "property does not exist"}}
2026-03-06 09:33:12 ERROR root remotelib error:HallPanel:14779:{"property": "SetVisible", "value": [false], "qualifier": {"code": "property does not exist"}}
2026-03-06 09:33:12 ERROR root remotelib error:LobbyPanel:14751:{"property": "SetVisible", "value": [false], "qualifier": {"code": "property does not exist"}}
2026-03-06 09:33:12 ERROR root remotelib error:BWDPanel:14623:{"property": "SetVisible", "value": [true], "qualifier": {"code": "property does not exist"}}
2026-03-06 09:33:12 ERROR root remotelib error:IC144Panel:14754:{"property": "SetVisible", "value": [false], "qualifier": {"code": "property does not exist"}}
2026-03-06 09:33:12 ERROR root remotelib error:HallPanel:14780:{"property": "SetVisible", "value": [false], "qualifier": {"code": "property does not exist"}}
2026-03-06 09:33:12 ERROR root remotelib error:IC142Panel:4901:{"property": "SetText", "value": ["None"], "qualifier": {"code": "property does not exist"}}
2026-03-06 09:33:12 ERROR root remotelib error:IC143Panel:14603:{"property": "SetState", "value": [0], "qualifier": {"code": "property does not exist"}}
2026-03-06 09:33:12 ERROR root remotelib error:IC144Panel:14755:{"property": "SetVisible", "value": [false], "qualifier": {"code": "property does not exist"}}
2026-03-06 09:33:12 ERROR root remotelib error:BreakRmPanel:4853:{"property": "SetText", "value": ["CATV 2"], "qualifier": {"code": "property does not exist"}}
2026-03-06 09:33:12 ERROR root remotelib error:LobbyPanel:14752:{"property": "SetVisible", "value": [false], "qualifier": {"code": "property does not exist"}}
2026-03-06 09:33:12 ERROR root remotelib error:BWDPanel:14624:{"property": "SetVisible", "value": [true], "qualifier": {"code": "property does not exist"}}
2026-03-06 09:33:12 ERROR root remotelib error:HallPanel:14781:{"property": "SetVisible", "value": [false], "qualifier": {"code": "property does not exist"}}
2026-03-06 09:33:12 ERROR root remotelib error:LobbyPanel:14753:{"property": "SetVisible", "value": [false], "qualifier": {"code": "property does not exist"}}
2026-03-06 09:33:12 ERROR root remotelib error:BreakRmPanel:4903:{"property": "SetText", "value": ["CATV 2"], "qualifier": {"code": "property does not exist"}}
2026-03-06 09:33:12 ERROR root remotelib error:HallPanel:14782:{"property": "SetVisible", "value": [false], "qualifier": {"code": "property does not exist"}}
2026-03-06 09:33:12 ERROR root remotelib error:IC144Panel:14756:{"property": "SetVisible", "value": [false], "qualifier": {"code": "property does not exist"}}
2026-03-06 09:33:12 ERROR root remotelib error:BWDPanel:14751:{"property": "SetVisible", "value": [false], "qualifier": {"code": "property does not exist"}}
2026-03-06 09:33:12 ERROR root remotelib error:LobbyPanel:14754:{"property": "SetVisible", "value": [false], "qualifier": {"code": "property does not exist"}}
2026-03-06 09:33:12 ERROR root remotelib error:HallPanel:4850:{"property": "SetText", "value": ["None"], "qualifier": {"code": "property does not exist"}}
2026-03-06 09:33:12 ERROR root remotelib error:IC144Panel:14757:{"property": "SetVisible", "value": [false], "qualifier": {"code": "property does not exist"}}
2026-03-06 09:33:12 ERROR root remotelib error:IC142Panel:4852:{"property": "SetText", "value": ["CATV 1"], "qualifier": {"code": "property does not exist"}}
2026-03-06 09:33:12 ERROR root remotelib error:HallPanel:4900:{"property": "SetText", "value": ["None"], "qualifier": {"code": "property does not exist"}}
2026-03-06 09:33:12 ERROR root remotelib error:IC144Panel:14758:{"property": "SetVisible", "value": [false], "qualifier": {"code": "property does not exist"}}
2026-03-06 09:33:12 ERROR root remotelib error:BWDPanel:14752:{"property": "SetVisible", "value": [false], "qualifier": {"code": "property does not exist"}}
2026-03-06 09:33:12 ERROR root remotelib error:LobbyPanel:14755:{"property": "SetVisible", "value": [false], "qualifier": {"code": "property does not exist"}}
2026-03-06 09:33:12 ERROR root remotelib error:IC143Panel:4854:{"property": "SetText", "value": ["CATV 3"], "qualifier": {"code": "property does not exist"}}
2026-03-06 09:33:12 ERROR root remotelib error:HallPanel:4600:{"property": "SetText", "value": ["None"], "qualifier": {"code": "property does not exist"}}
2026-03-06 09:33:12 ERROR root remotelib error:IC144Panel:14759:{"property": "SetVisible", "value": [false], "qualifier": {"code": "property does not exist"}}
2026-03-06 09:33:12 ERROR root remotelib error:IC142Panel:4902:{"property": "SetText", "value": ["CATV 1"], "qualifier": {"code": "property does not exist"}}
2026-03-06 09:33:12 ERROR root remotelib error:IC143Panel:4904:{"property": "SetText", "value": ["CATV 3"], "qualifier": {"code": "property does not exist"}}
2026-03-06 09:33:12 ERROR root remotelib error:IC144Panel:14760:{"property": "SetVisible", "value": [false], "qualifier": {"code": "property does not exist"}}
2026-03-06 09:33:12 ERROR root remotelib error:HallPanel:4851:{"property": "SetText", "value": ["None"], "qualifier": {"code": "property does not exist"}}
2026-03-06 09:33:12 ERROR root remotelib error:BWDPanel:14753:{"property": "SetVisible", "value": [false], "qualifier": {"code": "property does not exist"}}
2026-03-06 09:33:12 ERROR root remotelib error:LobbyPanel:14756:{"property": "SetVisible", "value": [false], "qualifier": {"code": "property does not exist"}}
2026-03-06 09:33:12 ERROR root remotelib error:BWDPanel:14754:{"property": "SetVisible", "value": [false], "qualifier": {"code": "property does not exist"}}
2026-03-06 09:33:12 ERROR root remotelib error:HallPanel:4901:{"property": "SetText", "value": ["None"], "qualifier": {"code": "property does not exist"}}
2026-03-06 09:33:12 ERROR root remotelib error:BreakRmPanel:14603:{"property": "SetState", "value": [0], "qualifier": {"code": "property does not exist"}}
2026-03-06 09:33:12 ERROR root remotelib error:IC144Panel:14761:{"property": "SetVisible", "value": [false], "qualifier": {"code": "property does not exist"}}
2026-03-06 09:33:12 ERROR root remotelib error:LobbyPanel:14757:{"property": "SetVisible", "value": [false], "qualifier": {"code": "property does not exist"}}
2026-03-06 09:33:12 ERROR root remotelib error:IC144Panel:14762:{"property": "SetVisible", "value": [false], "qualifier": {"code": "property does not exist"}}
2026-03-06 09:33:12 ERROR root remotelib error:BWDPanel:14755:{"property": "SetVisible", "value": [false], "qualifier": {"code": "property does not exist"}}
2026-03-06 09:33:12 ERROR root remotelib error:LobbyPanel:14758:{"property": "SetVisible", "value": [false], "qualifier": {"code": "property does not exist"}}
2026-03-06 09:33:12 ERROR root remotelib error:IC144Panel:14763:{"property": "SetVisible", "value": [false], "qualifier": {"code": "property does not exist"}}
2026-03-06 09:33:12 ERROR root remotelib error:HallPanel:4852:{"property": "SetText", "value": ["CATV 1"], "qualifier": {"code": "property does not exist"}}
2026-03-06 09:33:12 ERROR root remotelib error:BWDPanel:14756:{"property": "SetVisible", "value": [false], "qualifier": {"code": "property does not exist"}}
2026-03-06 09:33:12 ERROR root remotelib error:LobbyPanel:14759:{"property": "SetVisible", "value": [false], "qualifier": {"code": "property does not exist"}}
2026-03-06 09:33:13 ERROR root remotelib error:IC144Panel:14764:{"property": "SetVisible", "value": [false], "qualifier": {"code": "property does not exist"}}
2026-03-06 09:33:13 ERROR root remotelib error:BreakRmPanel:4854:{"property": "SetText", "value": ["CATV 3"], "qualifier": {"code": "property does not exist"}}
2026-03-06 09:33:13 ERROR root remotelib error:BWDPanel:14757:{"property": "SetVisible", "value": [false], "qualifier": {"code": "property does not exist"}}
2026-03-06 09:33:13 ERROR root remotelib error:LobbyPanel:14760:{"property": "SetVisible", "value": [false], "qualifier": {"code": "property does not exist"}}
2026-03-06 09:33:13 ERROR root remotelib error:IC143Panel:14604:{"property": "SetState", "value": [0], "qualifier": {"code": "property does not exist"}}
2026-03-06 09:33:13 ERROR root remotelib error:IC142Panel:14602:{"property": "SetState", "value": [0], "qualifier": {"code": "property does not exist"}}
2026-03-06 09:33:13 ERROR root remotelib error:BreakRmPanel:4904:{"property": "SetText", "value": ["CATV 3"], "qualifier": {"code": "property does not exist"}}
2026-03-06 09:33:13 ERROR root remotelib error:HallPanel:4902:{"property": "SetText", "value": ["CATV 1"], "qualifier": {"code": "property does not exist"}}
2026-03-06 09:33:13 ERROR root remotelib error:IC144Panel:14765:{"property": "SetVisible", "value": [false], "qualifier": {"code": "property does not exist"}}
2026-03-06 09:33:13 ERROR root remotelib error:LobbyPanel:14761:{"property": "SetVisible", "value": [false], "qualifier": {"code": "property does not exist"}}
2026-03-06 09:33:13 ERROR root remotelib error:IC144Panel:14766:{"property": "SetVisible", "value": [false], "qualifier": {"code": "property does not exist"}}
2026-03-06 09:33:13 ERROR root remotelib error:IC143Panel:4855:{"property": "SetText", "value": ["CATV 4"], "qualifier": {"code": "property does not exist"}}
2026-03-06 09:33:13 ERROR root remotelib error:BWDPanel:14758:{"property": "SetVisible", "value": [false], "qualifier": {"code": "property does not exist"}}
2026-03-06 09:33:13 ERROR root remotelib error:IC142Panel:4853:{"property": "SetText", "value": ["CATV 2"], "qualifier": {"code": "property does not exist"}}
2026-03-06 09:33:13 ERROR root remotelib error:IC143Panel:4905:{"property": "SetText", "value": ["CATV 4"], "qualifier": {"code": "property does not exist"}}
2026-03-06 09:33:13 ERROR root remotelib error:LobbyPanel:14762:{"property": "SetVisible", "value": [false], "qualifier": {"code": "property does not exist"}}
2026-03-06 09:33:13 ERROR root remotelib error:IC142Panel:4903:{"property": "SetText", "value": ["CATV 2"], "qualifier": {"code": "property does not exist"}}
2026-03-06 09:33:13 ERROR root remotelib error:IC144Panel:14767:{"property": "SetVisible", "value": [false], "qualifier": {"code": "property does not exist"}}
2026-03-06 09:33:13 ERROR root remotelib error:HallPanel:14602:{"property": "SetState", "value": [0], "qualifier": {"code": "property does not exist"}}
2026-03-06 09:33:13 ERROR root remotelib error:BWDPanel:14759:{"property": "SetVisible", "value": [false], "qualifier": {"code": "property does not exist"}}
2026-03-06 09:33:13 ERROR root remotelib error:LobbyPanel:14763:{"property": "SetVisible", "value": [false], "qualifier": {"code": "property does not exist"}}
2026-03-06 09:33:13 ERROR root remotelib error:BreakRmPanel:14604:{"property": "SetState", "value": [0], "qualifier": {"code": "property does not exist"}}
2026-03-06 09:33:13 ERROR root remotelib error:IC144Panel:14768:{"property": "SetVisible", "value": [false], "qualifier": {"code": "property does not exist"}}
2026-03-06 09:33:13 ERROR root remotelib error:BWDPanel:14760:{"property": "SetVisible", "value": [false], "qualifier": {"code": "property does not exist"}}
2026-03-06 09:33:13 ERROR root remotelib error:BWDPanel:14761:{"property": "SetVisible", "value": [false], "qualifier": {"code": "property does not exist"}}
2026-03-06 09:33:13 ERROR root remotelib error:LobbyPanel:14764:{"property": "SetVisible", "value": [false], "qualifier": {"code": "property does not exist"}}
2026-03-06 09:33:13 ERROR root remotelib error:IC144Panel:14769:{"property": "SetVisible", "value": [false], "qualifier": {"code": "property does not exist"}}
2026-03-06 09:33:13 ERROR root remotelib error:LobbyPanel:14765:{"property": "SetVisible", "value": [false], "qualifier": {"code": "property does not exist"}}
2026-03-06 09:33:13 ERROR root remotelib error:IC143Panel:14605:{"property": "SetState", "value": [0], "qualifier": {"code": "property does not exist"}}
2026-03-06 09:33:13 ERROR root remotelib error:BWDPanel:14762:{"property": "SetVisible", "value": [false], "qualifier": {"code": "property does not exist"}}
2026-03-06 09:33:13 ERROR root remotelib error:LobbyPanel:14766:{"property": "SetVisible", "value": [false], "qualifier": {"code": "property does not exist"}}
2026-03-06 09:33:13 ERROR root remotelib error:HallPanel:4853:{"property": "SetText", "value": ["CATV 2"], "qualifier": {"code": "property does not exist"}}
2026-03-06 09:33:13 ERROR root remotelib error:HallPanel:4903:{"property": "SetText", "value": ["CATV 2"], "qualifier": {"code": "property does not exist"}}
2026-03-06 09:33:13 ERROR root remotelib error:IC142Panel:14603:{"property": "SetState", "value": [0], "qualifier": {"code": "property does not exist"}}
2026-03-06 09:33:13 ERROR root remotelib error:IC144Panel:14770:{"property": "SetVisible", "value": [false], "qualifier": {"code": "property does not exist"}}
2026-03-06 09:33:13 ERROR root remotelib error:BreakRmPanel:4855:{"property": "SetText", "value": ["CATV 4"], "qualifier": {"code": "property does not exist"}}
2026-03-06 09:33:13 ERROR root remotelib error:LobbyPanel:14767:{"property": "SetVisible", "value": [false], "qualifier": {"code": "property does not exist"}}
2026-03-06 09:33:13 ERROR root remotelib error:BWDPanel:14763:{"property": "SetVisible", "value": [false], "qualifier": {"code": "property does not exist"}}
2026-03-06 09:33:13 ERROR root remotelib error:IC144Panel:14771:{"property": "SetVisible", "value": [false], "qualifier": {"code": "property does not exist"}}
2026-03-06 09:33:13 ERROR root remotelib error:BreakRmPanel:4905:{"property": "SetText", "value": ["CATV 4"], "qualifier": {"code": "property does not exist"}}
2026-03-06 09:33:13 ERROR root remotelib error:HallPanel:14603:{"property": "SetState", "value": [0], "qualifier": {"code": "property does not exist"}}
2026-03-06 09:33:13 ERROR root remotelib error:IC144Panel:14772:{"property": "SetVisible", "value": [false], "qualifier": {"code": "property does not exist"}}
2026-03-06 09:33:13 ERROR root remotelib error:IC143Panel:4856:{"property": "SetText", "value": ["CATV 5"], "qualifier": {"code": "property does not exist"}}
2026-03-06 09:33:13 ERROR root remotelib error:LobbyPanel:14768:{"property": "SetVisible", "value": [false], "qualifier": {"code": "property does not exist"}}
2026-03-06 09:33:13 ERROR root remotelib error:BWDPanel:14764:{"property": "SetVisible", "value": [false], "qualifier": {"code": "property does not exist"}}
2026-03-06 09:33:13 ERROR root remotelib error:BWDPanel:14765:{"property": "SetVisible", "value": [false], "qualifier": {"code": "property does not exist"}}
2026-03-06 09:33:13 ERROR root remotelib error:IC142Panel:4854:{"property": "SetText", "value": ["CATV 3"], "qualifier": {"code": "property does not exist"}}
2026-03-06 09:33:13 ERROR root remotelib error:LobbyPanel:14769:{"property": "SetVisible", "value": [false], "qualifier": {"code": "property does not exist"}}
2026-03-06 09:33:13 ERROR root remotelib error:IC143Panel:4906:{"property": "SetText", "value": ["CATV 5"], "qualifier": {"code": "property does not exist"}}
2026-03-06 09:33:13 ERROR root remotelib error:BWDPanel:14766:{"property": "SetVisible", "value": [false], "qualifier": {"code": "property does not exist"}}
2026-03-06 09:33:13 ERROR root remotelib error:IC144Panel:14773:{"property": "SetVisible", "value": [false], "qualifier": {"code": "property does not exist"}}
2026-03-06 09:33:13 ERROR root remotelib error:IC142Panel:4904:{"property": "SetText", "value": ["CATV 3"], "qualifier": {"code": "property does not exist"}}
2026-03-06 09:33:13 ERROR root remotelib error:BWDPanel:14767:{"property": "SetVisible", "value": [false], "qualifier": {"code": "property does not exist"}}
2026-03-06 09:33:13 ERROR root remotelib error:BreakRmPanel:14605:{"property": "SetState", "value": [0], "qualifier": {"code": "property does not exist"}}
2026-03-06 09:33:13 ERROR root remotelib error:IC144Panel:14774:{"property": "SetVisible", "value": [false], "qualifier": {"code": "property does not exist"}}
2026-03-06 09:33:13 ERROR root remotelib error:BWDPanel:14768:{"property": "SetVisible", "value": [false], "qualifier": {"code": "property does not exist"}}
2026-03-06 09:33:13 ERROR root remotelib error:HallPanel:4854:{"property": "SetText", "value": ["CATV 3"], "qualifier": {"code": "property does not exist"}}
2026-03-06 09:33:13 ERROR root remotelib error:LobbyPanel:14770:{"property": "SetVisible", "value": [false], "qualifier": {"code": "property does not exist"}}
2026-03-06 09:33:13 ERROR root remotelib error:IC144Panel:14775:{"property": "SetVisible", "value": [false], "qualifier": {"code": "property does not exist"}}
2026-03-06 09:33:13 ERROR root remotelib error:IC142Panel:14604:{"property": "SetState", "value": [0], "qualifier": {"code": "property does not exist"}}
2026-03-06 09:33:13 ERROR root remotelib error:IC143Panel:14606:{"property": "SetState", "value": [0], "qualifier": {"code": "property does not exist"}}
2026-03-06 09:33:13 ERROR root remotelib error:BWDPanel:14769:{"property": "SetVisible", "value": [false], "qualifier": {"code": "property does not exist"}}
2026-03-06 09:33:13 ERROR root remotelib error:IC144Panel:14776:{"property": "SetVisible", "value": [false], "qualifier": {"code": "property does not exist"}}
2026-03-06 09:33:13 ERROR root remotelib error:LobbyPanel:14771:{"property": "SetVisible", "value": [false], "qualifier": {"code": "property does not exist"}}
2026-03-06 09:33:13 ERROR root remotelib error:BWDPanel:14770:{"property": "SetVisible", "value": [false], "qualifier": {"code": "property does not exist"}}
2026-03-06 09:33:13 ERROR root remotelib error:HallPanel:4904:{"property": "SetText", "value": ["CATV 3"], "qualifier": {"code": "property does not exist"}}
2026-03-06 09:33:13 ERROR root remotelib error:BreakRmPanel:4856:{"property": "SetText", "value": ["CATV 5"], "qualifier": {"code": "property does not exist"}}
2026-03-06 09:33:13 ERROR root remotelib error:IC144Panel:14777:{"property": "SetVisible", "value": [false], "qualifier": {"code": "property does not exist"}}
2026-03-06 09:33:13 ERROR root remotelib error:LobbyPanel:14772:{"property": "SetVisible", "value": [false], "qualifier": {"code": "property does not exist"}}
2026-03-06 09:33:13 ERROR root remotelib error:BreakRmPanel:4906:{"property": "SetText", "value": ["CATV 5"], "qualifier": {"code": "property does not exist"}}
2026-03-06 09:33:13 ERROR root remotelib error:BWDPanel:14771:{"property": "SetVisible", "value": [false], "qualifier": {"code": "property does not exist"}}
2026-03-06 09:33:13 ERROR root remotelib error:IC144Panel:14778:{"property": "SetVisible", "value": [false], "qualifier": {"code": "property does not exist"}}
2026-03-06 09:33:13 ERROR root remotelib error:IC142Panel:4855:{"property": "SetText", "value": ["CATV 4"], "qualifier": {"code": "property does not exist"}}
2026-03-06 09:33:13 ERROR root remotelib error:LobbyPanel:14773:{"property": "SetVisible", "value": [false], "qualifier": {"code": "property does not exist"}}
2026-03-06 09:33:13 ERROR root remotelib error:IC144Panel:14779:{"property": "SetVisible", "value": [false], "qualifier": {"code": "property does not exist"}}
2026-03-06 09:33:13 ERROR root remotelib error:IC143Panel:4857:{"property": "SetText", "value": ["CATV 6"], "qualifier": {"code": "property does not exist"}}
2026-03-06 09:33:13 ERROR root remotelib error:BWDPanel:14772:{"property": "SetVisible", "value": [false], "qualifier": {"code": "property does not exist"}}
2026-03-06 09:33:13 ERROR root remotelib error:IC142Panel:4905:{"property": "SetText", "value": ["CATV 4"], "qualifier": {"code": "property does not exist"}}
2026-03-06 09:33:13 ERROR root remotelib error:HallPanel:14604:{"property": "SetState", "value": [0], "qualifier": {"code": "property does not exist"}}
2026-03-06 09:33:13 ERROR root remotelib error:IC144Panel:14780:{"property": "SetVisible", "value": [false], "qualifier": {"code": "property does not exist"}}
2026-03-06 09:33:13 ERROR root remotelib error:LobbyPanel:14774:{"property": "SetVisible", "value": [false], "qualifier": {"code": "property does not exist"}}
2026-03-06 09:33:13 ERROR root remotelib error:BWDPanel:14773:{"property": "SetVisible", "value": [false], "qualifier": {"code": "property does not exist"}}
2026-03-06 09:33:13 ERROR root remotelib error:IC143Panel:4907:{"property": "SetText", "value": ["CATV 6"], "qualifier": {"code": "property does not exist"}}
2026-03-06 09:33:13 ERROR root remotelib error:BWDPanel:14774:{"property": "SetVisible", "value": [false], "qualifier": {"code": "property does not exist"}}
2026-03-06 09:33:13 ERROR root remotelib error:IC144Panel:14781:{"property": "SetVisible", "value": [false], "qualifier": {"code": "property does not exist"}}
2026-03-06 09:33:13 ERROR root remotelib error:LobbyPanel:14775:{"property": "SetVisible", "value": [false], "qualifier": {"code": "property does not exist"}}
2026-03-06 09:33:13 ERROR root remotelib error:BreakRmPanel:14606:{"property": "SetState", "value": [0], "qualifier": {"code": "property does not exist"}}
2026-03-06 09:33:13 ERROR root remotelib error:IC144Panel:14782:{"property": "SetVisible", "value": [false], "qualifier": {"code": "property does not exist"}}
2026-03-06 09:33:13 ERROR root remotelib error:LobbyPanel:14776:{"property": "SetVisible", "value": [false], "qualifier": {"code": "property does not exist"}}
2026-03-06 09:33:13 ERROR root remotelib error:IC144Panel:4850:{"property": "SetText", "value": ["None"], "qualifier": {"code": "property does not exist"}}
2026-03-06 09:33:13 ERROR root remotelib error:IC142Panel:14605:{"property": "SetState", "value": [0], "qualifier": {"code": "property does not exist"}}
2026-03-06 09:33:13 ERROR root remotelib error:HallPanel:4855:{"property": "SetText", "value": ["CATV 4"], "qualifier": {"code": "property does not exist"}}
2026-03-06 09:33:13 ERROR root remotelib error:LobbyPanel:14777:{"property": "SetVisible", "value": [false], "qualifier": {"code": "property does not exist"}}
2026-03-06 09:33:13 ERROR root remotelib error:HallPanel:4905:{"property": "SetText", "value": ["CATV 4"], "qualifier": {"code": "property does not exist"}}
2026-03-06 09:33:13 ERROR root remotelib error:BWDPanel:14775:{"property": "SetVisible", "value": [false], "qualifier": {"code": "property does not exist"}}
2026-03-06 09:33:13 ERROR root remotelib error:IC144Panel:4900:{"property": "SetText", "value": ["None"], "qualifier": {"code": "property does not exist"}}
2026-03-06 09:33:13 ERROR root remotelib error:IC143Panel:14607:{"property": "SetState", "value": [0], "qualifier": {"code": "property does not exist"}}
2026-03-06 09:33:13 ERROR root remotelib error:LobbyPanel:14778:{"property": "SetVisible", "value": [false], "qualifier": {"code": "property does not exist"}}
2026-03-06 09:33:13 ERROR root remotelib error:BWDPanel:14776:{"property": "SetVisible", "value": [false], "qualifier": {"code": "property does not exist"}}
2026-03-06 09:33:13 ERROR root remotelib error:IC144Panel:4600:{"property": "SetText", "value": ["None"], "qualifier": {"code": "property does not exist"}}
2026-03-06 09:33:13 ERROR root remotelib error:BreakRmPanel:4857:{"property": "SetText", "value": ["CATV 6"], "qualifier": {"code": "property does not exist"}}
2026-03-06 09:33:14 ERROR root remotelib error:LobbyPanel:14779:{"property": "SetVisible", "value": [false], "qualifier": {"code": "property does not exist"}}
2026-03-06 09:33:14 ERROR root remotelib error:BWDPanel:14777:{"property": "SetVisible", "value": [false], "qualifier": {"code": "property does not exist"}}
2026-03-06 09:33:14 ERROR root remotelib error:IC144Panel:4851:{"property": "SetText", "value": ["None"], "qualifier": {"code": "property does not exist"}}
2026-03-06 09:33:14 ERROR root remotelib error:IC142Panel:4856:{"property": "SetText", "value": ["CATV 5"], "qualifier": {"code": "property does not exist"}}
2026-03-06 09:33:14 ERROR root remotelib error:BreakRmPanel:4907:{"property": "SetText", "value": ["CATV 6"], "qualifier": {"code": "property does not exist"}}
2026-03-06 09:33:14 ERROR root remotelib error:IC143Panel:4858:{"property": "SetText", "value": ["None"], "qualifier": {"code": "property does not exist"}}
2026-03-06 09:33:14 ERROR root remotelib error:BWDPanel:14778:{"property": "SetVisible", "value": [false], "qualifier": {"code": "property does not exist"}}
2026-03-06 09:33:14 ERROR root remotelib error:HallPanel:14605:{"property": "SetState", "value": [0], "qualifier": {"code": "property does not exist"}}
2026-03-06 09:33:14 ERROR root remotelib error:IC144Panel:4901:{"property": "SetText", "value": ["None"], "qualifier": {"code": "property does not exist"}}
2026-03-06 09:33:14 ERROR root remotelib error:IC142Panel:4906:{"property": "SetText", "value": ["CATV 5"], "qualifier": {"code": "property does not exist"}}
2026-03-06 09:33:14 ERROR root remotelib error:BWDPanel:14779:{"property": "SetVisible", "value": [false], "qualifier": {"code": "property does not exist"}}
2026-03-06 09:33:14 ERROR root remotelib error:LobbyPanel:14780:{"property": "SetVisible", "value": [false], "qualifier": {"code": "property does not exist"}}
2026-03-06 09:33:14 ERROR root remotelib error:BWDPanel:14780:{"property": "SetVisible", "value": [false], "qualifier": {"code": "property does not exist"}}
2026-03-06 09:33:14 ERROR root remotelib error:LobbyPanel:14781:{"property": "SetVisible", "value": [false], "qualifier": {"code": "property does not exist"}}
2026-03-06 09:33:14 ERROR root remotelib error:IC144Panel:4852:{"property": "SetText", "value": ["CATV 1"], "qualifier": {"code": "property does not exist"}}
2026-03-06 09:33:14 ERROR root remotelib error:IC143Panel:4908:{"property": "SetText", "value": ["None"], "qualifier": {"code": "property does not exist"}}
2026-03-06 09:33:14 ERROR root remotelib error:BWDPanel:14781:{"property": "SetVisible", "value": [false], "qualifier": {"code": "property does not exist"}}
2026-03-06 09:33:14 ERROR root remotelib error:LobbyPanel:14782:{"property": "SetVisible", "value": [false], "qualifier": {"code": "property does not exist"}}
2026-03-06 09:33:14 ERROR root remotelib error:BreakRmPanel:14607:{"property": "SetState", "value": [0], "qualifier": {"code": "property does not exist"}}
2026-03-06 09:33:14 ERROR root remotelib error:IC144Panel:4902:{"property": "SetText", "value": ["CATV 1"], "qualifier": {"code": "property does not exist"}}
2026-03-06 09:33:14 ERROR root remotelib error:LobbyPanel:4850:{"property": "SetText", "value": ["None"], "qualifier": {"code": "property does not exist"}}
2026-03-06 09:33:14 ERROR root remotelib error:BWDPanel:14782:{"property": "SetVisible", "value": [false], "qualifier": {"code": "property does not exist"}}
2026-03-06 09:33:14 ERROR root remotelib error:IC143Panel:4608:{"property": "SetText", "value": ["None"], "qualifier": {"code": "property does not exist"}}
2026-03-06 09:33:14 ERROR root remotelib error:HallPanel:4856:{"property": "SetText", "value": ["CATV 5"], "qualifier": {"code": "property does not exist"}}
2026-03-06 09:33:14 ERROR root remotelib error:LobbyPanel:4900:{"property": "SetText", "value": ["None"], "qualifier": {"code": "property does not exist"}}
2026-03-06 09:33:14 ERROR root remotelib error:IC143Panel:15107:{"property": "SetVisible", "value": [false], "qualifier": {"code": "property does not exist"}}
2026-03-06 09:33:14 ERROR root remotelib error:IC142Panel:14606:{"property": "SetState", "value": [0], "qualifier": {"code": "property does not exist"}}
2026-03-06 09:33:14 ERROR root remotelib error:HallPanel:4906:{"property": "SetText", "value": ["CATV 5"], "qualifier": {"code": "property does not exist"}}
2026-03-06 09:33:14 ERROR root remotelib error:BWDPanel:4850:{"property": "SetText", "value": ["None"], "qualifier": {"code": "property does not exist"}}
2026-03-06 09:33:14 ERROR root remotelib error:LobbyPanel:4600:{"property": "SetText", "value": ["None"], "qualifier": {"code": "property does not exist"}}
2026-03-06 09:33:14 ERROR root remotelib error:IC144Panel:14602:{"property": "SetState", "value": [0], "qualifier": {"code": "property does not exist"}}
2026-03-06 09:33:14 ERROR root remotelib error:IC143Panel:14608:{"property": "SetState", "value": [0], "qualifier": {"code": "property does not exist"}}
2026-03-06 09:33:14 ERROR root remotelib error:LobbyPanel:4851:{"property": "SetText", "value": ["None"], "qualifier": {"code": "property does not exist"}}
2026-03-06 09:33:14 ERROR root remotelib error:BreakRmPanel:4858:{"property": "SetText", "value": ["None"], "qualifier": {"code": "property does not exist"}}
2026-03-06 09:33:14 ERROR root remotelib error:LobbyPanel:4901:{"property": "SetText", "value": ["None"], "qualifier": {"code": "property does not exist"}}
2026-03-06 09:33:14 ERROR root remotelib error:BreakRmPanel:4908:{"property": "SetText", "value": ["None"], "qualifier": {"code": "property does not exist"}}
2026-03-06 09:33:14 ERROR root remotelib error:BWDPanel:4900:{"property": "SetText", "value": ["None"], "qualifier": {"code": "property does not exist"}}
2026-03-06 09:33:14 ERROR root remotelib error:IC142Panel:4857:{"property": "SetText", "value": ["CATV 6"], "qualifier": {"code": "property does not exist"}}
2026-03-06 09:33:14 ERROR root remotelib error:HallPanel:14606:{"property": "SetState", "value": [0], "qualifier": {"code": "property does not exist"}}
2026-03-06 09:33:14 ERROR root remotelib error:IC143Panel:4758:{"property": "SetText", "value": [""], "qualifier": {"code": "property does not exist"}}
2026-03-06 09:33:14 ERROR root remotelib error:BWDPanel:4600:{"property": "SetText", "value": ["None"], "qualifier": {"code": "property does not exist"}}
2026-03-06 09:33:14 ERROR root remotelib error:BreakRmPanel:4608:{"property": "SetText", "value": ["None"], "qualifier": {"code": "property does not exist"}}
2026-03-06 09:33:14 ERROR root remotelib error:IC142Panel:4907:{"property": "SetText", "value": ["CATV 6"], "qualifier": {"code": "property does not exist"}}
2026-03-06 09:33:14 ERROR root remotelib error:IC144Panel:4853:{"property": "SetText", "value": ["CATV 2"], "qualifier": {"code": "property does not exist"}}
2026-03-06 09:33:14 ERROR root remotelib error:BWDPanel:4851:{"property": "SetText", "value": ["None"], "qualifier": {"code": "property does not exist"}}
2026-03-06 09:33:14 ERROR root remotelib error:LobbyPanel:4852:{"property": "SetText", "value": ["CATV 1"], "qualifier": {"code": "property does not exist"}}
2026-03-06 09:33:14 ERROR root remotelib error:IC143Panel:4859:{"property": "SetText", "value": ["None"], "qualifier": {"code": "property does not exist"}}
2026-03-06 09:33:14 ERROR root remotelib error:BWDPanel:4901:{"property": "SetText", "value": ["None"], "qualifier": {"code": "property does not exist"}}
2026-03-06 09:33:14 ERROR root remotelib error:LobbyPanel:4902:{"property": "SetText", "value": ["CATV 1"], "qualifier": {"code": "property does not exist"}}
2026-03-06 09:33:14 ERROR root remotelib error:BreakRmPanel:15107:{"property": "SetVisible", "value": [false], "qualifier": {"code": "property does not exist"}}
2026-03-06 09:33:14 ERROR root remotelib error:IC144Panel:4903:{"property": "SetText", "value": ["CATV 2"], "qualifier": {"code": "property does not exist"}}
2026-03-06 09:33:14 ERROR root remotelib error:HallPanel:4857:{"property": "SetText", "value": ["CATV 6"], "qualifier": {"code": "property does not exist"}}
2026-03-06 09:33:14 ERROR root remotelib error:BreakRmPanel:14608:{"property": "SetState", "value": [0], "qualifier": {"code": "property does not exist"}}
2026-03-06 09:33:14 ERROR root remotelib error:IC143Panel:4909:{"property": "SetText", "value": ["None"], "qualifier": {"code": "property does not exist"}}
2026-03-06 09:33:14 ERROR root remotelib error:BWDPanel:4852:{"property": "SetText", "value": ["CATV 1"], "qualifier": {"code": "property does not exist"}}
2026-03-06 09:33:14 ERROR root remotelib error:HallPanel:4907:{"property": "SetText", "value": ["CATV 6"], "qualifier": {"code": "property does not exist"}}
2026-03-06 09:33:14 ERROR root remotelib error:IC142Panel:14607:{"property": "SetState", "value": [0], "qualifier": {"code": "property does not exist"}}
2026-03-06 09:33:14 ERROR root remotelib error:BreakRmPanel:4758:{"property": "SetText", "value": [""], "qualifier": {"code": "property does not exist"}}
2026-03-06 09:33:14 ERROR root remotelib error:BWDPanel:4902:{"property": "SetText", "value": ["CATV 1"], "qualifier": {"code": "property does not exist"}}
2026-03-06 09:33:14 ERROR root remotelib error:LobbyPanel:14602:{"property": "SetState", "value": [0], "qualifier": {"code": "property does not exist"}}
2026-03-06 09:33:14 ERROR root remotelib error:BreakRmPanel:4859:{"property": "SetText", "value": ["None"], "qualifier": {"code": "property does not exist"}}
2026-03-06 09:33:14 ERROR root remotelib error:IC143Panel:15108:{"property": "SetVisible", "value": [false], "qualifier": {"code": "property does not exist"}}
2026-03-06 09:33:14 ERROR root remotelib error:IC144Panel:14603:{"property": "SetState", "value": [0], "qualifier": {"code": "property does not exist"}}
2026-03-06 09:33:14 ERROR root remotelib error:IC142Panel:4858:{"property": "SetText", "value": ["None"], "qualifier": {"code": "property does not exist"}}
2026-03-06 09:33:14 ERROR root remotelib error:BreakRmPanel:4909:{"property": "SetText", "value": ["None"], "qualifier": {"code": "property does not exist"}}
2026-03-06 09:33:14 ERROR root remotelib error:IC142Panel:4908:{"property": "SetText", "value": ["None"], "qualifier": {"code": "property does not exist"}}
2026-03-06 09:33:14 ERROR root remotelib error:BWDPanel:14602:{"property": "SetState", "value": [0], "qualifier": {"code": "property does not exist"}}
2026-03-06 09:33:14 ERROR root remotelib error:IC143Panel:14609:{"property": "SetState", "value": [0], "qualifier": {"code": "property does not exist"}}
2026-03-06 09:33:14 ERROR root remotelib error:LobbyPanel:4853:{"property": "SetText", "value": ["CATV 2"], "qualifier": {"code": "property does not exist"}}
2026-03-06 09:33:14 ERROR root remotelib error:IC142Panel:4608:{"property": "SetText", "value": ["None"], "qualifier": {"code": "property does not exist"}}
2026-03-06 09:33:14 ERROR root remotelib error:LobbyPanel:4903:{"property": "SetText", "value": ["CATV 2"], "qualifier": {"code": "property does not exist"}}
2026-03-06 09:33:14 ERROR root remotelib error:IC142Panel:15107:{"property": "SetVisible", "value": [false], "qualifier": {"code": "property does not exist"}}
2026-03-06 09:33:14 ERROR root remotelib error:HallPanel:14607:{"property": "SetState", "value": [0], "qualifier": {"code": "property does not exist"}}
2026-03-06 09:33:14 ERROR root remotelib error:IC144Panel:4854:{"property": "SetText", "value": ["CATV 3"], "qualifier": {"code": "property does not exist"}}
2026-03-06 09:33:14 ERROR root remotelib error:IC144Panel:4904:{"property": "SetText", "value": ["CATV 3"], "qualifier": {"code": "property does not exist"}}
2026-03-06 09:33:14 ERROR root remotelib error:IC142Panel:14608:{"property": "SetState", "value": [0], "qualifier": {"code": "property does not exist"}}
2026-03-06 09:33:14 ERROR root remotelib error:BreakRmPanel:15108:{"property": "SetVisible", "value": [false], "qualifier": {"code": "property does not exist"}}
2026-03-06 09:33:14 ERROR root remotelib error:BWDPanel:4853:{"property": "SetText", "value": ["CATV 2"], "qualifier": {"code": "property does not exist"}}
2026-03-06 09:33:14 ERROR root remotelib error:IC143Panel:4860:{"property": "SetText", "value": ["Security Feed"], "qualifier": {"code": "property does not exist"}}
2026-03-06 09:33:14 ERROR root remotelib error:IC143Panel:4910:{"property": "SetText", "value": ["Security Feed"], "qualifier": {"code": "property does not exist"}}
2026-03-06 09:33:14 ERROR root remotelib error:BreakRmPanel:14609:{"property": "SetState", "value": [0], "qualifier": {"code": "property does not exist"}}
2026-03-06 09:33:14 ERROR root remotelib error:IC143Panel:4610:{"property": "SetText", "value": ["Security Feed"], "qualifier": {"code": "property does not exist"}}
2026-03-06 09:33:14 ERROR root remotelib error:LobbyPanel:14603:{"property": "SetState", "value": [0], "qualifier": {"code": "property does not exist"}}
2026-03-06 09:33:14 ERROR root remotelib error:HallPanel:4858:{"property": "SetText", "value": ["None"], "qualifier": {"code": "property does not exist"}}
2026-03-06 09:33:14 ERROR root remotelib error:IC142Panel:4758:{"property": "SetText", "value": [""], "qualifier": {"code": "property does not exist"}}
2026-03-06 09:33:14 ERROR root remotelib error:IC144Panel:14604:{"property": "SetState", "value": [0], "qualifier": {"code": "property does not exist"}}
2026-03-06 09:33:14 ERROR root remotelib error:HallPanel:4908:{"property": "SetText", "value": ["None"], "qualifier": {"code": "property does not exist"}}
2026-03-06 09:33:14 ERROR root remotelib error:BWDPanel:4903:{"property": "SetText", "value": ["CATV 2"], "qualifier": {"code": "property does not exist"}}
2026-03-06 09:33:14 ERROR root remotelib error:IC142Panel:4859:{"property": "SetText", "value": ["None"], "qualifier": {"code": "property does not exist"}}
2026-03-06 09:33:14 ERROR root remotelib error:HallPanel:4608:{"property": "SetText", "value": ["None"], "qualifier": {"code": "property does not exist"}}
2026-03-06 09:33:15 ERROR root remotelib error:HallPanel:15107:{"property": "SetVisible", "value": [false], "qualifier": {"code": "property does not exist"}}
2026-03-06 09:33:15 ERROR root remotelib error:IC143Panel:14610:{"property": "SetState", "value": [0], "qualifier": {"code": "property does not exist"}}
2026-03-06 09:33:15 ERROR root remotelib error:BreakRmPanel:4860:{"property": "SetText", "value": ["Security Feed"], "qualifier": {"code": "property does not exist"}}
2026-03-06 09:33:15 ERROR root remotelib error:IC142Panel:4909:{"property": "SetText", "value": ["None"], "qualifier": {"code": "property does not exist"}}
2026-03-06 09:33:15 ERROR root remotelib error:IC144Panel:4855:{"property": "SetText", "value": ["CATV 4"], "qualifier": {"code": "property does not exist"}}
2026-03-06 09:33:15 ERROR root remotelib error:HallPanel:14608:{"property": "SetState", "value": [0], "qualifier": {"code": "property does not exist"}}
2026-03-06 09:33:15 ERROR root remotelib error:LobbyPanel:4854:{"property": "SetText", "value": ["CATV 3"], "qualifier": {"code": "property does not exist"}}
2026-03-06 09:33:15 ERROR root remotelib error:BreakRmPanel:4910:{"property": "SetText", "value": ["Security Feed"], "qualifier": {"code": "property does not exist"}}
2026-03-06 09:33:15 ERROR root remotelib error:BWDPanel:14603:{"property": "SetState", "value": [0], "qualifier": {"code": "property does not exist"}}
2026-03-06 09:33:15 ERROR root remotelib error:IC144Panel:4905:{"property": "SetText", "value": ["CATV 4"], "qualifier": {"code": "property does not exist"}}
2026-03-06 09:33:15 ERROR root remotelib error:IC143Panel:4760:{"property": "SetText", "value": [""], "qualifier": {"code": "property does not exist"}}
2026-03-06 09:33:15 ERROR root remotelib error:IC142Panel:15108:{"property": "SetVisible", "value": [false], "qualifier": {"code": "property does not exist"}}
2026-03-06 09:33:15 ERROR root remotelib error:LobbyPanel:4904:{"property": "SetText", "value": ["CATV 3"], "qualifier": {"code": "property does not exist"}}
2026-03-06 09:33:15 ERROR root remotelib error:HallPanel:4758:{"property": "SetText", "value": [""], "qualifier": {"code": "property does not exist"}}
2026-03-06 09:33:15 ERROR root remotelib error:IC143Panel:4861:{"property": "SetText", "value": ["Signage"], "qualifier": {"code": "property does not exist"}}
2026-03-06 09:33:15 ERROR root remotelib error:IC143Panel:4911:{"property": "SetText", "value": ["Signage"], "qualifier": {"code": "property does not exist"}}
2026-03-06 09:33:15 ERROR root remotelib error:HallPanel:4859:{"property": "SetText", "value": ["None"], "qualifier": {"code": "property does not exist"}}
2026-03-06 09:33:15 ERROR root remotelib error:BreakRmPanel:14610:{"property": "SetState", "value": [0], "qualifier": {"code": "property does not exist"}}
2026-03-06 09:33:15 ERROR root remotelib error:IC142Panel:14609:{"property": "SetState", "value": [0], "qualifier": {"code": "property does not exist"}}
2026-03-06 09:33:15 ERROR root remotelib error:HallPanel:4909:{"property": "SetText", "value": ["None"], "qualifier": {"code": "property does not exist"}}
2026-03-06 09:33:15 ERROR root remotelib error:IC143Panel:4611:{"property": "SetText", "value": ["Signage"], "qualifier": {"code": "property does not exist"}}
2026-03-06 09:33:15 ERROR root remotelib error:HallPanel:4609:{"property": "SetText", "value": ["None"], "qualifier": {"code": "property does not exist"}}
2026-03-06 09:33:15 ERROR root remotelib error:IC144Panel:14605:{"property": "SetState", "value": [0], "qualifier": {"code": "property does not exist"}}
2026-03-06 09:33:15 ERROR root remotelib error:LobbyPanel:14604:{"property": "SetState", "value": [0], "qualifier": {"code": "property does not exist"}}
2026-03-06 09:33:15 ERROR root remotelib error:IC143Panel:15110:{"property": "SetVisible", "value": [false], "qualifier": {"code": "property does not exist"}}
2026-03-06 09:33:15 ERROR root remotelib error:HallPanel:15108:{"property": "SetVisible", "value": [false], "qualifier": {"code": "property does not exist"}}
2026-03-06 09:33:15 ERROR root remotelib error:BWDPanel:4854:{"property": "SetText", "value": ["CATV 3"], "qualifier": {"code": "property does not exist"}}
2026-03-06 09:33:15 ERROR root remotelib error:BreakRmPanel:4861:{"property": "SetText", "value": ["Signage"], "qualifier": {"code": "property does not exist"}}
2026-03-06 09:33:15 ERROR root remotelib error:IC143Panel:14611:{"property": "SetState", "value": [0], "qualifier": {"code": "property does not exist"}}
2026-03-06 09:33:15 ERROR root remotelib error:HallPanel:14609:{"property": "SetState", "value": [0], "qualifier": {"code": "property does not exist"}}
2026-03-06 09:33:15 ERROR root remotelib error:BWDPanel:4904:{"property": "SetText", "value": ["CATV 3"], "qualifier": {"code": "property does not exist"}}
2026-03-06 09:33:15 ERROR root remotelib error:BreakRmPanel:4911:{"property": "SetText", "value": ["Signage"], "qualifier": {"code": "property does not exist"}}
2026-03-06 09:33:15 ERROR root remotelib error:IC142Panel:4860:{"property": "SetText", "value": ["Security Feed"], "qualifier": {"code": "property does not exist"}}
2026-03-06 09:33:15 ERROR root remotelib error:IC144Panel:4856:{"property": "SetText", "value": ["CATV 5"], "qualifier": {"code": "property does not exist"}}
2026-03-06 09:33:15 ERROR root remotelib error:HallPanel:4759:{"property": "SetText", "value": [""], "qualifier": {"code": "property does not exist"}}
2026-03-06 09:33:15 ERROR root remotelib error:IC143Panel:4761:{"property": "SetText", "value": [""], "qualifier": {"code": "property does not exist"}}
2026-03-06 09:33:15 ERROR root remotelib error:IC142Panel:4910:{"property": "SetText", "value": ["Security Feed"], "qualifier": {"code": "property does not exist"}}
2026-03-06 09:33:15 ERROR root remotelib error:BreakRmPanel:4611:{"property": "SetText", "value": ["Signage"], "qualifier": {"code": "property does not exist"}}
2026-03-06 09:33:15 ERROR root remotelib error:IC144Panel:4906:{"property": "SetText", "value": ["CATV 5"], "qualifier": {"code": "property does not exist"}}
2026-03-06 09:33:15 ERROR root remotelib error:IC142Panel:4610:{"property": "SetText", "value": ["Security Feed"], "qualifier": {"code": "property does not exist"}}
2026-03-06 09:33:15 ERROR root remotelib error:HallPanel:4860:{"property": "SetText", "value": ["Security Feed"], "qualifier": {"code": "property does not exist"}}
2026-03-06 09:33:15 ERROR root remotelib error:IC143Panel:4862:{"property": "SetText", "value": ["none"], "qualifier": {"code": "property does not exist"}}
2026-03-06 09:33:15 ERROR root remotelib error:BWDPanel:14604:{"property": "SetState", "value": [0], "qualifier": {"code": "property does not exist"}}
2026-03-06 09:33:15 ERROR root remotelib error:LobbyPanel:4855:{"property": "SetText", "value": ["CATV 4"], "qualifier": {"code": "property does not exist"}}
2026-03-06 09:33:15 ERROR root remotelib error:BreakRmPanel:14611:{"property": "SetState", "value": [0], "qualifier": {"code": "property does not exist"}}
2026-03-06 09:33:15 ERROR root remotelib error:HallPanel:4910:{"property": "SetText", "value": ["Security Feed"], "qualifier": {"code": "property does not exist"}}
2026-03-06 09:33:15 ERROR root remotelib error:IC142Panel:14610:{"property": "SetState", "value": [0], "qualifier": {"code": "property does not exist"}}
2026-03-06 09:33:15 ERROR root remotelib error:LobbyPanel:4905:{"property": "SetText", "value": ["CATV 4"], "qualifier": {"code": "property does not exist"}}
2026-03-06 09:33:15 ERROR root remotelib error:IC143Panel:4912:{"property": "SetText", "value": ["none"], "qualifier": {"code": "property does not exist"}}
2026-03-06 09:33:15 ERROR root remotelib error:HallPanel:4610:{"property": "SetText", "value": ["Security Feed"], "qualifier": {"code": "property does not exist"}}
2026-03-06 09:33:15 ERROR root remotelib error:IC143Panel:4612:{"property": "SetText", "value": ["none"], "qualifier": {"code": "property does not exist"}}
2026-03-06 09:33:15 ERROR root remotelib error:BreakRmPanel:4761:{"property": "SetText", "value": [""], "qualifier": {"code": "property does not exist"}}
2026-03-06 09:33:15 ERROR root remotelib error:HallPanel:15109:{"property": "SetVisible", "value": [false], "qualifier": {"code": "property does not exist"}}
2026-03-06 09:33:15 ERROR root remotelib error:BWDPanel:4855:{"property": "SetText", "value": ["CATV 4"], "qualifier": {"code": "property does not exist"}}
2026-03-06 09:33:15 ERROR root remotelib error:IC143Panel:15111:{"property": "SetVisible", "value": [false], "qualifier": {"code": "property does not exist"}}
2026-03-06 09:33:15 ERROR root remotelib error:IC144Panel:14606:{"property": "SetState", "value": [0], "qualifier": {"code": "property does not exist"}}
2026-03-06 09:33:15 ERROR root remotelib error:BreakRmPanel:4862:{"property": "SetText", "value": ["none"], "qualifier": {"code": "property does not exist"}}
2026-03-06 09:33:15 ERROR root remotelib error:BWDPanel:4905:{"property": "SetText", "value": ["CATV 4"], "qualifier": {"code": "property does not exist"}}
2026-03-06 09:33:15 ERROR root remotelib error:IC142Panel:4760:{"property": "SetText", "value": [""], "qualifier": {"code": "property does not exist"}}
2026-03-06 09:33:15 ERROR root remotelib error:IC143Panel:14612:{"property": "SetState", "value": [0], "qualifier": {"code": "property does not exist"}}
2026-03-06 09:33:15 ERROR root remotelib error:LobbyPanel:14605:{"property": "SetState", "value": [0], "qualifier": {"code": "property does not exist"}}
2026-03-06 09:33:15 ERROR root remotelib error:HallPanel:14610:{"property": "SetState", "value": [0], "qualifier": {"code": "property does not exist"}}
2026-03-06 09:33:15 ERROR root remotelib error:IC143Panel:4762:{"property": "SetText", "value": [""], "qualifier": {"code": "property does not exist"}}
2026-03-06 09:33:15 ERROR root remotelib error:IC142Panel:4861:{"property": "SetText", "value": ["Signage"], "qualifier": {"code": "property does not exist"}}
2026-03-06 09:33:15 ERROR root remotelib error:HallPanel:4760:{"property": "SetText", "value": [""], "qualifier": {"code": "property does not exist"}}
2026-03-06 09:33:15 ERROR root remotelib error:BreakRmPanel:4912:{"property": "SetText", "value": ["none"], "qualifier": {"code": "property does not exist"}}
2026-03-06 09:33:15 ERROR root remotelib error:IC143Panel:4863:{"property": "SetText", "value": ["none"], "qualifier": {"code": "property does not exist"}}
2026-03-06 09:33:15 ERROR root remotelib error:IC142Panel:4911:{"property": "SetText", "value": ["Signage"], "qualifier": {"code": "property does not exist"}}
2026-03-06 09:33:15 ERROR root remotelib error:HallPanel:4861:{"property": "SetText", "value": ["Signage"], "qualifier": {"code": "property does not exist"}}
2026-03-06 09:33:15 ERROR root remotelib error:IC142Panel:4611:{"property": "SetText", "value": ["Signage"], "qualifier": {"code": "property does not exist"}}
2026-03-06 09:33:15 ERROR root remotelib error:LobbyPanel:4856:{"property": "SetText", "value": ["CATV 5"], "qualifier": {"code": "property does not exist"}}
2026-03-06 09:33:15 ERROR root remotelib error:BreakRmPanel:4612:{"property": "SetText", "value": ["none"], "qualifier": {"code": "property does not exist"}}
2026-03-06 09:33:15 ERROR root remotelib error:IC144Panel:4857:{"property": "SetText", "value": ["CATV 6"], "qualifier": {"code": "property does not exist"}}
2026-03-06 09:33:15 ERROR root remotelib error:IC143Panel:4913:{"property": "SetText", "value": ["none"], "qualifier": {"code": "property does not exist"}}
2026-03-06 09:33:15 ERROR root remotelib error:BWDPanel:14605:{"property": "SetState", "value": [0], "qualifier": {"code": "property does not exist"}}
2026-03-06 09:33:15 ERROR root remotelib error:HallPanel:4911:{"property": "SetText", "value": ["Signage"], "qualifier": {"code": "property does not exist"}}
2026-03-06 09:33:15 ERROR root remotelib error:IC142Panel:15110:{"property": "SetVisible", "value": [false], "qualifier": {"code": "property does not exist"}}
2026-03-06 09:33:15 ERROR root remotelib error:IC144Panel:4907:{"property": "SetText", "value": ["CATV 6"], "qualifier": {"code": "property does not exist"}}
2026-03-06 09:33:15 ERROR root remotelib error:IC143Panel:4613:{"property": "SetText", "value": ["none"], "qualifier": {"code": "property does not exist"}}
2026-03-06 09:33:15 ERROR root remotelib error:BreakRmPanel:15111:{"property": "SetVisible", "value": [false], "qualifier": {"code": "property does not exist"}}
2026-03-06 09:33:15 ERROR root remotelib error:LobbyPanel:4906:{"property": "SetText", "value": ["CATV 5"], "qualifier": {"code": "property does not exist"}}
2026-03-06 09:33:15 ERROR root remotelib error:BreakRmPanel:14612:{"property": "SetState", "value": [0], "qualifier": {"code": "property does not exist"}}
2026-03-06 09:33:15 ERROR root remotelib error:IC143Panel:15112:{"property": "SetVisible", "value": [false], "qualifier": {"code": "property does not exist"}}
2026-03-06 09:33:15 ERROR root remotelib error:IC142Panel:14611:{"property": "SetState", "value": [0], "qualifier": {"code": "property does not exist"}}
2026-03-06 09:33:15 ERROR root remotelib error:HallPanel:14611:{"property": "SetState", "value": [0], "qualifier": {"code": "property does not exist"}}
2026-03-06 09:33:15 ERROR root remotelib error:IC143Panel:14613:{"property": "SetState", "value": [0], "qualifier": {"code": "property does not exist"}}
2026-03-06 09:33:15 ERROR root remotelib error:IC144Panel:14607:{"property": "SetState", "value": [0], "qualifier": {"code": "property does not exist"}}
2026-03-06 09:33:15 ERROR root remotelib error:BreakRmPanel:4762:{"property": "SetText", "value": [""], "qualifier": {"code": "property does not exist"}}
2026-03-06 09:33:15 ERROR root remotelib error:IC142Panel:4761:{"property": "SetText", "value": [""], "qualifier": {"code": "property does not exist"}}
2026-03-06 09:33:15 ERROR root remotelib error:IC143Panel:4763:{"property": "SetText", "value": [""], "qualifier": {"code": "property does not exist"}}
2026-03-06 09:33:16 ERROR root remotelib error:BWDPanel:4856:{"property": "SetText", "value": ["CATV 5"], "qualifier": {"code": "property does not exist"}}
2026-03-06 09:33:16 ERROR root remotelib error:LobbyPanel:14606:{"property": "SetState", "value": [0], "qualifier": {"code": "property does not exist"}}
2026-03-06 09:33:16 ERROR root remotelib error:IC142Panel:4862:{"property": "SetText", "value": ["none"], "qualifier": {"code": "property does not exist"}}
2026-03-06 09:33:16 ERROR root remotelib error:BWDPanel:4906:{"property": "SetText", "value": ["CATV 5"], "qualifier": {"code": "property does not exist"}}
2026-03-06 09:33:16 ERROR root remotelib error:IC142Panel:4912:{"property": "SetText", "value": ["none"], "qualifier": {"code": "property does not exist"}}
2026-03-06 09:33:16 ERROR root remotelib error:BreakRmPanel:4863:{"property": "SetText", "value": ["none"], "qualifier": {"code": "property does not exist"}}
2026-03-06 09:33:16 ERROR root remotelib error:IC143Panel:4864:{"property": "SetText", "value": ["BWD Feed 1"], "qualifier": {"code": "property does not exist"}}
2026-03-06 09:33:16 ERROR root remotelib error:IC144Panel:4858:{"property": "SetText", "value": ["None"], "qualifier": {"code": "property does not exist"}}
2026-03-06 09:33:16 ERROR root remotelib error:BreakRmPanel:4913:{"property": "SetText", "value": ["none"], "qualifier": {"code": "property does not exist"}}
2026-03-06 09:33:16 ERROR root remotelib error:HallPanel:4862:{"property": "SetText", "value": ["none"], "qualifier": {"code": "property does not exist"}}
2026-03-06 09:33:16 ERROR root remotelib error:IC142Panel:4612:{"property": "SetText", "value": ["none"], "qualifier": {"code": "property does not exist"}}
2026-03-06 09:33:16 ERROR root remotelib error:IC144Panel:4908:{"property": "SetText", "value": ["None"], "qualifier": {"code": "property does not exist"}}
2026-03-06 09:33:16 ERROR root remotelib error:IC143Panel:4914:{"property": "SetText", "value": ["BWD Feed 1"], "qualifier": {"code": "property does not exist"}}
2026-03-06 09:33:16 ERROR root remotelib error:BreakRmPanel:4613:{"property": "SetText", "value": ["none"], "qualifier": {"code": "property does not exist"}}
2026-03-06 09:33:16 ERROR root remotelib error:HallPanel:4912:{"property": "SetText", "value": ["none"], "qualifier": {"code": "property does not exist"}}
2026-03-06 09:33:16 ERROR root remotelib error:BreakRmPanel:15112:{"property": "SetVisible", "value": [false], "qualifier": {"code": "property does not exist"}}
2026-03-06 09:33:16 ERROR root remotelib error:IC142Panel:15111:{"property": "SetVisible", "value": [false], "qualifier": {"code": "property does not exist"}}
2026-03-06 09:33:16 ERROR root remotelib error:LobbyPanel:4857:{"property": "SetText", "value": ["CATV 6"], "qualifier": {"code": "property does not exist"}}
2026-03-06 09:33:16 ERROR root remotelib error:IC144Panel:4608:{"property": "SetText", "value": ["None"], "qualifier": {"code": "property does not exist"}}
2026-03-06 09:33:16 ERROR root remotelib error:HallPanel:4612:{"property": "SetText", "value": ["none"], "qualifier": {"code": "property does not exist"}}
2026-03-06 09:33:16 ERROR root remotelib error:IC142Panel:14612:{"property": "SetState", "value": [0], "qualifier": {"code": "property does not exist"}}
2026-03-06 09:33:16 ERROR root remotelib error:IC144Panel:15107:{"property": "SetVisible", "value": [false], "qualifier": {"code": "property does not exist"}}
2026-03-06 09:33:16 ERROR root remotelib error:BreakRmPanel:14613:{"property": "SetState", "value": [0], "qualifier": {"code": "property does not exist"}}
2026-03-06 09:33:16 ERROR root remotelib error:LobbyPanel:4907:{"property": "SetText", "value": ["CATV 6"], "qualifier": {"code": "property does not exist"}}
2026-03-06 09:33:16 ERROR root remotelib error:IC144Panel:14608:{"property": "SetState", "value": [0], "qualifier": {"code": "property does not exist"}}
2026-03-06 09:33:16 ERROR root remotelib error:HallPanel:15111:{"property": "SetVisible", "value": [false], "qualifier": {"code": "property does not exist"}}
2026-03-06 09:33:16 ERROR root remotelib error:IC143Panel:15113:{"property": "SetVisible", "value": [false], "qualifier": {"code": "property does not exist"}}
2026-03-06 09:33:16 ERROR root remotelib error:BWDPanel:14606:{"property": "SetState", "value": [0], "qualifier": {"code": "property does not exist"}}
2026-03-06 09:33:16 ERROR root remotelib error:IC143Panel:14614:{"property": "SetState", "value": [0], "qualifier": {"code": "property does not exist"}}
2026-03-06 09:33:16 ERROR root remotelib error:BreakRmPanel:4763:{"property": "SetText", "value": [""], "qualifier": {"code": "property does not exist"}}
2026-03-06 09:33:16 ERROR root remotelib error:BreakRmPanel:4864:{"property": "SetText", "value": ["BWD Feed 1"], "qualifier": {"code": "property does not exist"}}
2026-03-06 09:33:16 ERROR root remotelib error:HallPanel:14612:{"property": "SetState", "value": [0], "qualifier": {"code": "property does not exist"}}
2026-03-06 09:33:16 ERROR root remotelib error:IC142Panel:4762:{"property": "SetText", "value": [""], "qualifier": {"code": "property does not exist"}}
2026-03-06 09:33:16 ERROR root remotelib error:IC144Panel:4758:{"property": "SetText", "value": [""], "qualifier": {"code": "property does not exist"}}
2026-03-06 09:33:16 ERROR root remotelib error:IC142Panel:4863:{"property": "SetText", "value": ["none"], "qualifier": {"code": "property does not exist"}}
2026-03-06 09:33:16 ERROR root remotelib error:IC144Panel:4859:{"property": "SetText", "value": ["None"], "qualifier": {"code": "property does not exist"}}
2026-03-06 09:33:16 ERROR root remotelib error:IC142Panel:4913:{"property": "SetText", "value": ["none"], "qualifier": {"code": "property does not exist"}}
2026-03-06 09:33:16 ERROR root remotelib error:IC144Panel:4909:{"property": "SetText", "value": ["None"], "qualifier": {"code": "property does not exist"}}
2026-03-06 09:33:16 ERROR root remotelib error:IC143Panel:4865:{"property": "SetText", "value": ["BWD Feed 2"], "qualifier": {"code": "property does not exist"}}
2026-03-06 09:33:16 ERROR root remotelib error:BreakRmPanel:4914:{"property": "SetText", "value": ["BWD Feed 1"], "qualifier": {"code": "property does not exist"}}
2026-03-06 09:33:16 ERROR root remotelib error:IC143Panel:4915:{"property": "SetText", "value": ["BWD Feed 2"], "qualifier": {"code": "property does not exist"}}
2026-03-06 09:33:16 ERROR root remotelib error:HallPanel:4762:{"property": "SetText", "value": [""], "qualifier": {"code": "property does not exist"}}
2026-03-06 09:33:16 ERROR root remotelib error:LobbyPanel:14607:{"property": "SetState", "value": [0], "qualifier": {"code": "property does not exist"}}
2026-03-06 09:33:16 ERROR root remotelib error:IC142Panel:4613:{"property": "SetText", "value": ["none"], "qualifier": {"code": "property does not exist"}}
2026-03-06 09:33:16 ERROR root remotelib error:BWDPanel:4857:{"property": "SetText", "value": ["CATV 6"], "qualifier": {"code": "property does not exist"}}
2026-03-06 09:33:16 ERROR root remotelib error:BreakRmPanel:4614:{"property": "SetText", "value": ["BWD Feed 1"], "qualifier": {"code": "property does not exist"}}
2026-03-06 09:33:16 ERROR root remotelib error:HallPanel:4863:{"property": "SetText", "value": ["none"], "qualifier": {"code": "property does not exist"}}
2026-03-06 09:33:16 ERROR root remotelib error:IC142Panel:15112:{"property": "SetVisible", "value": [false], "qualifier": {"code": "property does not exist"}}
2026-03-06 09:33:16 ERROR root remotelib error:BWDPanel:4907:{"property": "SetText", "value": ["CATV 6"], "qualifier": {"code": "property does not exist"}}
2026-03-06 09:33:16 ERROR root remotelib error:BreakRmPanel:15113:{"property": "SetVisible", "value": [false], "qualifier": {"code": "property does not exist"}}
2026-03-06 09:33:16 ERROR root remotelib error:HallPanel:4913:{"property": "SetText", "value": ["none"], "qualifier": {"code": "property does not exist"}}
2026-03-06 09:33:16 ERROR root remotelib error:IC144Panel:15108:{"property": "SetVisible", "value": [false], "qualifier": {"code": "property does not exist"}}
2026-03-06 09:33:16 ERROR root remotelib error:IC142Panel:14613:{"property": "SetState", "value": [0], "qualifier": {"code": "property does not exist"}}
2026-03-06 09:33:16 ERROR root remotelib error:BreakRmPanel:14614:{"property": "SetState", "value": [0], "qualifier": {"code": "property does not exist"}}
2026-03-06 09:33:16 ERROR root remotelib error:LobbyPanel:4858:{"property": "SetText", "value": ["None"], "qualifier": {"code": "property does not exist"}}
2026-03-06 09:33:16 ERROR root remotelib error:HallPanel:4613:{"property": "SetText", "value": ["none"], "qualifier": {"code": "property does not exist"}}
2026-03-06 09:33:16 ERROR root remotelib error:IC144Panel:14609:{"property": "SetState", "value": [0], "qualifier": {"code": "property does not exist"}}
2026-03-06 09:33:16 ERROR root remotelib error:LobbyPanel:4908:{"property": "SetText", "value": ["None"], "qualifier": {"code": "property does not exist"}}
2026-03-06 09:33:16 ERROR root remotelib error:IC142Panel:4763:{"property": "SetText", "value": [""], "qualifier": {"code": "property does not exist"}}
2026-03-06 09:33:16 ERROR root remotelib error:IC143Panel:15114:{"property": "SetVisible", "value": [false], "qualifier": {"code": "property does not exist"}}
2026-03-06 09:33:16 ERROR root remotelib error:HallPanel:15112:{"property": "SetVisible", "value": [false], "qualifier": {"code": "property does not exist"}}
2026-03-06 09:33:16 ERROR root remotelib error:IC142Panel:4864:{"property": "SetText", "value": ["BWD Feed 1"], "qualifier": {"code": "property does not exist"}}
2026-03-06 09:33:16 ERROR root remotelib error:BWDPanel:14607:{"property": "SetState", "value": [0], "qualifier": {"code": "property does not exist"}}
2026-03-06 09:33:16 ERROR root remotelib error:BreakRmPanel:4764:{"property": "SetText", "value": [""], "qualifier": {"code": "property does not exist"}}
2026-03-06 09:33:16 ERROR root remotelib error:LobbyPanel:4608:{"property": "SetText", "value": ["None"], "qualifier": {"code": "property does not exist"}}
2026-03-06 09:33:16 ERROR root remotelib error:LobbyPanel:15107:{"property": "SetVisible", "value": [false], "qualifier": {"code": "property does not exist"}}
2026-03-06 09:33:16 ERROR root remotelib error:IC143Panel:14615:{"property": "SetState", "value": [0], "qualifier": {"code": "property does not exist"}}
2026-03-06 09:33:16 ERROR root remotelib error:HallPanel:14613:{"property": "SetState", "value": [0], "qualifier": {"code": "property does not exist"}}
2026-03-06 09:33:16 ERROR root remotelib error:BreakRmPanel:4865:{"property": "SetText", "value": ["BWD Feed 2"], "qualifier": {"code": "property does not exist"}}
2026-03-06 09:33:16 ERROR root remotelib error:IC142Panel:4914:{"property": "SetText", "value": ["BWD Feed 1"], "qualifier": {"code": "property does not exist"}}
2026-03-06 09:33:16 ERROR root remotelib error:IC144Panel:4860:{"property": "SetText", "value": ["Security Feed"], "qualifier": {"code": "property does not exist"}}
2026-03-06 09:33:16 ERROR root remotelib error:HallPanel:4763:{"property": "SetText", "value": [""], "qualifier": {"code": "property does not exist"}}
2026-03-06 09:33:16 ERROR root remotelib error:BreakRmPanel:4915:{"property": "SetText", "value": ["BWD Feed 2"], "qualifier": {"code": "property does not exist"}}
2026-03-06 09:33:16 ERROR root remotelib error:LobbyPanel:14608:{"property": "SetState", "value": [0], "qualifier": {"code": "property does not exist"}}
2026-03-06 09:33:16 ERROR root remotelib error:IC144Panel:4910:{"property": "SetText", "value": ["Security Feed"], "qualifier": {"code": "property does not exist"}}
2026-03-06 09:33:16 ERROR root remotelib error:HallPanel:4864:{"property": "SetText", "value": ["BWD Feed 1"], "qualifier": {"code": "property does not exist"}}
2026-03-06 09:33:16 ERROR root remotelib error:BWDPanel:4858:{"property": "SetText", "value": ["None"], "qualifier": {"code": "property does not exist"}}
2026-03-06 09:33:16 ERROR root remotelib error:IC144Panel:4610:{"property": "SetText", "value": ["Security Feed"], "qualifier": {"code": "property does not exist"}}
2026-03-06 09:33:16 ERROR root remotelib error:BreakRmPanel:4615:{"property": "SetText", "value": ["BWD Feed 2"], "qualifier": {"code": "property does not exist"}}
2026-03-06 09:33:16 ERROR root remotelib error:BWDPanel:4908:{"property": "SetText", "value": ["None"], "qualifier": {"code": "property does not exist"}}
2026-03-06 09:33:16 ERROR root remotelib error:LobbyPanel:4758:{"property": "SetText", "value": [""], "qualifier": {"code": "property does not exist"}}
2026-03-06 09:33:16 ERROR root remotelib error:IC142Panel:15113:{"property": "SetVisible", "value": [false], "qualifier": {"code": "property does not exist"}}
2026-03-06 09:33:16 ERROR root remotelib error:BreakRmPanel:15114:{"property": "SetVisible", "value": [false], "qualifier": {"code": "property does not exist"}}
2026-03-06 09:33:16 ERROR root remotelib error:HallPanel:4914:{"property": "SetText", "value": ["BWD Feed 1"], "qualifier": {"code": "property does not exist"}}
2026-03-06 09:33:16 ERROR root remotelib error:IC143Panel:4866:{"property": "SetText", "value": ["BWD Feed 3"], "qualifier": {"code": "property does not exist"}}
2026-03-06 09:33:16 ERROR root remotelib error:HallPanel:4614:{"property": "SetText", "value": ["BWD Feed 1"], "qualifier": {"code": "property does not exist"}}
2026-03-06 09:33:16 ERROR root remotelib error:LobbyPanel:4859:{"property": "SetText", "value": ["None"], "qualifier": {"code": "property does not exist"}}
2026-03-06 09:33:16 ERROR root remotelib error:IC142Panel:14614:{"property": "SetState", "value": [0], "qualifier": {"code": "property does not exist"}}
2026-03-06 09:33:16 ERROR root remotelib error:IC143Panel:4916:{"property": "SetText", "value": ["BWD Feed 3"], "qualifier": {"code": "property does not exist"}}
2026-03-06 09:33:16 ERROR root remotelib error:HallPanel:15113:{"property": "SetVisible", "value": [false], "qualifier": {"code": "property does not exist"}}
2026-03-06 09:33:16 ERROR root remotelib error:IC144Panel:14610:{"property": "SetState", "value": [0], "qualifier": {"code": "property does not exist"}}
2026-03-06 09:33:16 ERROR root remotelib error:BreakRmPanel:14615:{"property": "SetState", "value": [0], "qualifier": {"code": "property does not exist"}}
2026-03-06 09:33:16 ERROR root remotelib error:HallPanel:14614:{"property": "SetState", "value": [0], "qualifier": {"code": "property does not exist"}}
2026-03-06 09:33:16 ERROR root remotelib error:LobbyPanel:4909:{"property": "SetText", "value": ["None"], "qualifier": {"code": "property does not exist"}}
2026-03-06 09:33:16 ERROR root remotelib error:BreakRmPanel:4765:{"property": "SetText", "value": [""], "qualifier": {"code": "property does not exist"}}
2026-03-06 09:33:16 ERROR root remotelib error:IC144Panel:4760:{"property": "SetText", "value": [""], "qualifier": {"code": "property does not exist"}}
2026-03-06 09:33:16 ERROR root remotelib error:BWDPanel:14608:{"property": "SetState", "value": [0], "qualifier": {"code": "property does not exist"}}
2026-03-06 09:33:16 ERROR root remotelib error:BreakRmPanel:4866:{"property": "SetText", "value": ["BWD Feed 3"], "qualifier": {"code": "property does not exist"}}
2026-03-06 09:33:16 ERROR root remotelib error:LobbyPanel:4609:{"property": "SetText", "value": ["None"], "qualifier": {"code": "property does not exist"}}
2026-03-06 09:33:16 ERROR root remotelib error:IC142Panel:4865:{"property": "SetText", "value": ["BWD Feed 2"], "qualifier": {"code": "property does not exist"}}
2026-03-06 09:33:16 ERROR root remotelib error:IC143Panel:15115:{"property": "SetVisible", "value": [false], "qualifier": {"code": "property does not exist"}}
2026-03-06 09:33:16 ERROR root can't start new thread
2026-03-06 09:33:16 ERROR root remotelib error:HallPanel:4764:{"property": "SetText", "value": [""], "qualifier": {"code": "property does not exist"}}
2026-03-06 09:33:17 ERROR root remotelib error:BreakRmPanel:4916:{"property": "SetText", "value": ["BWD Feed 3"], "qualifier": {"code": "property does not exist"}}
2026-03-06 09:33:17 ERROR root remotelib error:IC142Panel:4915:{"property": "SetText", "value": ["BWD Feed 2"], "qualifier": {"code": "property does not exist"}}
2026-03-06 09:33:17 ERROR root remotelib error:IC143Panel:14616:{"property": "SetState", "value": [0], "qualifier": {"code": "property does not exist"}}
2026-03-06 09:33:17 ERROR root remotelib error:LobbyPanel:15108:{"property": "SetVisible", "value": [false], "qualifier": {"code": "property does not exist"}}
2026-03-06 09:33:17 ERROR root remotelib error:HallPanel:4865:{"property": "SetText", "value": ["BWD Feed 2"], "qualifier": {"code": "property does not exist"}}
2026-03-06 09:33:17 ERROR root remotelib error:IC144Panel:4911:{"property": "SetText", "value": ["Signage"], "qualifier": {"code": "property does not exist"}}
2026-03-06 09:33:17 ERROR root remotelib error:BreakRmPanel:4616:{"property": "SetText", "value": ["BWD Feed 3"], "qualifier": {"code": "property does not exist"}}
2026-03-06 09:33:17 ERROR root remotelib error:LobbyPanel:14609:{"property": "SetState", "value": [0], "qualifier": {"code": "property does not exist"}}
2026-03-06 09:33:17 ERROR root remotelib error:HallPanel:4915:{"property": "SetText", "value": ["BWD Feed 2"], "qualifier": {"code": "property does not exist"}}
2026-03-06 09:33:17 ERROR root remotelib error:IC142Panel:15114:{"property": "SetVisible", "value": [false], "qualifier": {"code": "property does not exist"}}
2026-03-06 09:33:17 ERROR root remotelib error:IC144Panel:4611:{"property": "SetText", "value": ["Signage"], "qualifier": {"code": "property does not exist"}}
2026-03-06 09:33:17 ERROR root remotelib error:BreakRmPanel:15115:{"property": "SetVisible", "value": [false], "qualifier": {"code": "property does not exist"}}
2026-03-06 09:33:17 ERROR root remotelib error:IC142Panel:14615:{"property": "SetState", "value": [0], "qualifier": {"code": "property does not exist"}}
2026-03-06 09:33:17 ERROR root remotelib error:BWDPanel:4859:{"property": "SetText", "value": ["None"], "qualifier": {"code": "property does not exist"}}
2026-03-06 09:33:17 ERROR root remotelib error:BreakRmPanel:14616:{"property": "SetState", "value": [0], "qualifier": {"code": "property does not exist"}}
2026-03-06 09:33:17 ERROR root remotelib error:BWDPanel:4909:{"property": "SetText", "value": ["None"], "qualifier": {"code": "property does not exist"}}
2026-03-06 09:33:17 ERROR root remotelib error:LobbyPanel:4759:{"property": "SetText", "value": [""], "qualifier": {"code": "property does not exist"}}
2026-03-06 09:33:17 ERROR root remotelib error:IC144Panel:15110:{"property": "SetVisible", "value": [false], "qualifier": {"code": "property does not exist"}}
2026-03-06 09:33:17 ERROR root remotelib error:HallPanel:4615:{"property": "SetText", "value": ["BWD Feed 2"], "qualifier": {"code": "property does not exist"}}
2026-03-06 09:33:17 ERROR root remotelib error:IC143Panel:4867:{"property": "SetText", "value": ["BWD Feed 4"], "qualifier": {"code": "property does not exist"}}
2026-03-06 09:33:17 ERROR root remotelib error:IC144Panel:14611:{"property": "SetState", "value": [0], "qualifier": {"code": "property does not exist"}}
2026-03-06 09:33:17 ERROR root remotelib error:LobbyPanel:4860:{"property": "SetText", "value": ["Security Feed"], "qualifier": {"code": "property does not exist"}}
2026-03-06 09:33:17 ERROR root remotelib error:HallPanel:15114:{"property": "SetVisible", "value": [false], "qualifier": {"code": "property does not exist"}}
2026-03-06 09:33:17 ERROR root remotelib error:BreakRmPanel:4766:{"property": "SetText", "value": [""], "qualifier": {"code": "property does not exist"}}
2026-03-06 09:33:17 ERROR root remotelib error:HallPanel:14615:{"property": "SetState", "value": [0], "qualifier": {"code": "property does not exist"}}
2026-03-06 09:33:17 ERROR root remotelib error:IC143Panel:4917:{"property": "SetText", "value": ["BWD Feed 4"], "qualifier": {"code": "property does not exist"}}
2026-03-06 09:33:17 ERROR root remotelib error:LobbyPanel:4910:{"property": "SetText", "value": ["Security Feed"], "qualifier": {"code": "property does not exist"}}
2026-03-06 09:33:17 ERROR root remotelib error:IC144Panel:4861:{"property": "SetText", "value": ["Signage"], "qualifier": {"code": "property does not exist"}}
2026-03-06 09:33:17 ERROR root remotelib error:IC144Panel:4761:{"property": "SetText", "value": [""], "qualifier": {"code": "property does not exist"}}
2026-03-06 09:33:17 ERROR root remotelib error:BWDPanel:14609:{"property": "SetState", "value": [0], "qualifier": {"code": "property does not exist"}}
2026-03-06 09:33:17 ERROR root remotelib error:BreakRmPanel:4867:{"property": "SetText", "value": ["BWD Feed 4"], "qualifier": {"code": "property does not exist"}}
2026-03-06 09:33:17 ERROR root remotelib error:IC142Panel:4866:{"property": "SetText", "value": ["BWD Feed 3"], "qualifier": {"code": "property does not exist"}}
2026-03-06 09:33:17 ERROR root remotelib error:IC143Panel:15116:{"property": "SetVisible", "value": [false], "qualifier": {"code": "property does not exist"}}
2026-03-06 09:33:17 ERROR root remotelib error:LobbyPanel:4610:{"property": "SetText", "value": ["Security Feed"], "qualifier": {"code": "property does not exist"}}
2026-03-06 09:33:17 ERROR root remotelib error:LobbyPanel:15109:{"property": "SetVisible", "value": [false], "qualifier": {"code": "property does not exist"}}
2026-03-06 09:33:17 ERROR root remotelib error:BreakRmPanel:4917:{"property": "SetText", "value": ["BWD Feed 4"], "qualifier": {"code": "property does not exist"}}
2026-03-06 09:33:17 ERROR root remotelib error:IC144Panel:4862:{"property": "SetText", "value": ["none"], "qualifier": {"code": "property does not exist"}}
2026-03-06 09:33:17 ERROR root remotelib error:IC143Panel:14617:{"property": "SetState", "value": [0], "qualifier": {"code": "property does not exist"}}
2026-03-06 09:33:17 ERROR root remotelib error:HallPanel:4765:{"property": "SetText", "value": [""], "qualifier": {"code": "property does not exist"}}
2026-03-06 09:33:17 ERROR root remotelib error:IC142Panel:4916:{"property": "SetText", "value": ["BWD Feed 3"], "qualifier": {"code": "property does not exist"}}
2026-03-06 09:33:17 ERROR root remotelib error:LobbyPanel:14610:{"property": "SetState", "value": [0], "qualifier": {"code": "property does not exist"}}
2026-03-06 09:33:17 ERROR root remotelib error:IC144Panel:4912:{"property": "SetText", "value": ["none"], "qualifier": {"code": "property does not exist"}}
2026-03-06 09:33:17 ERROR root remotelib error:BreakRmPanel:4617:{"property": "SetText", "value": ["BWD Feed 4"], "qualifier": {"code": "property does not exist"}}
2026-03-06 09:33:17 ERROR root remotelib error:BWDPanel:4860:{"property": "SetText", "value": ["Security Feed"], "qualifier": {"code": "property does not exist"}}
2026-03-06 09:33:17 ERROR root remotelib error:IC142Panel:15115:{"property": "SetVisible", "value": [false], "qualifier": {"code": "property does not exist"}}
2026-03-06 09:33:17 ERROR root remotelib error:HallPanel:4866:{"property": "SetText", "value": ["BWD Feed 3"], "qualifier": {"code": "property does not exist"}}
2026-03-06 09:33:17 ERROR root remotelib error:LobbyPanel:4760:{"property": "SetText", "value": [""], "qualifier": {"code": "property does not exist"}}
2026-03-06 09:33:17 ERROR root remotelib error:BreakRmPanel:15116:{"property": "SetVisible", "value": [false], "qualifier": {"code": "property does not exist"}}
2026-03-06 09:33:17 ERROR root remotelib error:BWDPanel:4910:{"property": "SetText", "value": ["Security Feed"], "qualifier": {"code": "property does not exist"}}
2026-03-06 09:33:17 ERROR root remotelib error:HallPanel:4916:{"property": "SetText", "value": ["BWD Feed 3"], "qualifier": {"code": "property does not exist"}}
2026-03-06 09:33:17 ERROR root remotelib error:IC142Panel:14616:{"property": "SetState", "value": [0], "qualifier": {"code": "property does not exist"}}
2026-03-06 09:33:17 ERROR root remotelib error:IC143Panel:4868:{"property": "SetText", "value": ["Aux HDMI 1"], "qualifier": {"code": "property does not exist"}}
2026-03-06 09:33:17 ERROR root remotelib error:IC144Panel:4612:{"property": "SetText", "value": ["none"], "qualifier": {"code": "property does not exist"}}
2026-03-06 09:33:17 ERROR root remotelib error:BreakRmPanel:14617:{"property": "SetState", "value": [0], "qualifier": {"code": "property does not exist"}}
2026-03-06 09:33:17 ERROR root remotelib error:HallPanel:4616:{"property": "SetText", "value": ["BWD Feed 3"], "qualifier": {"code": "property does not exist"}}
2026-03-06 09:33:17 ERROR root remotelib error:LobbyPanel:4861:{"property": "SetText", "value": ["Signage"], "qualifier": {"code": "property does not exist"}}
2026-03-06 09:33:17 ERROR root remotelib error:IC143Panel:4918:{"property": "SetText", "value": ["Aux HDMI 1"], "qualifier": {"code": "property does not exist"}}
2026-03-06 09:33:17 ERROR root remotelib error:HallPanel:15115:{"property": "SetVisible", "value": [false], "qualifier": {"code": "property does not exist"}}
2026-03-06 09:33:17 ERROR root remotelib error:IC144Panel:15111:{"property": "SetVisible", "value": [false], "qualifier": {"code": "property does not exist"}}
2026-03-06 09:33:17 ERROR root remotelib error:LobbyPanel:4911:{"property": "SetText", "value": ["Signage"], "qualifier": {"code": "property does not exist"}}
2026-03-06 09:33:17 ERROR root remotelib error:IC142Panel:4867:{"property": "SetText", "value": ["BWD Feed 4"], "qualifier": {"code": "property does not exist"}}
2026-03-06 09:33:17 ERROR root remotelib error:HallPanel:14616:{"property": "SetState", "value": [0], "qualifier": {"code": "property does not exist"}}
2026-03-06 09:33:17 ERROR root remotelib error:BWDPanel:14610:{"property": "SetState", "value": [0], "qualifier": {"code": "property does not exist"}}
2026-03-06 09:33:17 ERROR root remotelib error:BreakRmPanel:4767:{"property": "SetText", "value": [""], "qualifier": {"code": "property does not exist"}}
2026-03-06 09:33:17 ERROR root remotelib error:IC142Panel:4917:{"property": "SetText", "value": ["BWD Feed 4"], "qualifier": {"code": "property does not exist"}}
2026-03-06 09:33:17 ERROR root remotelib error:IC144Panel:14612:{"property": "SetState", "value": [0], "qualifier": {"code": "property does not exist"}}
2026-03-06 09:33:17 ERROR root remotelib error:BreakRmPanel:4868:{"property": "SetText", "value": ["Aux HDMI 1"], "qualifier": {"code": "property does not exist"}}
2026-03-06 09:33:17 ERROR root remotelib error:HallPanel:4766:{"property": "SetText", "value": [""], "qualifier": {"code": "property does not exist"}}
2026-03-06 09:33:17 ERROR root remotelib error:IC144Panel:4762:{"property": "SetText", "value": [""], "qualifier": {"code": "property does not exist"}}
2026-03-06 09:33:17 ERROR root remotelib error:IC143Panel:14618:{"property": "SetState", "value": [0], "qualifier": {"code": "property does not exist"}}
2026-03-06 09:33:17 ERROR root remotelib error:IC142Panel:15116:{"property": "SetVisible", "value": [false], "qualifier": {"code": "property does not exist"}}
2026-03-06 09:33:17 ERROR root remotelib error:LobbyPanel:14611:{"property": "SetState", "value": [0], "qualifier": {"code": "property does not exist"}}
2026-03-06 09:33:17 ERROR root remotelib error:BWDPanel:4861:{"property": "SetText", "value": ["Signage"], "qualifier": {"code": "property does not exist"}}
2026-03-06 09:33:17 ERROR root remotelib error:HallPanel:4867:{"property": "SetText", "value": ["BWD Feed 4"], "qualifier": {"code": "property does not exist"}}
2026-03-06 09:33:17 ERROR root remotelib error:BreakRmPanel:4918:{"property": "SetText", "value": ["Aux HDMI 1"], "qualifier": {"code": "property does not exist"}}
2026-03-06 09:33:17 ERROR root remotelib error:BWDPanel:4911:{"property": "SetText", "value": ["Signage"], "qualifier": {"code": "property does not exist"}}
2026-03-06 09:33:17 ERROR root remotelib error:HallPanel:4917:{"property": "SetText", "value": ["BWD Feed 4"], "qualifier": {"code": "property does not exist"}}
2026-03-06 09:33:17 ERROR root remotelib error:IC144Panel:4863:{"property": "SetText", "value": ["none"], "qualifier": {"code": "property does not exist"}}
2026-03-06 09:33:17 ERROR root remotelib error:IC142Panel:14617:{"property": "SetState", "value": [0], "qualifier": {"code": "property does not exist"}}
2026-03-06 09:33:17 ERROR root remotelib error:BreakRmPanel:4618:{"property": "SetText", "value": ["Aux HDMI 1"], "qualifier": {"code": "property does not exist"}}
2026-03-06 09:33:18 ERROR root remotelib error:HallPanel:4617:{"property": "SetText", "value": ["BWD Feed 4"], "qualifier": {"code": "property does not exist"}}
2026-03-06 09:33:18 ERROR root remotelib error:IC143Panel:4869:{"property": "SetText", "value": ["Aux HDMI 2"], "qualifier": {"code": "property does not exist"}}
2026-03-06 09:33:18 ERROR root remotelib error:LobbyPanel:4862:{"property": "SetText", "value": ["none"], "qualifier": {"code": "property does not exist"}}
2026-03-06 09:33:18 ERROR root remotelib error:BreakRmPanel:15117:{"property": "SetVisible", "value": [false], "qualifier": {"code": "property does not exist"}}
2026-03-06 09:33:18 ERROR root remotelib error:IC144Panel:4913:{"property": "SetText", "value": ["none"], "qualifier": {"code": "property does not exist"}}
2026-03-06 09:33:18 ERROR root remotelib error:BreakRmPanel:14618:{"property": "SetState", "value": [0], "qualifier": {"code": "property does not exist"}}
2026-03-06 09:33:18 ERROR root remotelib error:IC143Panel:4919:{"property": "SetText", "value": ["Aux HDMI 2"], "qualifier": {"code": "property does not exist"}}
2026-03-06 09:33:18 ERROR root remotelib error:LobbyPanel:4912:{"property": "SetText", "value": ["none"], "qualifier": {"code": "property does not exist"}}
2026-03-06 09:33:18 ERROR root remotelib error:IC144Panel:4613:{"property": "SetText", "value": ["none"], "qualifier": {"code": "property does not exist"}}
2026-03-06 09:33:18 ERROR root remotelib error:LobbyPanel:4612:{"property": "SetText", "value": ["none"], "qualifier": {"code": "property does not exist"}}
2026-03-06 09:33:18 ERROR root remotelib error:HallPanel:15116:{"property": "SetVisible", "value": [false], "qualifier": {"code": "property does not exist"}}
2026-03-06 09:33:18 ERROR root remotelib error:BWDPanel:14611:{"property": "SetState", "value": [0], "qualifier": {"code": "property does not exist"}}
2026-03-06 09:33:18 ERROR root remotelib error:IC144Panel:15112:{"property": "SetVisible", "value": [false], "qualifier": {"code": "property does not exist"}}
2026-03-06 09:33:18 ERROR root remotelib error:LobbyPanel:15111:{"property": "SetVisible", "value": [false], "qualifier": {"code": "property does not exist"}}
2026-03-06 09:33:18 ERROR root remotelib error:IC142Panel:4868:{"property": "SetText", "value": ["Aux HDMI 1"], "qualifier": {"code": "property does not exist"}}
2026-03-06 09:33:18 ERROR root remotelib error:BreakRmPanel:4768:{"property": "SetText", "value": [""], "qualifier": {"code": "property does not exist"}}
2026-03-06 09:33:18 ERROR root remotelib error:IC144Panel:14613:{"property": "SetState", "value": [0], "qualifier": {"code": "property does not exist"}}
2026-03-06 09:33:18 ERROR root remotelib error:IC142Panel:4918:{"property": "SetText", "value": ["Aux HDMI 1"], "qualifier": {"code": "property does not exist"}}
2026-03-06 09:33:18 ERROR root remotelib error:HallPanel:14617:{"property": "SetState", "value": [0], "qualifier": {"code": "property does not exist"}}
2026-03-06 09:33:18 ERROR root remotelib error:IC143Panel:14619:{"property": "SetState", "value": [0], "qualifier": {"code": "property does not exist"}}
2026-03-06 09:33:18 ERROR root remotelib error:LobbyPanel:14612:{"property": "SetState", "value": [0], "qualifier": {"code": "property does not exist"}}
2026-03-06 09:33:18 ERROR root remotelib error:BreakRmPanel:4869:{"property": "SetText", "value": ["Aux HDMI 2"], "qualifier": {"code": "property does not exist"}}
2026-03-06 09:33:18 ERROR root remotelib error:IC144Panel:4763:{"property": "SetText", "value": [""], "qualifier": {"code": "property does not exist"}}
2026-03-06 09:33:18 ERROR root remotelib error:BWDPanel:4862:{"property": "SetText", "value": ["none"], "qualifier": {"code": "property does not exist"}}
2026-03-06 09:33:18 ERROR root remotelib error:IC142Panel:14618:{"property": "SetState", "value": [0], "qualifier": {"code": "property does not exist"}}
2026-03-06 09:33:18 ERROR root remotelib error:BreakRmPanel:4919:{"property": "SetText", "value": ["Aux HDMI 2"], "qualifier": {"code": "property does not exist"}}
2026-03-06 09:33:18 ERROR root remotelib error:HallPanel:4767:{"property": "SetText", "value": [""], "qualifier": {"code": "property does not exist"}}
2026-03-06 09:33:18 ERROR root remotelib error:BWDPanel:4912:{"property": "SetText", "value": ["none"], "qualifier": {"code": "property does not exist"}}
2026-03-06 09:33:18 ERROR root remotelib error:IC144Panel:4864:{"property": "SetText", "value": ["BWD Feed 1"], "qualifier": {"code": "property does not exist"}}
2026-03-06 09:33:18 ERROR root remotelib error:BreakRmPanel:4619:{"property": "SetText", "value": ["Aux HDMI 2"], "qualifier": {"code": "property does not exist"}}
2026-03-06 09:33:18 ERROR root remotelib error:LobbyPanel:4762:{"property": "SetText", "value": [""], "qualifier": {"code": "property does not exist"}}
2026-03-06 09:33:18 ERROR root remotelib error:IC144Panel:4914:{"property": "SetText", "value": ["BWD Feed 1"], "qualifier": {"code": "property does not exist"}}
2026-03-06 09:33:18 ERROR root remotelib error:IC143Panel:4870:{"property": "SetText", "value": ["Aux HDMI 3"], "qualifier": {"code": "property does not exist"}}
2026-03-06 09:33:18 ERROR root remotelib error:HallPanel:4868:{"property": "SetText", "value": ["Aux HDMI 1"], "qualifier": {"code": "property does not exist"}}
2026-03-06 09:33:18 ERROR root remotelib error:LobbyPanel:4863:{"property": "SetText", "value": ["none"], "qualifier": {"code": "property does not exist"}}
2026-03-06 09:33:18 ERROR root remotelib error:BreakRmPanel:15118:{"property": "SetVisible", "value": [false], "qualifier": {"code": "property does not exist"}}
2026-03-06 09:33:18 ERROR root remotelib error:HallPanel:4918:{"property": "SetText", "value": ["Aux HDMI 1"], "qualifier": {"code": "property does not exist"}}
2026-03-06 09:33:18 ERROR root remotelib error:BreakRmPanel:14619:{"property": "SetState", "value": [0], "qualifier": {"code": "property does not exist"}}
2026-03-06 09:33:18 ERROR root remotelib error:IC142Panel:4869:{"property": "SetText", "value": ["Aux HDMI 2"], "qualifier": {"code": "property does not exist"}}
2026-03-06 09:33:18 ERROR root remotelib error:IC143Panel:4920:{"property": "SetText", "value": ["Aux HDMI 3"], "qualifier": {"code": "property does not exist"}}
2026-03-06 09:33:18 ERROR root remotelib error:HallPanel:4618:{"property": "SetText", "value": ["Aux HDMI 1"], "qualifier": {"code": "property does not exist"}}
2026-03-06 09:33:18 ERROR root remotelib error:LobbyPanel:4913:{"property": "SetText", "value": ["none"], "qualifier": {"code": "property does not exist"}}
2026-03-06 09:33:18 ERROR root remotelib error:IC144Panel:15113:{"property": "SetVisible", "value": [false], "qualifier": {"code": "property does not exist"}}
2026-03-06 09:33:18 ERROR root remotelib error:IC142Panel:4919:{"property": "SetText", "value": ["Aux HDMI 2"], "qualifier": {"code": "property does not exist"}}
2026-03-06 09:33:18 ERROR root remotelib error:BreakRmPanel:4769:{"property": "SetText", "value": [""], "qualifier": {"code": "property does not exist"}}
2026-03-06 09:33:18 ERROR root remotelib error:HallPanel:15117:{"property": "SetVisible", "value": [false], "qualifier": {"code": "property does not exist"}}
2026-03-06 09:33:18 ERROR root remotelib error:LobbyPanel:4613:{"property": "SetText", "value": ["none"], "qualifier": {"code": "property does not exist"}}
2026-03-06 09:33:18 ERROR root remotelib error:BWDPanel:14612:{"property": "SetState", "value": [0], "qualifier": {"code": "property does not exist"}}
2026-03-06 09:33:18 ERROR root remotelib error:BreakRmPanel:4870:{"property": "SetText", "value": ["Aux HDMI 3"], "qualifier": {"code": "property does not exist"}}
2026-03-06 09:33:18 ERROR root remotelib error:IC144Panel:14614:{"property": "SetState", "value": [0], "qualifier": {"code": "property does not exist"}}
2026-03-06 09:33:18 ERROR root remotelib error:IC143Panel:14620:{"property": "SetState", "value": [0], "qualifier": {"code": "property does not exist"}}
2026-03-06 09:33:18 ERROR root remotelib error:HallPanel:14618:{"property": "SetState", "value": [0], "qualifier": {"code": "property does not exist"}}
2026-03-06 09:33:18 ERROR root remotelib error:IC142Panel:14619:{"property": "SetState", "value": [0], "qualifier": {"code": "property does not exist"}}
2026-03-06 09:33:18 ERROR root remotelib error:BreakRmPanel:4920:{"property": "SetText", "value": ["Aux HDMI 3"], "qualifier": {"code": "property does not exist"}}
2026-03-06 09:33:18 ERROR root remotelib error:BreakRmPanel:4620:{"property": "SetText", "value": ["Aux HDMI 3"], "qualifier": {"code": "property does not exist"}}
2026-03-06 09:33:18 ERROR root remotelib error:LobbyPanel:15112:{"property": "SetVisible", "value": [false], "qualifier": {"code": "property does not exist"}}
2026-03-06 09:33:18 ERROR root remotelib error:LobbyPanel:14613:{"property": "SetState", "value": [0], "qualifier": {"code": "property does not exist"}}
2026-03-06 09:33:18 ERROR root remotelib error:BWDPanel:4863:{"property": "SetText", "value": ["none"], "qualifier": {"code": "property does not exist"}}
2026-03-06 09:33:18 ERROR root remotelib error:BreakRmPanel:15119:{"property": "SetVisible", "value": [false], "qualifier": {"code": "property does not exist"}}
2026-03-06 09:33:18 ERROR root remotelib error:IC144Panel:4865:{"property": "SetText", "value": ["BWD Feed 2"], "qualifier": {"code": "property does not exist"}}
2026-03-06 09:33:18 ERROR root remotelib error:LobbyPanel:4763:{"property": "SetText", "value": [""], "qualifier": {"code": "property does not exist"}}
2026-03-06 09:33:18 ERROR root remotelib error:HallPanel:4768:{"property": "SetText", "value": [""], "qualifier": {"code": "property does not exist"}}
2026-03-06 09:33:18 ERROR root remotelib error:LobbyPanel:4864:{"property": "SetText", "value": ["BWD Feed 1"], "qualifier": {"code": "property does not exist"}}
2026-03-06 09:33:18 ERROR root remotelib error:HallPanel:4869:{"property": "SetText", "value": ["Aux HDMI 2"], "qualifier": {"code": "property does not exist"}}
2026-03-06 09:33:18 ERROR root remotelib error:IC143Panel:4871:{"property": "SetText", "value": ["Aux HDMI 4"], "qualifier": {"code": "property does not exist"}}
2026-03-06 09:33:18 ERROR root remotelib error:BWDPanel:4913:{"property": "SetText", "value": ["none"], "qualifier": {"code": "property does not exist"}}
2026-03-06 09:33:18 ERROR root remotelib error:BreakRmPanel:14620:{"property": "SetState", "value": [0], "qualifier": {"code": "property does not exist"}}
2026-03-06 09:33:18 ERROR root remotelib error:IC143Panel:4921:{"property": "SetText", "value": ["Aux HDMI 4"], "qualifier": {"code": "property does not exist"}}
2026-03-06 09:33:18 ERROR root remotelib error:LobbyPanel:4914:{"property": "SetText", "value": ["BWD Feed 1"], "qualifier": {"code": "property does not exist"}}
2026-03-06 09:33:18 ERROR root remotelib error:IC142Panel:4870:{"property": "SetText", "value": ["Aux HDMI 3"], "qualifier": {"code": "property does not exist"}}
2026-03-06 09:33:18 ERROR root remotelib error:IC144Panel:4915:{"property": "SetText", "value": ["BWD Feed 2"], "qualifier": {"code": "property does not exist"}}
2026-03-06 09:33:18 ERROR root remotelib error:HallPanel:4919:{"property": "SetText", "value": ["Aux HDMI 2"], "qualifier": {"code": "property does not exist"}}
2026-03-06 09:33:18 ERROR root remotelib error:HallPanel:4619:{"property": "SetText", "value": ["Aux HDMI 2"], "qualifier": {"code": "property does not exist"}}
2026-03-06 09:33:18 ERROR root remotelib error:LobbyPanel:4614:{"property": "SetText", "value": ["BWD Feed 1"], "qualifier": {"code": "property does not exist"}}
2026-03-06 09:33:18 ERROR root remotelib error:IC142Panel:4920:{"property": "SetText", "value": ["Aux HDMI 3"], "qualifier": {"code": "property does not exist"}}
2026-03-06 09:33:18 ERROR root remotelib error:HallPanel:15118:{"property": "SetVisible", "value": [false], "qualifier": {"code": "property does not exist"}}
2026-03-06 09:33:18 ERROR root remotelib error:BreakRmPanel:4770:{"property": "SetText", "value": [""], "qualifier": {"code": "property does not exist"}}
2026-03-06 09:33:18 ERROR root remotelib error:IC143Panel:14621:{"property": "SetState", "value": [0], "qualifier": {"code": "property does not exist"}}
2026-03-06 09:33:18 ERROR root remotelib error:BWDPanel:14613:{"property": "SetState", "value": [0], "qualifier": {"code": "property does not exist"}}
2026-03-06 09:33:18 ERROR root remotelib error:IC144Panel:15114:{"property": "SetVisible", "value": [false], "qualifier": {"code": "property does not exist"}}
2026-03-06 09:33:18 ERROR root remotelib error:HallPanel:14619:{"property": "SetState", "value": [0], "qualifier": {"code": "property does not exist"}}
2026-03-06 09:33:18 ERROR root remotelib error:BreakRmPanel:4871:{"property": "SetText", "value": ["Aux HDMI 4"], "qualifier": {"code": "property does not exist"}}
2026-03-06 09:33:18 ERROR root remotelib error:LobbyPanel:15113:{"property": "SetVisible", "value": [false], "qualifier": {"code": "property does not exist"}}
2026-03-06 09:33:18 ERROR root remotelib error:BreakRmPanel:4921:{"property": "SetText", "value": ["Aux HDMI 4"], "qualifier": {"code": "property does not exist"}}
2026-03-06 09:33:18 ERROR root remotelib error:IC144Panel:14615:{"property": "SetState", "value": [0], "qualifier": {"code": "property does not exist"}}
2026-03-06 09:33:18 ERROR root remotelib error:IC142Panel:14620:{"property": "SetState", "value": [0], "qualifier": {"code": "property does not exist"}}
2026-03-06 09:33:18 ERROR root remotelib error:LobbyPanel:14614:{"property": "SetState", "value": [0], "qualifier": {"code": "property does not exist"}}
2026-03-06 09:33:18 ERROR root remotelib error:HallPanel:4769:{"property": "SetText", "value": [""], "qualifier": {"code": "property does not exist"}}
2026-03-06 09:33:18 ERROR root remotelib error:BreakRmPanel:4621:{"property": "SetText", "value": ["Aux HDMI 4"], "qualifier": {"code": "property does not exist"}}
2026-03-06 09:33:18 ERROR root remotelib error:BWDPanel:4864:{"property": "SetText", "value": ["BWD Feed 1"], "qualifier": {"code": "property does not exist"}}
2026-03-06 09:33:18 ERROR root remotelib error:HallPanel:4870:{"property": "SetText", "value": ["Aux HDMI 3"], "qualifier": {"code": "property does not exist"}}
2026-03-06 09:33:18 ERROR root remotelib error:IC143Panel:4872:{"property": "SetText", "value": ["Aux HDMI 5"], "qualifier": {"code": "property does not exist"}}
2026-03-06 09:33:19 ERROR root remotelib error:LobbyPanel:4764:{"property": "SetText", "value": [""], "qualifier": {"code": "property does not exist"}}
2026-03-06 09:33:19 ERROR root remotelib error:BWDPanel:4914:{"property": "SetText", "value": ["BWD Feed 1"], "qualifier": {"code": "property does not exist"}}
2026-03-06 09:33:19 ERROR root remotelib error:IC144Panel:4866:{"property": "SetText", "value": ["BWD Feed 3"], "qualifier": {"code": "property does not exist"}}
2026-03-06 09:33:19 ERROR root remotelib error:HallPanel:4920:{"property": "SetText", "value": ["Aux HDMI 3"], "qualifier": {"code": "property does not exist"}}
2026-03-06 09:33:19 ERROR root remotelib error:IC143Panel:4922:{"property": "SetText", "value": ["Aux HDMI 5"], "qualifier": {"code": "property does not exist"}}
2026-03-06 09:33:19 ERROR root remotelib error:BreakRmPanel:15120:{"property": "SetVisible", "value": [false], "qualifier": {"code": "property does not exist"}}
2026-03-06 09:33:19 ERROR root remotelib error:IC142Panel:4871:{"property": "SetText", "value": ["Aux HDMI 4"], "qualifier": {"code": "property does not exist"}}
2026-03-06 09:33:19 ERROR root remotelib error:LobbyPanel:4865:{"property": "SetText", "value": ["BWD Feed 2"], "qualifier": {"code": "property does not exist"}}
2026-03-06 09:33:19 ERROR root remotelib error:HallPanel:4620:{"property": "SetText", "value": ["Aux HDMI 3"], "qualifier": {"code": "property does not exist"}}
2026-03-06 09:33:19 ERROR root remotelib error:IC144Panel:4916:{"property": "SetText", "value": ["BWD Feed 3"], "qualifier": {"code": "property does not exist"}}
2026-03-06 09:33:19 ERROR root remotelib error:BWDPanel:15113:{"property": "SetVisible", "value": [false], "qualifier": {"code": "property does not exist"}}
2026-03-06 09:33:19 ERROR root remotelib error:BreakRmPanel:14621:{"property": "SetState", "value": [0], "qualifier": {"code": "property does not exist"}}
2026-03-06 09:33:19 ERROR root remotelib error:HallPanel:15119:{"property": "SetVisible", "value": [false], "qualifier": {"code": "property does not exist"}}
2026-03-06 09:33:19 ERROR root remotelib error:IC142Panel:4921:{"property": "SetText", "value": ["Aux HDMI 4"], "qualifier": {"code": "property does not exist"}}
2026-03-06 09:33:19 ERROR root remotelib error:LobbyPanel:4915:{"property": "SetText", "value": ["BWD Feed 2"], "qualifier": {"code": "property does not exist"}}
2026-03-06 09:33:19 ERROR root remotelib error:BWDPanel:14614:{"property": "SetState", "value": [0], "qualifier": {"code": "property does not exist"}}
2026-03-06 09:33:19 ERROR root remotelib error:HallPanel:14620:{"property": "SetState", "value": [0], "qualifier": {"code": "property does not exist"}}
2026-03-06 09:33:19 ERROR root remotelib error:IC144Panel:15115:{"property": "SetVisible", "value": [false], "qualifier": {"code": "property does not exist"}}
2026-03-06 09:33:19 ERROR root remotelib error:LobbyPanel:4615:{"property": "SetText", "value": ["BWD Feed 2"], "qualifier": {"code": "property does not exist"}}
2026-03-06 09:33:19 ERROR root remotelib error:BreakRmPanel:4771:{"property": "SetText", "value": [""], "qualifier": {"code": "property does not exist"}}
2026-03-06 09:33:19 ERROR root remotelib error:IC144Panel:14616:{"property": "SetState", "value": [0], "qualifier": {"code": "property does not exist"}}
2026-03-06 09:33:19 ERROR root remotelib error:HallPanel:4770:{"property": "SetText", "value": [""], "qualifier": {"code": "property does not exist"}}
2026-03-06 09:33:19 ERROR root remotelib error:IC143Panel:14622:{"property": "SetState", "value": [0], "qualifier": {"code": "property does not exist"}}
2026-03-06 09:33:19 ERROR root remotelib error:LobbyPanel:15114:{"property": "SetVisible", "value": [false], "qualifier": {"code": "property does not exist"}}
2026-03-06 09:33:19 ERROR root remotelib error:LobbyPanel:14615:{"property": "SetState", "value": [0], "qualifier": {"code": "property does not exist"}}
2026-03-06 09:33:19 ERROR root remotelib error:BreakRmPanel:4872:{"property": "SetText", "value": ["Aux HDMI 5"], "qualifier": {"code": "property does not exist"}}
2026-03-06 09:33:19 ERROR root remotelib error:HallPanel:4871:{"property": "SetText", "value": ["Aux HDMI 4"], "qualifier": {"code": "property does not exist"}}
2026-03-06 09:33:19 ERROR root remotelib error:IC142Panel:14621:{"property": "SetState", "value": [0], "qualifier": {"code": "property does not exist"}}
2026-03-06 09:33:19 ERROR root remotelib error:BreakRmPanel:4922:{"property": "SetText", "value": ["Aux HDMI 5"], "qualifier": {"code": "property does not exist"}}
2026-03-06 09:33:19 ERROR root remotelib error:BWDPanel:4865:{"property": "SetText", "value": ["BWD Feed 2"], "qualifier": {"code": "property does not exist"}}
2026-03-06 09:33:19 ERROR root remotelib error:HallPanel:4921:{"property": "SetText", "value": ["Aux HDMI 4"], "qualifier": {"code": "property does not exist"}}
2026-03-06 09:33:19 ERROR root remotelib error:BreakRmPanel:4622:{"property": "SetText", "value": ["Aux HDMI 5"], "qualifier": {"code": "property does not exist"}}
2026-03-06 09:33:19 ERROR root remotelib error:LobbyPanel:4765:{"property": "SetText", "value": [""], "qualifier": {"code": "property does not exist"}}
2026-03-06 09:33:19 ERROR root remotelib error:HallPanel:4621:{"property": "SetText", "value": ["Aux HDMI 4"], "qualifier": {"code": "property does not exist"}}
2026-03-06 09:33:19 ERROR root remotelib error:IC144Panel:4867:{"property": "SetText", "value": ["BWD Feed 4"], "qualifier": {"code": "property does not exist"}}
2026-03-06 09:33:19 ERROR root remotelib error:BWDPanel:4915:{"property": "SetText", "value": ["BWD Feed 2"], "qualifier": {"code": "property does not exist"}}
2026-03-06 09:33:19 ERROR root remotelib error:IC143Panel:4873:{"property": "SetText", "value": ["Aux HDMI 6"], "qualifier": {"code": "property does not exist"}}
2026-03-06 09:33:19 ERROR root remotelib error:HallPanel:15120:{"property": "SetVisible", "value": [false], "qualifier": {"code": "property does not exist"}}
2026-03-06 09:33:19 ERROR root remotelib error:BreakRmPanel:15121:{"property": "SetVisible", "value": [false], "qualifier": {"code": "property does not exist"}}
2026-03-06 09:33:19 ERROR root remotelib error:IC144Panel:4917:{"property": "SetText", "value": ["BWD Feed 4"], "qualifier": {"code": "property does not exist"}}
2026-03-06 09:33:19 ERROR root remotelib error:IC142Panel:4872:{"property": "SetText", "value": ["Aux HDMI 5"], "qualifier": {"code": "property does not exist"}}
2026-03-06 09:33:19 ERROR root remotelib error:LobbyPanel:4866:{"property": "SetText", "value": ["BWD Feed 3"], "qualifier": {"code": "property does not exist"}}
2026-03-06 09:33:19 ERROR root remotelib error:IC143Panel:4923:{"property": "SetText", "value": ["Aux HDMI 6"], "qualifier": {"code": "property does not exist"}}
2026-03-06 09:33:19 ERROR root remotelib error:BreakRmPanel:14622:{"property": "SetState", "value": [0], "qualifier": {"code": "property does not exist"}}
2026-03-06 09:33:19 ERROR root remotelib error:BWDPanel:15114:{"property": "SetVisible", "value": [false], "qualifier": {"code": "property does not exist"}}
2026-03-06 09:33:19 ERROR root remotelib error:HallPanel:14621:{"property": "SetState", "value": [0], "qualifier": {"code": "property does not exist"}}
2026-03-06 09:33:19 ERROR root remotelib error:IC142Panel:4922:{"property": "SetText", "value": ["Aux HDMI 5"], "qualifier": {"code": "property does not exist"}}
2026-03-06 09:33:19 ERROR root remotelib error:BWDPanel:14615:{"property": "SetState", "value": [0], "qualifier": {"code": "property does not exist"}}
2026-03-06 09:33:19 ERROR root remotelib error:HallPanel:4771:{"property": "SetText", "value": [""], "qualifier": {"code": "property does not exist"}}
2026-03-06 09:33:19 ERROR root remotelib error:IC144Panel:15116:{"property": "SetVisible", "value": [false], "qualifier": {"code": "property does not exist"}}
2026-03-06 09:33:19 ERROR root remotelib error:LobbyPanel:4916:{"property": "SetText", "value": ["BWD Feed 3"], "qualifier": {"code": "property does not exist"}}
2026-03-06 09:33:19 ERROR root remotelib error:BreakRmPanel:4772:{"property": "SetText", "value": [""], "qualifier": {"code": "property does not exist"}}
2026-03-06 09:33:19 ERROR root remotelib error:IC143Panel:14623:{"property": "SetState", "value": [0], "qualifier": {"code": "property does not exist"}}
2026-03-06 09:33:19 ERROR root remotelib error:IC144Panel:14617:{"property": "SetState", "value": [0], "qualifier": {"code": "property does not exist"}}
2026-03-06 09:33:19 ERROR root remotelib error:HallPanel:4872:{"property": "SetText", "value": ["Aux HDMI 5"], "qualifier": {"code": "property does not exist"}}
2026-03-06 09:33:19 ERROR root remotelib error:BreakRmPanel:4873:{"property": "SetText", "value": ["Aux HDMI 6"], "qualifier": {"code": "property does not exist"}}
2026-03-06 09:33:19 ERROR root remotelib error:LobbyPanel:4616:{"property": "SetText", "value": ["BWD Feed 3"], "qualifier": {"code": "property does not exist"}}
2026-03-06 09:33:19 ERROR root remotelib error:BreakRmPanel:4923:{"property": "SetText", "value": ["Aux HDMI 6"], "qualifier": {"code": "property does not exist"}}
2026-03-06 09:33:19 ERROR root remotelib error:BWDPanel:4866:{"property": "SetText", "value": ["BWD Feed 3"], "qualifier": {"code": "property does not exist"}}
2026-03-06 09:33:19 ERROR root remotelib error:IC142Panel:14622:{"property": "SetState", "value": [0], "qualifier": {"code": "property does not exist"}}
2026-03-06 09:33:19 ERROR root remotelib error:HallPanel:4922:{"property": "SetText", "value": ["Aux HDMI 5"], "qualifier": {"code": "property does not exist"}}
2026-03-06 09:33:19 ERROR root remotelib error:LobbyPanel:15115:{"property": "SetVisible", "value": [false], "qualifier": {"code": "property does not exist"}}
2026-03-06 09:33:19 ERROR root remotelib error:IC144Panel:4868:{"property": "SetText", "value": ["Aux HDMI 1"], "qualifier": {"code": "property does not exist"}}
2026-03-06 09:33:19 ERROR root remotelib error:BreakRmPanel:4623:{"property": "SetText", "value": ["Aux HDMI 6"], "qualifier": {"code": "property does not exist"}}
2026-03-06 09:33:19 ERROR root remotelib error:IC143Panel:4874:{"property": "SetText", "value": ["Aux HDMI 7"], "qualifier": {"code": "property does not exist"}}
2026-03-06 09:33:19 ERROR root remotelib error:HallPanel:4622:{"property": "SetText", "value": ["Aux HDMI 5"], "qualifier": {"code": "property does not exist"}}
2026-03-06 09:33:19 ERROR root remotelib error:BWDPanel:4916:{"property": "SetText", "value": ["BWD Feed 3"], "qualifier": {"code": "property does not exist"}}
2026-03-06 09:33:19 ERROR root remotelib error:LobbyPanel:14616:{"property": "SetState", "value": [0], "qualifier": {"code": "property does not exist"}}
2026-03-06 09:33:19 ERROR root remotelib error:IC144Panel:4918:{"property": "SetText", "value": ["Aux HDMI 1"], "qualifier": {"code": "property does not exist"}}
2026-03-06 09:33:19 ERROR root remotelib error:IC143Panel:4924:{"property": "SetText", "value": ["Aux HDMI 7"], "qualifier": {"code": "property does not exist"}}
2026-03-06 09:33:19 ERROR root remotelib error:BreakRmPanel:15122:{"property": "SetVisible", "value": [false], "qualifier": {"code": "property does not exist"}}
2026-03-06 09:33:19 ERROR root remotelib error:HallPanel:15121:{"property": "SetVisible", "value": [false], "qualifier": {"code": "property does not exist"}}
2026-03-06 09:33:19 ERROR root remotelib error:IC142Panel:4873:{"property": "SetText", "value": ["Aux HDMI 6"], "qualifier": {"code": "property does not exist"}}
2026-03-06 09:33:19 ERROR root remotelib error:BWDPanel:15115:{"property": "SetVisible", "value": [false], "qualifier": {"code": "property does not exist"}}
2026-03-06 09:33:19 ERROR root remotelib error:BreakRmPanel:14623:{"property": "SetState", "value": [0], "qualifier": {"code": "property does not exist"}}
2026-03-06 09:33:19 ERROR root remotelib error:HallPanel:14622:{"property": "SetState", "value": [0], "qualifier": {"code": "property does not exist"}}
2026-03-06 09:33:19 ERROR root remotelib error:LobbyPanel:4766:{"property": "SetText", "value": [""], "qualifier": {"code": "property does not exist"}}
2026-03-06 09:33:19 ERROR root remotelib error:BWDPanel:14616:{"property": "SetState", "value": [0], "qualifier": {"code": "property does not exist"}}
2026-03-06 09:33:19 ERROR root remotelib error:IC143Panel:423:{"property": "SetVisible", "value": [false], "qualifier": {"code": "property does not exist"}}
2026-03-06 09:33:19 ERROR root Debug Server restarted:Listening
2026-03-06 09:33:19 ERROR root Debug Server restarted:Listening
2026-03-06 09:33:19 ERROR root Debug Server restarted:Listening
2026-03-06 09:33:19 ERROR root remotelib error:BWDPanel:5446:{"property": "SetState", "value": [0], "qualifier": {"code": "property does not exist"}}
2026-03-06 09:33:19 ERROR root remotelib error:BWDPanel:5447:{"property": "SetState", "value": [0], "qualifier": {"code": "property does not exist"}}
2026-03-06 09:33:19 ERROR root remotelib error:BWDPanel:5448:{"property": "SetState", "value": [0], "qualifier": {"code": "property does not exist"}}
2026-03-06 09:33:19 ERROR root remotelib error:BWDPanel:5449:{"property": "SetState", "value": [0], "qualifier": {"code": "property does not exist"}}
2026-03-06 09:33:19 ERROR root Debug Server restarted:Listening
2026-03-06 09:33:19 ERROR root Debug Server restarted:Listening
2026-03-06 09:33:20 ERROR root Debug Server restarted:Listening
2026-03-06 09:33:42 ERROR root Debug Server restarted:Listening
2026-03-06 09:34:12 ERROR root Debug Server restarted:Listening
2026-03-06 09:34:42 ERROR root Debug Server restarted:Listening
2026-03-06 09:35:12 ERROR root Debug Server restarted:Listening
2026-03-06 09:35:42 ERROR root Debug Server restarted:Listening
2026-03-06 09:36:12 ERROR root Debug Server restarted:Listening
2026-03-06 09:36:42 ERROR root Debug Server restarted:Listening
2026-03-06 09:37:12 ERROR root Debug Server restarted:Listening
2026-03-06 09:37:42 ERROR root Debug Server restarted:Listening
2026-03-06 09:38:12 ERROR root Debug Server restarted:Listening
2026-03-06 09:38:42 ERROR root Debug Server restarted:Listening
2026-03-06 09:39:12 ERROR root Debug Server restarted:Listening
2026-03-06 09:39:42 ERROR root Debug Server restarted:Listening
2026-03-06 09:40:12 ERROR root Debug Server restarted:Listening
