2026-03-06 11:18:32 INFO root Start primary API version 1.10.0.11
2026-03-06 11:18:32 INFO root loading script: main
2026-03-06 11:18:34 INFO root successfully loaded script: main
2026-03-06 11:19:36 ERROR root EXCEPTION:NonvolatileValues:ReadValues:Traceback (most recent call last):
  File "c:\Users\manyr\OneDrive\Desktop\Chris system\Server\source\tools.py", line 403, in ReadValues
    values = _json.load(f)
  File "C:\Python\Python310\lib\json\__init__.py", line 293, in load
    return loads(fp.read(),
  File "C:\Python\Python310\lib\json\__init__.py", line 346, in loads
    return _default_decoder.decode(s)
  File "C:\Python\Python310\lib\json\decoder.py", line 337, in decode
    obj, end = self.raw_decode(s, idx=_w(s, 0).end())
  File "C:\Python\Python310\lib\json\decoder.py", line 355, in raw_decode
    raise JSONDecodeError("Expecting value", s, err.value) from None
json.decoder.JSONDecodeError: Expecting value: line 1 column 1 (char 0)
:deleting corrupted file
2026-03-06 11:20:06 ERROR root Debug Server restarted:Listening
2026-03-06 11:20:36 ERROR root Debug Server restarted:Listening
2026-03-06 11:21:06 ERROR root Debug Server restarted:Listening
2026-03-06 11:21:36 ERROR root Debug Server restarted:Listening
2026-03-06 11:22:06 ERROR root Debug Server restarted:Listening
2026-03-06 11:22:36 ERROR root Debug Server restarted:Listening
2026-03-06 11:23:06 ERROR root Debug Server restarted:Listening
2026-03-06 11:23:36 ERROR root Debug Server restarted:Listening
2026-03-06 11:24:06 ERROR root Debug Server restarted:Listening
2026-03-06 11:24:37 ERROR root Debug Server restarted:Listening
2026-03-06 11:24:44 INFO root Device 22-0 VTLP sync handling began
2026-03-06 11:24:44 INFO root Device 22-0 VTLP sync handling ended
2026-03-06 11:25:01 ERROR root Receive failed, from client
2026-03-06 11:25:01 ERROR root GenericEventDispatcher Event handler failed
Traceback (most recent call last):
  File "/remotelib_qxi/__init__.py", line 116, in HandleClientDisconnect
    self.__wrapperbasics.set_server_status(interface.IPAddress,'Offline')
  File "/remotelib_qxi/__init__.py", line 398, in set_server_status
    if dev._server_ip == ip:
AttributeError: 'ObjectWrapper' object has no attribute '_server_ip'
2026-03-06 11:25:01 ERROR root GenericEventDispatcher Event handler failed
Traceback (most recent call last):
  File "/remotelib_qxi/__init__.py", line 116, in HandleClientDisconnect
    self.__wrapperbasics.set_server_status(interface.IPAddress,'Offline')
  File "/remotelib_qxi/__init__.py", line 398, in set_server_status
    if dev._server_ip == ip:
AttributeError: 'ObjectWrapper' object has no attribute '_server_ip'
2026-03-06 11:25:28 ERROR root Invalid Parameter IC142Panel HidePopup: popup=Control Server is Offline
2026-03-06 11:25:28 ERROR root Invalid Parameter IC143Panel HidePopup: popup=Control Server is Offline
2026-03-06 11:25:28 ERROR root Invalid Parameter IC144Panel HidePopup: popup=Control Server is Offline
2026-03-06 11:25:28 ERROR root Invalid Parameter BreakRmPanel HidePopup: popup=Control Server is Offline
2026-03-06 11:25:28 ERROR root Invalid Parameter LobbyPanel HidePopup: popup=Control Server is Offline
2026-03-06 11:25:28 ERROR root Invalid Parameter HallPanel HidePopup: popup=Control Server is Offline
2026-03-06 11:25:28 ERROR root Invalid Parameter BWDPanel HidePopup: popup=Control Server is Offline
2026-03-06 11:25:28 ERROR root EXCEPTION:NonvolatileValues:ReadValues:Traceback (most recent call last):
  File "c:\Users\manyr\OneDrive\Desktop\Chris system\Server\source\tools.py", line 403, in ReadValues
    values = _json.load(f)
  File "C:\Python\Python310\lib\json\__init__.py", line 293, in load
    return loads(fp.read(),
  File "C:\Python\Python310\lib\json\__init__.py", line 346, in loads
    return _default_decoder.decode(s)
  File "C:\Python\Python310\lib\json\decoder.py", line 337, in decode
    obj, end = self.raw_decode(s, idx=_w(s, 0).end())
  File "C:\Python\Python310\lib\json\decoder.py", line 355, in raw_decode
    raise JSONDecodeError("Expecting value", s, err.value) from None
json.decoder.JSONDecodeError: Expecting value: line 1 column 1 (char 0)
:deleting corrupted file
2026-03-06 11:26:11 ERROR root Receive failed, from client
2026-03-06 11:26:11 ERROR root Invalid Parameter IC142Panel ShowPopup: popup=Control Server is Offline
2026-03-06 11:26:11 ERROR root Invalid Parameter IC143Panel ShowPopup: popup=Control Server is Offline
2026-03-06 11:26:11 ERROR root Invalid Parameter IC144Panel ShowPopup: popup=Control Server is Offline
2026-03-06 11:26:11 ERROR root Invalid Parameter BreakRmPanel ShowPopup: popup=Control Server is Offline
2026-03-06 11:26:11 ERROR root Invalid Parameter LobbyPanel ShowPopup: popup=Control Server is Offline
2026-03-06 11:26:11 ERROR root Invalid Parameter HallPanel ShowPopup: popup=Control Server is Offline
2026-03-06 11:26:11 ERROR root Invalid Parameter BWDPanel ShowPopup: popup=Control Server is Offline
2026-03-06 11:26:11 ERROR root Invalid Parameter IC142Panel ShowPopup: popup=Control Server is Offline
2026-03-06 11:26:11 ERROR root Invalid Parameter IC143Panel ShowPopup: popup=Control Server is Offline
2026-03-06 11:26:11 ERROR root Invalid Parameter IC144Panel ShowPopup: popup=Control Server is Offline
2026-03-06 11:26:11 ERROR root Invalid Parameter BreakRmPanel ShowPopup: popup=Control Server is Offline
2026-03-06 11:26:11 ERROR root Invalid Parameter LobbyPanel ShowPopup: popup=Control Server is Offline
2026-03-06 11:26:11 ERROR root Invalid Parameter HallPanel ShowPopup: popup=Control Server is Offline
2026-03-06 11:26:11 ERROR root Invalid Parameter BWDPanel ShowPopup: popup=Control Server is Offline
2026-03-06 11:26:27 ERROR root Invalid Parameter IC142Panel HidePopup: popup=Control Server is Offline
2026-03-06 11:26:27 ERROR root Invalid Parameter IC143Panel HidePopup: popup=Control Server is Offline
2026-03-06 11:26:27 ERROR root Invalid Parameter IC144Panel HidePopup: popup=Control Server is Offline
2026-03-06 11:26:27 ERROR root Invalid Parameter BreakRmPanel HidePopup: popup=Control Server is Offline
2026-03-06 11:26:27 ERROR root Invalid Parameter LobbyPanel HidePopup: popup=Control Server is Offline
2026-03-06 11:26:27 ERROR root Invalid Parameter HallPanel HidePopup: popup=Control Server is Offline
2026-03-06 11:26:27 ERROR root Invalid Parameter BWDPanel HidePopup: popup=Control Server is Offline
2026-03-06 11:26:27 ERROR root EXCEPTION:NonvolatileValues:ReadValues:Traceback (most recent call last):
  File "c:\Users\manyr\OneDrive\Desktop\Chris system\Server\source\tools.py", line 403, in ReadValues
    values = _json.load(f)
  File "C:\Python\Python310\lib\json\__init__.py", line 293, in load
    return loads(fp.read(),
  File "C:\Python\Python310\lib\json\__init__.py", line 346, in loads
    return _default_decoder.decode(s)
  File "C:\Python\Python310\lib\json\decoder.py", line 337, in decode
    obj, end = self.raw_decode(s, idx=_w(s, 0).end())
  File "C:\Python\Python310\lib\json\decoder.py", line 355, in raw_decode
    raise JSONDecodeError("Expecting value", s, err.value) from None
json.decoder.JSONDecodeError: Expecting value: line 1 column 1 (char 0)
:deleting corrupted file
2026-03-06 11:26:39 ERROR root Device 2-0 (None)  SPInterface Operable Unavailable port :AVI1 , connections status: Offline
2026-03-06 11:26:51 ERROR root SerialInterface spd1:COM1 Unavailable Port: COM1
2026-03-06 11:26:51 ERROR root SerialInterface spd1:COM1Device 3-0 (None)  Unavailable Port: COM1 , connections status Offline
2026-03-06 11:26:57 ERROR root Debug Server restarted:Listening
2026-03-06 11:27:03 ERROR root SerialInterface spd2:COM1 Unavailable Port: COM1
2026-03-06 11:27:03 ERROR root SerialInterface spd2:COM1Device 4-0 (None)  Unavailable Port: COM1 , connections status Offline
2026-03-06 11:27:15 ERROR root SerialInterface spd3:COM1 Unavailable Port: COM1
2026-03-06 11:27:15 ERROR root SerialInterface spd3:COM1Device 5-0 (None)  Unavailable Port: COM1 , connections status Offline
2026-03-06 11:27:27 ERROR root Debug Server restarted:Listening
2026-03-06 11:27:28 ERROR root SerialInterface spd4:COM1 Unavailable Port: COM1
2026-03-06 11:27:28 ERROR root SerialInterface spd4:COM1Device 6-0 (None)  Unavailable Port: COM1 , connections status Offline
2026-03-06 11:27:40 ERROR root SerialInterface spd5:COM1 Unavailable Port: COM1
2026-03-06 11:27:40 ERROR root SerialInterface spd5:COM1Device 7-0 (None)  Unavailable Port: COM1 , connections status Offline
2026-03-06 11:27:52 ERROR root SerialInterface spd6:COM1 Unavailable Port: COM1
2026-03-06 11:27:52 ERROR root SerialInterface spd6:COM1Device 8-0 (None)  Unavailable Port: COM1 , connections status Offline
2026-03-06 11:27:57 ERROR root Debug Server restarted:Listening
2026-03-06 11:28:02 ERROR root Device 10-0 (None)  Unavailable Port: IRS1 , connections status Offline
2026-03-06 11:28:11 ERROR root Device 11-0 (None)  Unavailable Port: IRS1 , connections status Offline
2026-03-06 11:28:20 ERROR root Device 12-0 (None)  Unavailable Port: IRS1 , connections status Offline
2026-03-06 11:28:27 ERROR root Debug Server restarted:Listening
2026-03-06 11:28:30 ERROR root Device 13-0 (None)  Unavailable Port: IRS1 , connections status Offline
2026-03-06 11:28:39 ERROR root Device 14-0 (None)  Unavailable Port: IRS1 , connections status Offline
2026-03-06 11:28:49 ERROR root Device 15-0 (None)  Unavailable Port: IRS1 , connections status Offline
2026-03-06 11:28:50 ERROR root SerialInterface spd1:COM1SendAndWait: Port COM1 not open
2026-03-06 11:28:50 ERROR root SerialInterface spd2:COM1SendAndWait: Port COM1 not open
2026-03-06 11:28:50 ERROR root SerialInterface spd5:COM1SendAndWait: Port COM1 not open
2026-03-06 11:28:50 ERROR root SerialInterface spd6:COM1SendAndWait: Port COM1 not open
2026-03-06 11:28:50 ERROR root SerialInterface spd4:COM1SendAndWait: Port COM1 not open
2026-03-06 11:28:50 ERROR root SerialInterface spd3:COM1SendAndWait: Port COM1 not open
2026-03-06 11:28:57 ERROR root Debug Server restarted:Listening
2026-03-06 11:28:59 ERROR root EXCEPTION:NonvolatileValues:ReadValues:Traceback (most recent call last):
  File "c:\Users\manyr\OneDrive\Desktop\Chris system\Server\source\tools.py", line 403, in ReadValues
    values = _json.load(f)
  File "C:\Python\Python310\lib\json\__init__.py", line 293, in load
    return loads(fp.read(),
  File "C:\Python\Python310\lib\json\__init__.py", line 346, in loads
    return _default_decoder.decode(s)
  File "C:\Python\Python310\lib\json\decoder.py", line 337, in decode
    obj, end = self.raw_decode(s, idx=_w(s, 0).end())
  File "C:\Python\Python310\lib\json\decoder.py", line 355, in raw_decode
    raise JSONDecodeError("Expecting value", s, err.value) from None
json.decoder.JSONDecodeError: Expecting value: line 1 column 1 (char 0)
:deleting corrupted file
2026-03-06 11:29:30 ERROR root Receive failed, from client
2026-03-06 11:29:30 ERROR root Invalid Parameter IC142Panel ShowPopup: popup=Control Server is Offline
2026-03-06 11:29:30 ERROR root Invalid Parameter IC143Panel ShowPopup: popup=Control Server is Offline
2026-03-06 11:29:30 ERROR root Invalid Parameter IC144Panel ShowPopup: popup=Control Server is Offline
2026-03-06 11:29:30 ERROR root Invalid Parameter BreakRmPanel ShowPopup: popup=Control Server is Offline
2026-03-06 11:29:30 ERROR root Invalid Parameter LobbyPanel ShowPopup: popup=Control Server is Offline
2026-03-06 11:29:30 ERROR root Invalid Parameter HallPanel ShowPopup: popup=Control Server is Offline
2026-03-06 11:29:30 ERROR root Invalid Parameter BWDPanel ShowPopup: popup=Control Server is Offline
2026-03-06 11:29:30 ERROR root Invalid Parameter IC142Panel ShowPopup: popup=Control Server is Offline
2026-03-06 11:29:30 ERROR root Invalid Parameter IC143Panel ShowPopup: popup=Control Server is Offline
2026-03-06 11:29:30 ERROR root Invalid Parameter IC144Panel ShowPopup: popup=Control Server is Offline
2026-03-06 11:29:30 ERROR root Invalid Parameter BreakRmPanel ShowPopup: popup=Control Server is Offline
2026-03-06 11:29:30 ERROR root Invalid Parameter LobbyPanel ShowPopup: popup=Control Server is Offline
2026-03-06 11:29:30 ERROR root Invalid Parameter HallPanel ShowPopup: popup=Control Server is Offline
2026-03-06 11:29:30 ERROR root Invalid Parameter BWDPanel ShowPopup: popup=Control Server is Offline
2026-03-06 11:30:46 ERROR root Invalid Parameter IC142Panel HidePopup: popup=Control Server is Offline
2026-03-06 11:30:46 ERROR root Invalid Parameter IC143Panel HidePopup: popup=Control Server is Offline
2026-03-06 11:30:46 ERROR root Invalid Parameter IC144Panel HidePopup: popup=Control Server is Offline
2026-03-06 11:30:46 ERROR root Invalid Parameter BreakRmPanel HidePopup: popup=Control Server is Offline
2026-03-06 11:30:46 ERROR root Invalid Parameter LobbyPanel HidePopup: popup=Control Server is Offline
2026-03-06 11:30:46 ERROR root Invalid Parameter HallPanel HidePopup: popup=Control Server is Offline
2026-03-06 11:30:46 ERROR root Invalid Parameter BWDPanel HidePopup: popup=Control Server is Offline
2026-03-06 11:30:46 ERROR root EXCEPTION:NonvolatileValues:ReadValues:Traceback (most recent call last):
  File "c:\Users\manyr\OneDrive\Desktop\Chris system\Server\source\tools.py", line 403, in ReadValues
    values = _json.load(f)
  File "C:\Python\Python310\lib\json\__init__.py", line 293, in load
    return loads(fp.read(),
  File "C:\Python\Python310\lib\json\__init__.py", line 346, in loads
    return _default_decoder.decode(s)
  File "C:\Python\Python310\lib\json\decoder.py", line 337, in decode
    obj, end = self.raw_decode(s, idx=_w(s, 0).end())
  File "C:\Python\Python310\lib\json\decoder.py", line 355, in raw_decode
    raise JSONDecodeError("Expecting value", s, err.value) from None
json.decoder.JSONDecodeError: Expecting value: line 1 column 1 (char 0)
:deleting corrupted file
2026-03-06 11:30:51 ERROR root SerialInterface spd1:COM1SendAndWait: Port COM1 not open
2026-03-06 11:30:51 ERROR root SerialInterface spd2:COM1SendAndWait: Port COM1 not open
2026-03-06 11:30:51 ERROR root SerialInterface spd6:COM1SendAndWait: Port COM1 not open
2026-03-06 11:30:51 ERROR root SerialInterface spd3:COM1SendAndWait: Port COM1 not open
2026-03-06 11:30:51 ERROR root SerialInterface spd5:COM1SendAndWait: Port COM1 not open
2026-03-06 11:30:51 ERROR root SerialInterface spd4:COM1SendAndWait: Port COM1 not open
2026-03-06 11:31:00 ERROR root EXCEPTION:NonvolatileValues:ReadValues:Traceback (most recent call last):
  File "c:\Users\manyr\OneDrive\Desktop\Chris system\Server\source\tools.py", line 403, in ReadValues
    values = _json.load(f)
  File "C:\Python\Python310\lib\json\__init__.py", line 293, in load
    return loads(fp.read(),
  File "C:\Python\Python310\lib\json\__init__.py", line 346, in loads
    return _default_decoder.decode(s)
  File "C:\Python\Python310\lib\json\decoder.py", line 337, in decode
    obj, end = self.raw_decode(s, idx=_w(s, 0).end())
  File "C:\Python\Python310\lib\json\decoder.py", line 355, in raw_decode
    raise JSONDecodeError("Expecting value", s, err.value) from None
json.decoder.JSONDecodeError: Expecting value: line 1 column 1 (char 0)
:deleting corrupted file
2026-03-06 11:31:36 ERROR root Receive failed, from client
2026-03-06 11:31:36 ERROR root Invalid Parameter IC142Panel ShowPopup: popup=Control Server is Offline
2026-03-06 11:31:36 ERROR root Invalid Parameter IC143Panel ShowPopup: popup=Control Server is Offline
2026-03-06 11:31:36 ERROR root Invalid Parameter IC144Panel ShowPopup: popup=Control Server is Offline
2026-03-06 11:31:36 ERROR root Invalid Parameter BreakRmPanel ShowPopup: popup=Control Server is Offline
2026-03-06 11:31:36 ERROR root Invalid Parameter LobbyPanel ShowPopup: popup=Control Server is Offline
2026-03-06 11:31:36 ERROR root Invalid Parameter HallPanel ShowPopup: popup=Control Server is Offline
2026-03-06 11:31:36 ERROR root Invalid Parameter BWDPanel ShowPopup: popup=Control Server is Offline
2026-03-06 11:31:36 ERROR root Invalid Parameter IC142Panel ShowPopup: popup=Control Server is Offline
2026-03-06 11:31:36 ERROR root Invalid Parameter IC143Panel ShowPopup: popup=Control Server is Offline
2026-03-06 11:31:36 ERROR root Invalid Parameter IC144Panel ShowPopup: popup=Control Server is Offline
2026-03-06 11:31:36 ERROR root Invalid Parameter BreakRmPanel ShowPopup: popup=Control Server is Offline
2026-03-06 11:31:36 ERROR root Invalid Parameter LobbyPanel ShowPopup: popup=Control Server is Offline
2026-03-06 11:31:36 ERROR root Invalid Parameter HallPanel ShowPopup: popup=Control Server is Offline
2026-03-06 11:31:36 ERROR root Invalid Parameter BWDPanel ShowPopup: popup=Control Server is Offline
2026-03-06 11:31:37 ERROR root Invalid Parameter IC142Panel HidePopup: popup=Control Server is Offline
2026-03-06 11:31:37 ERROR root Invalid Parameter IC143Panel HidePopup: popup=Control Server is Offline
2026-03-06 11:31:37 ERROR root Invalid Parameter IC144Panel HidePopup: popup=Control Server is Offline
2026-03-06 11:31:37 ERROR root Invalid Parameter BreakRmPanel HidePopup: popup=Control Server is Offline
2026-03-06 11:31:37 ERROR root Invalid Parameter LobbyPanel HidePopup: popup=Control Server is Offline
2026-03-06 11:31:37 ERROR root Invalid Parameter HallPanel HidePopup: popup=Control Server is Offline
2026-03-06 11:31:37 ERROR root Invalid Parameter BWDPanel HidePopup: popup=Control Server is Offline
2026-03-06 11:31:37 ERROR root EXCEPTION:NonvolatileValues:ReadValues:Traceback (most recent call last):
  File "c:\Users\manyr\OneDrive\Desktop\Chris system\Server\source\tools.py", line 403, in ReadValues
    values = _json.load(f)
  File "C:\Python\Python310\lib\json\__init__.py", line 293, in load
    return loads(fp.read(),
  File "C:\Python\Python310\lib\json\__init__.py", line 346, in loads
    return _default_decoder.decode(s)
  File "C:\Python\Python310\lib\json\decoder.py", line 337, in decode
    obj, end = self.raw_decode(s, idx=_w(s, 0).end())
  File "C:\Python\Python310\lib\json\decoder.py", line 355, in raw_decode
    raise JSONDecodeError("Expecting value", s, err.value) from None
json.decoder.JSONDecodeError: Expecting value: line 1 column 1 (char 0)
:deleting corrupted file
2026-03-06 11:31:42 ERROR root SerialInterface spd2:COM1SendAndWait: Port COM1 not open
2026-03-06 11:31:42 ERROR root SerialInterface spd1:COM1SendAndWait: Port COM1 not open
2026-03-06 11:31:42 ERROR root SerialInterface spd3:COM1SendAndWait: Port COM1 not open
2026-03-06 11:31:42 ERROR root SerialInterface spd6:COM1SendAndWait: Port COM1 not open
2026-03-06 11:31:42 ERROR root SerialInterface spd5:COM1SendAndWait: Port COM1 not open
2026-03-06 11:31:42 ERROR root SerialInterface spd4:COM1SendAndWait: Port COM1 not open
2026-03-06 11:31:51 ERROR root EXCEPTION:NonvolatileValues:ReadValues:Traceback (most recent call last):
  File "c:\Users\manyr\OneDrive\Desktop\Chris system\Server\source\tools.py", line 403, in ReadValues
    values = _json.load(f)
  File "C:\Python\Python310\lib\json\__init__.py", line 293, in load
    return loads(fp.read(),
  File "C:\Python\Python310\lib\json\__init__.py", line 346, in loads
    return _default_decoder.decode(s)
  File "C:\Python\Python310\lib\json\decoder.py", line 337, in decode
    obj, end = self.raw_decode(s, idx=_w(s, 0).end())
  File "C:\Python\Python310\lib\json\decoder.py", line 355, in raw_decode
    raise JSONDecodeError("Expecting value", s, err.value) from None
json.decoder.JSONDecodeError: Expecting value: line 1 column 1 (char 0)
:deleting corrupted file
2026-03-06 11:32:05 ERROR root remotelib error:IC142Panel:1284:{"property": "init", "value": "device does not exist", "qualifier": {"alias": "IC142Panel:1284", "code": "missing device"}}
2026-03-06 11:32:05 ERROR root remotelib error:IC142Panel:1286:{"property": "init", "value": "device does not exist", "qualifier": {"alias": "IC142Panel:1286", "code": "missing device"}}
2026-03-06 11:32:05 ERROR root remotelib error:IC142Panel:1285:{"property": "init", "value": "device does not exist", "qualifier": {"alias": "IC142Panel:1285", "code": "missing device"}}
2026-03-06 11:32:05 ERROR root remotelib error:IC143Panel:1284:{"property": "init", "value": "device does not exist", "qualifier": {"alias": "IC143Panel:1284", "code": "missing device"}}
2026-03-06 11:32:05 ERROR root remotelib error:IC142Panel:1287:{"property": "init", "value": "device does not exist", "qualifier": {"alias": "IC142Panel:1287", "code": "missing device"}}
2026-03-06 11:32:05 ERROR root remotelib error:IC143Panel:1285:{"property": "init", "value": "device does not exist", "qualifier": {"alias": "IC143Panel:1285", "code": "missing device"}}
2026-03-06 11:32:05 ERROR root remotelib error:IC142Panel:1288:{"property": "init", "value": "device does not exist", "qualifier": {"alias": "IC142Panel:1288", "code": "missing device"}}
2026-03-06 11:32:05 ERROR root remotelib error:IC143Panel:1286:{"property": "init", "value": "device does not exist", "qualifier": {"alias": "IC143Panel:1286", "code": "missing device"}}
2026-03-06 11:32:05 ERROR root remotelib error:IC143Panel:1287:{"property": "init", "value": "device does not exist", "qualifier": {"alias": "IC143Panel:1287", "code": "missing device"}}
2026-03-06 11:32:05 ERROR root remotelib error:IC142Panel:1289:{"property": "init", "value": "device does not exist", "qualifier": {"alias": "IC142Panel:1289", "code": "missing device"}}
2026-03-06 11:32:05 ERROR root remotelib error:IC143Panel:1289:{"property": "init", "value": "device does not exist", "qualifier": {"alias": "IC143Panel:1289", "code": "missing device"}}
2026-03-06 11:32:05 ERROR root remotelib error:IC143Panel:1288:{"property": "init", "value": "device does not exist", "qualifier": {"alias": "IC143Panel:1288", "code": "missing device"}}
2026-03-06 11:32:05 ERROR root remotelib error:IC143Panel:1290:{"property": "init", "value": "device does not exist", "qualifier": {"alias": "IC143Panel:1290", "code": "missing device"}}
2026-03-06 11:32:05 ERROR root remotelib error:IC142Panel:1290:{"property": "init", "value": "device does not exist", "qualifier": {"alias": "IC142Panel:1290", "code": "missing device"}}
2026-03-06 11:32:05 ERROR root remotelib error:IC143Panel:2302:{"property": "init", "value": "device does not exist", "qualifier": {"alias": "IC143Panel:2302", "code": "missing device"}}
2026-03-06 11:32:05 ERROR root remotelib error:IC142Panel:2301:{"property": "init", "value": "device does not exist", "qualifier": {"alias": "IC142Panel:2301", "code": "missing device"}}
2026-03-06 11:32:05 ERROR root remotelib error:IC143Panel:2301:{"property": "init", "value": "device does not exist", "qualifier": {"alias": "IC143Panel:2301", "code": "missing device"}}
2026-03-06 11:32:05 ERROR root remotelib error:IC142Panel:2302:{"property": "init", "value": "device does not exist", "qualifier": {"alias": "IC142Panel:2302", "code": "missing device"}}
2026-03-06 11:32:05 ERROR root remotelib error:IC143Panel:2303:{"property": "init", "value": "device does not exist", "qualifier": {"alias": "IC143Panel:2303", "code": "missing device"}}
2026-03-06 11:32:05 ERROR root remotelib error:IC143Panel:2304:{"property": "init", "value": "device does not exist", "qualifier": {"alias": "IC143Panel:2304", "code": "missing device"}}
2026-03-06 11:32:05 ERROR root remotelib error:IC144Panel:1284:{"property": "init", "value": "device does not exist", "qualifier": {"alias": "IC144Panel:1284", "code": "missing device"}}
2026-03-06 11:32:05 ERROR root remotelib error:IC142Panel:2303:{"property": "init", "value": "device does not exist", "qualifier": {"alias": "IC142Panel:2303", "code": "missing device"}}
2026-03-06 11:32:05 ERROR root remotelib error:IC142Panel:2305:{"property": "init", "value": "device does not exist", "qualifier": {"alias": "IC142Panel:2305", "code": "missing device"}}
2026-03-06 11:32:05 ERROR root remotelib error:IC142Panel:2304:{"property": "init", "value": "device does not exist", "qualifier": {"alias": "IC142Panel:2304", "code": "missing device"}}
2026-03-06 11:32:05 ERROR root remotelib error:IC143Panel:2305:{"property": "init", "value": "device does not exist", "qualifier": {"alias": "IC143Panel:2305", "code": "missing device"}}
2026-03-06 11:32:05 ERROR root remotelib error:IC144Panel:1285:{"property": "init", "value": "device does not exist", "qualifier": {"alias": "IC144Panel:1285", "code": "missing device"}}
2026-03-06 11:32:05 ERROR root remotelib error:IC142Panel:2306:{"property": "init", "value": "device does not exist", "qualifier": {"alias": "IC142Panel:2306", "code": "missing device"}}
2026-03-06 11:32:05 ERROR root remotelib error:IC143Panel:2306:{"property": "init", "value": "device does not exist", "qualifier": {"alias": "IC143Panel:2306", "code": "missing device"}}
2026-03-06 11:32:05 ERROR root remotelib error:IC144Panel:1286:{"property": "init", "value": "device does not exist", "qualifier": {"alias": "IC144Panel:1286", "code": "missing device"}}
2026-03-06 11:32:05 ERROR root remotelib error:IC143Panel:2307:{"property": "init", "value": "device does not exist", "qualifier": {"alias": "IC143Panel:2307", "code": "missing device"}}
2026-03-06 11:32:05 ERROR root remotelib error:IC142Panel:2307:{"property": "init", "value": "device does not exist", "qualifier": {"alias": "IC142Panel:2307", "code": "missing device"}}
2026-03-06 11:32:05 ERROR root remotelib error:IC144Panel:1287:{"property": "init", "value": "device does not exist", "qualifier": {"alias": "IC144Panel:1287", "code": "missing device"}}
2026-03-06 11:32:05 ERROR root remotelib error:IC143Panel:2308:{"property": "init", "value": "device does not exist", "qualifier": {"alias": "IC143Panel:2308", "code": "missing device"}}
2026-03-06 11:32:05 ERROR root remotelib error:IC142Panel:2308:{"property": "init", "value": "device does not exist", "qualifier": {"alias": "IC142Panel:2308", "code": "missing device"}}
2026-03-06 11:32:05 ERROR root remotelib error:IC144Panel:1288:{"property": "init", "value": "device does not exist", "qualifier": {"alias": "IC144Panel:1288", "code": "missing device"}}
2026-03-06 11:32:05 ERROR root remotelib error:IC142Panel:2309:{"property": "init", "value": "device does not exist", "qualifier": {"alias": "IC142Panel:2309", "code": "missing device"}}
2026-03-06 11:32:05 ERROR root remotelib error:IC143Panel:2309:{"property": "init", "value": "device does not exist", "qualifier": {"alias": "IC143Panel:2309", "code": "missing device"}}
2026-03-06 11:32:05 ERROR root remotelib error:IC142Panel:2310:{"property": "init", "value": "device does not exist", "qualifier": {"alias": "IC142Panel:2310", "code": "missing device"}}
2026-03-06 11:32:05 ERROR root remotelib error:IC144Panel:1289:{"property": "init", "value": "device does not exist", "qualifier": {"alias": "IC144Panel:1289", "code": "missing device"}}
2026-03-06 11:32:05 ERROR root remotelib error:IC143Panel:2310:{"property": "init", "value": "device does not exist", "qualifier": {"alias": "IC143Panel:2310", "code": "missing device"}}
2026-03-06 11:32:05 ERROR root remotelib error:BreakRmPanel:1284:{"property": "init", "value": "device does not exist", "qualifier": {"alias": "BreakRmPanel:1284", "code": "missing device"}}
2026-03-06 11:32:05 ERROR root remotelib error:IC142Panel:2311:{"property": "init", "value": "device does not exist", "qualifier": {"alias": "IC142Panel:2311", "code": "missing device"}}
2026-03-06 11:32:05 ERROR root remotelib error:IC144Panel:1290:{"property": "init", "value": "device does not exist", "qualifier": {"alias": "IC144Panel:1290", "code": "missing device"}}
2026-03-06 11:32:05 ERROR root remotelib error:IC144Panel:2301:{"property": "init", "value": "device does not exist", "qualifier": {"alias": "IC144Panel:2301", "code": "missing device"}}
2026-03-06 11:32:05 ERROR root remotelib error:IC142Panel:2312:{"property": "init", "value": "device does not exist", "qualifier": {"alias": "IC142Panel:2312", "code": "missing device"}}
2026-03-06 11:32:05 ERROR root remotelib error:IC143Panel:2311:{"property": "init", "value": "device does not exist", "qualifier": {"alias": "IC143Panel:2311", "code": "missing device"}}
2026-03-06 11:32:05 ERROR root remotelib error:IC143Panel:2313:{"property": "init", "value": "device does not exist", "qualifier": {"alias": "IC143Panel:2313", "code": "missing device"}}
2026-03-06 11:32:05 ERROR root remotelib error:IC143Panel:2312:{"property": "init", "value": "device does not exist", "qualifier": {"alias": "IC143Panel:2312", "code": "missing device"}}
2026-03-06 11:32:05 ERROR root remotelib error:IC142Panel:2313:{"property": "init", "value": "device does not exist", "qualifier": {"alias": "IC142Panel:2313", "code": "missing device"}}
2026-03-06 11:32:05 ERROR root remotelib error:BreakRmPanel:1287:{"property": "init", "value": "device does not exist", "qualifier": {"alias": "BreakRmPanel:1287", "code": "missing device"}}
2026-03-06 11:32:05 ERROR root remotelib error:BreakRmPanel:1285:{"property": "init", "value": "device does not exist", "qualifier": {"alias": "BreakRmPanel:1285", "code": "missing device"}}
2026-03-06 11:32:05 ERROR root remotelib error:BreakRmPanel:1286:{"property": "init", "value": "device does not exist", "qualifier": {"alias": "BreakRmPanel:1286", "code": "missing device"}}
2026-03-06 11:32:05 ERROR root remotelib error:IC142Panel:2314:{"property": "init", "value": "device does not exist", "qualifier": {"alias": "IC142Panel:2314", "code": "missing device"}}
2026-03-06 11:32:05 ERROR root remotelib error:BreakRmPanel:1288:{"property": "init", "value": "device does not exist", "qualifier": {"alias": "BreakRmPanel:1288", "code": "missing device"}}
2026-03-06 11:32:05 ERROR root remotelib error:IC142Panel:2315:{"property": "init", "value": "device does not exist", "qualifier": {"alias": "IC142Panel:2315", "code": "missing device"}}
2026-03-06 11:32:05 ERROR root remotelib error:IC142Panel:2316:{"property": "init", "value": "device does not exist", "qualifier": {"alias": "IC142Panel:2316", "code": "missing device"}}
2026-03-06 11:32:05 ERROR root remotelib error:IC143Panel:2314:{"property": "init", "value": "device does not exist", "qualifier": {"alias": "IC143Panel:2314", "code": "missing device"}}
2026-03-06 11:32:05 ERROR root remotelib error:IC143Panel:2315:{"property": "init", "value": "device does not exist", "qualifier": {"alias": "IC143Panel:2315", "code": "missing device"}}
2026-03-06 11:32:05 ERROR root remotelib error:IC144Panel:2302:{"property": "init", "value": "device does not exist", "qualifier": {"alias": "IC144Panel:2302", "code": "missing device"}}
2026-03-06 11:32:05 ERROR root remotelib error:LobbyPanel:1284:{"property": "init", "value": "device does not exist", "qualifier": {"alias": "LobbyPanel:1284", "code": "missing device"}}
2026-03-06 11:32:05 ERROR root remotelib error:IC142Panel:2317:{"property": "init", "value": "device does not exist", "qualifier": {"alias": "IC142Panel:2317", "code": "missing device"}}
2026-03-06 11:32:05 ERROR root remotelib error:BreakRmPanel:1289:{"property": "init", "value": "device does not exist", "qualifier": {"alias": "BreakRmPanel:1289", "code": "missing device"}}
2026-03-06 11:32:05 ERROR root remotelib error:IC144Panel:2303:{"property": "init", "value": "device does not exist", "qualifier": {"alias": "IC144Panel:2303", "code": "missing device"}}
2026-03-06 11:32:05 ERROR root remotelib error:LobbyPanel:1286:{"property": "init", "value": "device does not exist", "qualifier": {"alias": "LobbyPanel:1286", "code": "missing device"}}
2026-03-06 11:32:05 ERROR root remotelib error:IC144Panel:2304:{"property": "init", "value": "device does not exist", "qualifier": {"alias": "IC144Panel:2304", "code": "missing device"}}
2026-03-06 11:32:05 ERROR root remotelib error:LobbyPanel:1285:{"property": "init", "value": "device does not exist", "qualifier": {"alias": "LobbyPanel:1285", "code": "missing device"}}
2026-03-06 11:32:05 ERROR root remotelib error:IC143Panel:2316:{"property": "init", "value": "device does not exist", "qualifier": {"alias": "IC143Panel:2316", "code": "missing device"}}
2026-03-06 11:32:05 ERROR root remotelib error:IC142Panel:2318:{"property": "init", "value": "device does not exist", "qualifier": {"alias": "IC142Panel:2318", "code": "missing device"}}
2026-03-06 11:32:05 ERROR root remotelib error:IC143Panel:2317:{"property": "init", "value": "device does not exist", "qualifier": {"alias": "IC143Panel:2317", "code": "missing device"}}
2026-03-06 11:32:05 ERROR root remotelib error:LobbyPanel:1287:{"property": "init", "value": "device does not exist", "qualifier": {"alias": "LobbyPanel:1287", "code": "missing device"}}
2026-03-06 11:32:05 ERROR root remotelib error:BreakRmPanel:1290:{"property": "init", "value": "device does not exist", "qualifier": {"alias": "BreakRmPanel:1290", "code": "missing device"}}
2026-03-06 11:32:05 ERROR root remotelib error:IC143Panel:2318:{"property": "init", "value": "device does not exist", "qualifier": {"alias": "IC143Panel:2318", "code": "missing device"}}
2026-03-06 11:32:05 ERROR root remotelib error:LobbyPanel:1288:{"property": "init", "value": "device does not exist", "qualifier": {"alias": "LobbyPanel:1288", "code": "missing device"}}
2026-03-06 11:32:06 ERROR root remotelib error:IC142Panel:2319:{"property": "init", "value": "device does not exist", "qualifier": {"alias": "IC142Panel:2319", "code": "missing device"}}
2026-03-06 11:32:06 ERROR root remotelib error:BreakRmPanel:2302:{"property": "init", "value": "device does not exist", "qualifier": {"alias": "BreakRmPanel:2302", "code": "missing device"}}
2026-03-06 11:32:06 ERROR root remotelib error:IC144Panel:2305:{"property": "init", "value": "device does not exist", "qualifier": {"alias": "IC144Panel:2305", "code": "missing device"}}
2026-03-06 11:32:06 ERROR root remotelib error:BreakRmPanel:2301:{"property": "init", "value": "device does not exist", "qualifier": {"alias": "BreakRmPanel:2301", "code": "missing device"}}
2026-03-06 11:32:06 ERROR root remotelib error:IC144Panel:2306:{"property": "init", "value": "device does not exist", "qualifier": {"alias": "IC144Panel:2306", "code": "missing device"}}
2026-03-06 11:32:06 ERROR root remotelib error:LobbyPanel:1289:{"property": "init", "value": "device does not exist", "qualifier": {"alias": "LobbyPanel:1289", "code": "missing device"}}
2026-03-06 11:32:06 ERROR root remotelib error:IC143Panel:2319:{"property": "init", "value": "device does not exist", "qualifier": {"alias": "IC143Panel:2319", "code": "missing device"}}
2026-03-06 11:32:06 ERROR root remotelib error:IC143Panel:793:{"property": "init", "value": "device does not exist", "qualifier": {"alias": "IC143Panel:793", "code": "missing device"}}
2026-03-06 11:32:06 ERROR root remotelib error:IC143Panel:4925:{"property": "init", "value": "device does not exist", "qualifier": {"alias": "IC143Panel:4925", "code": "missing device"}}
2026-03-06 11:32:06 ERROR root remotelib error:LobbyPanel:1290:{"property": "init", "value": "device does not exist", "qualifier": {"alias": "LobbyPanel:1290", "code": "missing device"}}
2026-03-06 11:32:06 ERROR root remotelib error:LobbyPanel:2301:{"property": "init", "value": "device does not exist", "qualifier": {"alias": "LobbyPanel:2301", "code": "missing device"}}
2026-03-06 11:32:06 ERROR root remotelib error:IC142Panel:793:{"property": "init", "value": "device does not exist", "qualifier": {"alias": "IC142Panel:793", "code": "missing device"}}
2026-03-06 11:32:06 ERROR root remotelib error:IC144Panel:2309:{"property": "init", "value": "device does not exist", "qualifier": {"alias": "IC144Panel:2309", "code": "missing device"}}
2026-03-06 11:32:06 ERROR root remotelib error:LobbyPanel:2302:{"property": "init", "value": "device does not exist", "qualifier": {"alias": "LobbyPanel:2302", "code": "missing device"}}
2026-03-06 11:32:06 ERROR root remotelib error:IC143Panel:4926:{"property": "init", "value": "device does not exist", "qualifier": {"alias": "IC143Panel:4926", "code": "missing device"}}
2026-03-06 11:32:06 ERROR root remotelib error:IC144Panel:2308:{"property": "init", "value": "device does not exist", "qualifier": {"alias": "IC144Panel:2308", "code": "missing device"}}
2026-03-06 11:32:06 ERROR root remotelib error:IC143Panel:4927:{"property": "init", "value": "device does not exist", "qualifier": {"alias": "IC143Panel:4927", "code": "missing device"}}
2026-03-06 11:32:06 ERROR root remotelib error:IC144Panel:2307:{"property": "init", "value": "device does not exist", "qualifier": {"alias": "IC144Panel:2307", "code": "missing device"}}
2026-03-06 11:32:06 ERROR root remotelib error:BreakRmPanel:2304:{"property": "init", "value": "device does not exist", "qualifier": {"alias": "BreakRmPanel:2304", "code": "missing device"}}
2026-03-06 11:32:06 ERROR root remotelib error:BreakRmPanel:2303:{"property": "init", "value": "device does not exist", "qualifier": {"alias": "BreakRmPanel:2303", "code": "missing device"}}
2026-03-06 11:32:06 ERROR root remotelib error:IC142Panel:4925:{"property": "init", "value": "device does not exist", "qualifier": {"alias": "IC142Panel:4925", "code": "missing device"}}
2026-03-06 11:32:06 ERROR root remotelib error:BreakRmPanel:2305:{"property": "init", "value": "device does not exist", "qualifier": {"alias": "BreakRmPanel:2305", "code": "missing device"}}
2026-03-06 11:32:06 ERROR root remotelib error:IC142Panel:4926:{"property": "init", "value": "device does not exist", "qualifier": {"alias": "IC142Panel:4926", "code": "missing device"}}
2026-03-06 11:32:06 ERROR root remotelib error:LobbyPanel:2303:{"property": "init", "value": "device does not exist", "qualifier": {"alias": "LobbyPanel:2303", "code": "missing device"}}
2026-03-06 11:32:06 ERROR root remotelib error:BreakRmPanel:2306:{"property": "init", "value": "device does not exist", "qualifier": {"alias": "BreakRmPanel:2306", "code": "missing device"}}
2026-03-06 11:32:06 ERROR root remotelib error:IC143Panel:4928:{"property": "init", "value": "device does not exist", "qualifier": {"alias": "IC143Panel:4928", "code": "missing device"}}
2026-03-06 11:32:06 ERROR root remotelib error:LobbyPanel:2304:{"property": "init", "value": "device does not exist", "qualifier": {"alias": "LobbyPanel:2304", "code": "missing device"}}
2026-03-06 11:32:06 ERROR root remotelib error:IC142Panel:4928:{"property": "init", "value": "device does not exist", "qualifier": {"alias": "IC142Panel:4928", "code": "missing device"}}
2026-03-06 11:32:06 ERROR root remotelib error:HallPanel:1284:{"property": "init", "value": "device does not exist", "qualifier": {"alias": "HallPanel:1284", "code": "missing device"}}
2026-03-06 11:32:06 ERROR root remotelib error:BreakRmPanel:2307:{"property": "init", "value": "device does not exist", "qualifier": {"alias": "BreakRmPanel:2307", "code": "missing device"}}
2026-03-06 11:32:06 ERROR root remotelib error:IC143Panel:4929:{"property": "init", "value": "device does not exist", "qualifier": {"alias": "IC143Panel:4929", "code": "missing device"}}
2026-03-06 11:32:06 ERROR root remotelib error:IC144Panel:2310:{"property": "init", "value": "device does not exist", "qualifier": {"alias": "IC144Panel:2310", "code": "missing device"}}
2026-03-06 11:32:06 ERROR root remotelib error:IC142Panel:4927:{"property": "init", "value": "device does not exist", "qualifier": {"alias": "IC142Panel:4927", "code": "missing device"}}
2026-03-06 11:32:06 ERROR root remotelib error:LobbyPanel:2305:{"property": "init", "value": "device does not exist", "qualifier": {"alias": "LobbyPanel:2305", "code": "missing device"}}
2026-03-06 11:32:06 ERROR root remotelib error:LobbyPanel:2306:{"property": "init", "value": "device does not exist", "qualifier": {"alias": "LobbyPanel:2306", "code": "missing device"}}
2026-03-06 11:32:06 ERROR root remotelib error:HallPanel:1285:{"property": "init", "value": "device does not exist", "qualifier": {"alias": "HallPanel:1285", "code": "missing device"}}
2026-03-06 11:32:06 ERROR root remotelib error:IC142Panel:4929:{"property": "init", "value": "device does not exist", "qualifier": {"alias": "IC142Panel:4929", "code": "missing device"}}
2026-03-06 11:32:06 ERROR root remotelib error:BreakRmPanel:2309:{"property": "init", "value": "device does not exist", "qualifier": {"alias": "BreakRmPanel:2309", "code": "missing device"}}
2026-03-06 11:32:06 ERROR root remotelib error:IC142Panel:4930:{"property": "init", "value": "device does not exist", "qualifier": {"alias": "IC142Panel:4930", "code": "missing device"}}
2026-03-06 11:32:06 ERROR root remotelib error:IC144Panel:2311:{"property": "init", "value": "device does not exist", "qualifier": {"alias": "IC144Panel:2311", "code": "missing device"}}
2026-03-06 11:32:06 ERROR root remotelib error:HallPanel:1286:{"property": "init", "value": "device does not exist", "qualifier": {"alias": "HallPanel:1286", "code": "missing device"}}
2026-03-06 11:32:06 ERROR root remotelib error:BreakRmPanel:2308:{"property": "init", "value": "device does not exist", "qualifier": {"alias": "BreakRmPanel:2308", "code": "missing device"}}
2026-03-06 11:32:06 ERROR root remotelib error:IC143Panel:4930:{"property": "init", "value": "device does not exist", "qualifier": {"alias": "IC143Panel:4930", "code": "missing device"}}
2026-03-06 11:32:06 ERROR root remotelib error:IC144Panel:2312:{"property": "init", "value": "device does not exist", "qualifier": {"alias": "IC144Panel:2312", "code": "missing device"}}
2026-03-06 11:32:06 ERROR root remotelib error:BreakRmPanel:2310:{"property": "init", "value": "device does not exist", "qualifier": {"alias": "BreakRmPanel:2310", "code": "missing device"}}
2026-03-06 11:32:06 ERROR root remotelib error:LobbyPanel:2307:{"property": "init", "value": "device does not exist", "qualifier": {"alias": "LobbyPanel:2307", "code": "missing device"}}
2026-03-06 11:32:06 ERROR root remotelib error:IC142Panel:4931:{"property": "init", "value": "device does not exist", "qualifier": {"alias": "IC142Panel:4931", "code": "missing device"}}
2026-03-06 11:32:06 ERROR root remotelib error:HallPanel:1288:{"property": "init", "value": "device does not exist", "qualifier": {"alias": "HallPanel:1288", "code": "missing device"}}
2026-03-06 11:32:06 ERROR root remotelib error:BreakRmPanel:2312:{"property": "init", "value": "device does not exist", "qualifier": {"alias": "BreakRmPanel:2312", "code": "missing device"}}
2026-03-06 11:32:06 ERROR root remotelib error:BreakRmPanel:2311:{"property": "init", "value": "device does not exist", "qualifier": {"alias": "BreakRmPanel:2311", "code": "missing device"}}
2026-03-06 11:32:06 ERROR root remotelib error:IC144Panel:2313:{"property": "init", "value": "device does not exist", "qualifier": {"alias": "IC144Panel:2313", "code": "missing device"}}
2026-03-06 11:32:06 ERROR root remotelib error:IC143Panel:4932:{"property": "init", "value": "device does not exist", "qualifier": {"alias": "IC143Panel:4932", "code": "missing device"}}
2026-03-06 11:32:06 ERROR root remotelib error:IC143Panel:4931:{"property": "init", "value": "device does not exist", "qualifier": {"alias": "IC143Panel:4931", "code": "missing device"}}
2026-03-06 11:32:06 ERROR root remotelib error:LobbyPanel:2309:{"property": "init", "value": "device does not exist", "qualifier": {"alias": "LobbyPanel:2309", "code": "missing device"}}
2026-03-06 11:32:06 ERROR root remotelib error:LobbyPanel:2308:{"property": "init", "value": "device does not exist", "qualifier": {"alias": "LobbyPanel:2308", "code": "missing device"}}
2026-03-06 11:32:06 ERROR root remotelib error:BreakRmPanel:2313:{"property": "init", "value": "device does not exist", "qualifier": {"alias": "BreakRmPanel:2313", "code": "missing device"}}
2026-03-06 11:32:06 ERROR root remotelib error:IC144Panel:2314:{"property": "init", "value": "device does not exist", "qualifier": {"alias": "IC144Panel:2314", "code": "missing device"}}
2026-03-06 11:32:06 ERROR root remotelib error:HallPanel:1287:{"property": "init", "value": "device does not exist", "qualifier": {"alias": "HallPanel:1287", "code": "missing device"}}
2026-03-06 11:32:06 ERROR root remotelib error:IC142Panel:4932:{"property": "init", "value": "device does not exist", "qualifier": {"alias": "IC142Panel:4932", "code": "missing device"}}
2026-03-06 11:32:06 ERROR root remotelib error:IC143Panel:4900:{"property": "init", "value": "device does not exist", "qualifier": {"alias": "IC143Panel:4900", "code": "missing device"}}
2026-03-06 11:32:06 ERROR root remotelib error:LobbyPanel:2310:{"property": "init", "value": "device does not exist", "qualifier": {"alias": "LobbyPanel:2310", "code": "missing device"}}
2026-03-06 11:32:06 ERROR root remotelib error:HallPanel:1289:{"property": "init", "value": "device does not exist", "qualifier": {"alias": "HallPanel:1289", "code": "missing device"}}
2026-03-06 11:32:06 ERROR root remotelib error:IC142Panel:4900:{"property": "init", "value": "device does not exist", "qualifier": {"alias": "IC142Panel:4900", "code": "missing device"}}
2026-03-06 11:32:06 ERROR root remotelib error:IC142Panel:4901:{"property": "init", "value": "device does not exist", "qualifier": {"alias": "IC142Panel:4901", "code": "missing device"}}
2026-03-06 11:32:06 ERROR root remotelib error:LobbyPanel:2312:{"property": "init", "value": "device does not exist", "qualifier": {"alias": "LobbyPanel:2312", "code": "missing device"}}
2026-03-06 11:32:06 ERROR root remotelib error:IC142Panel:4902:{"property": "init", "value": "device does not exist", "qualifier": {"alias": "IC142Panel:4902", "code": "missing device"}}
2026-03-06 11:32:06 ERROR root remotelib error:HallPanel:1290:{"property": "init", "value": "device does not exist", "qualifier": {"alias": "HallPanel:1290", "code": "missing device"}}
2026-03-06 11:32:06 ERROR root remotelib error:IC143Panel:4902:{"property": "init", "value": "device does not exist", "qualifier": {"alias": "IC143Panel:4902", "code": "missing device"}}
2026-03-06 11:32:06 ERROR root remotelib error:BWDPanel:1284:{"property": "init", "value": "device does not exist", "qualifier": {"alias": "BWDPanel:1284", "code": "missing device"}}
2026-03-06 11:32:06 ERROR root remotelib error:LobbyPanel:2311:{"property": "init", "value": "device does not exist", "qualifier": {"alias": "LobbyPanel:2311", "code": "missing device"}}
2026-03-06 11:32:06 ERROR root remotelib error:IC144Panel:2315:{"property": "init", "value": "device does not exist", "qualifier": {"alias": "IC144Panel:2315", "code": "missing device"}}
2026-03-06 11:32:06 ERROR root remotelib error:BreakRmPanel:2314:{"property": "init", "value": "device does not exist", "qualifier": {"alias": "BreakRmPanel:2314", "code": "missing device"}}
2026-03-06 11:32:06 ERROR root remotelib error:IC143Panel:4901:{"property": "init", "value": "device does not exist", "qualifier": {"alias": "IC143Panel:4901", "code": "missing device"}}
2026-03-06 11:32:06 ERROR root remotelib error:IC142Panel:4903:{"property": "init", "value": "device does not exist", "qualifier": {"alias": "IC142Panel:4903", "code": "missing device"}}
2026-03-06 11:32:06 ERROR root remotelib error:BreakRmPanel:2315:{"property": "init", "value": "device does not exist", "qualifier": {"alias": "BreakRmPanel:2315", "code": "missing device"}}
2026-03-06 11:32:06 ERROR root remotelib error:IC144Panel:2316:{"property": "init", "value": "device does not exist", "qualifier": {"alias": "IC144Panel:2316", "code": "missing device"}}
2026-03-06 11:32:06 ERROR root remotelib error:LobbyPanel:2313:{"property": "init", "value": "device does not exist", "qualifier": {"alias": "LobbyPanel:2313", "code": "missing device"}}
2026-03-06 11:32:06 ERROR root remotelib error:HallPanel:2301:{"property": "init", "value": "device does not exist", "qualifier": {"alias": "HallPanel:2301", "code": "missing device"}}
2026-03-06 11:32:06 ERROR root remotelib error:BWDPanel:1285:{"property": "init", "value": "device does not exist", "qualifier": {"alias": "BWDPanel:1285", "code": "missing device"}}
2026-03-06 11:32:06 ERROR root remotelib error:LobbyPanel:2314:{"property": "init", "value": "device does not exist", "qualifier": {"alias": "LobbyPanel:2314", "code": "missing device"}}
2026-03-06 11:32:06 ERROR root remotelib error:BreakRmPanel:2316:{"property": "init", "value": "device does not exist", "qualifier": {"alias": "BreakRmPanel:2316", "code": "missing device"}}
2026-03-06 11:32:06 ERROR root remotelib error:IC144Panel:2317:{"property": "init", "value": "device does not exist", "qualifier": {"alias": "IC144Panel:2317", "code": "missing device"}}
2026-03-06 11:32:06 ERROR root remotelib error:IC142Panel:4904:{"property": "init", "value": "device does not exist", "qualifier": {"alias": "IC142Panel:4904", "code": "missing device"}}
2026-03-06 11:32:06 ERROR root remotelib error:BWDPanel:1287:{"property": "init", "value": "device does not exist", "qualifier": {"alias": "BWDPanel:1287", "code": "missing device"}}
2026-03-06 11:32:06 ERROR root remotelib error:HallPanel:2303:{"property": "init", "value": "device does not exist", "qualifier": {"alias": "HallPanel:2303", "code": "missing device"}}
2026-03-06 11:32:06 ERROR root remotelib error:IC142Panel:4906:{"property": "init", "value": "device does not exist", "qualifier": {"alias": "IC142Panel:4906", "code": "missing device"}}
2026-03-06 11:32:06 ERROR root remotelib error:IC143Panel:4905:{"property": "init", "value": "device does not exist", "qualifier": {"alias": "IC143Panel:4905", "code": "missing device"}}
2026-03-06 11:32:06 ERROR root remotelib error:LobbyPanel:2315:{"property": "init", "value": "device does not exist", "qualifier": {"alias": "LobbyPanel:2315", "code": "missing device"}}
2026-03-06 11:32:06 ERROR root remotelib error:IC143Panel:4904:{"property": "init", "value": "device does not exist", "qualifier": {"alias": "IC143Panel:4904", "code": "missing device"}}
2026-03-06 11:32:06 ERROR root remotelib error:BreakRmPanel:2318:{"property": "init", "value": "device does not exist", "qualifier": {"alias": "BreakRmPanel:2318", "code": "missing device"}}
2026-03-06 11:32:06 ERROR root remotelib error:IC144Panel:2318:{"property": "init", "value": "device does not exist", "qualifier": {"alias": "IC144Panel:2318", "code": "missing device"}}
2026-03-06 11:32:06 ERROR root remotelib error:IC142Panel:4905:{"property": "init", "value": "device does not exist", "qualifier": {"alias": "IC142Panel:4905", "code": "missing device"}}
2026-03-06 11:32:06 ERROR root remotelib error:IC143Panel:4903:{"property": "init", "value": "device does not exist", "qualifier": {"alias": "IC143Panel:4903", "code": "missing device"}}
2026-03-06 11:32:06 ERROR root remotelib error:BWDPanel:1286:{"property": "init", "value": "device does not exist", "qualifier": {"alias": "BWDPanel:1286", "code": "missing device"}}
2026-03-06 11:32:06 ERROR root remotelib error:BreakRmPanel:2317:{"property": "init", "value": "device does not exist", "qualifier": {"alias": "BreakRmPanel:2317", "code": "missing device"}}
2026-03-06 11:32:06 ERROR root remotelib error:HallPanel:2302:{"property": "init", "value": "device does not exist", "qualifier": {"alias": "HallPanel:2302", "code": "missing device"}}
2026-03-06 11:32:06 ERROR root remotelib error:IC144Panel:2319:{"property": "init", "value": "device does not exist", "qualifier": {"alias": "IC144Panel:2319", "code": "missing device"}}
2026-03-06 11:32:06 ERROR root remotelib error:IC144Panel:793:{"property": "init", "value": "device does not exist", "qualifier": {"alias": "IC144Panel:793", "code": "missing device"}}
2026-03-06 11:32:06 ERROR root remotelib error:HallPanel:2304:{"property": "init", "value": "device does not exist", "qualifier": {"alias": "HallPanel:2304", "code": "missing device"}}
2026-03-06 11:32:06 ERROR root remotelib error:BWDPanel:1288:{"property": "init", "value": "device does not exist", "qualifier": {"alias": "BWDPanel:1288", "code": "missing device"}}
2026-03-06 11:32:06 ERROR root remotelib error:LobbyPanel:2316:{"property": "init", "value": "device does not exist", "qualifier": {"alias": "LobbyPanel:2316", "code": "missing device"}}
2026-03-06 11:32:06 ERROR root remotelib error:BreakRmPanel:2319:{"property": "init", "value": "device does not exist", "qualifier": {"alias": "BreakRmPanel:2319", "code": "missing device"}}
2026-03-06 11:32:06 ERROR root remotelib error:IC143Panel:4908:{"property": "init", "value": "device does not exist", "qualifier": {"alias": "IC143Panel:4908", "code": "missing device"}}
2026-03-06 11:32:06 ERROR root remotelib error:HallPanel:2306:{"property": "init", "value": "device does not exist", "qualifier": {"alias": "HallPanel:2306", "code": "missing device"}}
2026-03-06 11:32:06 ERROR root remotelib error:BreakRmPanel:4925:{"property": "init", "value": "device does not exist", "qualifier": {"alias": "BreakRmPanel:4925", "code": "missing device"}}
2026-03-06 11:32:06 ERROR root remotelib error:IC142Panel:4907:{"property": "init", "value": "device does not exist", "qualifier": {"alias": "IC142Panel:4907", "code": "missing device"}}
2026-03-06 11:32:06 ERROR root remotelib error:IC143Panel:4906:{"property": "init", "value": "device does not exist", "qualifier": {"alias": "IC143Panel:4906", "code": "missing device"}}
2026-03-06 11:32:06 ERROR root remotelib error:IC144Panel:4925:{"property": "init", "value": "device does not exist", "qualifier": {"alias": "IC144Panel:4925", "code": "missing device"}}
2026-03-06 11:32:06 ERROR root remotelib error:HallPanel:2305:{"property": "init", "value": "device does not exist", "qualifier": {"alias": "HallPanel:2305", "code": "missing device"}}
2026-03-06 11:32:06 ERROR root remotelib error:IC143Panel:4907:{"property": "init", "value": "device does not exist", "qualifier": {"alias": "IC143Panel:4907", "code": "missing device"}}
2026-03-06 11:32:06 ERROR root remotelib error:BreakRmPanel:793:{"property": "init", "value": "device does not exist", "qualifier": {"alias": "BreakRmPanel:793", "code": "missing device"}}
2026-03-06 11:32:06 ERROR root remotelib error:IC142Panel:4908:{"property": "init", "value": "device does not exist", "qualifier": {"alias": "IC142Panel:4908", "code": "missing device"}}
2026-03-06 11:32:06 ERROR root remotelib error:IC144Panel:4926:{"property": "init", "value": "device does not exist", "qualifier": {"alias": "IC144Panel:4926", "code": "missing device"}}
2026-03-06 11:32:06 ERROR root remotelib error:LobbyPanel:2317:{"property": "init", "value": "device does not exist", "qualifier": {"alias": "LobbyPanel:2317", "code": "missing device"}}
2026-03-06 11:32:06 ERROR root remotelib error:IC142Panel:4909:{"property": "init", "value": "device does not exist", "qualifier": {"alias": "IC142Panel:4909", "code": "missing device"}}
2026-03-06 11:32:06 ERROR root remotelib error:BWDPanel:1289:{"property": "init", "value": "device does not exist", "qualifier": {"alias": "BWDPanel:1289", "code": "missing device"}}
2026-03-06 11:32:06 ERROR root remotelib error:IC142Panel:4910:{"property": "init", "value": "device does not exist", "qualifier": {"alias": "IC142Panel:4910", "code": "missing device"}}
2026-03-06 11:32:06 ERROR root remotelib error:BWDPanel:1290:{"property": "init", "value": "device does not exist", "qualifier": {"alias": "BWDPanel:1290", "code": "missing device"}}
2026-03-06 11:32:06 ERROR root remotelib error:BWDPanel:2302:{"property": "init", "value": "device does not exist", "qualifier": {"alias": "BWDPanel:2302", "code": "missing device"}}
2026-03-06 11:32:06 ERROR root remotelib error:IC143Panel:4909:{"property": "init", "value": "device does not exist", "qualifier": {"alias": "IC143Panel:4909", "code": "missing device"}}
2026-03-06 11:32:06 ERROR root remotelib error:HallPanel:2307:{"property": "init", "value": "device does not exist", "qualifier": {"alias": "HallPanel:2307", "code": "missing device"}}
2026-03-06 11:32:06 ERROR root remotelib error:IC144Panel:4927:{"property": "init", "value": "device does not exist", "qualifier": {"alias": "IC144Panel:4927", "code": "missing device"}}
2026-03-06 11:32:06 ERROR root remotelib error:LobbyPanel:2318:{"property": "init", "value": "device does not exist", "qualifier": {"alias": "LobbyPanel:2318", "code": "missing device"}}
2026-03-06 11:32:06 ERROR root remotelib error:IC143Panel:4911:{"property": "init", "value": "device does not exist", "qualifier": {"alias": "IC143Panel:4911", "code": "missing device"}}
2026-03-06 11:32:06 ERROR root remotelib error:BreakRmPanel:4927:{"property": "init", "value": "device does not exist", "qualifier": {"alias": "BreakRmPanel:4927", "code": "missing device"}}
2026-03-06 11:32:06 ERROR root remotelib error:IC142Panel:4911:{"property": "init", "value": "device does not exist", "qualifier": {"alias": "IC142Panel:4911", "code": "missing device"}}
2026-03-06 11:32:06 ERROR root remotelib error:IC144Panel:4928:{"property": "init", "value": "device does not exist", "qualifier": {"alias": "IC144Panel:4928", "code": "missing device"}}
2026-03-06 11:32:06 ERROR root remotelib error:HallPanel:2308:{"property": "init", "value": "device does not exist", "qualifier": {"alias": "HallPanel:2308", "code": "missing device"}}
2026-03-06 11:32:06 ERROR root remotelib error:IC142Panel:4912:{"property": "init", "value": "device does not exist", "qualifier": {"alias": "IC142Panel:4912", "code": "missing device"}}
2026-03-06 11:32:06 ERROR root remotelib error:IC143Panel:4912:{"property": "init", "value": "device does not exist", "qualifier": {"alias": "IC143Panel:4912", "code": "missing device"}}
2026-03-06 11:32:06 ERROR root remotelib error:IC143Panel:4910:{"property": "init", "value": "device does not exist", "qualifier": {"alias": "IC143Panel:4910", "code": "missing device"}}
2026-03-06 11:32:06 ERROR root remotelib error:BWDPanel:2301:{"property": "init", "value": "device does not exist", "qualifier": {"alias": "BWDPanel:2301", "code": "missing device"}}
2026-03-06 11:32:06 ERROR root remotelib error:LobbyPanel:2319:{"property": "init", "value": "device does not exist", "qualifier": {"alias": "LobbyPanel:2319", "code": "missing device"}}
2026-03-06 11:32:06 ERROR root remotelib error:LobbyPanel:793:{"property": "init", "value": "device does not exist", "qualifier": {"alias": "LobbyPanel:793", "code": "missing device"}}
2026-03-06 11:32:06 ERROR root remotelib error:IC142Panel:4913:{"property": "init", "value": "device does not exist", "qualifier": {"alias": "IC142Panel:4913", "code": "missing device"}}
2026-03-06 11:32:06 ERROR root remotelib error:IC143Panel:4913:{"property": "init", "value": "device does not exist", "qualifier": {"alias": "IC143Panel:4913", "code": "missing device"}}
2026-03-06 11:32:06 ERROR root remotelib error:BreakRmPanel:4926:{"property": "init", "value": "device does not exist", "qualifier": {"alias": "BreakRmPanel:4926", "code": "missing device"}}
2026-03-06 11:32:06 ERROR root remotelib error:IC144Panel:4930:{"property": "init", "value": "device does not exist", "qualifier": {"alias": "IC144Panel:4930", "code": "missing device"}}
2026-03-06 11:32:07 ERROR root remotelib error:IC144Panel:4929:{"property": "init", "value": "device does not exist", "qualifier": {"alias": "IC144Panel:4929", "code": "missing device"}}
2026-03-06 11:32:07 ERROR root remotelib error:HallPanel:2309:{"property": "init", "value": "device does not exist", "qualifier": {"alias": "HallPanel:2309", "code": "missing device"}}
2026-03-06 11:32:07 ERROR root remotelib error:BreakRmPanel:4928:{"property": "init", "value": "device does not exist", "qualifier": {"alias": "BreakRmPanel:4928", "code": "missing device"}}
2026-03-06 11:32:07 ERROR root remotelib error:BreakRmPanel:4929:{"property": "init", "value": "device does not exist", "qualifier": {"alias": "BreakRmPanel:4929", "code": "missing device"}}
2026-03-06 11:32:07 ERROR root remotelib error:BreakRmPanel:4930:{"property": "init", "value": "device does not exist", "qualifier": {"alias": "BreakRmPanel:4930", "code": "missing device"}}
2026-03-06 11:32:07 ERROR root remotelib error:BWDPanel:2303:{"property": "init", "value": "device does not exist", "qualifier": {"alias": "BWDPanel:2303", "code": "missing device"}}
2026-03-06 11:32:07 ERROR root remotelib error:IC143Panel:4914:{"property": "init", "value": "device does not exist", "qualifier": {"alias": "IC143Panel:4914", "code": "missing device"}}
2026-03-06 11:32:07 ERROR root remotelib error:IC142Panel:4914:{"property": "init", "value": "device does not exist", "qualifier": {"alias": "IC142Panel:4914", "code": "missing device"}}
2026-03-06 11:32:07 ERROR root remotelib error:LobbyPanel:4925:{"property": "init", "value": "device does not exist", "qualifier": {"alias": "LobbyPanel:4925", "code": "missing device"}}
2026-03-06 11:32:07 ERROR root remotelib error:HallPanel:2310:{"property": "init", "value": "device does not exist", "qualifier": {"alias": "HallPanel:2310", "code": "missing device"}}
2026-03-06 11:32:07 ERROR root remotelib error:IC142Panel:4915:{"property": "init", "value": "device does not exist", "qualifier": {"alias": "IC142Panel:4915", "code": "missing device"}}
2026-03-06 11:32:07 ERROR root remotelib error:BWDPanel:2304:{"property": "init", "value": "device does not exist", "qualifier": {"alias": "BWDPanel:2304", "code": "missing device"}}
2026-03-06 11:32:07 ERROR root remotelib error:IC143Panel:4916:{"property": "init", "value": "device does not exist", "qualifier": {"alias": "IC143Panel:4916", "code": "missing device"}}
2026-03-06 11:32:07 ERROR root remotelib error:LobbyPanel:4926:{"property": "init", "value": "device does not exist", "qualifier": {"alias": "LobbyPanel:4926", "code": "missing device"}}
2026-03-06 11:32:07 ERROR root remotelib error:IC143Panel:4915:{"property": "init", "value": "device does not exist", "qualifier": {"alias": "IC143Panel:4915", "code": "missing device"}}
2026-03-06 11:32:07 ERROR root remotelib error:HallPanel:2311:{"property": "init", "value": "device does not exist", "qualifier": {"alias": "HallPanel:2311", "code": "missing device"}}
2026-03-06 11:32:07 ERROR root remotelib error:BWDPanel:2305:{"property": "init", "value": "device does not exist", "qualifier": {"alias": "BWDPanel:2305", "code": "missing device"}}
2026-03-06 11:32:07 ERROR root remotelib error:IC142Panel:4917:{"property": "init", "value": "device does not exist", "qualifier": {"alias": "IC142Panel:4917", "code": "missing device"}}
2026-03-06 11:32:07 ERROR root remotelib error:IC144Panel:4932:{"property": "init", "value": "device does not exist", "qualifier": {"alias": "IC144Panel:4932", "code": "missing device"}}
2026-03-06 11:32:07 ERROR root remotelib error:IC142Panel:4916:{"property": "init", "value": "device does not exist", "qualifier": {"alias": "IC142Panel:4916", "code": "missing device"}}
2026-03-06 11:32:07 ERROR root remotelib error:BreakRmPanel:4931:{"property": "init", "value": "device does not exist", "qualifier": {"alias": "BreakRmPanel:4931", "code": "missing device"}}
2026-03-06 11:32:07 ERROR root remotelib error:IC144Panel:4931:{"property": "init", "value": "device does not exist", "qualifier": {"alias": "IC144Panel:4931", "code": "missing device"}}
2026-03-06 11:32:07 ERROR root remotelib error:LobbyPanel:4927:{"property": "init", "value": "device does not exist", "qualifier": {"alias": "LobbyPanel:4927", "code": "missing device"}}
2026-03-06 11:32:07 ERROR root remotelib error:BWDPanel:2306:{"property": "init", "value": "device does not exist", "qualifier": {"alias": "BWDPanel:2306", "code": "missing device"}}
2026-03-06 11:32:07 ERROR root remotelib error:HallPanel:2312:{"property": "init", "value": "device does not exist", "qualifier": {"alias": "HallPanel:2312", "code": "missing device"}}
2026-03-06 11:32:07 ERROR root remotelib error:IC143Panel:4917:{"property": "init", "value": "device does not exist", "qualifier": {"alias": "IC143Panel:4917", "code": "missing device"}}
2026-03-06 11:32:07 ERROR root remotelib error:HallPanel:2313:{"property": "init", "value": "device does not exist", "qualifier": {"alias": "HallPanel:2313", "code": "missing device"}}
2026-03-06 11:32:07 ERROR root remotelib error:LobbyPanel:4928:{"property": "init", "value": "device does not exist", "qualifier": {"alias": "LobbyPanel:4928", "code": "missing device"}}
2026-03-06 11:32:07 ERROR root remotelib error:BreakRmPanel:4932:{"property": "init", "value": "device does not exist", "qualifier": {"alias": "BreakRmPanel:4932", "code": "missing device"}}
2026-03-06 11:32:07 ERROR root remotelib error:IC142Panel:4918:{"property": "init", "value": "device does not exist", "qualifier": {"alias": "IC142Panel:4918", "code": "missing device"}}
2026-03-06 11:32:07 ERROR root remotelib error:IC144Panel:4900:{"property": "init", "value": "device does not exist", "qualifier": {"alias": "IC144Panel:4900", "code": "missing device"}}
2026-03-06 11:32:07 ERROR root remotelib error:IC143Panel:4918:{"property": "init", "value": "device does not exist", "qualifier": {"alias": "IC143Panel:4918", "code": "missing device"}}
2026-03-06 11:32:07 ERROR root remotelib error:HallPanel:2314:{"property": "init", "value": "device does not exist", "qualifier": {"alias": "HallPanel:2314", "code": "missing device"}}
2026-03-06 11:32:07 ERROR root remotelib error:IC143Panel:4919:{"property": "init", "value": "device does not exist", "qualifier": {"alias": "IC143Panel:4919", "code": "missing device"}}
2026-03-06 11:32:07 ERROR root remotelib error:HallPanel:2315:{"property": "init", "value": "device does not exist", "qualifier": {"alias": "HallPanel:2315", "code": "missing device"}}
2026-03-06 11:32:07 ERROR root remotelib error:BWDPanel:2307:{"property": "init", "value": "device does not exist", "qualifier": {"alias": "BWDPanel:2307", "code": "missing device"}}
2026-03-06 11:32:07 ERROR root remotelib error:BreakRmPanel:4900:{"property": "init", "value": "device does not exist", "qualifier": {"alias": "BreakRmPanel:4900", "code": "missing device"}}
2026-03-06 11:32:07 ERROR root remotelib error:LobbyPanel:4929:{"property": "init", "value": "device does not exist", "qualifier": {"alias": "LobbyPanel:4929", "code": "missing device"}}
2026-03-06 11:32:07 ERROR root remotelib error:IC142Panel:4919:{"property": "init", "value": "device does not exist", "qualifier": {"alias": "IC142Panel:4919", "code": "missing device"}}
2026-03-06 11:32:07 ERROR root remotelib error:BWDPanel:2308:{"property": "init", "value": "device does not exist", "qualifier": {"alias": "BWDPanel:2308", "code": "missing device"}}
2026-03-06 11:32:07 ERROR root remotelib error:BreakRmPanel:4901:{"property": "init", "value": "device does not exist", "qualifier": {"alias": "BreakRmPanel:4901", "code": "missing device"}}
2026-03-06 11:32:07 ERROR root remotelib error:IC142Panel:4920:{"property": "init", "value": "device does not exist", "qualifier": {"alias": "IC142Panel:4920", "code": "missing device"}}
2026-03-06 11:32:07 ERROR root remotelib error:IC144Panel:4901:{"property": "init", "value": "device does not exist", "qualifier": {"alias": "IC144Panel:4901", "code": "missing device"}}
2026-03-06 11:32:07 ERROR root remotelib error:BWDPanel:2309:{"property": "init", "value": "device does not exist", "qualifier": {"alias": "BWDPanel:2309", "code": "missing device"}}
2026-03-06 11:32:07 ERROR root remotelib error:BWDPanel:2310:{"property": "init", "value": "device does not exist", "qualifier": {"alias": "BWDPanel:2310", "code": "missing device"}}
2026-03-06 11:32:07 ERROR root remotelib error:LobbyPanel:4930:{"property": "init", "value": "device does not exist", "qualifier": {"alias": "LobbyPanel:4930", "code": "missing device"}}
2026-03-06 11:32:07 ERROR root remotelib error:BreakRmPanel:4902:{"property": "init", "value": "device does not exist", "qualifier": {"alias": "BreakRmPanel:4902", "code": "missing device"}}
2026-03-06 11:32:07 ERROR root remotelib error:HallPanel:2316:{"property": "init", "value": "device does not exist", "qualifier": {"alias": "HallPanel:2316", "code": "missing device"}}
2026-03-06 11:32:07 ERROR root remotelib error:IC144Panel:4902:{"property": "init", "value": "device does not exist", "qualifier": {"alias": "IC144Panel:4902", "code": "missing device"}}
2026-03-06 11:32:07 ERROR root remotelib error:IC142Panel:4922:{"property": "init", "value": "device does not exist", "qualifier": {"alias": "IC142Panel:4922", "code": "missing device"}}
2026-03-06 11:32:07 ERROR root remotelib error:HallPanel:2317:{"property": "init", "value": "device does not exist", "qualifier": {"alias": "HallPanel:2317", "code": "missing device"}}
2026-03-06 11:32:07 ERROR root remotelib error:LobbyPanel:4931:{"property": "init", "value": "device does not exist", "qualifier": {"alias": "LobbyPanel:4931", "code": "missing device"}}
2026-03-06 11:32:07 ERROR root remotelib error:IC143Panel:4920:{"property": "init", "value": "device does not exist", "qualifier": {"alias": "IC143Panel:4920", "code": "missing device"}}
2026-03-06 11:32:07 ERROR root remotelib error:IC143Panel:4921:{"property": "init", "value": "device does not exist", "qualifier": {"alias": "IC143Panel:4921", "code": "missing device"}}
2026-03-06 11:32:07 ERROR root remotelib error:BWDPanel:2311:{"property": "init", "value": "device does not exist", "qualifier": {"alias": "BWDPanel:2311", "code": "missing device"}}
2026-03-06 11:32:07 ERROR root remotelib error:IC142Panel:4921:{"property": "init", "value": "device does not exist", "qualifier": {"alias": "IC142Panel:4921", "code": "missing device"}}
2026-03-06 11:32:07 ERROR root remotelib error:BWDPanel:2312:{"property": "init", "value": "device does not exist", "qualifier": {"alias": "BWDPanel:2312", "code": "missing device"}}
2026-03-06 11:32:07 ERROR root remotelib error:IC142Panel:4923:{"property": "init", "value": "device does not exist", "qualifier": {"alias": "IC142Panel:4923", "code": "missing device"}}
2026-03-06 11:32:07 ERROR root remotelib error:HallPanel:2318:{"property": "init", "value": "device does not exist", "qualifier": {"alias": "HallPanel:2318", "code": "missing device"}}
2026-03-06 11:32:07 ERROR root remotelib error:IC144Panel:4903:{"property": "init", "value": "device does not exist", "qualifier": {"alias": "IC144Panel:4903", "code": "missing device"}}
2026-03-06 11:32:07 ERROR root remotelib error:IC143Panel:4922:{"property": "init", "value": "device does not exist", "qualifier": {"alias": "IC143Panel:4922", "code": "missing device"}}
2026-03-06 11:32:07 ERROR root remotelib error:BreakRmPanel:4903:{"property": "init", "value": "device does not exist", "qualifier": {"alias": "BreakRmPanel:4903", "code": "missing device"}}
2026-03-06 11:32:07 ERROR root remotelib error:LobbyPanel:4932:{"property": "init", "value": "device does not exist", "qualifier": {"alias": "LobbyPanel:4932", "code": "missing device"}}
2026-03-06 11:32:07 ERROR root remotelib error:IC142Panel:4625:{"property": "init", "value": "device does not exist", "qualifier": {"alias": "IC142Panel:4625", "code": "missing device"}}
2026-03-06 11:32:07 ERROR root remotelib error:IC142Panel:4924:{"property": "init", "value": "device does not exist", "qualifier": {"alias": "IC142Panel:4924", "code": "missing device"}}
2026-03-06 11:32:07 ERROR root remotelib error:HallPanel:2319:{"property": "init", "value": "device does not exist", "qualifier": {"alias": "HallPanel:2319", "code": "missing device"}}
2026-03-06 11:32:07 ERROR root remotelib error:BreakRmPanel:4904:{"property": "init", "value": "device does not exist", "qualifier": {"alias": "BreakRmPanel:4904", "code": "missing device"}}
2026-03-06 11:32:07 ERROR root remotelib error:BWDPanel:2313:{"property": "init", "value": "device does not exist", "qualifier": {"alias": "BWDPanel:2313", "code": "missing device"}}
2026-03-06 11:32:07 ERROR root remotelib error:IC143Panel:4923:{"property": "init", "value": "device does not exist", "qualifier": {"alias": "IC143Panel:4923", "code": "missing device"}}
2026-03-06 11:32:07 ERROR root remotelib error:IC144Panel:4904:{"property": "init", "value": "device does not exist", "qualifier": {"alias": "IC144Panel:4904", "code": "missing device"}}
2026-03-06 11:32:07 ERROR root remotelib error:HallPanel:4925:{"property": "init", "value": "device does not exist", "qualifier": {"alias": "HallPanel:4925", "code": "missing device"}}
2026-03-06 11:32:07 ERROR root remotelib error:IC144Panel:4905:{"property": "init", "value": "device does not exist", "qualifier": {"alias": "IC144Panel:4905", "code": "missing device"}}
2026-03-06 11:32:07 ERROR root remotelib error:BreakRmPanel:4905:{"property": "init", "value": "device does not exist", "qualifier": {"alias": "BreakRmPanel:4905", "code": "missing device"}}
2026-03-06 11:32:07 ERROR root remotelib error:BWDPanel:2314:{"property": "init", "value": "device does not exist", "qualifier": {"alias": "BWDPanel:2314", "code": "missing device"}}
2026-03-06 11:32:07 ERROR root remotelib error:IC143Panel:4924:{"property": "init", "value": "device does not exist", "qualifier": {"alias": "IC143Panel:4924", "code": "missing device"}}
2026-03-06 11:32:07 ERROR root remotelib error:LobbyPanel:4901:{"property": "init", "value": "device does not exist", "qualifier": {"alias": "LobbyPanel:4901", "code": "missing device"}}
2026-03-06 11:32:07 ERROR root remotelib error:LobbyPanel:4900:{"property": "init", "value": "device does not exist", "qualifier": {"alias": "LobbyPanel:4900", "code": "missing device"}}
2026-03-06 11:32:07 ERROR root remotelib error:HallPanel:793:{"property": "init", "value": "device does not exist", "qualifier": {"alias": "HallPanel:793", "code": "missing device"}}
2026-03-06 11:32:07 ERROR root remotelib error:IC142Panel:4626:{"property": "init", "value": "device does not exist", "qualifier": {"alias": "IC142Panel:4626", "code": "missing device"}}
2026-03-06 11:32:07 ERROR root remotelib error:IC143Panel:4625:{"property": "init", "value": "device does not exist", "qualifier": {"alias": "IC143Panel:4625", "code": "missing device"}}
2026-03-06 11:32:07 ERROR root remotelib error:LobbyPanel:4903:{"property": "init", "value": "device does not exist", "qualifier": {"alias": "LobbyPanel:4903", "code": "missing device"}}
2026-03-06 11:32:07 ERROR root remotelib error:IC144Panel:4907:{"property": "init", "value": "device does not exist", "qualifier": {"alias": "IC144Panel:4907", "code": "missing device"}}
2026-03-06 11:32:07 ERROR root remotelib error:BWDPanel:2316:{"property": "init", "value": "device does not exist", "qualifier": {"alias": "BWDPanel:2316", "code": "missing device"}}
2026-03-06 11:32:07 ERROR root remotelib error:HallPanel:4926:{"property": "init", "value": "device does not exist", "qualifier": {"alias": "HallPanel:4926", "code": "missing device"}}
2026-03-06 11:32:07 ERROR root remotelib error:IC142Panel:4627:{"property": "init", "value": "device does not exist", "qualifier": {"alias": "IC142Panel:4627", "code": "missing device"}}
2026-03-06 11:32:07 ERROR root remotelib error:BWDPanel:2317:{"property": "init", "value": "device does not exist", "qualifier": {"alias": "BWDPanel:2317", "code": "missing device"}}
2026-03-06 11:32:07 ERROR root remotelib error:IC143Panel:4626:{"property": "init", "value": "device does not exist", "qualifier": {"alias": "IC143Panel:4626", "code": "missing device"}}
2026-03-06 11:32:07 ERROR root remotelib error:HallPanel:4927:{"property": "init", "value": "device does not exist", "qualifier": {"alias": "HallPanel:4927", "code": "missing device"}}
2026-03-06 11:32:07 ERROR root remotelib error:LobbyPanel:4904:{"property": "init", "value": "device does not exist", "qualifier": {"alias": "LobbyPanel:4904", "code": "missing device"}}
2026-03-06 11:32:07 ERROR root remotelib error:BreakRmPanel:4907:{"property": "init", "value": "device does not exist", "qualifier": {"alias": "BreakRmPanel:4907", "code": "missing device"}}
2026-03-06 11:32:07 ERROR root remotelib error:IC144Panel:4908:{"property": "init", "value": "device does not exist", "qualifier": {"alias": "IC144Panel:4908", "code": "missing device"}}
2026-03-06 11:32:07 ERROR root remotelib error:BreakRmPanel:4908:{"property": "init", "value": "device does not exist", "qualifier": {"alias": "BreakRmPanel:4908", "code": "missing device"}}
2026-03-06 11:32:07 ERROR root remotelib error:LobbyPanel:4905:{"property": "init", "value": "device does not exist", "qualifier": {"alias": "LobbyPanel:4905", "code": "missing device"}}
2026-03-06 11:32:07 ERROR root remotelib error:BWDPanel:2318:{"property": "init", "value": "device does not exist", "qualifier": {"alias": "BWDPanel:2318", "code": "missing device"}}
2026-03-06 11:32:07 ERROR root remotelib error:IC144Panel:4909:{"property": "init", "value": "device does not exist", "qualifier": {"alias": "IC144Panel:4909", "code": "missing device"}}
2026-03-06 11:32:07 ERROR root remotelib error:LobbyPanel:4906:{"property": "init", "value": "device does not exist", "qualifier": {"alias": "LobbyPanel:4906", "code": "missing device"}}
2026-03-06 11:32:07 ERROR root remotelib error:IC142Panel:4629:{"property": "init", "value": "device does not exist", "qualifier": {"alias": "IC142Panel:4629", "code": "missing device"}}
2026-03-06 11:32:07 ERROR root remotelib error:BWDPanel:2315:{"property": "init", "value": "device does not exist", "qualifier": {"alias": "BWDPanel:2315", "code": "missing device"}}
2026-03-06 11:32:07 ERROR root remotelib error:IC144Panel:4910:{"property": "init", "value": "device does not exist", "qualifier": {"alias": "IC144Panel:4910", "code": "missing device"}}
2026-03-06 11:32:07 ERROR root remotelib error:IC144Panel:4906:{"property": "init", "value": "device does not exist", "qualifier": {"alias": "IC144Panel:4906", "code": "missing device"}}
2026-03-06 11:32:07 ERROR root remotelib error:BreakRmPanel:4906:{"property": "init", "value": "device does not exist", "qualifier": {"alias": "BreakRmPanel:4906", "code": "missing device"}}
2026-03-06 11:32:07 ERROR root remotelib error:IC142Panel:4628:{"property": "init", "value": "device does not exist", "qualifier": {"alias": "IC142Panel:4628", "code": "missing device"}}
2026-03-06 11:32:07 ERROR root remotelib error:IC143Panel:4627:{"property": "init", "value": "device does not exist", "qualifier": {"alias": "IC143Panel:4627", "code": "missing device"}}
2026-03-06 11:32:07 ERROR root remotelib error:HallPanel:4928:{"property": "init", "value": "device does not exist", "qualifier": {"alias": "HallPanel:4928", "code": "missing device"}}
2026-03-06 11:32:07 ERROR root remotelib error:LobbyPanel:4902:{"property": "init", "value": "device does not exist", "qualifier": {"alias": "LobbyPanel:4902", "code": "missing device"}}
2026-03-06 11:32:07 ERROR root remotelib error:BreakRmPanel:4909:{"property": "init", "value": "device does not exist", "qualifier": {"alias": "BreakRmPanel:4909", "code": "missing device"}}
2026-03-06 11:32:07 ERROR root remotelib error:IC142Panel:4630:{"property": "init", "value": "device does not exist", "qualifier": {"alias": "IC142Panel:4630", "code": "missing device"}}
2026-03-06 11:32:07 ERROR root remotelib error:BWDPanel:793:{"property": "init", "value": "device does not exist", "qualifier": {"alias": "BWDPanel:793", "code": "missing device"}}
2026-03-06 11:32:07 ERROR root remotelib error:LobbyPanel:4907:{"property": "init", "value": "device does not exist", "qualifier": {"alias": "LobbyPanel:4907", "code": "missing device"}}
2026-03-06 11:32:07 ERROR root remotelib error:IC144Panel:4911:{"property": "init", "value": "device does not exist", "qualifier": {"alias": "IC144Panel:4911", "code": "missing device"}}
2026-03-06 11:32:07 ERROR root remotelib error:BreakRmPanel:4910:{"property": "init", "value": "device does not exist", "qualifier": {"alias": "BreakRmPanel:4910", "code": "missing device"}}
2026-03-06 11:32:07 ERROR root remotelib error:IC143Panel:4629:{"property": "init", "value": "device does not exist", "qualifier": {"alias": "IC143Panel:4629", "code": "missing device"}}
2026-03-06 11:32:07 ERROR root remotelib error:BWDPanel:2319:{"property": "init", "value": "device does not exist", "qualifier": {"alias": "BWDPanel:2319", "code": "missing device"}}
2026-03-06 11:32:07 ERROR root remotelib error:IC143Panel:4628:{"property": "init", "value": "device does not exist", "qualifier": {"alias": "IC143Panel:4628", "code": "missing device"}}
2026-03-06 11:32:07 ERROR root remotelib error:HallPanel:4929:{"property": "init", "value": "device does not exist", "qualifier": {"alias": "HallPanel:4929", "code": "missing device"}}
2026-03-06 11:32:07 ERROR root remotelib error:HallPanel:4930:{"property": "init", "value": "device does not exist", "qualifier": {"alias": "HallPanel:4930", "code": "missing device"}}
2026-03-06 11:32:07 ERROR root remotelib error:IC142Panel:4631:{"property": "init", "value": "device does not exist", "qualifier": {"alias": "IC142Panel:4631", "code": "missing device"}}
2026-03-06 11:32:07 ERROR root remotelib error:LobbyPanel:4908:{"property": "init", "value": "device does not exist", "qualifier": {"alias": "LobbyPanel:4908", "code": "missing device"}}
2026-03-06 11:32:07 ERROR root remotelib error:LobbyPanel:4909:{"property": "init", "value": "device does not exist", "qualifier": {"alias": "LobbyPanel:4909", "code": "missing device"}}
2026-03-06 11:32:07 ERROR root remotelib error:IC142Panel:4632:{"property": "init", "value": "device does not exist", "qualifier": {"alias": "IC142Panel:4632", "code": "missing device"}}
2026-03-06 11:32:07 ERROR root remotelib error:LobbyPanel:4910:{"property": "init", "value": "device does not exist", "qualifier": {"alias": "LobbyPanel:4910", "code": "missing device"}}
2026-03-06 11:32:07 ERROR root remotelib error:BreakRmPanel:4912:{"property": "init", "value": "device does not exist", "qualifier": {"alias": "BreakRmPanel:4912", "code": "missing device"}}
2026-03-06 11:32:07 ERROR root remotelib error:IC144Panel:4912:{"property": "init", "value": "device does not exist", "qualifier": {"alias": "IC144Panel:4912", "code": "missing device"}}
2026-03-06 11:32:07 ERROR root remotelib error:IC143Panel:4630:{"property": "init", "value": "device does not exist", "qualifier": {"alias": "IC143Panel:4630", "code": "missing device"}}
2026-03-06 11:32:07 ERROR root remotelib error:HallPanel:4932:{"property": "init", "value": "device does not exist", "qualifier": {"alias": "HallPanel:4932", "code": "missing device"}}
2026-03-06 11:32:07 ERROR root remotelib error:BWDPanel:4925:{"property": "init", "value": "device does not exist", "qualifier": {"alias": "BWDPanel:4925", "code": "missing device"}}
2026-03-06 11:32:07 ERROR root remotelib error:HallPanel:4900:{"property": "init", "value": "device does not exist", "qualifier": {"alias": "HallPanel:4900", "code": "missing device"}}
2026-03-06 11:32:07 ERROR root remotelib error:HallPanel:4931:{"property": "init", "value": "device does not exist", "qualifier": {"alias": "HallPanel:4931", "code": "missing device"}}
2026-03-06 11:32:07 ERROR root remotelib error:BreakRmPanel:4911:{"property": "init", "value": "device does not exist", "qualifier": {"alias": "BreakRmPanel:4911", "code": "missing device"}}
2026-03-06 11:32:07 ERROR root remotelib error:IC144Panel:4913:{"property": "init", "value": "device does not exist", "qualifier": {"alias": "IC144Panel:4913", "code": "missing device"}}
2026-03-06 11:32:07 ERROR root remotelib error:IC142Panel:4600:{"property": "init", "value": "device does not exist", "qualifier": {"alias": "IC142Panel:4600", "code": "missing device"}}
2026-03-06 11:32:07 ERROR root remotelib error:HallPanel:4901:{"property": "init", "value": "device does not exist", "qualifier": {"alias": "HallPanel:4901", "code": "missing device"}}
2026-03-06 11:32:07 ERROR root remotelib error:LobbyPanel:4911:{"property": "init", "value": "device does not exist", "qualifier": {"alias": "LobbyPanel:4911", "code": "missing device"}}
2026-03-06 11:32:07 ERROR root remotelib error:IC143Panel:4631:{"property": "init", "value": "device does not exist", "qualifier": {"alias": "IC143Panel:4631", "code": "missing device"}}
2026-03-06 11:32:07 ERROR root remotelib error:BWDPanel:4927:{"property": "init", "value": "device does not exist", "qualifier": {"alias": "BWDPanel:4927", "code": "missing device"}}
2026-03-06 11:32:07 ERROR root remotelib error:IC144Panel:4914:{"property": "init", "value": "device does not exist", "qualifier": {"alias": "IC144Panel:4914", "code": "missing device"}}
2026-03-06 11:32:07 ERROR root remotelib error:LobbyPanel:4912:{"property": "init", "value": "device does not exist", "qualifier": {"alias": "LobbyPanel:4912", "code": "missing device"}}
2026-03-06 11:32:07 ERROR root remotelib error:HallPanel:4903:{"property": "init", "value": "device does not exist", "qualifier": {"alias": "HallPanel:4903", "code": "missing device"}}
2026-03-06 11:32:07 ERROR root remotelib error:IC144Panel:4915:{"property": "init", "value": "device does not exist", "qualifier": {"alias": "IC144Panel:4915", "code": "missing device"}}
2026-03-06 11:32:07 ERROR root remotelib error:IC143Panel:4600:{"property": "init", "value": "device does not exist", "qualifier": {"alias": "IC143Panel:4600", "code": "missing device"}}
2026-03-06 11:32:07 ERROR root remotelib error:BWDPanel:4929:{"property": "init", "value": "device does not exist", "qualifier": {"alias": "BWDPanel:4929", "code": "missing device"}}
2026-03-06 11:32:07 ERROR root remotelib error:BWDPanel:4926:{"property": "init", "value": "device does not exist", "qualifier": {"alias": "BWDPanel:4926", "code": "missing device"}}
2026-03-06 11:32:07 ERROR root remotelib error:IC143Panel:4632:{"property": "init", "value": "device does not exist", "qualifier": {"alias": "IC143Panel:4632", "code": "missing device"}}
2026-03-06 11:32:07 ERROR root remotelib error:HallPanel:4902:{"property": "init", "value": "device does not exist", "qualifier": {"alias": "HallPanel:4902", "code": "missing device"}}
2026-03-06 11:32:07 ERROR root remotelib error:BreakRmPanel:4913:{"property": "init", "value": "device does not exist", "qualifier": {"alias": "BreakRmPanel:4913", "code": "missing device"}}
2026-03-06 11:32:07 ERROR root remotelib error:BreakRmPanel:4914:{"property": "init", "value": "device does not exist", "qualifier": {"alias": "BreakRmPanel:4914", "code": "missing device"}}
2026-03-06 11:32:07 ERROR root remotelib error:LobbyPanel:4913:{"property": "init", "value": "device does not exist", "qualifier": {"alias": "LobbyPanel:4913", "code": "missing device"}}
2026-03-06 11:32:07 ERROR root remotelib error:BWDPanel:4930:{"property": "init", "value": "device does not exist", "qualifier": {"alias": "BWDPanel:4930", "code": "missing device"}}
2026-03-06 11:32:07 ERROR root remotelib error:BWDPanel:4928:{"property": "init", "value": "device does not exist", "qualifier": {"alias": "BWDPanel:4928", "code": "missing device"}}
2026-03-06 11:32:07 ERROR root remotelib error:LobbyPanel:4914:{"property": "init", "value": "device does not exist", "qualifier": {"alias": "LobbyPanel:4914", "code": "missing device"}}
2026-03-06 11:32:07 ERROR root remotelib error:IC144Panel:4916:{"property": "init", "value": "device does not exist", "qualifier": {"alias": "IC144Panel:4916", "code": "missing device"}}
2026-03-06 11:32:07 ERROR root remotelib error:HallPanel:4904:{"property": "init", "value": "device does not exist", "qualifier": {"alias": "HallPanel:4904", "code": "missing device"}}
2026-03-06 11:32:07 ERROR root remotelib error:BWDPanel:4931:{"property": "init", "value": "device does not exist", "qualifier": {"alias": "BWDPanel:4931", "code": "missing device"}}
2026-03-06 11:32:08 ERROR root remotelib error:BreakRmPanel:4915:{"property": "init", "value": "device does not exist", "qualifier": {"alias": "BreakRmPanel:4915", "code": "missing device"}}
2026-03-06 11:32:08 ERROR root remotelib error:LobbyPanel:4915:{"property": "init", "value": "device does not exist", "qualifier": {"alias": "LobbyPanel:4915", "code": "missing device"}}
2026-03-06 11:32:08 ERROR root remotelib error:IC144Panel:4917:{"property": "init", "value": "device does not exist", "qualifier": {"alias": "IC144Panel:4917", "code": "missing device"}}
2026-03-06 11:32:08 ERROR root remotelib error:BWDPanel:4900:{"property": "init", "value": "device does not exist", "qualifier": {"alias": "BWDPanel:4900", "code": "missing device"}}
2026-03-06 11:32:08 ERROR root remotelib error:HallPanel:4905:{"property": "init", "value": "device does not exist", "qualifier": {"alias": "HallPanel:4905", "code": "missing device"}}
2026-03-06 11:32:08 ERROR root remotelib error:HallPanel:4906:{"property": "init", "value": "device does not exist", "qualifier": {"alias": "HallPanel:4906", "code": "missing device"}}
2026-03-06 11:32:08 ERROR root remotelib error:BWDPanel:4932:{"property": "init", "value": "device does not exist", "qualifier": {"alias": "BWDPanel:4932", "code": "missing device"}}
2026-03-06 11:32:08 ERROR root remotelib error:BreakRmPanel:4916:{"property": "init", "value": "device does not exist", "qualifier": {"alias": "BreakRmPanel:4916", "code": "missing device"}}
2026-03-06 11:32:08 ERROR root remotelib error:IC144Panel:4918:{"property": "init", "value": "device does not exist", "qualifier": {"alias": "IC144Panel:4918", "code": "missing device"}}
2026-03-06 11:32:08 ERROR root remotelib error:LobbyPanel:4917:{"property": "init", "value": "device does not exist", "qualifier": {"alias": "LobbyPanel:4917", "code": "missing device"}}
2026-03-06 11:32:08 ERROR root remotelib error:BreakRmPanel:4917:{"property": "init", "value": "device does not exist", "qualifier": {"alias": "BreakRmPanel:4917", "code": "missing device"}}
2026-03-06 11:32:08 ERROR root remotelib error:HallPanel:4907:{"property": "init", "value": "device does not exist", "qualifier": {"alias": "HallPanel:4907", "code": "missing device"}}
2026-03-06 11:32:08 ERROR root remotelib error:HallPanel:4908:{"property": "init", "value": "device does not exist", "qualifier": {"alias": "HallPanel:4908", "code": "missing device"}}
2026-03-06 11:32:08 ERROR root remotelib error:LobbyPanel:4916:{"property": "init", "value": "device does not exist", "qualifier": {"alias": "LobbyPanel:4916", "code": "missing device"}}
2026-03-06 11:32:08 ERROR root remotelib error:BWDPanel:4901:{"property": "init", "value": "device does not exist", "qualifier": {"alias": "BWDPanel:4901", "code": "missing device"}}
2026-03-06 11:32:08 ERROR root remotelib error:HallPanel:4909:{"property": "init", "value": "device does not exist", "qualifier": {"alias": "HallPanel:4909", "code": "missing device"}}
2026-03-06 11:32:08 ERROR root remotelib error:IC144Panel:4919:{"property": "init", "value": "device does not exist", "qualifier": {"alias": "IC144Panel:4919", "code": "missing device"}}
2026-03-06 11:32:08 ERROR root remotelib error:LobbyPanel:4918:{"property": "init", "value": "device does not exist", "qualifier": {"alias": "LobbyPanel:4918", "code": "missing device"}}
2026-03-06 11:32:08 ERROR root remotelib error:HallPanel:4910:{"property": "init", "value": "device does not exist", "qualifier": {"alias": "HallPanel:4910", "code": "missing device"}}
2026-03-06 11:32:08 ERROR root remotelib error:LobbyPanel:4919:{"property": "init", "value": "device does not exist", "qualifier": {"alias": "LobbyPanel:4919", "code": "missing device"}}
2026-03-06 11:32:08 ERROR root remotelib error:BWDPanel:4902:{"property": "init", "value": "device does not exist", "qualifier": {"alias": "BWDPanel:4902", "code": "missing device"}}
2026-03-06 11:32:08 ERROR root remotelib error:BreakRmPanel:4918:{"property": "init", "value": "device does not exist", "qualifier": {"alias": "BreakRmPanel:4918", "code": "missing device"}}
2026-03-06 11:32:08 ERROR root remotelib error:BreakRmPanel:4919:{"property": "init", "value": "device does not exist", "qualifier": {"alias": "BreakRmPanel:4919", "code": "missing device"}}
2026-03-06 11:32:08 ERROR root remotelib error:IC144Panel:4920:{"property": "init", "value": "device does not exist", "qualifier": {"alias": "IC144Panel:4920", "code": "missing device"}}
2026-03-06 11:32:08 ERROR root remotelib error:LobbyPanel:4920:{"property": "init", "value": "device does not exist", "qualifier": {"alias": "LobbyPanel:4920", "code": "missing device"}}
2026-03-06 11:32:08 ERROR root remotelib error:HallPanel:4911:{"property": "init", "value": "device does not exist", "qualifier": {"alias": "HallPanel:4911", "code": "missing device"}}
2026-03-06 11:32:08 ERROR root remotelib error:BWDPanel:4903:{"property": "init", "value": "device does not exist", "qualifier": {"alias": "BWDPanel:4903", "code": "missing device"}}
2026-03-06 11:32:08 ERROR root remotelib error:IC142Panel:4608:{"property": "init", "value": "device does not exist", "qualifier": {"alias": "IC142Panel:4608", "code": "missing device"}}
2026-03-06 11:32:08 ERROR root remotelib error:IC142Panel:4610:{"property": "init", "value": "device does not exist", "qualifier": {"alias": "IC142Panel:4610", "code": "missing device"}}
2026-03-06 11:32:08 ERROR root remotelib error:BreakRmPanel:4920:{"property": "init", "value": "device does not exist", "qualifier": {"alias": "BreakRmPanel:4920", "code": "missing device"}}
2026-03-06 11:32:08 ERROR root remotelib error:IC144Panel:4922:{"property": "init", "value": "device does not exist", "qualifier": {"alias": "IC144Panel:4922", "code": "missing device"}}
2026-03-06 11:32:08 ERROR root remotelib error:BWDPanel:4904:{"property": "init", "value": "device does not exist", "qualifier": {"alias": "BWDPanel:4904", "code": "missing device"}}
2026-03-06 11:32:08 ERROR root remotelib error:HallPanel:4914:{"property": "init", "value": "device does not exist", "qualifier": {"alias": "HallPanel:4914", "code": "missing device"}}
2026-03-06 11:32:08 ERROR root remotelib error:HallPanel:4912:{"property": "init", "value": "device does not exist", "qualifier": {"alias": "HallPanel:4912", "code": "missing device"}}
2026-03-06 11:32:08 ERROR root remotelib error:IC144Panel:4921:{"property": "init", "value": "device does not exist", "qualifier": {"alias": "IC144Panel:4921", "code": "missing device"}}
2026-03-06 11:32:08 ERROR root remotelib error:IC144Panel:4924:{"property": "init", "value": "device does not exist", "qualifier": {"alias": "IC144Panel:4924", "code": "missing device"}}
2026-03-06 11:32:08 ERROR root remotelib error:BWDPanel:4905:{"property": "init", "value": "device does not exist", "qualifier": {"alias": "BWDPanel:4905", "code": "missing device"}}
2026-03-06 11:32:08 ERROR root remotelib error:LobbyPanel:4922:{"property": "init", "value": "device does not exist", "qualifier": {"alias": "LobbyPanel:4922", "code": "missing device"}}
2026-03-06 11:32:08 ERROR root remotelib error:IC144Panel:4923:{"property": "init", "value": "device does not exist", "qualifier": {"alias": "IC144Panel:4923", "code": "missing device"}}
2026-03-06 11:32:08 ERROR root remotelib error:BreakRmPanel:4921:{"property": "init", "value": "device does not exist", "qualifier": {"alias": "BreakRmPanel:4921", "code": "missing device"}}
2026-03-06 11:32:08 ERROR root remotelib error:IC142Panel:4611:{"property": "init", "value": "device does not exist", "qualifier": {"alias": "IC142Panel:4611", "code": "missing device"}}
2026-03-06 11:32:08 ERROR root remotelib error:IC143Panel:4608:{"property": "init", "value": "device does not exist", "qualifier": {"alias": "IC143Panel:4608", "code": "missing device"}}
2026-03-06 11:32:08 ERROR root remotelib error:HallPanel:4913:{"property": "init", "value": "device does not exist", "qualifier": {"alias": "HallPanel:4913", "code": "missing device"}}
2026-03-06 11:32:08 ERROR root remotelib error:LobbyPanel:4921:{"property": "init", "value": "device does not exist", "qualifier": {"alias": "LobbyPanel:4921", "code": "missing device"}}
2026-03-06 11:32:08 ERROR root remotelib error:BWDPanel:4906:{"property": "init", "value": "device does not exist", "qualifier": {"alias": "BWDPanel:4906", "code": "missing device"}}
2026-03-06 11:32:08 ERROR root remotelib error:LobbyPanel:4923:{"property": "init", "value": "device does not exist", "qualifier": {"alias": "LobbyPanel:4923", "code": "missing device"}}
2026-03-06 11:32:08 ERROR root remotelib error:HallPanel:4915:{"property": "init", "value": "device does not exist", "qualifier": {"alias": "HallPanel:4915", "code": "missing device"}}
2026-03-06 11:32:08 ERROR root remotelib error:BreakRmPanel:4924:{"property": "init", "value": "device does not exist", "qualifier": {"alias": "BreakRmPanel:4924", "code": "missing device"}}
2026-03-06 11:32:08 ERROR root remotelib error:IC142Panel:4613:{"property": "init", "value": "device does not exist", "qualifier": {"alias": "IC142Panel:4613", "code": "missing device"}}
2026-03-06 11:32:08 ERROR root remotelib error:IC143Panel:4610:{"property": "init", "value": "device does not exist", "qualifier": {"alias": "IC143Panel:4610", "code": "missing device"}}
2026-03-06 11:32:08 ERROR root remotelib error:IC144Panel:4625:{"property": "init", "value": "device does not exist", "qualifier": {"alias": "IC144Panel:4625", "code": "missing device"}}
2026-03-06 11:32:08 ERROR root remotelib error:IC143Panel:4611:{"property": "init", "value": "device does not exist", "qualifier": {"alias": "IC143Panel:4611", "code": "missing device"}}
2026-03-06 11:32:08 ERROR root remotelib error:BWDPanel:4907:{"property": "init", "value": "device does not exist", "qualifier": {"alias": "BWDPanel:4907", "code": "missing device"}}
2026-03-06 11:32:08 ERROR root remotelib error:IC142Panel:4612:{"property": "init", "value": "device does not exist", "qualifier": {"alias": "IC142Panel:4612", "code": "missing device"}}
2026-03-06 11:32:08 ERROR root remotelib error:BreakRmPanel:4922:{"property": "init", "value": "device does not exist", "qualifier": {"alias": "BreakRmPanel:4922", "code": "missing device"}}
2026-03-06 11:32:08 ERROR root remotelib error:BreakRmPanel:4923:{"property": "init", "value": "device does not exist", "qualifier": {"alias": "BreakRmPanel:4923", "code": "missing device"}}
2026-03-06 11:32:08 ERROR root remotelib error:IC144Panel:4627:{"property": "init", "value": "device does not exist", "qualifier": {"alias": "IC144Panel:4627", "code": "missing device"}}
2026-03-06 11:32:08 ERROR root remotelib error:BreakRmPanel:4625:{"property": "init", "value": "device does not exist", "qualifier": {"alias": "BreakRmPanel:4625", "code": "missing device"}}
2026-03-06 11:32:08 ERROR root remotelib error:LobbyPanel:4625:{"property": "init", "value": "device does not exist", "qualifier": {"alias": "LobbyPanel:4625", "code": "missing device"}}
2026-03-06 11:32:08 ERROR root remotelib error:BreakRmPanel:4626:{"property": "init", "value": "device does not exist", "qualifier": {"alias": "BreakRmPanel:4626", "code": "missing device"}}
2026-03-06 11:32:08 ERROR root remotelib error:LobbyPanel:4626:{"property": "init", "value": "device does not exist", "qualifier": {"alias": "LobbyPanel:4626", "code": "missing device"}}
2026-03-06 11:32:08 ERROR root remotelib error:BWDPanel:4909:{"property": "init", "value": "device does not exist", "qualifier": {"alias": "BWDPanel:4909", "code": "missing device"}}
2026-03-06 11:32:08 ERROR root remotelib error:BWDPanel:4908:{"property": "init", "value": "device does not exist", "qualifier": {"alias": "BWDPanel:4908", "code": "missing device"}}
2026-03-06 11:32:08 ERROR root remotelib error:IC144Panel:4628:{"property": "init", "value": "device does not exist", "qualifier": {"alias": "IC144Panel:4628", "code": "missing device"}}
2026-03-06 11:32:08 ERROR root remotelib error:HallPanel:4918:{"property": "init", "value": "device does not exist", "qualifier": {"alias": "HallPanel:4918", "code": "missing device"}}
2026-03-06 11:32:08 ERROR root remotelib error:HallPanel:4916:{"property": "init", "value": "device does not exist", "qualifier": {"alias": "HallPanel:4916", "code": "missing device"}}
2026-03-06 11:32:08 ERROR root remotelib error:IC143Panel:4613:{"property": "init", "value": "device does not exist", "qualifier": {"alias": "IC143Panel:4613", "code": "missing device"}}
2026-03-06 11:32:08 ERROR root remotelib error:HallPanel:4917:{"property": "init", "value": "device does not exist", "qualifier": {"alias": "HallPanel:4917", "code": "missing device"}}
2026-03-06 11:32:08 ERROR root remotelib error:IC143Panel:4612:{"property": "init", "value": "device does not exist", "qualifier": {"alias": "IC143Panel:4612", "code": "missing device"}}
2026-03-06 11:32:08 ERROR root remotelib error:HallPanel:4919:{"property": "init", "value": "device does not exist", "qualifier": {"alias": "HallPanel:4919", "code": "missing device"}}
2026-03-06 11:32:08 ERROR root remotelib error:BWDPanel:4910:{"property": "init", "value": "device does not exist", "qualifier": {"alias": "BWDPanel:4910", "code": "missing device"}}
2026-03-06 11:32:08 ERROR root remotelib error:LobbyPanel:4628:{"property": "init", "value": "device does not exist", "qualifier": {"alias": "LobbyPanel:4628", "code": "missing device"}}
2026-03-06 11:32:08 ERROR root remotelib error:BreakRmPanel:4628:{"property": "init", "value": "device does not exist", "qualifier": {"alias": "BreakRmPanel:4628", "code": "missing device"}}
2026-03-06 11:32:08 ERROR root remotelib error:LobbyPanel:4924:{"property": "init", "value": "device does not exist", "qualifier": {"alias": "LobbyPanel:4924", "code": "missing device"}}
2026-03-06 11:32:08 ERROR root remotelib error:IC144Panel:4626:{"property": "init", "value": "device does not exist", "qualifier": {"alias": "IC144Panel:4626", "code": "missing device"}}
2026-03-06 11:32:08 ERROR root remotelib error:LobbyPanel:4627:{"property": "init", "value": "device does not exist", "qualifier": {"alias": "LobbyPanel:4627", "code": "missing device"}}
2026-03-06 11:32:08 ERROR root remotelib error:IC144Panel:4629:{"property": "init", "value": "device does not exist", "qualifier": {"alias": "IC144Panel:4629", "code": "missing device"}}
2026-03-06 11:32:08 ERROR root remotelib error:BWDPanel:4911:{"property": "init", "value": "device does not exist", "qualifier": {"alias": "BWDPanel:4911", "code": "missing device"}}
2026-03-06 11:32:08 ERROR root remotelib error:HallPanel:4920:{"property": "init", "value": "device does not exist", "qualifier": {"alias": "HallPanel:4920", "code": "missing device"}}
2026-03-06 11:32:08 ERROR root remotelib error:BreakRmPanel:4627:{"property": "init", "value": "device does not exist", "qualifier": {"alias": "BreakRmPanel:4627", "code": "missing device"}}
2026-03-06 11:32:08 ERROR root remotelib error:IC144Panel:4630:{"property": "init", "value": "device does not exist", "qualifier": {"alias": "IC144Panel:4630", "code": "missing device"}}
2026-03-06 11:32:08 ERROR root remotelib error:HallPanel:4921:{"property": "init", "value": "device does not exist", "qualifier": {"alias": "HallPanel:4921", "code": "missing device"}}
2026-03-06 11:32:08 ERROR root remotelib error:IC144Panel:4631:{"property": "init", "value": "device does not exist", "qualifier": {"alias": "IC144Panel:4631", "code": "missing device"}}
2026-03-06 11:32:08 ERROR root remotelib error:BreakRmPanel:4629:{"property": "init", "value": "device does not exist", "qualifier": {"alias": "BreakRmPanel:4629", "code": "missing device"}}
2026-03-06 11:32:08 ERROR root remotelib error:BWDPanel:4912:{"property": "init", "value": "device does not exist", "qualifier": {"alias": "BWDPanel:4912", "code": "missing device"}}
2026-03-06 11:32:08 ERROR root remotelib error:HallPanel:4922:{"property": "init", "value": "device does not exist", "qualifier": {"alias": "HallPanel:4922", "code": "missing device"}}
2026-03-06 11:32:08 ERROR root remotelib error:LobbyPanel:4630:{"property": "init", "value": "device does not exist", "qualifier": {"alias": "LobbyPanel:4630", "code": "missing device"}}
2026-03-06 11:32:08 ERROR root remotelib error:BreakRmPanel:4630:{"property": "init", "value": "device does not exist", "qualifier": {"alias": "BreakRmPanel:4630", "code": "missing device"}}
2026-03-06 11:32:08 ERROR root remotelib error:IC144Panel:4632:{"property": "init", "value": "device does not exist", "qualifier": {"alias": "IC144Panel:4632", "code": "missing device"}}
2026-03-06 11:32:08 ERROR root remotelib error:BreakRmPanel:4632:{"property": "init", "value": "device does not exist", "qualifier": {"alias": "BreakRmPanel:4632", "code": "missing device"}}
2026-03-06 11:32:08 ERROR root remotelib error:LobbyPanel:4629:{"property": "init", "value": "device does not exist", "qualifier": {"alias": "LobbyPanel:4629", "code": "missing device"}}
2026-03-06 11:32:08 ERROR root remotelib error:HallPanel:4923:{"property": "init", "value": "device does not exist", "qualifier": {"alias": "HallPanel:4923", "code": "missing device"}}
2026-03-06 11:32:08 ERROR root remotelib error:BreakRmPanel:4631:{"property": "init", "value": "device does not exist", "qualifier": {"alias": "BreakRmPanel:4631", "code": "missing device"}}
2026-03-06 11:32:08 ERROR root remotelib error:IC144Panel:4600:{"property": "init", "value": "device does not exist", "qualifier": {"alias": "IC144Panel:4600", "code": "missing device"}}
2026-03-06 11:32:08 ERROR root remotelib error:BreakRmPanel:4600:{"property": "init", "value": "device does not exist", "qualifier": {"alias": "BreakRmPanel:4600", "code": "missing device"}}
2026-03-06 11:32:08 ERROR root remotelib error:BWDPanel:4914:{"property": "init", "value": "device does not exist", "qualifier": {"alias": "BWDPanel:4914", "code": "missing device"}}
2026-03-06 11:32:08 ERROR root remotelib error:LobbyPanel:4632:{"property": "init", "value": "device does not exist", "qualifier": {"alias": "LobbyPanel:4632", "code": "missing device"}}
2026-03-06 11:32:08 ERROR root remotelib error:BWDPanel:4915:{"property": "init", "value": "device does not exist", "qualifier": {"alias": "BWDPanel:4915", "code": "missing device"}}
2026-03-06 11:32:08 ERROR root remotelib error:LobbyPanel:4600:{"property": "init", "value": "device does not exist", "qualifier": {"alias": "LobbyPanel:4600", "code": "missing device"}}
2026-03-06 11:32:08 ERROR root remotelib error:LobbyPanel:4631:{"property": "init", "value": "device does not exist", "qualifier": {"alias": "LobbyPanel:4631", "code": "missing device"}}
2026-03-06 11:32:08 ERROR root remotelib error:BWDPanel:4913:{"property": "init", "value": "device does not exist", "qualifier": {"alias": "BWDPanel:4913", "code": "missing device"}}
2026-03-06 11:32:08 ERROR root remotelib error:HallPanel:4924:{"property": "init", "value": "device does not exist", "qualifier": {"alias": "HallPanel:4924", "code": "missing device"}}
2026-03-06 11:32:08 ERROR root remotelib error:HallPanel:4626:{"property": "init", "value": "device does not exist", "qualifier": {"alias": "HallPanel:4626", "code": "missing device"}}
2026-03-06 11:32:08 ERROR root remotelib error:HallPanel:4625:{"property": "init", "value": "device does not exist", "qualifier": {"alias": "HallPanel:4625", "code": "missing device"}}
2026-03-06 11:32:08 ERROR root remotelib error:BWDPanel:4916:{"property": "init", "value": "device does not exist", "qualifier": {"alias": "BWDPanel:4916", "code": "missing device"}}
2026-03-06 11:32:08 ERROR root remotelib error:BWDPanel:4917:{"property": "init", "value": "device does not exist", "qualifier": {"alias": "BWDPanel:4917", "code": "missing device"}}
2026-03-06 11:32:08 ERROR root remotelib error:BWDPanel:4920:{"property": "init", "value": "device does not exist", "qualifier": {"alias": "BWDPanel:4920", "code": "missing device"}}
2026-03-06 11:32:08 ERROR root remotelib error:HallPanel:4627:{"property": "init", "value": "device does not exist", "qualifier": {"alias": "HallPanel:4627", "code": "missing device"}}
2026-03-06 11:32:08 ERROR root remotelib error:IC142Panel:4776:{"property": "init", "value": "device does not exist", "qualifier": {"alias": "IC142Panel:4776", "code": "missing device"}}
2026-03-06 11:32:08 ERROR root remotelib error:BWDPanel:4918:{"property": "init", "value": "device does not exist", "qualifier": {"alias": "BWDPanel:4918", "code": "missing device"}}
2026-03-06 11:32:08 ERROR root remotelib error:IC143Panel:4776:{"property": "init", "value": "device does not exist", "qualifier": {"alias": "IC143Panel:4776", "code": "missing device"}}
2026-03-06 11:32:08 ERROR root remotelib error:HallPanel:4630:{"property": "init", "value": "device does not exist", "qualifier": {"alias": "HallPanel:4630", "code": "missing device"}}
2026-03-06 11:32:08 ERROR root remotelib error:IC142Panel:4777:{"property": "init", "value": "device does not exist", "qualifier": {"alias": "IC142Panel:4777", "code": "missing device"}}
2026-03-06 11:32:08 ERROR root remotelib error:BWDPanel:4919:{"property": "init", "value": "device does not exist", "qualifier": {"alias": "BWDPanel:4919", "code": "missing device"}}
2026-03-06 11:32:08 ERROR root remotelib error:IC142Panel:4778:{"property": "init", "value": "device does not exist", "qualifier": {"alias": "IC142Panel:4778", "code": "missing device"}}
2026-03-06 11:32:08 ERROR root remotelib error:HallPanel:4629:{"property": "init", "value": "device does not exist", "qualifier": {"alias": "HallPanel:4629", "code": "missing device"}}
2026-03-06 11:32:08 ERROR root remotelib error:IC142Panel:4779:{"property": "init", "value": "device does not exist", "qualifier": {"alias": "IC142Panel:4779", "code": "missing device"}}
2026-03-06 11:32:08 ERROR root remotelib error:IC143Panel:4777:{"property": "init", "value": "device does not exist", "qualifier": {"alias": "IC143Panel:4777", "code": "missing device"}}
2026-03-06 11:32:08 ERROR root remotelib error:IC142Panel:4780:{"property": "init", "value": "device does not exist", "qualifier": {"alias": "IC142Panel:4780", "code": "missing device"}}
2026-03-06 11:32:08 ERROR root remotelib error:IC143Panel:4778:{"property": "init", "value": "device does not exist", "qualifier": {"alias": "IC143Panel:4778", "code": "missing device"}}
2026-03-06 11:32:08 ERROR root remotelib error:BWDPanel:4921:{"property": "init", "value": "device does not exist", "qualifier": {"alias": "BWDPanel:4921", "code": "missing device"}}
2026-03-06 11:32:08 ERROR root remotelib error:IC142Panel:4781:{"property": "init", "value": "device does not exist", "qualifier": {"alias": "IC142Panel:4781", "code": "missing device"}}
2026-03-06 11:32:08 ERROR root remotelib error:BWDPanel:4922:{"property": "init", "value": "device does not exist", "qualifier": {"alias": "BWDPanel:4922", "code": "missing device"}}
2026-03-06 11:32:08 ERROR root remotelib error:IC144Panel:4608:{"property": "init", "value": "device does not exist", "qualifier": {"alias": "IC144Panel:4608", "code": "missing device"}}
2026-03-06 11:32:08 ERROR root remotelib error:HallPanel:4628:{"property": "init", "value": "device does not exist", "qualifier": {"alias": "HallPanel:4628", "code": "missing device"}}
2026-03-06 11:32:09 ERROR root remotelib error:IC144Panel:4610:{"property": "init", "value": "device does not exist", "qualifier": {"alias": "IC144Panel:4610", "code": "missing device"}}
2026-03-06 11:32:09 ERROR root remotelib error:BreakRmPanel:4608:{"property": "init", "value": "device does not exist", "qualifier": {"alias": "BreakRmPanel:4608", "code": "missing device"}}
2026-03-06 11:32:09 ERROR root remotelib error:BWDPanel:4923:{"property": "init", "value": "device does not exist", "qualifier": {"alias": "BWDPanel:4923", "code": "missing device"}}
2026-03-06 11:32:09 ERROR root remotelib error:HallPanel:4632:{"property": "init", "value": "device does not exist", "qualifier": {"alias": "HallPanel:4632", "code": "missing device"}}
2026-03-06 11:32:09 ERROR root remotelib error:IC142Panel:4751:{"property": "init", "value": "device does not exist", "qualifier": {"alias": "IC142Panel:4751", "code": "missing device"}}
2026-03-06 11:32:09 ERROR root remotelib error:LobbyPanel:4609:{"property": "init", "value": "device does not exist", "qualifier": {"alias": "LobbyPanel:4609", "code": "missing device"}}
2026-03-06 11:32:09 ERROR root remotelib error:IC143Panel:4780:{"property": "init", "value": "device does not exist", "qualifier": {"alias": "IC143Panel:4780", "code": "missing device"}}
2026-03-06 11:32:09 ERROR root remotelib error:HallPanel:4631:{"property": "init", "value": "device does not exist", "qualifier": {"alias": "HallPanel:4631", "code": "missing device"}}
2026-03-06 11:32:09 ERROR root remotelib error:BreakRmPanel:4611:{"property": "init", "value": "device does not exist", "qualifier": {"alias": "BreakRmPanel:4611", "code": "missing device"}}
2026-03-06 11:32:09 ERROR root remotelib error:IC143Panel:4779:{"property": "init", "value": "device does not exist", "qualifier": {"alias": "IC143Panel:4779", "code": "missing device"}}
2026-03-06 11:32:09 ERROR root remotelib error:LobbyPanel:4608:{"property": "init", "value": "device does not exist", "qualifier": {"alias": "LobbyPanel:4608", "code": "missing device"}}
2026-03-06 11:32:09 ERROR root remotelib error:IC142Panel:4782:{"property": "init", "value": "device does not exist", "qualifier": {"alias": "IC142Panel:4782", "code": "missing device"}}
2026-03-06 11:32:09 ERROR root remotelib error:IC143Panel:4782:{"property": "init", "value": "device does not exist", "qualifier": {"alias": "IC143Panel:4782", "code": "missing device"}}
2026-03-06 11:32:09 ERROR root remotelib error:IC144Panel:4611:{"property": "init", "value": "device does not exist", "qualifier": {"alias": "IC144Panel:4611", "code": "missing device"}}
2026-03-06 11:32:09 ERROR root remotelib error:LobbyPanel:4610:{"property": "init", "value": "device does not exist", "qualifier": {"alias": "LobbyPanel:4610", "code": "missing device"}}
2026-03-06 11:32:09 ERROR root remotelib error:BWDPanel:4924:{"property": "init", "value": "device does not exist", "qualifier": {"alias": "BWDPanel:4924", "code": "missing device"}}
2026-03-06 11:32:09 ERROR root remotelib error:HallPanel:4600:{"property": "init", "value": "device does not exist", "qualifier": {"alias": "HallPanel:4600", "code": "missing device"}}
2026-03-06 11:32:09 ERROR root remotelib error:IC143Panel:4781:{"property": "init", "value": "device does not exist", "qualifier": {"alias": "IC143Panel:4781", "code": "missing device"}}
2026-03-06 11:32:09 ERROR root remotelib error:IC144Panel:4612:{"property": "init", "value": "device does not exist", "qualifier": {"alias": "IC144Panel:4612", "code": "missing device"}}
2026-03-06 11:32:09 ERROR root remotelib error:IC143Panel:4751:{"property": "init", "value": "device does not exist", "qualifier": {"alias": "IC143Panel:4751", "code": "missing device"}}
2026-03-06 11:32:09 ERROR root remotelib error:IC144Panel:4613:{"property": "init", "value": "device does not exist", "qualifier": {"alias": "IC144Panel:4613", "code": "missing device"}}
2026-03-06 11:32:09 ERROR root remotelib error:BreakRmPanel:4612:{"property": "init", "value": "device does not exist", "qualifier": {"alias": "BreakRmPanel:4612", "code": "missing device"}}
2026-03-06 11:32:09 ERROR root remotelib error:LobbyPanel:4612:{"property": "init", "value": "device does not exist", "qualifier": {"alias": "LobbyPanel:4612", "code": "missing device"}}
2026-03-06 11:32:09 ERROR root remotelib error:BreakRmPanel:4613:{"property": "init", "value": "device does not exist", "qualifier": {"alias": "BreakRmPanel:4613", "code": "missing device"}}
2026-03-06 11:32:09 ERROR root remotelib error:BreakRmPanel:4618:{"property": "init", "value": "device does not exist", "qualifier": {"alias": "BreakRmPanel:4618", "code": "missing device"}}
2026-03-06 11:32:09 ERROR root remotelib error:BreakRmPanel:4615:{"property": "init", "value": "device does not exist", "qualifier": {"alias": "BreakRmPanel:4615", "code": "missing device"}}
2026-03-06 11:32:09 ERROR root remotelib error:BreakRmPanel:4614:{"property": "init", "value": "device does not exist", "qualifier": {"alias": "BreakRmPanel:4614", "code": "missing device"}}
2026-03-06 11:32:09 ERROR root remotelib error:LobbyPanel:4613:{"property": "init", "value": "device does not exist", "qualifier": {"alias": "LobbyPanel:4613", "code": "missing device"}}
2026-03-06 11:32:09 ERROR root remotelib error:BWDPanel:4630:{"property": "init", "value": "device does not exist", "qualifier": {"alias": "BWDPanel:4630", "code": "missing device"}}
2026-03-06 11:32:09 ERROR root remotelib error:LobbyPanel:4614:{"property": "init", "value": "device does not exist", "qualifier": {"alias": "LobbyPanel:4614", "code": "missing device"}}
2026-03-06 11:32:09 ERROR root remotelib error:BWDPanel:4629:{"property": "init", "value": "device does not exist", "qualifier": {"alias": "BWDPanel:4629", "code": "missing device"}}
2026-03-06 11:32:09 ERROR root remotelib error:IC142Panel:4758:{"property": "init", "value": "device does not exist", "qualifier": {"alias": "IC142Panel:4758", "code": "missing device"}}
2026-03-06 11:32:09 ERROR root remotelib error:BreakRmPanel:4617:{"property": "init", "value": "device does not exist", "qualifier": {"alias": "BreakRmPanel:4617", "code": "missing device"}}
2026-03-06 11:32:09 ERROR root remotelib error:IC142Panel:4760:{"property": "init", "value": "device does not exist", "qualifier": {"alias": "IC142Panel:4760", "code": "missing device"}}
2026-03-06 11:32:09 ERROR root remotelib error:LobbyPanel:4616:{"property": "init", "value": "device does not exist", "qualifier": {"alias": "LobbyPanel:4616", "code": "missing device"}}
2026-03-06 11:32:09 ERROR root remotelib error:BreakRmPanel:4616:{"property": "init", "value": "device does not exist", "qualifier": {"alias": "BreakRmPanel:4616", "code": "missing device"}}
2026-03-06 11:32:09 ERROR root remotelib error:LobbyPanel:4615:{"property": "init", "value": "device does not exist", "qualifier": {"alias": "LobbyPanel:4615", "code": "missing device"}}
2026-03-06 11:32:09 ERROR root remotelib error:HallPanel:4608:{"property": "init", "value": "device does not exist", "qualifier": {"alias": "HallPanel:4608", "code": "missing device"}}
2026-03-06 11:32:09 ERROR root remotelib error:BWDPanel:4631:{"property": "init", "value": "device does not exist", "qualifier": {"alias": "BWDPanel:4631", "code": "missing device"}}
2026-03-06 11:32:09 ERROR root remotelib error:IC142Panel:4761:{"property": "init", "value": "device does not exist", "qualifier": {"alias": "IC142Panel:4761", "code": "missing device"}}
2026-03-06 11:32:09 ERROR root remotelib error:BreakRmPanel:4619:{"property": "init", "value": "device does not exist", "qualifier": {"alias": "BreakRmPanel:4619", "code": "missing device"}}
2026-03-06 11:32:09 ERROR root remotelib error:HallPanel:4609:{"property": "init", "value": "device does not exist", "qualifier": {"alias": "HallPanel:4609", "code": "missing device"}}
2026-03-06 11:32:09 ERROR root remotelib error:HallPanel:4610:{"property": "init", "value": "device does not exist", "qualifier": {"alias": "HallPanel:4610", "code": "missing device"}}
2026-03-06 11:32:09 ERROR root remotelib error:BWDPanel:4600:{"property": "init", "value": "device does not exist", "qualifier": {"alias": "BWDPanel:4600", "code": "missing device"}}
2026-03-06 11:32:09 ERROR root remotelib error:LobbyPanel:4617:{"property": "init", "value": "device does not exist", "qualifier": {"alias": "LobbyPanel:4617", "code": "missing device"}}
2026-03-06 11:32:09 ERROR root remotelib error:LobbyPanel:4618:{"property": "init", "value": "device does not exist", "qualifier": {"alias": "LobbyPanel:4618", "code": "missing device"}}
2026-03-06 11:32:09 ERROR root remotelib error:IC142Panel:4762:{"property": "init", "value": "device does not exist", "qualifier": {"alias": "IC142Panel:4762", "code": "missing device"}}
2026-03-06 11:32:09 ERROR root remotelib error:BreakRmPanel:4620:{"property": "init", "value": "device does not exist", "qualifier": {"alias": "BreakRmPanel:4620", "code": "missing device"}}
2026-03-06 11:32:09 ERROR root remotelib error:BreakRmPanel:4621:{"property": "init", "value": "device does not exist", "qualifier": {"alias": "BreakRmPanel:4621", "code": "missing device"}}
2026-03-06 11:32:09 ERROR root remotelib error:BWDPanel:4632:{"property": "init", "value": "device does not exist", "qualifier": {"alias": "BWDPanel:4632", "code": "missing device"}}
2026-03-06 11:32:09 ERROR root remotelib error:IC143Panel:4758:{"property": "init", "value": "device does not exist", "qualifier": {"alias": "IC143Panel:4758", "code": "missing device"}}
2026-03-06 11:32:09 ERROR root remotelib error:BreakRmPanel:4622:{"property": "init", "value": "device does not exist", "qualifier": {"alias": "BreakRmPanel:4622", "code": "missing device"}}
2026-03-06 11:32:09 ERROR root remotelib error:IC143Panel:4760:{"property": "init", "value": "device does not exist", "qualifier": {"alias": "IC143Panel:4760", "code": "missing device"}}
2026-03-06 11:32:09 ERROR root remotelib error:BreakRmPanel:4623:{"property": "init", "value": "device does not exist", "qualifier": {"alias": "BreakRmPanel:4623", "code": "missing device"}}
2026-03-06 11:32:09 ERROR root remotelib error:LobbyPanel:4619:{"property": "init", "value": "device does not exist", "qualifier": {"alias": "LobbyPanel:4619", "code": "missing device"}}
2026-03-06 11:32:09 ERROR root remotelib error:BreakRmPanel:4624:{"property": "init", "value": "device does not exist", "qualifier": {"alias": "BreakRmPanel:4624", "code": "missing device"}}
2026-03-06 11:32:09 ERROR root remotelib error:LobbyPanel:4620:{"property": "init", "value": "device does not exist", "qualifier": {"alias": "LobbyPanel:4620", "code": "missing device"}}
2026-03-06 11:32:09 ERROR root remotelib error:HallPanel:4612:{"property": "init", "value": "device does not exist", "qualifier": {"alias": "HallPanel:4612", "code": "missing device"}}
2026-03-06 11:32:09 ERROR root remotelib error:BreakRmPanel:4776:{"property": "init", "value": "device does not exist", "qualifier": {"alias": "BreakRmPanel:4776", "code": "missing device"}}
2026-03-06 11:32:09 ERROR root remotelib error:IC142Panel:4763:{"property": "init", "value": "device does not exist", "qualifier": {"alias": "IC142Panel:4763", "code": "missing device"}}
2026-03-06 11:32:09 ERROR root remotelib error:IC143Panel:4761:{"property": "init", "value": "device does not exist", "qualifier": {"alias": "IC143Panel:4761", "code": "missing device"}}
2026-03-06 11:32:09 ERROR root remotelib error:LobbyPanel:4621:{"property": "init", "value": "device does not exist", "qualifier": {"alias": "LobbyPanel:4621", "code": "missing device"}}
2026-03-06 11:32:09 ERROR root remotelib error:BreakRmPanel:4777:{"property": "init", "value": "device does not exist", "qualifier": {"alias": "BreakRmPanel:4777", "code": "missing device"}}
2026-03-06 11:32:09 ERROR root remotelib error:BreakRmPanel:4779:{"property": "init", "value": "device does not exist", "qualifier": {"alias": "BreakRmPanel:4779", "code": "missing device"}}
2026-03-06 11:32:09 ERROR root remotelib error:HallPanel:4613:{"property": "init", "value": "device does not exist", "qualifier": {"alias": "HallPanel:4613", "code": "missing device"}}
2026-03-06 11:32:09 ERROR root remotelib error:IC144Panel:4776:{"property": "init", "value": "device does not exist", "qualifier": {"alias": "IC144Panel:4776", "code": "missing device"}}
2026-03-06 11:32:09 ERROR root remotelib error:IC143Panel:4762:{"property": "init", "value": "device does not exist", "qualifier": {"alias": "IC143Panel:4762", "code": "missing device"}}
2026-03-06 11:32:09 ERROR root remotelib error:HallPanel:4615:{"property": "init", "value": "device does not exist", "qualifier": {"alias": "HallPanel:4615", "code": "missing device"}}
2026-03-06 11:32:09 ERROR root remotelib error:IC144Panel:4778:{"property": "init", "value": "device does not exist", "qualifier": {"alias": "IC144Panel:4778", "code": "missing device"}}
2026-03-06 11:32:09 ERROR root remotelib error:BreakRmPanel:4778:{"property": "init", "value": "device does not exist", "qualifier": {"alias": "BreakRmPanel:4778", "code": "missing device"}}
2026-03-06 11:32:09 ERROR root remotelib error:LobbyPanel:4622:{"property": "init", "value": "device does not exist", "qualifier": {"alias": "LobbyPanel:4622", "code": "missing device"}}
2026-03-06 11:32:09 ERROR root remotelib error:IC144Panel:4777:{"property": "init", "value": "device does not exist", "qualifier": {"alias": "IC144Panel:4777", "code": "missing device"}}
2026-03-06 11:32:09 ERROR root remotelib error:HallPanel:4614:{"property": "init", "value": "device does not exist", "qualifier": {"alias": "HallPanel:4614", "code": "missing device"}}
2026-03-06 11:32:09 ERROR root remotelib error:IC143Panel:4763:{"property": "init", "value": "device does not exist", "qualifier": {"alias": "IC143Panel:4763", "code": "missing device"}}
2026-03-06 11:32:09 ERROR root remotelib error:LobbyPanel:4623:{"property": "init", "value": "device does not exist", "qualifier": {"alias": "LobbyPanel:4623", "code": "missing device"}}
2026-03-06 11:32:09 ERROR root remotelib error:IC144Panel:4779:{"property": "init", "value": "device does not exist", "qualifier": {"alias": "IC144Panel:4779", "code": "missing device"}}
2026-03-06 11:32:09 ERROR root remotelib error:HallPanel:4616:{"property": "init", "value": "device does not exist", "qualifier": {"alias": "HallPanel:4616", "code": "missing device"}}
2026-03-06 11:32:09 ERROR root remotelib error:HallPanel:4617:{"property": "init", "value": "device does not exist", "qualifier": {"alias": "HallPanel:4617", "code": "missing device"}}
2026-03-06 11:32:09 ERROR root remotelib error:HallPanel:4619:{"property": "init", "value": "device does not exist", "qualifier": {"alias": "HallPanel:4619", "code": "missing device"}}
2026-03-06 11:32:09 ERROR root remotelib error:LobbyPanel:4779:{"property": "init", "value": "device does not exist", "qualifier": {"alias": "LobbyPanel:4779", "code": "missing device"}}
2026-03-06 11:32:09 ERROR root remotelib error:LobbyPanel:4776:{"property": "init", "value": "device does not exist", "qualifier": {"alias": "LobbyPanel:4776", "code": "missing device"}}
2026-03-06 11:32:09 ERROR root remotelib error:BreakRmPanel:4782:{"property": "init", "value": "device does not exist", "qualifier": {"alias": "BreakRmPanel:4782", "code": "missing device"}}
2026-03-06 11:32:09 ERROR root remotelib error:BreakRmPanel:4780:{"property": "init", "value": "device does not exist", "qualifier": {"alias": "BreakRmPanel:4780", "code": "missing device"}}
2026-03-06 11:32:09 ERROR root remotelib error:HallPanel:4618:{"property": "init", "value": "device does not exist", "qualifier": {"alias": "HallPanel:4618", "code": "missing device"}}
2026-03-06 11:32:09 ERROR root remotelib error:IC144Panel:4780:{"property": "init", "value": "device does not exist", "qualifier": {"alias": "IC144Panel:4780", "code": "missing device"}}
2026-03-06 11:32:09 ERROR root remotelib error:LobbyPanel:4777:{"property": "init", "value": "device does not exist", "qualifier": {"alias": "LobbyPanel:4777", "code": "missing device"}}
2026-03-06 11:32:09 ERROR root remotelib error:IC144Panel:4781:{"property": "init", "value": "device does not exist", "qualifier": {"alias": "IC144Panel:4781", "code": "missing device"}}
2026-03-06 11:32:09 ERROR root remotelib error:BreakRmPanel:4781:{"property": "init", "value": "device does not exist", "qualifier": {"alias": "BreakRmPanel:4781", "code": "missing device"}}
2026-03-06 11:32:09 ERROR root remotelib error:LobbyPanel:4778:{"property": "init", "value": "device does not exist", "qualifier": {"alias": "LobbyPanel:4778", "code": "missing device"}}
2026-03-06 11:32:09 ERROR root remotelib error:IC144Panel:4782:{"property": "init", "value": "device does not exist", "qualifier": {"alias": "IC144Panel:4782", "code": "missing device"}}
2026-03-06 11:32:09 ERROR root remotelib error:LobbyPanel:4624:{"property": "init", "value": "device does not exist", "qualifier": {"alias": "LobbyPanel:4624", "code": "missing device"}}
2026-03-06 11:32:09 ERROR root remotelib error:BreakRmPanel:4751:{"property": "init", "value": "device does not exist", "qualifier": {"alias": "BreakRmPanel:4751", "code": "missing device"}}
2026-03-06 11:32:09 ERROR root remotelib error:HallPanel:4620:{"property": "init", "value": "device does not exist", "qualifier": {"alias": "HallPanel:4620", "code": "missing device"}}
2026-03-06 11:32:09 ERROR root remotelib error:LobbyPanel:4780:{"property": "init", "value": "device does not exist", "qualifier": {"alias": "LobbyPanel:4780", "code": "missing device"}}
2026-03-06 11:32:09 ERROR root remotelib error:IC142Panel:14625:{"property": "init", "value": "device does not exist", "qualifier": {"alias": "IC142Panel:14625", "code": "missing device"}}
2026-03-06 11:32:09 ERROR root remotelib error:IC144Panel:4751:{"property": "init", "value": "device does not exist", "qualifier": {"alias": "IC144Panel:4751", "code": "missing device"}}
2026-03-06 11:32:09 ERROR root remotelib error:IC142Panel:4775:{"property": "init", "value": "device does not exist", "qualifier": {"alias": "IC142Panel:4775", "code": "missing device"}}
2026-03-06 11:32:09 ERROR root remotelib error:HallPanel:4622:{"property": "init", "value": "device does not exist", "qualifier": {"alias": "HallPanel:4622", "code": "missing device"}}
2026-03-06 11:32:09 ERROR root remotelib error:HallPanel:4623:{"property": "init", "value": "device does not exist", "qualifier": {"alias": "HallPanel:4623", "code": "missing device"}}
2026-03-06 11:32:09 ERROR root remotelib error:LobbyPanel:4782:{"property": "init", "value": "device does not exist", "qualifier": {"alias": "LobbyPanel:4782", "code": "missing device"}}
2026-03-06 11:32:09 ERROR root remotelib error:IC142Panel:14626:{"property": "init", "value": "device does not exist", "qualifier": {"alias": "IC142Panel:14626", "code": "missing device"}}
2026-03-06 11:32:09 ERROR root remotelib error:HallPanel:4624:{"property": "init", "value": "device does not exist", "qualifier": {"alias": "HallPanel:4624", "code": "missing device"}}
2026-03-06 11:32:09 ERROR root remotelib error:LobbyPanel:4781:{"property": "init", "value": "device does not exist", "qualifier": {"alias": "LobbyPanel:4781", "code": "missing device"}}
2026-03-06 11:32:09 ERROR root remotelib error:HallPanel:4621:{"property": "init", "value": "device does not exist", "qualifier": {"alias": "HallPanel:4621", "code": "missing device"}}
2026-03-06 11:32:10 ERROR root remotelib error:IC143Panel:14626:{"property": "init", "value": "device does not exist", "qualifier": {"alias": "IC143Panel:14626", "code": "missing device"}}
2026-03-06 11:32:10 ERROR root remotelib error:HallPanel:4779:{"property": "init", "value": "device does not exist", "qualifier": {"alias": "HallPanel:4779", "code": "missing device"}}
2026-03-06 11:32:10 ERROR root remotelib error:IC143Panel:14625:{"property": "init", "value": "device does not exist", "qualifier": {"alias": "IC143Panel:14625", "code": "missing device"}}
2026-03-06 11:32:10 ERROR root remotelib error:HallPanel:4778:{"property": "init", "value": "device does not exist", "qualifier": {"alias": "HallPanel:4778", "code": "missing device"}}
2026-03-06 11:32:10 ERROR root remotelib error:IC143Panel:4775:{"property": "init", "value": "device does not exist", "qualifier": {"alias": "IC143Panel:4775", "code": "missing device"}}
2026-03-06 11:32:10 ERROR root remotelib error:BreakRmPanel:4758:{"property": "init", "value": "device does not exist", "qualifier": {"alias": "BreakRmPanel:4758", "code": "missing device"}}
2026-03-06 11:32:10 ERROR root remotelib error:IC142Panel:14628:{"property": "init", "value": "device does not exist", "qualifier": {"alias": "IC142Panel:14628", "code": "missing device"}}
2026-03-06 11:32:10 ERROR root remotelib error:IC142Panel:14627:{"property": "init", "value": "device does not exist", "qualifier": {"alias": "IC142Panel:14627", "code": "missing device"}}
2026-03-06 11:32:10 ERROR root remotelib error:HallPanel:4777:{"property": "init", "value": "device does not exist", "qualifier": {"alias": "HallPanel:4777", "code": "missing device"}}
2026-03-06 11:32:10 ERROR root remotelib error:IC142Panel:14629:{"property": "init", "value": "device does not exist", "qualifier": {"alias": "IC142Panel:14629", "code": "missing device"}}
2026-03-06 11:32:10 ERROR root remotelib error:IC142Panel:14630:{"property": "init", "value": "device does not exist", "qualifier": {"alias": "IC142Panel:14630", "code": "missing device"}}
2026-03-06 11:32:10 ERROR root remotelib error:LobbyPanel:4751:{"property": "init", "value": "device does not exist", "qualifier": {"alias": "LobbyPanel:4751", "code": "missing device"}}
2026-03-06 11:32:10 ERROR root remotelib error:HallPanel:4776:{"property": "init", "value": "device does not exist", "qualifier": {"alias": "HallPanel:4776", "code": "missing device"}}
2026-03-06 11:32:10 ERROR root remotelib error:BreakRmPanel:4761:{"property": "init", "value": "device does not exist", "qualifier": {"alias": "BreakRmPanel:4761", "code": "missing device"}}
2026-03-06 11:32:10 ERROR root remotelib error:IC144Panel:4758:{"property": "init", "value": "device does not exist", "qualifier": {"alias": "IC144Panel:4758", "code": "missing device"}}
2026-03-06 11:32:10 ERROR root remotelib error:BreakRmPanel:4762:{"property": "init", "value": "device does not exist", "qualifier": {"alias": "BreakRmPanel:4762", "code": "missing device"}}
2026-03-06 11:32:10 ERROR root remotelib error:BreakRmPanel:4763:{"property": "init", "value": "device does not exist", "qualifier": {"alias": "BreakRmPanel:4763", "code": "missing device"}}
2026-03-06 11:32:10 ERROR root remotelib error:IC143Panel:14629:{"property": "init", "value": "device does not exist", "qualifier": {"alias": "IC143Panel:14629", "code": "missing device"}}
2026-03-06 11:32:10 ERROR root remotelib error:IC143Panel:14628:{"property": "init", "value": "device does not exist", "qualifier": {"alias": "IC143Panel:14628", "code": "missing device"}}
2026-03-06 11:32:10 ERROR root remotelib error:BreakRmPanel:4764:{"property": "init", "value": "device does not exist", "qualifier": {"alias": "BreakRmPanel:4764", "code": "missing device"}}
2026-03-06 11:32:10 ERROR root remotelib error:IC143Panel:14627:{"property": "init", "value": "device does not exist", "qualifier": {"alias": "IC143Panel:14627", "code": "missing device"}}
2026-03-06 11:32:10 ERROR root remotelib error:HallPanel:4781:{"property": "init", "value": "device does not exist", "qualifier": {"alias": "HallPanel:4781", "code": "missing device"}}
2026-03-06 11:32:10 ERROR root remotelib error:IC142Panel:14632:{"property": "init", "value": "device does not exist", "qualifier": {"alias": "IC142Panel:14632", "code": "missing device"}}
2026-03-06 11:32:10 ERROR root remotelib error:IC142Panel:14631:{"property": "init", "value": "device does not exist", "qualifier": {"alias": "IC142Panel:14631", "code": "missing device"}}
2026-03-06 11:32:10 ERROR root remotelib error:HallPanel:4780:{"property": "init", "value": "device does not exist", "qualifier": {"alias": "HallPanel:4780", "code": "missing device"}}
2026-03-06 11:32:10 ERROR root remotelib error:IC144Panel:4760:{"property": "init", "value": "device does not exist", "qualifier": {"alias": "IC144Panel:4760", "code": "missing device"}}
2026-03-06 11:32:10 ERROR root remotelib error:HallPanel:4782:{"property": "init", "value": "device does not exist", "qualifier": {"alias": "HallPanel:4782", "code": "missing device"}}
2026-03-06 11:32:10 ERROR root remotelib error:IC142Panel:14601:{"property": "init", "value": "device does not exist", "qualifier": {"alias": "IC142Panel:14601", "code": "missing device"}}
2026-03-06 11:32:10 ERROR root remotelib error:IC142Panel:14602:{"property": "init", "value": "device does not exist", "qualifier": {"alias": "IC142Panel:14602", "code": "missing device"}}
2026-03-06 11:32:10 ERROR root remotelib error:IC144Panel:4761:{"property": "init", "value": "device does not exist", "qualifier": {"alias": "IC144Panel:4761", "code": "missing device"}}
2026-03-06 11:32:10 ERROR root remotelib error:HallPanel:4751:{"property": "init", "value": "device does not exist", "qualifier": {"alias": "HallPanel:4751", "code": "missing device"}}
2026-03-06 11:32:10 ERROR root remotelib error:LobbyPanel:4759:{"property": "init", "value": "device does not exist", "qualifier": {"alias": "LobbyPanel:4759", "code": "missing device"}}
2026-03-06 11:32:10 ERROR root remotelib error:IC143Panel:14631:{"property": "init", "value": "device does not exist", "qualifier": {"alias": "IC143Panel:14631", "code": "missing device"}}
2026-03-06 11:32:10 ERROR root remotelib error:LobbyPanel:4758:{"property": "init", "value": "device does not exist", "qualifier": {"alias": "LobbyPanel:4758", "code": "missing device"}}
2026-03-06 11:32:10 ERROR root remotelib error:BreakRmPanel:4766:{"property": "init", "value": "device does not exist", "qualifier": {"alias": "BreakRmPanel:4766", "code": "missing device"}}
2026-03-06 11:32:10 ERROR root remotelib error:IC143Panel:14603:{"property": "init", "value": "device does not exist", "qualifier": {"alias": "IC143Panel:14603", "code": "missing device"}}
2026-03-06 11:32:10 ERROR root remotelib error:IC142Panel:14603:{"property": "init", "value": "device does not exist", "qualifier": {"alias": "IC142Panel:14603", "code": "missing device"}}
2026-03-06 11:32:10 ERROR root remotelib error:IC144Panel:4762:{"property": "init", "value": "device does not exist", "qualifier": {"alias": "IC144Panel:4762", "code": "missing device"}}
2026-03-06 11:32:10 ERROR root remotelib error:IC143Panel:14632:{"property": "init", "value": "device does not exist", "qualifier": {"alias": "IC143Panel:14632", "code": "missing device"}}
2026-03-06 11:32:10 ERROR root remotelib error:BreakRmPanel:4765:{"property": "init", "value": "device does not exist", "qualifier": {"alias": "BreakRmPanel:4765", "code": "missing device"}}
2026-03-06 11:32:10 ERROR root remotelib error:IC142Panel:14604:{"property": "init", "value": "device does not exist", "qualifier": {"alias": "IC142Panel:14604", "code": "missing device"}}
2026-03-06 11:32:10 ERROR root remotelib error:IC143Panel:14601:{"property": "init", "value": "device does not exist", "qualifier": {"alias": "IC143Panel:14601", "code": "missing device"}}
2026-03-06 11:32:10 ERROR root remotelib error:LobbyPanel:4760:{"property": "init", "value": "device does not exist", "qualifier": {"alias": "LobbyPanel:4760", "code": "missing device"}}
2026-03-06 11:32:10 ERROR root remotelib error:BreakRmPanel:4768:{"property": "init", "value": "device does not exist", "qualifier": {"alias": "BreakRmPanel:4768", "code": "missing device"}}
2026-03-06 11:32:10 ERROR root remotelib error:IC142Panel:14605:{"property": "init", "value": "device does not exist", "qualifier": {"alias": "IC142Panel:14605", "code": "missing device"}}
2026-03-06 11:32:10 ERROR root remotelib error:BreakRmPanel:4769:{"property": "init", "value": "device does not exist", "qualifier": {"alias": "BreakRmPanel:4769", "code": "missing device"}}
2026-03-06 11:32:10 ERROR root remotelib error:IC142Panel:14606:{"property": "init", "value": "device does not exist", "qualifier": {"alias": "IC142Panel:14606", "code": "missing device"}}
2026-03-06 11:32:10 ERROR root remotelib error:IC142Panel:14607:{"property": "init", "value": "device does not exist", "qualifier": {"alias": "IC142Panel:14607", "code": "missing device"}}
2026-03-06 11:32:10 ERROR root remotelib error:BreakRmPanel:4767:{"property": "init", "value": "device does not exist", "qualifier": {"alias": "BreakRmPanel:4767", "code": "missing device"}}
2026-03-06 11:32:10 ERROR root remotelib error:IC143Panel:14602:{"property": "init", "value": "device does not exist", "qualifier": {"alias": "IC143Panel:14602", "code": "missing device"}}
2026-03-06 11:32:10 ERROR root remotelib error:LobbyPanel:4762:{"property": "init", "value": "device does not exist", "qualifier": {"alias": "LobbyPanel:4762", "code": "missing device"}}
2026-03-06 11:32:10 ERROR root remotelib error:IC143Panel:14630:{"property": "init", "value": "device does not exist", "qualifier": {"alias": "IC143Panel:14630", "code": "missing device"}}
2026-03-06 11:32:10 ERROR root remotelib error:IC144Panel:4763:{"property": "init", "value": "device does not exist", "qualifier": {"alias": "IC144Panel:4763", "code": "missing device"}}
2026-03-06 11:32:10 ERROR root remotelib error:LobbyPanel:4763:{"property": "init", "value": "device does not exist", "qualifier": {"alias": "LobbyPanel:4763", "code": "missing device"}}
2026-03-06 11:32:10 ERROR root remotelib error:BWDPanel:4779:{"property": "init", "value": "device does not exist", "qualifier": {"alias": "BWDPanel:4779", "code": "missing device"}}
2026-03-06 11:32:10 ERROR root remotelib error:BreakRmPanel:4771:{"property": "init", "value": "device does not exist", "qualifier": {"alias": "BreakRmPanel:4771", "code": "missing device"}}
2026-03-06 11:32:10 ERROR root remotelib error:LobbyPanel:4764:{"property": "init", "value": "device does not exist", "qualifier": {"alias": "LobbyPanel:4764", "code": "missing device"}}
2026-03-06 11:32:10 ERROR root remotelib error:IC143Panel:14606:{"property": "init", "value": "device does not exist", "qualifier": {"alias": "IC143Panel:14606", "code": "missing device"}}
2026-03-06 11:32:10 ERROR root remotelib error:IC143Panel:14607:{"property": "init", "value": "device does not exist", "qualifier": {"alias": "IC143Panel:14607", "code": "missing device"}}
2026-03-06 11:32:10 ERROR root remotelib error:BWDPanel:4780:{"property": "init", "value": "device does not exist", "qualifier": {"alias": "BWDPanel:4780", "code": "missing device"}}
2026-03-06 11:32:10 ERROR root remotelib error:LobbyPanel:4765:{"property": "init", "value": "device does not exist", "qualifier": {"alias": "LobbyPanel:4765", "code": "missing device"}}
2026-03-06 11:32:10 ERROR root remotelib error:BWDPanel:4781:{"property": "init", "value": "device does not exist", "qualifier": {"alias": "BWDPanel:4781", "code": "missing device"}}
2026-03-06 11:32:10 ERROR root remotelib error:IC142Panel:14610:{"property": "init", "value": "device does not exist", "qualifier": {"alias": "IC142Panel:14610", "code": "missing device"}}
2026-03-06 11:32:10 ERROR root remotelib error:IC143Panel:14608:{"property": "init", "value": "device does not exist", "qualifier": {"alias": "IC143Panel:14608", "code": "missing device"}}
2026-03-06 11:32:10 ERROR root remotelib error:LobbyPanel:4766:{"property": "init", "value": "device does not exist", "qualifier": {"alias": "LobbyPanel:4766", "code": "missing device"}}
2026-03-06 11:32:10 ERROR root remotelib error:IC143Panel:14609:{"property": "init", "value": "device does not exist", "qualifier": {"alias": "IC143Panel:14609", "code": "missing device"}}
2026-03-06 11:32:10 ERROR root remotelib error:IC142Panel:14611:{"property": "init", "value": "device does not exist", "qualifier": {"alias": "IC142Panel:14611", "code": "missing device"}}
2026-03-06 11:32:10 ERROR root remotelib error:BreakRmPanel:4770:{"property": "init", "value": "device does not exist", "qualifier": {"alias": "BreakRmPanel:4770", "code": "missing device"}}
2026-03-06 11:32:10 ERROR root remotelib error:IC143Panel:14605:{"property": "init", "value": "device does not exist", "qualifier": {"alias": "IC143Panel:14605", "code": "missing device"}}
2026-03-06 11:32:10 ERROR root remotelib error:IC142Panel:14608:{"property": "init", "value": "device does not exist", "qualifier": {"alias": "IC142Panel:14608", "code": "missing device"}}
2026-03-06 11:32:10 ERROR root remotelib error:HallPanel:4758:{"property": "init", "value": "device does not exist", "qualifier": {"alias": "HallPanel:4758", "code": "missing device"}}
2026-03-06 11:32:10 ERROR root remotelib error:BreakRmPanel:4772:{"property": "init", "value": "device does not exist", "qualifier": {"alias": "BreakRmPanel:4772", "code": "missing device"}}
2026-03-06 11:32:10 ERROR root remotelib error:HallPanel:4759:{"property": "init", "value": "device does not exist", "qualifier": {"alias": "HallPanel:4759", "code": "missing device"}}
2026-03-06 11:32:10 ERROR root remotelib error:IC142Panel:14609:{"property": "init", "value": "device does not exist", "qualifier": {"alias": "IC142Panel:14609", "code": "missing device"}}
2026-03-06 11:32:10 ERROR root remotelib error:BreakRmPanel:4773:{"property": "init", "value": "device does not exist", "qualifier": {"alias": "BreakRmPanel:4773", "code": "missing device"}}
2026-03-06 11:32:10 ERROR root remotelib error:HallPanel:4760:{"property": "init", "value": "device does not exist", "qualifier": {"alias": "HallPanel:4760", "code": "missing device"}}
2026-03-06 11:32:10 ERROR root remotelib error:BWDPanel:4782:{"property": "init", "value": "device does not exist", "qualifier": {"alias": "BWDPanel:4782", "code": "missing device"}}
2026-03-06 11:32:10 ERROR root remotelib error:IC143Panel:14604:{"property": "init", "value": "device does not exist", "qualifier": {"alias": "IC143Panel:14604", "code": "missing device"}}
2026-03-06 11:32:10 ERROR root remotelib error:BreakRmPanel:4774:{"property": "init", "value": "device does not exist", "qualifier": {"alias": "BreakRmPanel:4774", "code": "missing device"}}
2026-03-06 11:32:10 ERROR root remotelib error:BreakRmPanel:14625:{"property": "init", "value": "device does not exist", "qualifier": {"alias": "BreakRmPanel:14625", "code": "missing device"}}
2026-03-06 11:32:10 ERROR root remotelib error:IC142Panel:14612:{"property": "init", "value": "device does not exist", "qualifier": {"alias": "IC142Panel:14612", "code": "missing device"}}
2026-03-06 11:32:10 ERROR root remotelib error:HallPanel:4762:{"property": "init", "value": "device does not exist", "qualifier": {"alias": "HallPanel:4762", "code": "missing device"}}
2026-03-06 11:32:10 ERROR root remotelib error:LobbyPanel:4769:{"property": "init", "value": "device does not exist", "qualifier": {"alias": "LobbyPanel:4769", "code": "missing device"}}
2026-03-06 11:32:10 ERROR root remotelib error:IC143Panel:14610:{"property": "init", "value": "device does not exist", "qualifier": {"alias": "IC143Panel:14610", "code": "missing device"}}
2026-03-06 11:32:10 ERROR root remotelib error:LobbyPanel:4767:{"property": "init", "value": "device does not exist", "qualifier": {"alias": "LobbyPanel:4767", "code": "missing device"}}
2026-03-06 11:32:10 ERROR root remotelib error:IC143Panel:14611:{"property": "init", "value": "device does not exist", "qualifier": {"alias": "IC143Panel:14611", "code": "missing device"}}
2026-03-06 11:32:10 ERROR root remotelib error:LobbyPanel:4768:{"property": "init", "value": "device does not exist", "qualifier": {"alias": "LobbyPanel:4768", "code": "missing device"}}
2026-03-06 11:32:10 ERROR root remotelib error:IC143Panel:14612:{"property": "init", "value": "device does not exist", "qualifier": {"alias": "IC143Panel:14612", "code": "missing device"}}
2026-03-06 11:32:10 ERROR root remotelib error:BWDPanel:4751:{"property": "init", "value": "device does not exist", "qualifier": {"alias": "BWDPanel:4751", "code": "missing device"}}
2026-03-06 11:32:10 ERROR root remotelib error:BreakRmPanel:4775:{"property": "init", "value": "device does not exist", "qualifier": {"alias": "BreakRmPanel:4775", "code": "missing device"}}
2026-03-06 11:32:10 ERROR root remotelib error:IC142Panel:14613:{"property": "init", "value": "device does not exist", "qualifier": {"alias": "IC142Panel:14613", "code": "missing device"}}
2026-03-06 11:32:10 ERROR root remotelib error:BreakRmPanel:14626:{"property": "init", "value": "device does not exist", "qualifier": {"alias": "BreakRmPanel:14626", "code": "missing device"}}
2026-03-06 11:32:10 ERROR root remotelib error:BreakRmPanel:14628:{"property": "init", "value": "device does not exist", "qualifier": {"alias": "BreakRmPanel:14628", "code": "missing device"}}
2026-03-06 11:32:10 ERROR root remotelib error:HallPanel:4763:{"property": "init", "value": "device does not exist", "qualifier": {"alias": "HallPanel:4763", "code": "missing device"}}
2026-03-06 11:32:10 ERROR root remotelib error:IC143Panel:14613:{"property": "init", "value": "device does not exist", "qualifier": {"alias": "IC143Panel:14613", "code": "missing device"}}
2026-03-06 11:32:10 ERROR root remotelib error:IC143Panel:14614:{"property": "init", "value": "device does not exist", "qualifier": {"alias": "IC143Panel:14614", "code": "missing device"}}
2026-03-06 11:32:10 ERROR root remotelib error:HallPanel:4765:{"property": "init", "value": "device does not exist", "qualifier": {"alias": "HallPanel:4765", "code": "missing device"}}
2026-03-06 11:32:10 ERROR root remotelib error:IC142Panel:14615:{"property": "init", "value": "device does not exist", "qualifier": {"alias": "IC142Panel:14615", "code": "missing device"}}
2026-03-06 11:32:10 ERROR root remotelib error:HallPanel:4766:{"property": "init", "value": "device does not exist", "qualifier": {"alias": "HallPanel:4766", "code": "missing device"}}
2026-03-06 11:32:10 ERROR root remotelib error:IC144Panel:4775:{"property": "init", "value": "device does not exist", "qualifier": {"alias": "IC144Panel:4775", "code": "missing device"}}
2026-03-06 11:32:10 ERROR root remotelib error:LobbyPanel:4770:{"property": "init", "value": "device does not exist", "qualifier": {"alias": "LobbyPanel:4770", "code": "missing device"}}
2026-03-06 11:32:10 ERROR root remotelib error:IC142Panel:14614:{"property": "init", "value": "device does not exist", "qualifier": {"alias": "IC142Panel:14614", "code": "missing device"}}
2026-03-06 11:32:10 ERROR root remotelib error:LobbyPanel:4771:{"property": "init", "value": "device does not exist", "qualifier": {"alias": "LobbyPanel:4771", "code": "missing device"}}
2026-03-06 11:32:10 ERROR root remotelib error:BreakRmPanel:14627:{"property": "init", "value": "device does not exist", "qualifier": {"alias": "BreakRmPanel:14627", "code": "missing device"}}
2026-03-06 11:32:10 ERROR root remotelib error:HallPanel:4764:{"property": "init", "value": "device does not exist", "qualifier": {"alias": "HallPanel:4764", "code": "missing device"}}
2026-03-06 11:32:10 ERROR root remotelib error:LobbyPanel:4772:{"property": "init", "value": "device does not exist", "qualifier": {"alias": "LobbyPanel:4772", "code": "missing device"}}
2026-03-06 11:32:10 ERROR root remotelib error:IC143Panel:14615:{"property": "init", "value": "device does not exist", "qualifier": {"alias": "IC143Panel:14615", "code": "missing device"}}
2026-03-06 11:32:10 ERROR root remotelib error:IC142Panel:14616:{"property": "init", "value": "device does not exist", "qualifier": {"alias": "IC142Panel:14616", "code": "missing device"}}
2026-03-06 11:32:10 ERROR root remotelib error:BreakRmPanel:14629:{"property": "init", "value": "device does not exist", "qualifier": {"alias": "BreakRmPanel:14629", "code": "missing device"}}
2026-03-06 11:32:10 ERROR root remotelib error:IC142Panel:14617:{"property": "init", "value": "device does not exist", "qualifier": {"alias": "IC142Panel:14617", "code": "missing device"}}
2026-03-06 11:32:10 ERROR root remotelib error:HallPanel:4767:{"property": "init", "value": "device does not exist", "qualifier": {"alias": "HallPanel:4767", "code": "missing device"}}
2026-03-06 11:32:10 ERROR root remotelib error:LobbyPanel:4773:{"property": "init", "value": "device does not exist", "qualifier": {"alias": "LobbyPanel:4773", "code": "missing device"}}
2026-03-06 11:32:10 ERROR root remotelib error:IC144Panel:14625:{"property": "init", "value": "device does not exist", "qualifier": {"alias": "IC144Panel:14625", "code": "missing device"}}
2026-03-06 11:32:10 ERROR root remotelib error:LobbyPanel:4774:{"property": "init", "value": "device does not exist", "qualifier": {"alias": "LobbyPanel:4774", "code": "missing device"}}
2026-03-06 11:32:10 ERROR root remotelib error:BreakRmPanel:14630:{"property": "init", "value": "device does not exist", "qualifier": {"alias": "BreakRmPanel:14630", "code": "missing device"}}
2026-03-06 11:32:10 ERROR root remotelib error:IC143Panel:14616:{"property": "init", "value": "device does not exist", "qualifier": {"alias": "IC143Panel:14616", "code": "missing device"}}
2026-03-06 11:32:10 ERROR root remotelib error:HallPanel:4768:{"property": "init", "value": "device does not exist", "qualifier": {"alias": "HallPanel:4768", "code": "missing device"}}
2026-03-06 11:32:10 ERROR root remotelib error:IC144Panel:14626:{"property": "init", "value": "device does not exist", "qualifier": {"alias": "IC144Panel:14626", "code": "missing device"}}
2026-03-06 11:32:10 ERROR root remotelib error:IC142Panel:14618:{"property": "init", "value": "device does not exist", "qualifier": {"alias": "IC142Panel:14618", "code": "missing device"}}
2026-03-06 11:32:11 ERROR root remotelib error:IC144Panel:14627:{"property": "init", "value": "device does not exist", "qualifier": {"alias": "IC144Panel:14627", "code": "missing device"}}
2026-03-06 11:32:11 ERROR root remotelib error:LobbyPanel:4775:{"property": "init", "value": "device does not exist", "qualifier": {"alias": "LobbyPanel:4775", "code": "missing device"}}
2026-03-06 11:32:11 ERROR root remotelib error:HallPanel:4769:{"property": "init", "value": "device does not exist", "qualifier": {"alias": "HallPanel:4769", "code": "missing device"}}
2026-03-06 11:32:11 ERROR root remotelib error:BreakRmPanel:14631:{"property": "init", "value": "device does not exist", "qualifier": {"alias": "BreakRmPanel:14631", "code": "missing device"}}
2026-03-06 11:32:11 ERROR root remotelib error:IC143Panel:14619:{"property": "init", "value": "device does not exist", "qualifier": {"alias": "IC143Panel:14619", "code": "missing device"}}
2026-03-06 11:32:11 ERROR root remotelib error:HallPanel:4770:{"property": "init", "value": "device does not exist", "qualifier": {"alias": "HallPanel:4770", "code": "missing device"}}
2026-03-06 11:32:11 ERROR root remotelib error:HallPanel:4771:{"property": "init", "value": "device does not exist", "qualifier": {"alias": "HallPanel:4771", "code": "missing device"}}
2026-03-06 11:32:11 ERROR root remotelib error:IC144Panel:14628:{"property": "init", "value": "device does not exist", "qualifier": {"alias": "IC144Panel:14628", "code": "missing device"}}
2026-03-06 11:32:11 ERROR root remotelib error:IC142Panel:14619:{"property": "init", "value": "device does not exist", "qualifier": {"alias": "IC142Panel:14619", "code": "missing device"}}
2026-03-06 11:32:11 ERROR root remotelib error:IC142Panel:14620:{"property": "init", "value": "device does not exist", "qualifier": {"alias": "IC142Panel:14620", "code": "missing device"}}
2026-03-06 11:32:11 ERROR root remotelib error:LobbyPanel:14625:{"property": "init", "value": "device does not exist", "qualifier": {"alias": "LobbyPanel:14625", "code": "missing device"}}
2026-03-06 11:32:11 ERROR root remotelib error:BreakRmPanel:14632:{"property": "init", "value": "device does not exist", "qualifier": {"alias": "BreakRmPanel:14632", "code": "missing device"}}
2026-03-06 11:32:11 ERROR root remotelib error:IC144Panel:14629:{"property": "init", "value": "device does not exist", "qualifier": {"alias": "IC144Panel:14629", "code": "missing device"}}
2026-03-06 11:32:11 ERROR root remotelib error:IC143Panel:14617:{"property": "init", "value": "device does not exist", "qualifier": {"alias": "IC143Panel:14617", "code": "missing device"}}
2026-03-06 11:32:11 ERROR root remotelib error:IC143Panel:14618:{"property": "init", "value": "device does not exist", "qualifier": {"alias": "IC143Panel:14618", "code": "missing device"}}
2026-03-06 11:32:11 ERROR root remotelib error:BreakRmPanel:14601:{"property": "init", "value": "device does not exist", "qualifier": {"alias": "BreakRmPanel:14601", "code": "missing device"}}
2026-03-06 11:32:11 ERROR root remotelib error:IC142Panel:14621:{"property": "init", "value": "device does not exist", "qualifier": {"alias": "IC142Panel:14621", "code": "missing device"}}
2026-03-06 11:32:11 ERROR root remotelib error:LobbyPanel:14626:{"property": "init", "value": "device does not exist", "qualifier": {"alias": "LobbyPanel:14626", "code": "missing device"}}
2026-03-06 11:32:11 ERROR root remotelib error:IC144Panel:14631:{"property": "init", "value": "device does not exist", "qualifier": {"alias": "IC144Panel:14631", "code": "missing device"}}
2026-03-06 11:32:11 ERROR root remotelib error:IC142Panel:14623:{"property": "init", "value": "device does not exist", "qualifier": {"alias": "IC142Panel:14623", "code": "missing device"}}
2026-03-06 11:32:11 ERROR root remotelib error:BreakRmPanel:14602:{"property": "init", "value": "device does not exist", "qualifier": {"alias": "BreakRmPanel:14602", "code": "missing device"}}
2026-03-06 11:32:11 ERROR root remotelib error:HallPanel:4773:{"property": "init", "value": "device does not exist", "qualifier": {"alias": "HallPanel:4773", "code": "missing device"}}
2026-03-06 11:32:11 ERROR root remotelib error:IC144Panel:14630:{"property": "init", "value": "device does not exist", "qualifier": {"alias": "IC144Panel:14630", "code": "missing device"}}
2026-03-06 11:32:11 ERROR root remotelib error:LobbyPanel:14627:{"property": "init", "value": "device does not exist", "qualifier": {"alias": "LobbyPanel:14627", "code": "missing device"}}
2026-03-06 11:32:11 ERROR root remotelib error:IC142Panel:14622:{"property": "init", "value": "device does not exist", "qualifier": {"alias": "IC142Panel:14622", "code": "missing device"}}
2026-03-06 11:32:11 ERROR root remotelib error:IC143Panel:14620:{"property": "init", "value": "device does not exist", "qualifier": {"alias": "IC143Panel:14620", "code": "missing device"}}
2026-03-06 11:32:11 ERROR root remotelib error:HallPanel:4772:{"property": "init", "value": "device does not exist", "qualifier": {"alias": "HallPanel:4772", "code": "missing device"}}
2026-03-06 11:32:11 ERROR root remotelib error:BreakRmPanel:14603:{"property": "init", "value": "device does not exist", "qualifier": {"alias": "BreakRmPanel:14603", "code": "missing device"}}
2026-03-06 11:32:11 ERROR root remotelib error:LobbyPanel:14628:{"property": "init", "value": "device does not exist", "qualifier": {"alias": "LobbyPanel:14628", "code": "missing device"}}
2026-03-06 11:32:11 ERROR root remotelib error:IC144Panel:14603:{"property": "init", "value": "device does not exist", "qualifier": {"alias": "IC144Panel:14603", "code": "missing device"}}
2026-03-06 11:32:11 ERROR root remotelib error:LobbyPanel:14601:{"property": "init", "value": "device does not exist", "qualifier": {"alias": "LobbyPanel:14601", "code": "missing device"}}
2026-03-06 11:32:11 ERROR root remotelib error:BreakRmPanel:14604:{"property": "init", "value": "device does not exist", "qualifier": {"alias": "BreakRmPanel:14604", "code": "missing device"}}
2026-03-06 11:32:11 ERROR root remotelib error:HallPanel:4774:{"property": "init", "value": "device does not exist", "qualifier": {"alias": "HallPanel:4774", "code": "missing device"}}
2026-03-06 11:32:11 ERROR root remotelib error:IC142Panel:14624:{"property": "init", "value": "device does not exist", "qualifier": {"alias": "IC142Panel:14624", "code": "missing device"}}
2026-03-06 11:32:11 ERROR root remotelib error:LobbyPanel:14629:{"property": "init", "value": "device does not exist", "qualifier": {"alias": "LobbyPanel:14629", "code": "missing device"}}
2026-03-06 11:32:11 ERROR root remotelib error:IC144Panel:14601:{"property": "init", "value": "device does not exist", "qualifier": {"alias": "IC144Panel:14601", "code": "missing device"}}
2026-03-06 11:32:11 ERROR root remotelib error:BreakRmPanel:14605:{"property": "init", "value": "device does not exist", "qualifier": {"alias": "BreakRmPanel:14605", "code": "missing device"}}
2026-03-06 11:32:11 ERROR root remotelib error:HallPanel:14626:{"property": "init", "value": "device does not exist", "qualifier": {"alias": "HallPanel:14626", "code": "missing device"}}
2026-03-06 11:32:11 ERROR root remotelib error:IC143Panel:14624:{"property": "init", "value": "device does not exist", "qualifier": {"alias": "IC143Panel:14624", "code": "missing device"}}
2026-03-06 11:32:11 ERROR root remotelib error:LobbyPanel:14630:{"property": "init", "value": "device does not exist", "qualifier": {"alias": "LobbyPanel:14630", "code": "missing device"}}
2026-03-06 11:32:11 ERROR root remotelib error:IC144Panel:14602:{"property": "init", "value": "device does not exist", "qualifier": {"alias": "IC144Panel:14602", "code": "missing device"}}
2026-03-06 11:32:11 ERROR root remotelib error:BreakRmPanel:14606:{"property": "init", "value": "device does not exist", "qualifier": {"alias": "BreakRmPanel:14606", "code": "missing device"}}
2026-03-06 11:32:11 ERROR root remotelib error:LobbyPanel:14632:{"property": "init", "value": "device does not exist", "qualifier": {"alias": "LobbyPanel:14632", "code": "missing device"}}
2026-03-06 11:32:11 ERROR root remotelib error:IC144Panel:14632:{"property": "init", "value": "device does not exist", "qualifier": {"alias": "IC144Panel:14632", "code": "missing device"}}
2026-03-06 11:32:11 ERROR root remotelib error:IC143Panel:14751:{"property": "init", "value": "device does not exist", "qualifier": {"alias": "IC143Panel:14751", "code": "missing device"}}
2026-03-06 11:32:11 ERROR root remotelib error:IC143Panel:14622:{"property": "init", "value": "device does not exist", "qualifier": {"alias": "IC143Panel:14622", "code": "missing device"}}
2026-03-06 11:32:11 ERROR root remotelib error:HallPanel:4775:{"property": "init", "value": "device does not exist", "qualifier": {"alias": "HallPanel:4775", "code": "missing device"}}
2026-03-06 11:32:11 ERROR root remotelib error:IC142Panel:14751:{"property": "init", "value": "device does not exist", "qualifier": {"alias": "IC142Panel:14751", "code": "missing device"}}
2026-03-06 11:32:11 ERROR root remotelib error:LobbyPanel:14631:{"property": "init", "value": "device does not exist", "qualifier": {"alias": "LobbyPanel:14631", "code": "missing device"}}
2026-03-06 11:32:11 ERROR root remotelib error:IC142Panel:14752:{"property": "init", "value": "device does not exist", "qualifier": {"alias": "IC142Panel:14752", "code": "missing device"}}
2026-03-06 11:32:11 ERROR root remotelib error:IC143Panel:14623:{"property": "init", "value": "device does not exist", "qualifier": {"alias": "IC143Panel:14623", "code": "missing device"}}
2026-03-06 11:32:11 ERROR root remotelib error:HallPanel:14625:{"property": "init", "value": "device does not exist", "qualifier": {"alias": "HallPanel:14625", "code": "missing device"}}
2026-03-06 11:32:11 ERROR root remotelib error:IC143Panel:14621:{"property": "init", "value": "device does not exist", "qualifier": {"alias": "IC143Panel:14621", "code": "missing device"}}
2026-03-06 11:32:11 ERROR root remotelib error:LobbyPanel:14602:{"property": "init", "value": "device does not exist", "qualifier": {"alias": "LobbyPanel:14602", "code": "missing device"}}
2026-03-06 11:32:11 ERROR root remotelib error:IC144Panel:14604:{"property": "init", "value": "device does not exist", "qualifier": {"alias": "IC144Panel:14604", "code": "missing device"}}
2026-03-06 11:32:11 ERROR root remotelib error:IC142Panel:14755:{"property": "init", "value": "device does not exist", "qualifier": {"alias": "IC142Panel:14755", "code": "missing device"}}
2026-03-06 11:32:11 ERROR root remotelib error:BreakRmPanel:14608:{"property": "init", "value": "device does not exist", "qualifier": {"alias": "BreakRmPanel:14608", "code": "missing device"}}
2026-03-06 11:32:11 ERROR root remotelib error:IC142Panel:14754:{"property": "init", "value": "device does not exist", "qualifier": {"alias": "IC142Panel:14754", "code": "missing device"}}
2026-03-06 11:32:11 ERROR root remotelib error:HallPanel:14627:{"property": "init", "value": "device does not exist", "qualifier": {"alias": "HallPanel:14627", "code": "missing device"}}
2026-03-06 11:32:11 ERROR root remotelib error:IC142Panel:14753:{"property": "init", "value": "device does not exist", "qualifier": {"alias": "IC142Panel:14753", "code": "missing device"}}
2026-03-06 11:32:11 ERROR root remotelib error:BreakRmPanel:14607:{"property": "init", "value": "device does not exist", "qualifier": {"alias": "BreakRmPanel:14607", "code": "missing device"}}
2026-03-06 11:32:11 ERROR root remotelib error:HallPanel:14629:{"property": "init", "value": "device does not exist", "qualifier": {"alias": "HallPanel:14629", "code": "missing device"}}
2026-03-06 11:32:11 ERROR root remotelib error:IC142Panel:14756:{"property": "init", "value": "device does not exist", "qualifier": {"alias": "IC142Panel:14756", "code": "missing device"}}
2026-03-06 11:32:11 ERROR root remotelib error:LobbyPanel:14603:{"property": "init", "value": "device does not exist", "qualifier": {"alias": "LobbyPanel:14603", "code": "missing device"}}
2026-03-06 11:32:11 ERROR root remotelib error:BreakRmPanel:14609:{"property": "init", "value": "device does not exist", "qualifier": {"alias": "BreakRmPanel:14609", "code": "missing device"}}
2026-03-06 11:32:11 ERROR root remotelib error:IC144Panel:14606:{"property": "init", "value": "device does not exist", "qualifier": {"alias": "IC144Panel:14606", "code": "missing device"}}
2026-03-06 11:32:11 ERROR root remotelib error:IC142Panel:14757:{"property": "init", "value": "device does not exist", "qualifier": {"alias": "IC142Panel:14757", "code": "missing device"}}
2026-03-06 11:32:11 ERROR root remotelib error:IC143Panel:14753:{"property": "init", "value": "device does not exist", "qualifier": {"alias": "IC143Panel:14753", "code": "missing device"}}
2026-03-06 11:32:11 ERROR root remotelib error:HallPanel:14628:{"property": "init", "value": "device does not exist", "qualifier": {"alias": "HallPanel:14628", "code": "missing device"}}
2026-03-06 11:32:11 ERROR root remotelib error:IC144Panel:14605:{"property": "init", "value": "device does not exist", "qualifier": {"alias": "IC144Panel:14605", "code": "missing device"}}
2026-03-06 11:32:11 ERROR root remotelib error:LobbyPanel:14604:{"property": "init", "value": "device does not exist", "qualifier": {"alias": "LobbyPanel:14604", "code": "missing device"}}
2026-03-06 11:32:11 ERROR root remotelib error:IC143Panel:14752:{"property": "init", "value": "device does not exist", "qualifier": {"alias": "IC143Panel:14752", "code": "missing device"}}
2026-03-06 11:32:11 ERROR root remotelib error:IC144Panel:14607:{"property": "init", "value": "device does not exist", "qualifier": {"alias": "IC144Panel:14607", "code": "missing device"}}
2026-03-06 11:32:11 ERROR root remotelib error:HallPanel:14630:{"property": "init", "value": "device does not exist", "qualifier": {"alias": "HallPanel:14630", "code": "missing device"}}
2026-03-06 11:32:11 ERROR root remotelib error:LobbyPanel:14606:{"property": "init", "value": "device does not exist", "qualifier": {"alias": "LobbyPanel:14606", "code": "missing device"}}
2026-03-06 11:32:11 ERROR root remotelib error:IC142Panel:14760:{"property": "init", "value": "device does not exist", "qualifier": {"alias": "IC142Panel:14760", "code": "missing device"}}
2026-03-06 11:32:11 ERROR root remotelib error:HallPanel:14631:{"property": "init", "value": "device does not exist", "qualifier": {"alias": "HallPanel:14631", "code": "missing device"}}
2026-03-06 11:32:11 ERROR root remotelib error:BreakRmPanel:14612:{"property": "init", "value": "device does not exist", "qualifier": {"alias": "BreakRmPanel:14612", "code": "missing device"}}
2026-03-06 11:32:11 ERROR root remotelib error:HallPanel:14632:{"property": "init", "value": "device does not exist", "qualifier": {"alias": "HallPanel:14632", "code": "missing device"}}
2026-03-06 11:32:11 ERROR root remotelib error:BreakRmPanel:14613:{"property": "init", "value": "device does not exist", "qualifier": {"alias": "BreakRmPanel:14613", "code": "missing device"}}
2026-03-06 11:32:11 ERROR root remotelib error:IC143Panel:14755:{"property": "init", "value": "device does not exist", "qualifier": {"alias": "IC143Panel:14755", "code": "missing device"}}
2026-03-06 11:32:11 ERROR root remotelib error:LobbyPanel:14605:{"property": "init", "value": "device does not exist", "qualifier": {"alias": "LobbyPanel:14605", "code": "missing device"}}
2026-03-06 11:32:11 ERROR root remotelib error:BreakRmPanel:14610:{"property": "init", "value": "device does not exist", "qualifier": {"alias": "BreakRmPanel:14610", "code": "missing device"}}
2026-03-06 11:32:11 ERROR root remotelib error:IC142Panel:14758:{"property": "init", "value": "device does not exist", "qualifier": {"alias": "IC142Panel:14758", "code": "missing device"}}
2026-03-06 11:32:11 ERROR root remotelib error:BreakRmPanel:14611:{"property": "init", "value": "device does not exist", "qualifier": {"alias": "BreakRmPanel:14611", "code": "missing device"}}
2026-03-06 11:32:11 ERROR root remotelib error:IC143Panel:14754:{"property": "init", "value": "device does not exist", "qualifier": {"alias": "IC143Panel:14754", "code": "missing device"}}
2026-03-06 11:32:11 ERROR root remotelib error:IC144Panel:14609:{"property": "init", "value": "device does not exist", "qualifier": {"alias": "IC144Panel:14609", "code": "missing device"}}
2026-03-06 11:32:11 ERROR root remotelib error:IC142Panel:14759:{"property": "init", "value": "device does not exist", "qualifier": {"alias": "IC142Panel:14759", "code": "missing device"}}
2026-03-06 11:32:11 ERROR root remotelib error:IC142Panel:14762:{"property": "init", "value": "device does not exist", "qualifier": {"alias": "IC142Panel:14762", "code": "missing device"}}
2026-03-06 11:32:11 ERROR root remotelib error:IC144Panel:14608:{"property": "init", "value": "device does not exist", "qualifier": {"alias": "IC144Panel:14608", "code": "missing device"}}
2026-03-06 11:32:11 ERROR root remotelib error:HallPanel:14601:{"property": "init", "value": "device does not exist", "qualifier": {"alias": "HallPanel:14601", "code": "missing device"}}
2026-03-06 11:32:11 ERROR root remotelib error:IC143Panel:14756:{"property": "init", "value": "device does not exist", "qualifier": {"alias": "IC143Panel:14756", "code": "missing device"}}
2026-03-06 11:32:11 ERROR root remotelib error:IC144Panel:14610:{"property": "init", "value": "device does not exist", "qualifier": {"alias": "IC144Panel:14610", "code": "missing device"}}
2026-03-06 11:32:11 ERROR root remotelib error:LobbyPanel:14608:{"property": "init", "value": "device does not exist", "qualifier": {"alias": "LobbyPanel:14608", "code": "missing device"}}
2026-03-06 11:32:11 ERROR root remotelib error:BreakRmPanel:14614:{"property": "init", "value": "device does not exist", "qualifier": {"alias": "BreakRmPanel:14614", "code": "missing device"}}
2026-03-06 11:32:11 ERROR root remotelib error:IC144Panel:14612:{"property": "init", "value": "device does not exist", "qualifier": {"alias": "IC144Panel:14612", "code": "missing device"}}
2026-03-06 11:32:11 ERROR root remotelib error:LobbyPanel:14607:{"property": "init", "value": "device does not exist", "qualifier": {"alias": "LobbyPanel:14607", "code": "missing device"}}
2026-03-06 11:32:11 ERROR root remotelib error:IC142Panel:14761:{"property": "init", "value": "device does not exist", "qualifier": {"alias": "IC142Panel:14761", "code": "missing device"}}
2026-03-06 11:32:11 ERROR root remotelib error:LobbyPanel:14609:{"property": "init", "value": "device does not exist", "qualifier": {"alias": "LobbyPanel:14609", "code": "missing device"}}
2026-03-06 11:32:11 ERROR root remotelib error:HallPanel:14603:{"property": "init", "value": "device does not exist", "qualifier": {"alias": "HallPanel:14603", "code": "missing device"}}
2026-03-06 11:32:11 ERROR root remotelib error:IC142Panel:14764:{"property": "init", "value": "device does not exist", "qualifier": {"alias": "IC142Panel:14764", "code": "missing device"}}
2026-03-06 11:32:11 ERROR root remotelib error:IC143Panel:14757:{"property": "init", "value": "device does not exist", "qualifier": {"alias": "IC143Panel:14757", "code": "missing device"}}
2026-03-06 11:32:11 ERROR root remotelib error:IC142Panel:14763:{"property": "init", "value": "device does not exist", "qualifier": {"alias": "IC142Panel:14763", "code": "missing device"}}
2026-03-06 11:32:11 ERROR root remotelib error:BWDPanel:14625:{"property": "init", "value": "device does not exist", "qualifier": {"alias": "BWDPanel:14625", "code": "missing device"}}
2026-03-06 11:32:11 ERROR root remotelib error:BreakRmPanel:14615:{"property": "init", "value": "device does not exist", "qualifier": {"alias": "BreakRmPanel:14615", "code": "missing device"}}
2026-03-06 11:32:11 ERROR root remotelib error:IC143Panel:14759:{"property": "init", "value": "device does not exist", "qualifier": {"alias": "IC143Panel:14759", "code": "missing device"}}
2026-03-06 11:32:11 ERROR root remotelib error:IC144Panel:14611:{"property": "init", "value": "device does not exist", "qualifier": {"alias": "IC144Panel:14611", "code": "missing device"}}
2026-03-06 11:32:11 ERROR root remotelib error:IC143Panel:14758:{"property": "init", "value": "device does not exist", "qualifier": {"alias": "IC143Panel:14758", "code": "missing device"}}
2026-03-06 11:32:11 ERROR root remotelib error:BreakRmPanel:14616:{"property": "init", "value": "device does not exist", "qualifier": {"alias": "BreakRmPanel:14616", "code": "missing device"}}
2026-03-06 11:32:11 ERROR root remotelib error:HallPanel:14602:{"property": "init", "value": "device does not exist", "qualifier": {"alias": "HallPanel:14602", "code": "missing device"}}
2026-03-06 11:32:11 ERROR root remotelib error:BreakRmPanel:14617:{"property": "init", "value": "device does not exist", "qualifier": {"alias": "BreakRmPanel:14617", "code": "missing device"}}
2026-03-06 11:32:11 ERROR root remotelib error:IC143Panel:14760:{"property": "init", "value": "device does not exist", "qualifier": {"alias": "IC143Panel:14760", "code": "missing device"}}
2026-03-06 11:32:11 ERROR root remotelib error:HallPanel:14604:{"property": "init", "value": "device does not exist", "qualifier": {"alias": "HallPanel:14604", "code": "missing device"}}
2026-03-06 11:32:11 ERROR root remotelib error:BWDPanel:14626:{"property": "init", "value": "device does not exist", "qualifier": {"alias": "BWDPanel:14626", "code": "missing device"}}
2026-03-06 11:32:11 ERROR root remotelib error:LobbyPanel:14610:{"property": "init", "value": "device does not exist", "qualifier": {"alias": "LobbyPanel:14610", "code": "missing device"}}
2026-03-06 11:32:11 ERROR root remotelib error:HallPanel:14605:{"property": "init", "value": "device does not exist", "qualifier": {"alias": "HallPanel:14605", "code": "missing device"}}
2026-03-06 11:32:11 ERROR root remotelib error:IC142Panel:14765:{"property": "init", "value": "device does not exist", "qualifier": {"alias": "IC142Panel:14765", "code": "missing device"}}
2026-03-06 11:32:11 ERROR root remotelib error:LobbyPanel:14611:{"property": "init", "value": "device does not exist", "qualifier": {"alias": "LobbyPanel:14611", "code": "missing device"}}
2026-03-06 11:32:11 ERROR root remotelib error:BWDPanel:14627:{"property": "init", "value": "device does not exist", "qualifier": {"alias": "BWDPanel:14627", "code": "missing device"}}
2026-03-06 11:32:11 ERROR root remotelib error:BreakRmPanel:14618:{"property": "init", "value": "device does not exist", "qualifier": {"alias": "BreakRmPanel:14618", "code": "missing device"}}
2026-03-06 11:32:11 ERROR root remotelib error:IC142Panel:14766:{"property": "init", "value": "device does not exist", "qualifier": {"alias": "IC142Panel:14766", "code": "missing device"}}
2026-03-06 11:32:11 ERROR root remotelib error:IC144Panel:14613:{"property": "init", "value": "device does not exist", "qualifier": {"alias": "IC144Panel:14613", "code": "missing device"}}
2026-03-06 11:32:11 ERROR root remotelib error:IC143Panel:14761:{"property": "init", "value": "device does not exist", "qualifier": {"alias": "IC143Panel:14761", "code": "missing device"}}
2026-03-06 11:32:11 ERROR root remotelib error:LobbyPanel:14612:{"property": "init", "value": "device does not exist", "qualifier": {"alias": "LobbyPanel:14612", "code": "missing device"}}
2026-03-06 11:32:11 ERROR root remotelib error:BreakRmPanel:14619:{"property": "init", "value": "device does not exist", "qualifier": {"alias": "BreakRmPanel:14619", "code": "missing device"}}
2026-03-06 11:32:12 ERROR root remotelib error:BWDPanel:14628:{"property": "init", "value": "device does not exist", "qualifier": {"alias": "BWDPanel:14628", "code": "missing device"}}
2026-03-06 11:32:12 ERROR root remotelib error:IC142Panel:14767:{"property": "init", "value": "device does not exist", "qualifier": {"alias": "IC142Panel:14767", "code": "missing device"}}
2026-03-06 11:32:12 ERROR root remotelib error:HallPanel:14607:{"property": "init", "value": "device does not exist", "qualifier": {"alias": "HallPanel:14607", "code": "missing device"}}
2026-03-06 11:32:12 ERROR root remotelib error:HallPanel:14606:{"property": "init", "value": "device does not exist", "qualifier": {"alias": "HallPanel:14606", "code": "missing device"}}
2026-03-06 11:32:12 ERROR root remotelib error:BWDPanel:14629:{"property": "init", "value": "device does not exist", "qualifier": {"alias": "BWDPanel:14629", "code": "missing device"}}
2026-03-06 11:32:12 ERROR root remotelib error:IC144Panel:14614:{"property": "init", "value": "device does not exist", "qualifier": {"alias": "IC144Panel:14614", "code": "missing device"}}
2026-03-06 11:32:12 ERROR root remotelib error:IC142Panel:14769:{"property": "init", "value": "device does not exist", "qualifier": {"alias": "IC142Panel:14769", "code": "missing device"}}
2026-03-06 11:32:12 ERROR root remotelib error:IC144Panel:14617:{"property": "init", "value": "device does not exist", "qualifier": {"alias": "IC144Panel:14617", "code": "missing device"}}
2026-03-06 11:32:12 ERROR root remotelib error:LobbyPanel:14613:{"property": "init", "value": "device does not exist", "qualifier": {"alias": "LobbyPanel:14613", "code": "missing device"}}
2026-03-06 11:32:12 ERROR root remotelib error:IC144Panel:14615:{"property": "init", "value": "device does not exist", "qualifier": {"alias": "IC144Panel:14615", "code": "missing device"}}
2026-03-06 11:32:12 ERROR root remotelib error:IC142Panel:14768:{"property": "init", "value": "device does not exist", "qualifier": {"alias": "IC142Panel:14768", "code": "missing device"}}
2026-03-06 11:32:12 ERROR root remotelib error:BWDPanel:14601:{"property": "init", "value": "device does not exist", "qualifier": {"alias": "BWDPanel:14601", "code": "missing device"}}
2026-03-06 11:32:12 ERROR root remotelib error:IC143Panel:14763:{"property": "init", "value": "device does not exist", "qualifier": {"alias": "IC143Panel:14763", "code": "missing device"}}
2026-03-06 11:32:12 ERROR root remotelib error:LobbyPanel:14614:{"property": "init", "value": "device does not exist", "qualifier": {"alias": "LobbyPanel:14614", "code": "missing device"}}
2026-03-06 11:32:12 ERROR root remotelib error:BreakRmPanel:14621:{"property": "init", "value": "device does not exist", "qualifier": {"alias": "BreakRmPanel:14621", "code": "missing device"}}
2026-03-06 11:32:12 ERROR root remotelib error:BWDPanel:14631:{"property": "init", "value": "device does not exist", "qualifier": {"alias": "BWDPanel:14631", "code": "missing device"}}
2026-03-06 11:32:12 ERROR root remotelib error:IC143Panel:14771:{"property": "init", "value": "device does not exist", "qualifier": {"alias": "IC143Panel:14771", "code": "missing device"}}
2026-03-06 11:32:12 ERROR root remotelib error:HallPanel:14610:{"property": "init", "value": "device does not exist", "qualifier": {"alias": "HallPanel:14610", "code": "missing device"}}
2026-03-06 11:32:12 ERROR root remotelib error:HallPanel:14611:{"property": "init", "value": "device does not exist", "qualifier": {"alias": "HallPanel:14611", "code": "missing device"}}
2026-03-06 11:32:12 ERROR root remotelib error:IC143Panel:14762:{"property": "init", "value": "device does not exist", "qualifier": {"alias": "IC143Panel:14762", "code": "missing device"}}
2026-03-06 11:32:12 ERROR root remotelib error:HallPanel:14612:{"property": "init", "value": "device does not exist", "qualifier": {"alias": "HallPanel:14612", "code": "missing device"}}
2026-03-06 11:32:12 ERROR root remotelib error:IC142Panel:14770:{"property": "init", "value": "device does not exist", "qualifier": {"alias": "IC142Panel:14770", "code": "missing device"}}
2026-03-06 11:32:12 ERROR root remotelib error:BWDPanel:14630:{"property": "init", "value": "device does not exist", "qualifier": {"alias": "BWDPanel:14630", "code": "missing device"}}
2026-03-06 11:32:12 ERROR root remotelib error:IC143Panel:14766:{"property": "init", "value": "device does not exist", "qualifier": {"alias": "IC143Panel:14766", "code": "missing device"}}
2026-03-06 11:32:12 ERROR root remotelib error:IC142Panel:14771:{"property": "init", "value": "device does not exist", "qualifier": {"alias": "IC142Panel:14771", "code": "missing device"}}
2026-03-06 11:32:12 ERROR root remotelib error:BreakRmPanel:14624:{"property": "init", "value": "device does not exist", "qualifier": {"alias": "BreakRmPanel:14624", "code": "missing device"}}
2026-03-06 11:32:12 ERROR root remotelib error:IC144Panel:14616:{"property": "init", "value": "device does not exist", "qualifier": {"alias": "IC144Panel:14616", "code": "missing device"}}
2026-03-06 11:32:12 ERROR root remotelib error:HallPanel:14609:{"property": "init", "value": "device does not exist", "qualifier": {"alias": "HallPanel:14609", "code": "missing device"}}
2026-03-06 11:32:12 ERROR root remotelib error:BWDPanel:14602:{"property": "init", "value": "device does not exist", "qualifier": {"alias": "BWDPanel:14602", "code": "missing device"}}
2026-03-06 11:32:12 ERROR root remotelib error:HallPanel:14614:{"property": "init", "value": "device does not exist", "qualifier": {"alias": "HallPanel:14614", "code": "missing device"}}
2026-03-06 11:32:12 ERROR root remotelib error:IC143Panel:14767:{"property": "init", "value": "device does not exist", "qualifier": {"alias": "IC143Panel:14767", "code": "missing device"}}
2026-03-06 11:32:12 ERROR root remotelib error:IC143Panel:14764:{"property": "init", "value": "device does not exist", "qualifier": {"alias": "IC143Panel:14764", "code": "missing device"}}
2026-03-06 11:32:12 ERROR root remotelib error:BreakRmPanel:14622:{"property": "init", "value": "device does not exist", "qualifier": {"alias": "BreakRmPanel:14622", "code": "missing device"}}
2026-03-06 11:32:12 ERROR root remotelib error:IC144Panel:14618:{"property": "init", "value": "device does not exist", "qualifier": {"alias": "IC144Panel:14618", "code": "missing device"}}
2026-03-06 11:32:12 ERROR root remotelib error:HallPanel:14613:{"property": "init", "value": "device does not exist", "qualifier": {"alias": "HallPanel:14613", "code": "missing device"}}
2026-03-06 11:32:12 ERROR root remotelib error:LobbyPanel:14617:{"property": "init", "value": "device does not exist", "qualifier": {"alias": "LobbyPanel:14617", "code": "missing device"}}
2026-03-06 11:32:12 ERROR root remotelib error:IC144Panel:14619:{"property": "init", "value": "device does not exist", "qualifier": {"alias": "IC144Panel:14619", "code": "missing device"}}
2026-03-06 11:32:12 ERROR root remotelib error:LobbyPanel:14615:{"property": "init", "value": "device does not exist", "qualifier": {"alias": "LobbyPanel:14615", "code": "missing device"}}
2026-03-06 11:32:12 ERROR root remotelib error:LobbyPanel:14618:{"property": "init", "value": "device does not exist", "qualifier": {"alias": "LobbyPanel:14618", "code": "missing device"}}
2026-03-06 11:32:12 ERROR root remotelib error:BWDPanel:14604:{"property": "init", "value": "device does not exist", "qualifier": {"alias": "BWDPanel:14604", "code": "missing device"}}
2026-03-06 11:32:12 ERROR root remotelib error:LobbyPanel:14621:{"property": "init", "value": "device does not exist", "qualifier": {"alias": "LobbyPanel:14621", "code": "missing device"}}
2026-03-06 11:32:12 ERROR root remotelib error:IC142Panel:14775:{"property": "init", "value": "device does not exist", "qualifier": {"alias": "IC142Panel:14775", "code": "missing device"}}
2026-03-06 11:32:12 ERROR root remotelib error:HallPanel:14618:{"property": "init", "value": "device does not exist", "qualifier": {"alias": "HallPanel:14618", "code": "missing device"}}
2026-03-06 11:32:12 ERROR root remotelib error:BreakRmPanel:14751:{"property": "init", "value": "device does not exist", "qualifier": {"alias": "BreakRmPanel:14751", "code": "missing device"}}
2026-03-06 11:32:12 ERROR root remotelib error:BWDPanel:14632:{"property": "init", "value": "device does not exist", "qualifier": {"alias": "BWDPanel:14632", "code": "missing device"}}
2026-03-06 11:32:12 ERROR root remotelib error:HallPanel:14608:{"property": "init", "value": "device does not exist", "qualifier": {"alias": "HallPanel:14608", "code": "missing device"}}
2026-03-06 11:32:12 ERROR root remotelib error:LobbyPanel:14616:{"property": "init", "value": "device does not exist", "qualifier": {"alias": "LobbyPanel:14616", "code": "missing device"}}
2026-03-06 11:32:12 ERROR root remotelib error:BreakRmPanel:14620:{"property": "init", "value": "device does not exist", "qualifier": {"alias": "BreakRmPanel:14620", "code": "missing device"}}
2026-03-06 11:32:12 ERROR root remotelib error:BreakRmPanel:14623:{"property": "init", "value": "device does not exist", "qualifier": {"alias": "BreakRmPanel:14623", "code": "missing device"}}
2026-03-06 11:32:12 ERROR root remotelib error:IC143Panel:14765:{"property": "init", "value": "device does not exist", "qualifier": {"alias": "IC143Panel:14765", "code": "missing device"}}
2026-03-06 11:32:12 ERROR root remotelib error:IC142Panel:14772:{"property": "init", "value": "device does not exist", "qualifier": {"alias": "IC142Panel:14772", "code": "missing device"}}
2026-03-06 11:32:12 ERROR root remotelib error:IC143Panel:14769:{"property": "init", "value": "device does not exist", "qualifier": {"alias": "IC143Panel:14769", "code": "missing device"}}
2026-03-06 11:32:12 ERROR root remotelib error:LobbyPanel:14620:{"property": "init", "value": "device does not exist", "qualifier": {"alias": "LobbyPanel:14620", "code": "missing device"}}
2026-03-06 11:32:12 ERROR root remotelib error:BreakRmPanel:14753:{"property": "init", "value": "device does not exist", "qualifier": {"alias": "BreakRmPanel:14753", "code": "missing device"}}
2026-03-06 11:32:12 ERROR root remotelib error:BWDPanel:14605:{"property": "init", "value": "device does not exist", "qualifier": {"alias": "BWDPanel:14605", "code": "missing device"}}
2026-03-06 11:32:12 ERROR root remotelib error:IC143Panel:14770:{"property": "init", "value": "device does not exist", "qualifier": {"alias": "IC143Panel:14770", "code": "missing device"}}
2026-03-06 11:32:12 ERROR root remotelib error:IC144Panel:14621:{"property": "init", "value": "device does not exist", "qualifier": {"alias": "IC144Panel:14621", "code": "missing device"}}
2026-03-06 11:32:12 ERROR root remotelib error:LobbyPanel:14622:{"property": "init", "value": "device does not exist", "qualifier": {"alias": "LobbyPanel:14622", "code": "missing device"}}
2026-03-06 11:32:12 ERROR root remotelib error:HallPanel:14617:{"property": "init", "value": "device does not exist", "qualifier": {"alias": "HallPanel:14617", "code": "missing device"}}
2026-03-06 11:32:12 ERROR root remotelib error:IC144Panel:14622:{"property": "init", "value": "device does not exist", "qualifier": {"alias": "IC144Panel:14622", "code": "missing device"}}
2026-03-06 11:32:12 ERROR root remotelib error:IC143Panel:14772:{"property": "init", "value": "device does not exist", "qualifier": {"alias": "IC143Panel:14772", "code": "missing device"}}
2026-03-06 11:32:12 ERROR root remotelib error:BWDPanel:14607:{"property": "init", "value": "device does not exist", "qualifier": {"alias": "BWDPanel:14607", "code": "missing device"}}
2026-03-06 11:32:12 ERROR root remotelib error:BreakRmPanel:14756:{"property": "init", "value": "device does not exist", "qualifier": {"alias": "BreakRmPanel:14756", "code": "missing device"}}
2026-03-06 11:32:12 ERROR root remotelib error:IC142Panel:14776:{"property": "init", "value": "device does not exist", "qualifier": {"alias": "IC142Panel:14776", "code": "missing device"}}
2026-03-06 11:32:12 ERROR root remotelib error:IC144Panel:14623:{"property": "init", "value": "device does not exist", "qualifier": {"alias": "IC144Panel:14623", "code": "missing device"}}
2026-03-06 11:32:12 ERROR root remotelib error:HallPanel:14615:{"property": "init", "value": "device does not exist", "qualifier": {"alias": "HallPanel:14615", "code": "missing device"}}
2026-03-06 11:32:12 ERROR root remotelib error:IC144Panel:14620:{"property": "init", "value": "device does not exist", "qualifier": {"alias": "IC144Panel:14620", "code": "missing device"}}
2026-03-06 11:32:12 ERROR root remotelib error:IC142Panel:14773:{"property": "init", "value": "device does not exist", "qualifier": {"alias": "IC142Panel:14773", "code": "missing device"}}
2026-03-06 11:32:12 ERROR root remotelib error:HallPanel:14616:{"property": "init", "value": "device does not exist", "qualifier": {"alias": "HallPanel:14616", "code": "missing device"}}
2026-03-06 11:32:12 ERROR root remotelib error:BreakRmPanel:14754:{"property": "init", "value": "device does not exist", "qualifier": {"alias": "BreakRmPanel:14754", "code": "missing device"}}
2026-03-06 11:32:12 ERROR root remotelib error:IC142Panel:14774:{"property": "init", "value": "device does not exist", "qualifier": {"alias": "IC142Panel:14774", "code": "missing device"}}
2026-03-06 11:32:12 ERROR root remotelib error:IC143Panel:14773:{"property": "init", "value": "device does not exist", "qualifier": {"alias": "IC143Panel:14773", "code": "missing device"}}
2026-03-06 11:32:12 ERROR root remotelib error:BWDPanel:14606:{"property": "init", "value": "device does not exist", "qualifier": {"alias": "BWDPanel:14606", "code": "missing device"}}
2026-03-06 11:32:12 ERROR root remotelib error:BreakRmPanel:14755:{"property": "init", "value": "device does not exist", "qualifier": {"alias": "BreakRmPanel:14755", "code": "missing device"}}
2026-03-06 11:32:12 ERROR root remotelib error:LobbyPanel:14623:{"property": "init", "value": "device does not exist", "qualifier": {"alias": "LobbyPanel:14623", "code": "missing device"}}
2026-03-06 11:32:12 ERROR root remotelib error:IC143Panel:14768:{"property": "init", "value": "device does not exist", "qualifier": {"alias": "IC143Panel:14768", "code": "missing device"}}
2026-03-06 11:32:12 ERROR root remotelib error:LobbyPanel:14619:{"property": "init", "value": "device does not exist", "qualifier": {"alias": "LobbyPanel:14619", "code": "missing device"}}
2026-03-06 11:32:12 ERROR root remotelib error:BWDPanel:14603:{"property": "init", "value": "device does not exist", "qualifier": {"alias": "BWDPanel:14603", "code": "missing device"}}
2026-03-06 11:32:12 ERROR root remotelib error:BreakRmPanel:14752:{"property": "init", "value": "device does not exist", "qualifier": {"alias": "BreakRmPanel:14752", "code": "missing device"}}
2026-03-06 11:32:12 ERROR root remotelib error:HallPanel:14619:{"property": "init", "value": "device does not exist", "qualifier": {"alias": "HallPanel:14619", "code": "missing device"}}
2026-03-06 11:32:12 ERROR root remotelib error:IC142Panel:14778:{"property": "init", "value": "device does not exist", "qualifier": {"alias": "IC142Panel:14778", "code": "missing device"}}
2026-03-06 11:32:12 ERROR root remotelib error:IC143Panel:14774:{"property": "init", "value": "device does not exist", "qualifier": {"alias": "IC143Panel:14774", "code": "missing device"}}
2026-03-06 11:32:12 ERROR root remotelib error:IC144Panel:14751:{"property": "init", "value": "device does not exist", "qualifier": {"alias": "IC144Panel:14751", "code": "missing device"}}
2026-03-06 11:32:12 ERROR root remotelib error:BWDPanel:14609:{"property": "init", "value": "device does not exist", "qualifier": {"alias": "BWDPanel:14609", "code": "missing device"}}
2026-03-06 11:32:12 ERROR root remotelib error:IC142Panel:14779:{"property": "init", "value": "device does not exist", "qualifier": {"alias": "IC142Panel:14779", "code": "missing device"}}
2026-03-06 11:32:12 ERROR root remotelib error:HallPanel:14621:{"property": "init", "value": "device does not exist", "qualifier": {"alias": "HallPanel:14621", "code": "missing device"}}
2026-03-06 11:32:12 ERROR root remotelib error:BreakRmPanel:14759:{"property": "init", "value": "device does not exist", "qualifier": {"alias": "BreakRmPanel:14759", "code": "missing device"}}
2026-03-06 11:32:12 ERROR root remotelib error:LobbyPanel:14752:{"property": "init", "value": "device does not exist", "qualifier": {"alias": "LobbyPanel:14752", "code": "missing device"}}
2026-03-06 11:32:12 ERROR root remotelib error:IC142Panel:14780:{"property": "init", "value": "device does not exist", "qualifier": {"alias": "IC142Panel:14780", "code": "missing device"}}
2026-03-06 11:32:12 ERROR root remotelib error:IC144Panel:14752:{"property": "init", "value": "device does not exist", "qualifier": {"alias": "IC144Panel:14752", "code": "missing device"}}
2026-03-06 11:32:12 ERROR root remotelib error:HallPanel:14622:{"property": "init", "value": "device does not exist", "qualifier": {"alias": "HallPanel:14622", "code": "missing device"}}
2026-03-06 11:32:12 ERROR root remotelib error:IC142Panel:14781:{"property": "init", "value": "device does not exist", "qualifier": {"alias": "IC142Panel:14781", "code": "missing device"}}
2026-03-06 11:32:12 ERROR root remotelib error:IC144Panel:14624:{"property": "init", "value": "device does not exist", "qualifier": {"alias": "IC144Panel:14624", "code": "missing device"}}
2026-03-06 11:32:12 ERROR root remotelib error:LobbyPanel:14751:{"property": "init", "value": "device does not exist", "qualifier": {"alias": "LobbyPanel:14751", "code": "missing device"}}
2026-03-06 11:32:12 ERROR root remotelib error:HallPanel:14620:{"property": "init", "value": "device does not exist", "qualifier": {"alias": "HallPanel:14620", "code": "missing device"}}
2026-03-06 11:32:12 ERROR root remotelib error:BreakRmPanel:14758:{"property": "init", "value": "device does not exist", "qualifier": {"alias": "BreakRmPanel:14758", "code": "missing device"}}
2026-03-06 11:32:12 ERROR root remotelib error:IC143Panel:14775:{"property": "init", "value": "device does not exist", "qualifier": {"alias": "IC143Panel:14775", "code": "missing device"}}
2026-03-06 11:32:12 ERROR root remotelib error:IC142Panel:4900:{"property": "init", "value": "device does not exist", "qualifier": {"alias": "IC142Panel:4900", "code": "missing device"}}
2026-03-06 11:32:12 ERROR root remotelib error:BreakRmPanel:14760:{"property": "init", "value": "device does not exist", "qualifier": {"alias": "BreakRmPanel:14760", "code": "missing device"}}
2026-03-06 11:32:12 ERROR root remotelib error:LobbyPanel:14624:{"property": "init", "value": "device does not exist", "qualifier": {"alias": "LobbyPanel:14624", "code": "missing device"}}
2026-03-06 11:32:12 ERROR root remotelib error:BWDPanel:14608:{"property": "init", "value": "device does not exist", "qualifier": {"alias": "BWDPanel:14608", "code": "missing device"}}
2026-03-06 11:32:12 ERROR root remotelib error:LobbyPanel:14753:{"property": "init", "value": "device does not exist", "qualifier": {"alias": "LobbyPanel:14753", "code": "missing device"}}
2026-03-06 11:32:12 ERROR root remotelib error:BreakRmPanel:14757:{"property": "init", "value": "device does not exist", "qualifier": {"alias": "BreakRmPanel:14757", "code": "missing device"}}
2026-03-06 11:32:12 ERROR root remotelib error:IC142Panel:14777:{"property": "init", "value": "device does not exist", "qualifier": {"alias": "IC142Panel:14777", "code": "missing device"}}
2026-03-06 11:32:12 ERROR root remotelib error:IC144Panel:14755:{"property": "init", "value": "device does not exist", "qualifier": {"alias": "IC144Panel:14755", "code": "missing device"}}
2026-03-06 11:32:12 ERROR root remotelib error:IC142Panel:4850:{"property": "init", "value": "device does not exist", "qualifier": {"alias": "IC142Panel:4850", "code": "missing device"}}
2026-03-06 11:32:12 ERROR root remotelib error:IC144Panel:14756:{"property": "init", "value": "device does not exist", "qualifier": {"alias": "IC144Panel:14756", "code": "missing device"}}
2026-03-06 11:32:12 ERROR root remotelib error:LobbyPanel:14756:{"property": "init", "value": "device does not exist", "qualifier": {"alias": "LobbyPanel:14756", "code": "missing device"}}
2026-03-06 11:32:12 ERROR root remotelib error:HallPanel:14752:{"property": "init", "value": "device does not exist", "qualifier": {"alias": "HallPanel:14752", "code": "missing device"}}
2026-03-06 11:32:12 ERROR root remotelib error:BWDPanel:14610:{"property": "init", "value": "device does not exist", "qualifier": {"alias": "BWDPanel:14610", "code": "missing device"}}
2026-03-06 11:32:12 ERROR root remotelib error:IC144Panel:14753:{"property": "init", "value": "device does not exist", "qualifier": {"alias": "IC144Panel:14753", "code": "missing device"}}
2026-03-06 11:32:12 ERROR root remotelib error:LobbyPanel:14754:{"property": "init", "value": "device does not exist", "qualifier": {"alias": "LobbyPanel:14754", "code": "missing device"}}
2026-03-06 11:32:12 ERROR root remotelib error:BWDPanel:14611:{"property": "init", "value": "device does not exist", "qualifier": {"alias": "BWDPanel:14611", "code": "missing device"}}
2026-03-06 11:32:12 ERROR root remotelib error:HallPanel:14624:{"property": "init", "value": "device does not exist", "qualifier": {"alias": "HallPanel:14624", "code": "missing device"}}
2026-03-06 11:32:12 ERROR root remotelib error:BreakRmPanel:14763:{"property": "init", "value": "device does not exist", "qualifier": {"alias": "BreakRmPanel:14763", "code": "missing device"}}
2026-03-06 11:32:12 ERROR root remotelib error:LobbyPanel:14755:{"property": "init", "value": "device does not exist", "qualifier": {"alias": "LobbyPanel:14755", "code": "missing device"}}
2026-03-06 11:32:12 ERROR root remotelib error:HallPanel:14751:{"property": "init", "value": "device does not exist", "qualifier": {"alias": "HallPanel:14751", "code": "missing device"}}
2026-03-06 11:32:12 ERROR root remotelib error:IC143Panel:14778:{"property": "init", "value": "device does not exist", "qualifier": {"alias": "IC143Panel:14778", "code": "missing device"}}
2026-03-06 11:32:12 ERROR root remotelib error:BWDPanel:14612:{"property": "init", "value": "device does not exist", "qualifier": {"alias": "BWDPanel:14612", "code": "missing device"}}
2026-03-06 11:32:12 ERROR root remotelib error:BreakRmPanel:14764:{"property": "init", "value": "device does not exist", "qualifier": {"alias": "BreakRmPanel:14764", "code": "missing device"}}
2026-03-06 11:32:12 ERROR root remotelib error:IC143Panel:14776:{"property": "init", "value": "device does not exist", "qualifier": {"alias": "IC143Panel:14776", "code": "missing device"}}
2026-03-06 11:32:12 ERROR root remotelib error:IC142Panel:4600:{"property": "init", "value": "device does not exist", "qualifier": {"alias": "IC142Panel:4600", "code": "missing device"}}
2026-03-06 11:32:12 ERROR root remotelib error:BreakRmPanel:14761:{"property": "init", "value": "device does not exist", "qualifier": {"alias": "BreakRmPanel:14761", "code": "missing device"}}
2026-03-06 11:32:12 ERROR root remotelib error:HallPanel:14623:{"property": "init", "value": "device does not exist", "qualifier": {"alias": "HallPanel:14623", "code": "missing device"}}
2026-03-06 11:32:12 ERROR root remotelib error:IC143Panel:14777:{"property": "init", "value": "device does not exist", "qualifier": {"alias": "IC143Panel:14777", "code": "missing device"}}
2026-03-06 11:32:12 ERROR root remotelib error:IC144Panel:14754:{"property": "init", "value": "device does not exist", "qualifier": {"alias": "IC144Panel:14754", "code": "missing device"}}
2026-03-06 11:32:12 ERROR root remotelib error:IC142Panel:4901:{"property": "init", "value": "device does not exist", "qualifier": {"alias": "IC142Panel:4901", "code": "missing device"}}
2026-03-06 11:32:12 ERROR root remotelib error:IC142Panel:14782:{"property": "init", "value": "device does not exist", "qualifier": {"alias": "IC142Panel:14782", "code": "missing device"}}
2026-03-06 11:32:12 ERROR root remotelib error:BreakRmPanel:14762:{"property": "init", "value": "device does not exist", "qualifier": {"alias": "BreakRmPanel:14762", "code": "missing device"}}
2026-03-06 11:32:12 ERROR root remotelib error:LobbyPanel:14757:{"property": "init", "value": "device does not exist", "qualifier": {"alias": "LobbyPanel:14757", "code": "missing device"}}
2026-03-06 11:32:12 ERROR root remotelib error:IC143Panel:14781:{"property": "init", "value": "device does not exist", "qualifier": {"alias": "IC143Panel:14781", "code": "missing device"}}
2026-03-06 11:32:12 ERROR root remotelib error:LobbyPanel:14760:{"property": "init", "value": "device does not exist", "qualifier": {"alias": "LobbyPanel:14760", "code": "missing device"}}
2026-03-06 11:32:12 ERROR root remotelib error:BWDPanel:14615:{"property": "init", "value": "device does not exist", "qualifier": {"alias": "BWDPanel:14615", "code": "missing device"}}
2026-03-06 11:32:12 ERROR root remotelib error:BreakRmPanel:14768:{"property": "init", "value": "device does not exist", "qualifier": {"alias": "BreakRmPanel:14768", "code": "missing device"}}
2026-03-06 11:32:12 ERROR root remotelib error:BreakRmPanel:14765:{"property": "init", "value": "device does not exist", "qualifier": {"alias": "BreakRmPanel:14765", "code": "missing device"}}
2026-03-06 11:32:12 ERROR root remotelib error:IC143Panel:14779:{"property": "init", "value": "device does not exist", "qualifier": {"alias": "IC143Panel:14779", "code": "missing device"}}
2026-03-06 11:32:12 ERROR root remotelib error:IC144Panel:14757:{"property": "init", "value": "device does not exist", "qualifier": {"alias": "IC144Panel:14757", "code": "missing device"}}
2026-03-06 11:32:12 ERROR root remotelib error:HallPanel:14754:{"property": "init", "value": "device does not exist", "qualifier": {"alias": "HallPanel:14754", "code": "missing device"}}
2026-03-06 11:32:12 ERROR root remotelib error:IC144Panel:14759:{"property": "init", "value": "device does not exist", "qualifier": {"alias": "IC144Panel:14759", "code": "missing device"}}
2026-03-06 11:32:12 ERROR root remotelib error:IC143Panel:14782:{"property": "init", "value": "device does not exist", "qualifier": {"alias": "IC143Panel:14782", "code": "missing device"}}
2026-03-06 11:32:12 ERROR root remotelib error:IC144Panel:14760:{"property": "init", "value": "device does not exist", "qualifier": {"alias": "IC144Panel:14760", "code": "missing device"}}
2026-03-06 11:32:12 ERROR root remotelib error:BWDPanel:14616:{"property": "init", "value": "device does not exist", "qualifier": {"alias": "BWDPanel:14616", "code": "missing device"}}
2026-03-06 11:32:12 ERROR root remotelib error:IC143Panel:4850:{"property": "init", "value": "device does not exist", "qualifier": {"alias": "IC143Panel:4850", "code": "missing device"}}
2026-03-06 11:32:12 ERROR root remotelib error:IC144Panel:14761:{"property": "init", "value": "device does not exist", "qualifier": {"alias": "IC144Panel:14761", "code": "missing device"}}
2026-03-06 11:32:12 ERROR root remotelib error:BWDPanel:14613:{"property": "init", "value": "device does not exist", "qualifier": {"alias": "BWDPanel:14613", "code": "missing device"}}
2026-03-06 11:32:12 ERROR root remotelib error:LobbyPanel:14758:{"property": "init", "value": "device does not exist", "qualifier": {"alias": "LobbyPanel:14758", "code": "missing device"}}
2026-03-06 11:32:12 ERROR root remotelib error:IC143Panel:14780:{"property": "init", "value": "device does not exist", "qualifier": {"alias": "IC143Panel:14780", "code": "missing device"}}
2026-03-06 11:32:12 ERROR root remotelib error:BreakRmPanel:14766:{"property": "init", "value": "device does not exist", "qualifier": {"alias": "BreakRmPanel:14766", "code": "missing device"}}
2026-03-06 11:32:12 ERROR root remotelib error:IC143Panel:4900:{"property": "init", "value": "device does not exist", "qualifier": {"alias": "IC143Panel:4900", "code": "missing device"}}
2026-03-06 11:32:12 ERROR root remotelib error:IC144Panel:14758:{"property": "init", "value": "device does not exist", "qualifier": {"alias": "IC144Panel:14758", "code": "missing device"}}
2026-03-06 11:32:12 ERROR root remotelib error:BWDPanel:14614:{"property": "init", "value": "device does not exist", "qualifier": {"alias": "BWDPanel:14614", "code": "missing device"}}
2026-03-06 11:32:12 ERROR root remotelib error:LobbyPanel:14759:{"property": "init", "value": "device does not exist", "qualifier": {"alias": "LobbyPanel:14759", "code": "missing device"}}
2026-03-06 11:32:12 ERROR root remotelib error:HallPanel:14753:{"property": "init", "value": "device does not exist", "qualifier": {"alias": "HallPanel:14753", "code": "missing device"}}
2026-03-06 11:32:12 ERROR root remotelib error:IC142Panel:4851:{"property": "init", "value": "device does not exist", "qualifier": {"alias": "IC142Panel:4851", "code": "missing device"}}
2026-03-06 11:32:12 ERROR root remotelib error:BreakRmPanel:14767:{"property": "init", "value": "device does not exist", "qualifier": {"alias": "BreakRmPanel:14767", "code": "missing device"}}
2026-03-06 11:32:12 ERROR root remotelib error:BreakRmPanel:14769:{"property": "init", "value": "device does not exist", "qualifier": {"alias": "BreakRmPanel:14769", "code": "missing device"}}
2026-03-06 11:32:12 ERROR root remotelib error:HallPanel:14755:{"property": "init", "value": "device does not exist", "qualifier": {"alias": "HallPanel:14755", "code": "missing device"}}
2026-03-06 11:32:12 ERROR root remotelib error:LobbyPanel:14761:{"property": "init", "value": "device does not exist", "qualifier": {"alias": "LobbyPanel:14761", "code": "missing device"}}
2026-03-06 11:32:12 ERROR root remotelib error:LobbyPanel:14762:{"property": "init", "value": "device does not exist", "qualifier": {"alias": "LobbyPanel:14762", "code": "missing device"}}
2026-03-06 11:32:12 ERROR root remotelib error:HallPanel:14756:{"property": "init", "value": "device does not exist", "qualifier": {"alias": "HallPanel:14756", "code": "missing device"}}
2026-03-06 11:32:12 ERROR root remotelib error:BWDPanel:14617:{"property": "init", "value": "device does not exist", "qualifier": {"alias": "BWDPanel:14617", "code": "missing device"}}
2026-03-06 11:32:13 ERROR root remotelib error:IC143Panel:4600:{"property": "init", "value": "device does not exist", "qualifier": {"alias": "IC143Panel:4600", "code": "missing device"}}
2026-03-06 11:32:13 ERROR root remotelib error:BreakRmPanel:14770:{"property": "init", "value": "device does not exist", "qualifier": {"alias": "BreakRmPanel:14770", "code": "missing device"}}
2026-03-06 11:32:13 ERROR root remotelib error:HallPanel:14757:{"property": "init", "value": "device does not exist", "qualifier": {"alias": "HallPanel:14757", "code": "missing device"}}
2026-03-06 11:32:13 ERROR root remotelib error:BreakRmPanel:14771:{"property": "init", "value": "device does not exist", "qualifier": {"alias": "BreakRmPanel:14771", "code": "missing device"}}
2026-03-06 11:32:13 ERROR root remotelib error:IC144Panel:14762:{"property": "init", "value": "device does not exist", "qualifier": {"alias": "IC144Panel:14762", "code": "missing device"}}
2026-03-06 11:32:13 ERROR root remotelib error:IC142Panel:4852:{"property": "init", "value": "device does not exist", "qualifier": {"alias": "IC142Panel:4852", "code": "missing device"}}
2026-03-06 11:32:13 ERROR root remotelib error:BreakRmPanel:14772:{"property": "init", "value": "device does not exist", "qualifier": {"alias": "BreakRmPanel:14772", "code": "missing device"}}
2026-03-06 11:32:13 ERROR root remotelib error:IC144Panel:14763:{"property": "init", "value": "device does not exist", "qualifier": {"alias": "IC144Panel:14763", "code": "missing device"}}
2026-03-06 11:32:13 ERROR root remotelib error:BWDPanel:14618:{"property": "init", "value": "device does not exist", "qualifier": {"alias": "BWDPanel:14618", "code": "missing device"}}
2026-03-06 11:32:13 ERROR root remotelib error:LobbyPanel:14763:{"property": "init", "value": "device does not exist", "qualifier": {"alias": "LobbyPanel:14763", "code": "missing device"}}
2026-03-06 11:32:13 ERROR root remotelib error:HallPanel:14758:{"property": "init", "value": "device does not exist", "qualifier": {"alias": "HallPanel:14758", "code": "missing device"}}
2026-03-06 11:32:13 ERROR root remotelib error:LobbyPanel:14764:{"property": "init", "value": "device does not exist", "qualifier": {"alias": "LobbyPanel:14764", "code": "missing device"}}
2026-03-06 11:32:13 ERROR root remotelib error:BWDPanel:14619:{"property": "init", "value": "device does not exist", "qualifier": {"alias": "BWDPanel:14619", "code": "missing device"}}
2026-03-06 11:32:13 ERROR root remotelib error:IC142Panel:4902:{"property": "init", "value": "device does not exist", "qualifier": {"alias": "IC142Panel:4902", "code": "missing device"}}
2026-03-06 11:32:13 ERROR root remotelib error:IC143Panel:4901:{"property": "init", "value": "device does not exist", "qualifier": {"alias": "IC143Panel:4901", "code": "missing device"}}
2026-03-06 11:32:13 ERROR root remotelib error:LobbyPanel:14765:{"property": "init", "value": "device does not exist", "qualifier": {"alias": "LobbyPanel:14765", "code": "missing device"}}
2026-03-06 11:32:13 ERROR root remotelib error:IC143Panel:4851:{"property": "init", "value": "device does not exist", "qualifier": {"alias": "IC143Panel:4851", "code": "missing device"}}
2026-03-06 11:32:13 ERROR root remotelib error:BreakRmPanel:14773:{"property": "init", "value": "device does not exist", "qualifier": {"alias": "BreakRmPanel:14773", "code": "missing device"}}
2026-03-06 11:32:13 ERROR root remotelib error:HallPanel:14759:{"property": "init", "value": "device does not exist", "qualifier": {"alias": "HallPanel:14759", "code": "missing device"}}
2026-03-06 11:32:13 ERROR root remotelib error:IC144Panel:14766:{"property": "init", "value": "device does not exist", "qualifier": {"alias": "IC144Panel:14766", "code": "missing device"}}
2026-03-06 11:32:13 ERROR root remotelib error:LobbyPanel:14766:{"property": "init", "value": "device does not exist", "qualifier": {"alias": "LobbyPanel:14766", "code": "missing device"}}
2026-03-06 11:32:13 ERROR root remotelib error:IC144Panel:14765:{"property": "init", "value": "device does not exist", "qualifier": {"alias": "IC144Panel:14765", "code": "missing device"}}
2026-03-06 11:32:13 ERROR root remotelib error:HallPanel:14760:{"property": "init", "value": "device does not exist", "qualifier": {"alias": "HallPanel:14760", "code": "missing device"}}
2026-03-06 11:32:13 ERROR root remotelib error:IC144Panel:14764:{"property": "init", "value": "device does not exist", "qualifier": {"alias": "IC144Panel:14764", "code": "missing device"}}
2026-03-06 11:32:13 ERROR root remotelib error:BreakRmPanel:14774:{"property": "init", "value": "device does not exist", "qualifier": {"alias": "BreakRmPanel:14774", "code": "missing device"}}
2026-03-06 11:32:13 ERROR root remotelib error:BWDPanel:14620:{"property": "init", "value": "device does not exist", "qualifier": {"alias": "BWDPanel:14620", "code": "missing device"}}
2026-03-06 11:32:13 ERROR root remotelib error:BreakRmPanel:14776:{"property": "init", "value": "device does not exist", "qualifier": {"alias": "BreakRmPanel:14776", "code": "missing device"}}
2026-03-06 11:32:13 ERROR root remotelib error:LobbyPanel:14768:{"property": "init", "value": "device does not exist", "qualifier": {"alias": "LobbyPanel:14768", "code": "missing device"}}
2026-03-06 11:32:13 ERROR root remotelib error:BWDPanel:14622:{"property": "init", "value": "device does not exist", "qualifier": {"alias": "BWDPanel:14622", "code": "missing device"}}
2026-03-06 11:32:13 ERROR root remotelib error:IC144Panel:14767:{"property": "init", "value": "device does not exist", "qualifier": {"alias": "IC144Panel:14767", "code": "missing device"}}
2026-03-06 11:32:13 ERROR root remotelib error:LobbyPanel:14769:{"property": "init", "value": "device does not exist", "qualifier": {"alias": "LobbyPanel:14769", "code": "missing device"}}
2026-03-06 11:32:13 ERROR root remotelib error:BWDPanel:14623:{"property": "init", "value": "device does not exist", "qualifier": {"alias": "BWDPanel:14623", "code": "missing device"}}
2026-03-06 11:32:13 ERROR root remotelib error:BWDPanel:14621:{"property": "init", "value": "device does not exist", "qualifier": {"alias": "BWDPanel:14621", "code": "missing device"}}
2026-03-06 11:32:13 ERROR root remotelib error:BreakRmPanel:14775:{"property": "init", "value": "device does not exist", "qualifier": {"alias": "BreakRmPanel:14775", "code": "missing device"}}
2026-03-06 11:32:13 ERROR root remotelib error:IC143Panel:4852:{"property": "init", "value": "device does not exist", "qualifier": {"alias": "IC143Panel:4852", "code": "missing device"}}
2026-03-06 11:32:13 ERROR root remotelib error:HallPanel:14762:{"property": "init", "value": "device does not exist", "qualifier": {"alias": "HallPanel:14762", "code": "missing device"}}
2026-03-06 11:32:13 ERROR root remotelib error:IC143Panel:4902:{"property": "init", "value": "device does not exist", "qualifier": {"alias": "IC143Panel:4902", "code": "missing device"}}
2026-03-06 11:32:13 ERROR root remotelib error:HallPanel:14761:{"property": "init", "value": "device does not exist", "qualifier": {"alias": "HallPanel:14761", "code": "missing device"}}
2026-03-06 11:32:13 ERROR root remotelib error:IC142Panel:14602:{"property": "init", "value": "device does not exist", "qualifier": {"alias": "IC142Panel:14602", "code": "missing device"}}
2026-03-06 11:32:13 ERROR root remotelib error:LobbyPanel:14767:{"property": "init", "value": "device does not exist", "qualifier": {"alias": "LobbyPanel:14767", "code": "missing device"}}
2026-03-06 11:32:13 ERROR root remotelib error:IC144Panel:14768:{"property": "init", "value": "device does not exist", "qualifier": {"alias": "IC144Panel:14768", "code": "missing device"}}
2026-03-06 11:32:13 ERROR root remotelib error:HallPanel:14763:{"property": "init", "value": "device does not exist", "qualifier": {"alias": "HallPanel:14763", "code": "missing device"}}
2026-03-06 11:32:13 ERROR root remotelib error:LobbyPanel:14770:{"property": "init", "value": "device does not exist", "qualifier": {"alias": "LobbyPanel:14770", "code": "missing device"}}
2026-03-06 11:32:13 ERROR root remotelib error:BreakRmPanel:14778:{"property": "init", "value": "device does not exist", "qualifier": {"alias": "BreakRmPanel:14778", "code": "missing device"}}
2026-03-06 11:32:13 ERROR root remotelib error:BWDPanel:14624:{"property": "init", "value": "device does not exist", "qualifier": {"alias": "BWDPanel:14624", "code": "missing device"}}
2026-03-06 11:32:13 ERROR root remotelib error:BWDPanel:14751:{"property": "init", "value": "device does not exist", "qualifier": {"alias": "BWDPanel:14751", "code": "missing device"}}
2026-03-06 11:32:13 ERROR root remotelib error:BreakRmPanel:14777:{"property": "init", "value": "device does not exist", "qualifier": {"alias": "BreakRmPanel:14777", "code": "missing device"}}
2026-03-06 11:32:13 ERROR root remotelib error:BWDPanel:14752:{"property": "init", "value": "device does not exist", "qualifier": {"alias": "BWDPanel:14752", "code": "missing device"}}
2026-03-06 11:32:13 ERROR root remotelib error:LobbyPanel:14771:{"property": "init", "value": "device does not exist", "qualifier": {"alias": "LobbyPanel:14771", "code": "missing device"}}
2026-03-06 11:32:13 ERROR root remotelib error:IC144Panel:14769:{"property": "init", "value": "device does not exist", "qualifier": {"alias": "IC144Panel:14769", "code": "missing device"}}
2026-03-06 11:32:13 ERROR root remotelib error:IC144Panel:14770:{"property": "init", "value": "device does not exist", "qualifier": {"alias": "IC144Panel:14770", "code": "missing device"}}
2026-03-06 11:32:13 ERROR root remotelib error:HallPanel:14764:{"property": "init", "value": "device does not exist", "qualifier": {"alias": "HallPanel:14764", "code": "missing device"}}
2026-03-06 11:32:13 ERROR root remotelib error:LobbyPanel:14772:{"property": "init", "value": "device does not exist", "qualifier": {"alias": "LobbyPanel:14772", "code": "missing device"}}
2026-03-06 11:32:13 ERROR root remotelib error:HallPanel:14765:{"property": "init", "value": "device does not exist", "qualifier": {"alias": "HallPanel:14765", "code": "missing device"}}
2026-03-06 11:32:13 ERROR root remotelib error:BreakRmPanel:14779:{"property": "init", "value": "device does not exist", "qualifier": {"alias": "BreakRmPanel:14779", "code": "missing device"}}
2026-03-06 11:32:13 ERROR root remotelib error:IC143Panel:14602:{"property": "init", "value": "device does not exist", "qualifier": {"alias": "IC143Panel:14602", "code": "missing device"}}
2026-03-06 11:32:13 ERROR root remotelib error:IC144Panel:14771:{"property": "init", "value": "device does not exist", "qualifier": {"alias": "IC144Panel:14771", "code": "missing device"}}
2026-03-06 11:32:13 ERROR root remotelib error:IC142Panel:4903:{"property": "init", "value": "device does not exist", "qualifier": {"alias": "IC142Panel:4903", "code": "missing device"}}
2026-03-06 11:32:13 ERROR root remotelib error:IC142Panel:4853:{"property": "init", "value": "device does not exist", "qualifier": {"alias": "IC142Panel:4853", "code": "missing device"}}
2026-03-06 11:32:13 ERROR root remotelib error:LobbyPanel:14775:{"property": "init", "value": "device does not exist", "qualifier": {"alias": "LobbyPanel:14775", "code": "missing device"}}
2026-03-06 11:32:13 ERROR root remotelib error:IC144Panel:14772:{"property": "init", "value": "device does not exist", "qualifier": {"alias": "IC144Panel:14772", "code": "missing device"}}
2026-03-06 11:32:13 ERROR root remotelib error:HallPanel:14766:{"property": "init", "value": "device does not exist", "qualifier": {"alias": "HallPanel:14766", "code": "missing device"}}
2026-03-06 11:32:13 ERROR root remotelib error:LobbyPanel:14773:{"property": "init", "value": "device does not exist", "qualifier": {"alias": "LobbyPanel:14773", "code": "missing device"}}
2026-03-06 11:32:13 ERROR root remotelib error:BreakRmPanel:14780:{"property": "init", "value": "device does not exist", "qualifier": {"alias": "BreakRmPanel:14780", "code": "missing device"}}
2026-03-06 11:32:13 ERROR root remotelib error:BWDPanel:14753:{"property": "init", "value": "device does not exist", "qualifier": {"alias": "BWDPanel:14753", "code": "missing device"}}
2026-03-06 11:32:13 ERROR root remotelib error:IC144Panel:14773:{"property": "init", "value": "device does not exist", "qualifier": {"alias": "IC144Panel:14773", "code": "missing device"}}
2026-03-06 11:32:13 ERROR root remotelib error:HallPanel:14767:{"property": "init", "value": "device does not exist", "qualifier": {"alias": "HallPanel:14767", "code": "missing device"}}
2026-03-06 11:32:13 ERROR root remotelib error:LobbyPanel:14774:{"property": "init", "value": "device does not exist", "qualifier": {"alias": "LobbyPanel:14774", "code": "missing device"}}
2026-03-06 11:32:13 ERROR root remotelib error:BreakRmPanel:14781:{"property": "init", "value": "device does not exist", "qualifier": {"alias": "BreakRmPanel:14781", "code": "missing device"}}
2026-03-06 11:32:13 ERROR root remotelib error:IC143Panel:4903:{"property": "init", "value": "device does not exist", "qualifier": {"alias": "IC143Panel:4903", "code": "missing device"}}
2026-03-06 11:32:13 ERROR root remotelib error:BWDPanel:14754:{"property": "init", "value": "device does not exist", "qualifier": {"alias": "BWDPanel:14754", "code": "missing device"}}
2026-03-06 11:32:13 ERROR root remotelib error:IC144Panel:14774:{"property": "init", "value": "device does not exist", "qualifier": {"alias": "IC144Panel:14774", "code": "missing device"}}
2026-03-06 11:32:13 ERROR root remotelib error:IC143Panel:4853:{"property": "init", "value": "device does not exist", "qualifier": {"alias": "IC143Panel:4853", "code": "missing device"}}
2026-03-06 11:32:13 ERROR root remotelib error:LobbyPanel:14776:{"property": "init", "value": "device does not exist", "qualifier": {"alias": "LobbyPanel:14776", "code": "missing device"}}
2026-03-06 11:32:13 ERROR root remotelib error:IC144Panel:14775:{"property": "init", "value": "device does not exist", "qualifier": {"alias": "IC144Panel:14775", "code": "missing device"}}
2026-03-06 11:32:13 ERROR root remotelib error:BWDPanel:14755:{"property": "init", "value": "device does not exist", "qualifier": {"alias": "BWDPanel:14755", "code": "missing device"}}
2026-03-06 11:32:13 ERROR root remotelib error:HallPanel:14769:{"property": "init", "value": "device does not exist", "qualifier": {"alias": "HallPanel:14769", "code": "missing device"}}
2026-03-06 11:32:13 ERROR root remotelib error:BreakRmPanel:14782:{"property": "init", "value": "device does not exist", "qualifier": {"alias": "BreakRmPanel:14782", "code": "missing device"}}
2026-03-06 11:32:13 ERROR root remotelib error:HallPanel:14770:{"property": "init", "value": "device does not exist", "qualifier": {"alias": "HallPanel:14770", "code": "missing device"}}
2026-03-06 11:32:13 ERROR root remotelib error:HallPanel:14768:{"property": "init", "value": "device does not exist", "qualifier": {"alias": "HallPanel:14768", "code": "missing device"}}
2026-03-06 11:32:13 ERROR root remotelib error:IC142Panel:14603:{"property": "init", "value": "device does not exist", "qualifier": {"alias": "IC142Panel:14603", "code": "missing device"}}
2026-03-06 11:32:13 ERROR root remotelib error:LobbyPanel:14777:{"property": "init", "value": "device does not exist", "qualifier": {"alias": "LobbyPanel:14777", "code": "missing device"}}
2026-03-06 11:32:13 ERROR root remotelib error:BreakRmPanel:4900:{"property": "init", "value": "device does not exist", "qualifier": {"alias": "BreakRmPanel:4900", "code": "missing device"}}
2026-03-06 11:32:13 ERROR root remotelib error:BreakRmPanel:4600:{"property": "init", "value": "device does not exist", "qualifier": {"alias": "BreakRmPanel:4600", "code": "missing device"}}
2026-03-06 11:32:13 ERROR root remotelib error:IC144Panel:14777:{"property": "init", "value": "device does not exist", "qualifier": {"alias": "IC144Panel:14777", "code": "missing device"}}
2026-03-06 11:32:13 ERROR root remotelib error:LobbyPanel:14779:{"property": "init", "value": "device does not exist", "qualifier": {"alias": "LobbyPanel:14779", "code": "missing device"}}
2026-03-06 11:32:13 ERROR root remotelib error:BWDPanel:14756:{"property": "init", "value": "device does not exist", "qualifier": {"alias": "BWDPanel:14756", "code": "missing device"}}
2026-03-06 11:32:13 ERROR root remotelib error:LobbyPanel:14778:{"property": "init", "value": "device does not exist", "qualifier": {"alias": "LobbyPanel:14778", "code": "missing device"}}
2026-03-06 11:32:13 ERROR root remotelib error:BreakRmPanel:4850:{"property": "init", "value": "device does not exist", "qualifier": {"alias": "BreakRmPanel:4850", "code": "missing device"}}
2026-03-06 11:32:13 ERROR root remotelib error:IC144Panel:14776:{"property": "init", "value": "device does not exist", "qualifier": {"alias": "IC144Panel:14776", "code": "missing device"}}
2026-03-06 11:32:13 ERROR root remotelib error:HallPanel:14772:{"property": "init", "value": "device does not exist", "qualifier": {"alias": "HallPanel:14772", "code": "missing device"}}
2026-03-06 11:32:13 ERROR root remotelib error:LobbyPanel:14780:{"property": "init", "value": "device does not exist", "qualifier": {"alias": "LobbyPanel:14780", "code": "missing device"}}
2026-03-06 11:32:13 ERROR root remotelib error:HallPanel:14771:{"property": "init", "value": "device does not exist", "qualifier": {"alias": "HallPanel:14771", "code": "missing device"}}
2026-03-06 11:32:13 ERROR root remotelib error:BWDPanel:14757:{"property": "init", "value": "device does not exist", "qualifier": {"alias": "BWDPanel:14757", "code": "missing device"}}
2026-03-06 11:32:13 ERROR root remotelib error:IC144Panel:14778:{"property": "init", "value": "device does not exist", "qualifier": {"alias": "IC144Panel:14778", "code": "missing device"}}
2026-03-06 11:32:13 ERROR root remotelib error:BWDPanel:14758:{"property": "init", "value": "device does not exist", "qualifier": {"alias": "BWDPanel:14758", "code": "missing device"}}
2026-03-06 11:32:13 ERROR root remotelib error:HallPanel:14773:{"property": "init", "value": "device does not exist", "qualifier": {"alias": "HallPanel:14773", "code": "missing device"}}
2026-03-06 11:32:13 ERROR root remotelib error:BreakRmPanel:4851:{"property": "init", "value": "device does not exist", "qualifier": {"alias": "BreakRmPanel:4851", "code": "missing device"}}
2026-03-06 11:32:13 ERROR root remotelib error:IC143Panel:14603:{"property": "init", "value": "device does not exist", "qualifier": {"alias": "IC143Panel:14603", "code": "missing device"}}
2026-03-06 11:32:13 ERROR root remotelib error:BreakRmPanel:4901:{"property": "init", "value": "device does not exist", "qualifier": {"alias": "BreakRmPanel:4901", "code": "missing device"}}
2026-03-06 11:32:13 ERROR root remotelib error:IC142Panel:4904:{"property": "init", "value": "device does not exist", "qualifier": {"alias": "IC142Panel:4904", "code": "missing device"}}
2026-03-06 11:32:13 ERROR root remotelib error:BWDPanel:14759:{"property": "init", "value": "device does not exist", "qualifier": {"alias": "BWDPanel:14759", "code": "missing device"}}
2026-03-06 11:32:13 ERROR root remotelib error:HallPanel:14774:{"property": "init", "value": "device does not exist", "qualifier": {"alias": "HallPanel:14774", "code": "missing device"}}
2026-03-06 11:32:13 ERROR root remotelib error:IC144Panel:14779:{"property": "init", "value": "device does not exist", "qualifier": {"alias": "IC144Panel:14779", "code": "missing device"}}
2026-03-06 11:32:13 ERROR root remotelib error:IC142Panel:4854:{"property": "init", "value": "device does not exist", "qualifier": {"alias": "IC142Panel:4854", "code": "missing device"}}
2026-03-06 11:32:13 ERROR root remotelib error:HallPanel:14776:{"property": "init", "value": "device does not exist", "qualifier": {"alias": "HallPanel:14776", "code": "missing device"}}
2026-03-06 11:32:13 ERROR root remotelib error:LobbyPanel:14781:{"property": "init", "value": "device does not exist", "qualifier": {"alias": "LobbyPanel:14781", "code": "missing device"}}
2026-03-06 11:32:13 ERROR root remotelib error:HallPanel:14775:{"property": "init", "value": "device does not exist", "qualifier": {"alias": "HallPanel:14775", "code": "missing device"}}
2026-03-06 11:32:13 ERROR root remotelib error:BWDPanel:14760:{"property": "init", "value": "device does not exist", "qualifier": {"alias": "BWDPanel:14760", "code": "missing device"}}
2026-03-06 11:32:13 ERROR root remotelib error:IC144Panel:14780:{"property": "init", "value": "device does not exist", "qualifier": {"alias": "IC144Panel:14780", "code": "missing device"}}
2026-03-06 11:32:13 ERROR root remotelib error:BreakRmPanel:4852:{"property": "init", "value": "device does not exist", "qualifier": {"alias": "BreakRmPanel:4852", "code": "missing device"}}
2026-03-06 11:32:13 ERROR root remotelib error:BWDPanel:14761:{"property": "init", "value": "device does not exist", "qualifier": {"alias": "BWDPanel:14761", "code": "missing device"}}
2026-03-06 11:32:13 ERROR root remotelib error:BreakRmPanel:4902:{"property": "init", "value": "device does not exist", "qualifier": {"alias": "BreakRmPanel:4902", "code": "missing device"}}
2026-03-06 11:32:13 ERROR root remotelib error:IC143Panel:4904:{"property": "init", "value": "device does not exist", "qualifier": {"alias": "IC143Panel:4904", "code": "missing device"}}
2026-03-06 11:32:13 ERROR root remotelib error:LobbyPanel:4900:{"property": "init", "value": "device does not exist", "qualifier": {"alias": "LobbyPanel:4900", "code": "missing device"}}
2026-03-06 11:32:13 ERROR root remotelib error:LobbyPanel:4600:{"property": "init", "value": "device does not exist", "qualifier": {"alias": "LobbyPanel:4600", "code": "missing device"}}
2026-03-06 11:32:13 ERROR root remotelib error:IC142Panel:14604:{"property": "init", "value": "device does not exist", "qualifier": {"alias": "IC142Panel:14604", "code": "missing device"}}
2026-03-06 11:32:13 ERROR root remotelib error:LobbyPanel:14782:{"property": "init", "value": "device does not exist", "qualifier": {"alias": "LobbyPanel:14782", "code": "missing device"}}
2026-03-06 11:32:13 ERROR root remotelib error:IC143Panel:4854:{"property": "init", "value": "device does not exist", "qualifier": {"alias": "IC143Panel:4854", "code": "missing device"}}
2026-03-06 11:32:13 ERROR root remotelib error:IC144Panel:14781:{"property": "init", "value": "device does not exist", "qualifier": {"alias": "IC144Panel:14781", "code": "missing device"}}
2026-03-06 11:32:13 ERROR root remotelib error:BWDPanel:14762:{"property": "init", "value": "device does not exist", "qualifier": {"alias": "BWDPanel:14762", "code": "missing device"}}
2026-03-06 11:32:13 ERROR root remotelib error:IC144Panel:14782:{"property": "init", "value": "device does not exist", "qualifier": {"alias": "IC144Panel:14782", "code": "missing device"}}
2026-03-06 11:32:13 ERROR root remotelib error:HallPanel:14778:{"property": "init", "value": "device does not exist", "qualifier": {"alias": "HallPanel:14778", "code": "missing device"}}
2026-03-06 11:32:13 ERROR root remotelib error:LobbyPanel:4850:{"property": "init", "value": "device does not exist", "qualifier": {"alias": "LobbyPanel:4850", "code": "missing device"}}
2026-03-06 11:32:13 ERROR root remotelib error:IC144Panel:4850:{"property": "init", "value": "device does not exist", "qualifier": {"alias": "IC144Panel:4850", "code": "missing device"}}
2026-03-06 11:32:13 ERROR root remotelib error:IC144Panel:4900:{"property": "init", "value": "device does not exist", "qualifier": {"alias": "IC144Panel:4900", "code": "missing device"}}
2026-03-06 11:32:13 ERROR root remotelib error:HallPanel:14777:{"property": "init", "value": "device does not exist", "qualifier": {"alias": "HallPanel:14777", "code": "missing device"}}
2026-03-06 11:32:13 ERROR root remotelib error:BWDPanel:14763:{"property": "init", "value": "device does not exist", "qualifier": {"alias": "BWDPanel:14763", "code": "missing device"}}
2026-03-06 11:32:13 ERROR root remotelib error:LobbyPanel:4901:{"property": "init", "value": "device does not exist", "qualifier": {"alias": "LobbyPanel:4901", "code": "missing device"}}
2026-03-06 11:32:13 ERROR root remotelib error:IC144Panel:4600:{"property": "init", "value": "device does not exist", "qualifier": {"alias": "IC144Panel:4600", "code": "missing device"}}
2026-03-06 11:32:13 ERROR root remotelib error:BWDPanel:14764:{"property": "init", "value": "device does not exist", "qualifier": {"alias": "BWDPanel:14764", "code": "missing device"}}
2026-03-06 11:32:13 ERROR root remotelib error:LobbyPanel:4851:{"property": "init", "value": "device does not exist", "qualifier": {"alias": "LobbyPanel:4851", "code": "missing device"}}
2026-03-06 11:32:13 ERROR root remotelib error:HallPanel:14779:{"property": "init", "value": "device does not exist", "qualifier": {"alias": "HallPanel:14779", "code": "missing device"}}
2026-03-06 11:32:14 ERROR root remotelib error:HallPanel:14780:{"property": "init", "value": "device does not exist", "qualifier": {"alias": "HallPanel:14780", "code": "missing device"}}
2026-03-06 11:32:14 ERROR root remotelib error:BWDPanel:14766:{"property": "init", "value": "device does not exist", "qualifier": {"alias": "BWDPanel:14766", "code": "missing device"}}
2026-03-06 11:32:14 ERROR root remotelib error:IC144Panel:4851:{"property": "init", "value": "device does not exist", "qualifier": {"alias": "IC144Panel:4851", "code": "missing device"}}
2026-03-06 11:32:14 ERROR root remotelib error:BWDPanel:14765:{"property": "init", "value": "device does not exist", "qualifier": {"alias": "BWDPanel:14765", "code": "missing device"}}
2026-03-06 11:32:14 ERROR root remotelib error:BreakRmPanel:14602:{"property": "init", "value": "device does not exist", "qualifier": {"alias": "BreakRmPanel:14602", "code": "missing device"}}
2026-03-06 11:32:14 ERROR root remotelib error:IC143Panel:14604:{"property": "init", "value": "device does not exist", "qualifier": {"alias": "IC143Panel:14604", "code": "missing device"}}
2026-03-06 11:32:14 ERROR root remotelib error:HallPanel:14781:{"property": "init", "value": "device does not exist", "qualifier": {"alias": "HallPanel:14781", "code": "missing device"}}
2026-03-06 11:32:14 ERROR root remotelib error:IC144Panel:4901:{"property": "init", "value": "device does not exist", "qualifier": {"alias": "IC144Panel:4901", "code": "missing device"}}
2026-03-06 11:32:14 ERROR root remotelib error:HallPanel:4900:{"property": "init", "value": "device does not exist", "qualifier": {"alias": "HallPanel:4900", "code": "missing device"}}
2026-03-06 11:32:14 ERROR root remotelib error:LobbyPanel:4902:{"property": "init", "value": "device does not exist", "qualifier": {"alias": "LobbyPanel:4902", "code": "missing device"}}
2026-03-06 11:32:14 ERROR root remotelib error:IC142Panel:4905:{"property": "init", "value": "device does not exist", "qualifier": {"alias": "IC142Panel:4905", "code": "missing device"}}
2026-03-06 11:32:14 ERROR root remotelib error:HallPanel:4850:{"property": "init", "value": "device does not exist", "qualifier": {"alias": "HallPanel:4850", "code": "missing device"}}
2026-03-06 11:32:14 ERROR root remotelib error:LobbyPanel:4852:{"property": "init", "value": "device does not exist", "qualifier": {"alias": "LobbyPanel:4852", "code": "missing device"}}
2026-03-06 11:32:14 ERROR root remotelib error:BWDPanel:14768:{"property": "init", "value": "device does not exist", "qualifier": {"alias": "BWDPanel:14768", "code": "missing device"}}
2026-03-06 11:32:14 ERROR root remotelib error:BreakRmPanel:4853:{"property": "init", "value": "device does not exist", "qualifier": {"alias": "BreakRmPanel:4853", "code": "missing device"}}
2026-03-06 11:32:14 ERROR root remotelib error:IC144Panel:4902:{"property": "init", "value": "device does not exist", "qualifier": {"alias": "IC144Panel:4902", "code": "missing device"}}
2026-03-06 11:32:14 ERROR root remotelib error:HallPanel:4600:{"property": "init", "value": "device does not exist", "qualifier": {"alias": "HallPanel:4600", "code": "missing device"}}
2026-03-06 11:32:14 ERROR root remotelib error:BWDPanel:14769:{"property": "init", "value": "device does not exist", "qualifier": {"alias": "BWDPanel:14769", "code": "missing device"}}
2026-03-06 11:32:14 ERROR root remotelib error:IC144Panel:4852:{"property": "init", "value": "device does not exist", "qualifier": {"alias": "IC144Panel:4852", "code": "missing device"}}
2026-03-06 11:32:14 ERROR root remotelib error:BreakRmPanel:4903:{"property": "init", "value": "device does not exist", "qualifier": {"alias": "BreakRmPanel:4903", "code": "missing device"}}
2026-03-06 11:32:14 ERROR root remotelib error:BWDPanel:14767:{"property": "init", "value": "device does not exist", "qualifier": {"alias": "BWDPanel:14767", "code": "missing device"}}
2026-03-06 11:32:14 ERROR root remotelib error:IC142Panel:14605:{"property": "init", "value": "device does not exist", "qualifier": {"alias": "IC142Panel:14605", "code": "missing device"}}
2026-03-06 11:32:14 ERROR root remotelib error:HallPanel:14782:{"property": "init", "value": "device does not exist", "qualifier": {"alias": "HallPanel:14782", "code": "missing device"}}
2026-03-06 11:32:14 ERROR root remotelib error:BreakRmPanel:14603:{"property": "init", "value": "device does not exist", "qualifier": {"alias": "BreakRmPanel:14603", "code": "missing device"}}
2026-03-06 11:32:14 ERROR root remotelib error:BWDPanel:14771:{"property": "init", "value": "device does not exist", "qualifier": {"alias": "BWDPanel:14771", "code": "missing device"}}
2026-03-06 11:32:14 ERROR root remotelib error:IC143Panel:4905:{"property": "init", "value": "device does not exist", "qualifier": {"alias": "IC143Panel:4905", "code": "missing device"}}
2026-03-06 11:32:14 ERROR root remotelib error:HallPanel:4851:{"property": "init", "value": "device does not exist", "qualifier": {"alias": "HallPanel:4851", "code": "missing device"}}
2026-03-06 11:32:14 ERROR root remotelib error:IC143Panel:4855:{"property": "init", "value": "device does not exist", "qualifier": {"alias": "IC143Panel:4855", "code": "missing device"}}
2026-03-06 11:32:14 ERROR root remotelib error:BreakRmPanel:4904:{"property": "init", "value": "device does not exist", "qualifier": {"alias": "BreakRmPanel:4904", "code": "missing device"}}
2026-03-06 11:32:14 ERROR root remotelib error:BWDPanel:14770:{"property": "init", "value": "device does not exist", "qualifier": {"alias": "BWDPanel:14770", "code": "missing device"}}
2026-03-06 11:32:14 ERROR root remotelib error:LobbyPanel:14602:{"property": "init", "value": "device does not exist", "qualifier": {"alias": "LobbyPanel:14602", "code": "missing device"}}
2026-03-06 11:32:14 ERROR root remotelib error:HallPanel:4901:{"property": "init", "value": "device does not exist", "qualifier": {"alias": "HallPanel:4901", "code": "missing device"}}
2026-03-06 11:32:14 ERROR root remotelib error:IC142Panel:4855:{"property": "init", "value": "device does not exist", "qualifier": {"alias": "IC142Panel:4855", "code": "missing device"}}
2026-03-06 11:32:14 ERROR root remotelib error:IC144Panel:14602:{"property": "init", "value": "device does not exist", "qualifier": {"alias": "IC144Panel:14602", "code": "missing device"}}
2026-03-06 11:32:14 ERROR root remotelib error:LobbyPanel:4903:{"property": "init", "value": "device does not exist", "qualifier": {"alias": "LobbyPanel:4903", "code": "missing device"}}
2026-03-06 11:32:14 ERROR root remotelib error:IC142Panel:4856:{"property": "init", "value": "device does not exist", "qualifier": {"alias": "IC142Panel:4856", "code": "missing device"}}
2026-03-06 11:32:14 ERROR root remotelib error:IC142Panel:4906:{"property": "init", "value": "device does not exist", "qualifier": {"alias": "IC142Panel:4906", "code": "missing device"}}
2026-03-06 11:32:14 ERROR root remotelib error:IC143Panel:14605:{"property": "init", "value": "device does not exist", "qualifier": {"alias": "IC143Panel:14605", "code": "missing device"}}
2026-03-06 11:32:14 ERROR root remotelib error:HallPanel:4852:{"property": "init", "value": "device does not exist", "qualifier": {"alias": "HallPanel:4852", "code": "missing device"}}
2026-03-06 11:32:14 ERROR root remotelib error:HallPanel:4902:{"property": "init", "value": "device does not exist", "qualifier": {"alias": "HallPanel:4902", "code": "missing device"}}
2026-03-06 11:32:14 ERROR root remotelib error:BWDPanel:14777:{"property": "init", "value": "device does not exist", "qualifier": {"alias": "BWDPanel:14777", "code": "missing device"}}
2026-03-06 11:32:14 ERROR root remotelib error:BWDPanel:14775:{"property": "init", "value": "device does not exist", "qualifier": {"alias": "BWDPanel:14775", "code": "missing device"}}
2026-03-06 11:32:14 ERROR root remotelib error:BWDPanel:14772:{"property": "init", "value": "device does not exist", "qualifier": {"alias": "BWDPanel:14772", "code": "missing device"}}
2026-03-06 11:32:14 ERROR root remotelib error:BWDPanel:14774:{"property": "init", "value": "device does not exist", "qualifier": {"alias": "BWDPanel:14774", "code": "missing device"}}
2026-03-06 11:32:14 ERROR root remotelib error:LobbyPanel:4853:{"property": "init", "value": "device does not exist", "qualifier": {"alias": "LobbyPanel:4853", "code": "missing device"}}
2026-03-06 11:32:14 ERROR root remotelib error:BreakRmPanel:4854:{"property": "init", "value": "device does not exist", "qualifier": {"alias": "BreakRmPanel:4854", "code": "missing device"}}
2026-03-06 11:32:14 ERROR root remotelib error:BWDPanel:14776:{"property": "init", "value": "device does not exist", "qualifier": {"alias": "BWDPanel:14776", "code": "missing device"}}
2026-03-06 11:32:14 ERROR root remotelib error:BWDPanel:14773:{"property": "init", "value": "device does not exist", "qualifier": {"alias": "BWDPanel:14773", "code": "missing device"}}
2026-03-06 11:32:14 ERROR root remotelib error:BreakRmPanel:14604:{"property": "init", "value": "device does not exist", "qualifier": {"alias": "BreakRmPanel:14604", "code": "missing device"}}
2026-03-06 11:32:14 ERROR root remotelib error:IC144Panel:4903:{"property": "init", "value": "device does not exist", "qualifier": {"alias": "IC144Panel:4903", "code": "missing device"}}
2026-03-06 11:32:14 ERROR root remotelib error:IC142Panel:14606:{"property": "init", "value": "device does not exist", "qualifier": {"alias": "IC142Panel:14606", "code": "missing device"}}
2026-03-06 11:32:14 ERROR root remotelib error:IC143Panel:4906:{"property": "init", "value": "device does not exist", "qualifier": {"alias": "IC143Panel:4906", "code": "missing device"}}
2026-03-06 11:32:14 ERROR root remotelib error:LobbyPanel:14603:{"property": "init", "value": "device does not exist", "qualifier": {"alias": "LobbyPanel:14603", "code": "missing device"}}
2026-03-06 11:32:14 ERROR root remotelib error:IC144Panel:4853:{"property": "init", "value": "device does not exist", "qualifier": {"alias": "IC144Panel:4853", "code": "missing device"}}
2026-03-06 11:32:14 ERROR root remotelib error:HallPanel:14602:{"property": "init", "value": "device does not exist", "qualifier": {"alias": "HallPanel:14602", "code": "missing device"}}
2026-03-06 11:32:14 ERROR root remotelib error:IC143Panel:14606:{"property": "init", "value": "device does not exist", "qualifier": {"alias": "IC143Panel:14606", "code": "missing device"}}
2026-03-06 11:32:14 ERROR root remotelib error:IC142Panel:4907:{"property": "init", "value": "device does not exist", "qualifier": {"alias": "IC142Panel:4907", "code": "missing device"}}
2026-03-06 11:32:14 ERROR root remotelib error:IC144Panel:14603:{"property": "init", "value": "device does not exist", "qualifier": {"alias": "IC144Panel:14603", "code": "missing device"}}
2026-03-06 11:32:14 ERROR root remotelib error:IC142Panel:4857:{"property": "init", "value": "device does not exist", "qualifier": {"alias": "IC142Panel:4857", "code": "missing device"}}
2026-03-06 11:32:14 ERROR root remotelib error:IC143Panel:4856:{"property": "init", "value": "device does not exist", "qualifier": {"alias": "IC143Panel:4856", "code": "missing device"}}
2026-03-06 11:32:14 ERROR root remotelib error:BWDPanel:14778:{"property": "init", "value": "device does not exist", "qualifier": {"alias": "BWDPanel:14778", "code": "missing device"}}
2026-03-06 11:32:14 ERROR root remotelib error:BWDPanel:14782:{"property": "init", "value": "device does not exist", "qualifier": {"alias": "BWDPanel:14782", "code": "missing device"}}
2026-03-06 11:32:14 ERROR root remotelib error:BWDPanel:14779:{"property": "init", "value": "device does not exist", "qualifier": {"alias": "BWDPanel:14779", "code": "missing device"}}
2026-03-06 11:32:14 ERROR root remotelib error:BWDPanel:14781:{"property": "init", "value": "device does not exist", "qualifier": {"alias": "BWDPanel:14781", "code": "missing device"}}
2026-03-06 11:32:14 ERROR root remotelib error:LobbyPanel:4854:{"property": "init", "value": "device does not exist", "qualifier": {"alias": "LobbyPanel:4854", "code": "missing device"}}
2026-03-06 11:32:14 ERROR root remotelib error:LobbyPanel:4904:{"property": "init", "value": "device does not exist", "qualifier": {"alias": "LobbyPanel:4904", "code": "missing device"}}
2026-03-06 11:32:14 ERROR root remotelib error:BWDPanel:4850:{"property": "init", "value": "device does not exist", "qualifier": {"alias": "BWDPanel:4850", "code": "missing device"}}
2026-03-06 11:32:14 ERROR root remotelib error:HallPanel:4903:{"property": "init", "value": "device does not exist", "qualifier": {"alias": "HallPanel:4903", "code": "missing device"}}
2026-03-06 11:32:14 ERROR root remotelib error:HallPanel:4853:{"property": "init", "value": "device does not exist", "qualifier": {"alias": "HallPanel:4853", "code": "missing device"}}
2026-03-06 11:32:14 ERROR root remotelib error:IC144Panel:4854:{"property": "init", "value": "device does not exist", "qualifier": {"alias": "IC144Panel:4854", "code": "missing device"}}
2026-03-06 11:32:14 ERROR root remotelib error:BWDPanel:14780:{"property": "init", "value": "device does not exist", "qualifier": {"alias": "BWDPanel:14780", "code": "missing device"}}
2026-03-06 11:32:14 ERROR root remotelib error:IC142Panel:14607:{"property": "init", "value": "device does not exist", "qualifier": {"alias": "IC142Panel:14607", "code": "missing device"}}
2026-03-06 11:32:14 ERROR root remotelib error:BWDPanel:4600:{"property": "init", "value": "device does not exist", "qualifier": {"alias": "BWDPanel:4600", "code": "missing device"}}
2026-03-06 11:32:14 ERROR root remotelib error:IC144Panel:4904:{"property": "init", "value": "device does not exist", "qualifier": {"alias": "IC144Panel:4904", "code": "missing device"}}
2026-03-06 11:32:14 ERROR root remotelib error:BWDPanel:4900:{"property": "init", "value": "device does not exist", "qualifier": {"alias": "BWDPanel:4900", "code": "missing device"}}
2026-03-06 11:32:14 ERROR root remotelib error:BreakRmPanel:4905:{"property": "init", "value": "device does not exist", "qualifier": {"alias": "BreakRmPanel:4905", "code": "missing device"}}
2026-03-06 11:32:14 ERROR root remotelib error:BreakRmPanel:4855:{"property": "init", "value": "device does not exist", "qualifier": {"alias": "BreakRmPanel:4855", "code": "missing device"}}
2026-03-06 11:32:14 ERROR root remotelib error:IC143Panel:4857:{"property": "init", "value": "device does not exist", "qualifier": {"alias": "IC143Panel:4857", "code": "missing device"}}
2026-03-06 11:32:14 ERROR root remotelib error:IC143Panel:4907:{"property": "init", "value": "device does not exist", "qualifier": {"alias": "IC143Panel:4907", "code": "missing device"}}
2026-03-06 11:32:14 ERROR root remotelib error:BreakRmPanel:14605:{"property": "init", "value": "device does not exist", "qualifier": {"alias": "BreakRmPanel:14605", "code": "missing device"}}
2026-03-06 11:32:14 ERROR root remotelib error:BWDPanel:4901:{"property": "init", "value": "device does not exist", "qualifier": {"alias": "BWDPanel:4901", "code": "missing device"}}
2026-03-06 11:32:14 ERROR root remotelib error:HallPanel:14603:{"property": "init", "value": "device does not exist", "qualifier": {"alias": "HallPanel:14603", "code": "missing device"}}
2026-03-06 11:32:14 ERROR root remotelib error:IC144Panel:14604:{"property": "init", "value": "device does not exist", "qualifier": {"alias": "IC144Panel:14604", "code": "missing device"}}
2026-03-06 11:32:14 ERROR root remotelib error:LobbyPanel:14604:{"property": "init", "value": "device does not exist", "qualifier": {"alias": "LobbyPanel:14604", "code": "missing device"}}
2026-03-06 11:32:14 ERROR root remotelib error:IC143Panel:14607:{"property": "init", "value": "device does not exist", "qualifier": {"alias": "IC143Panel:14607", "code": "missing device"}}
2026-03-06 11:32:14 ERROR root remotelib error:BWDPanel:4851:{"property": "init", "value": "device does not exist", "qualifier": {"alias": "BWDPanel:4851", "code": "missing device"}}
2026-03-06 11:32:14 ERROR root remotelib error:IC142Panel:4858:{"property": "init", "value": "device does not exist", "qualifier": {"alias": "IC142Panel:4858", "code": "missing device"}}
2026-03-06 11:32:14 ERROR root remotelib error:IC142Panel:4908:{"property": "init", "value": "device does not exist", "qualifier": {"alias": "IC142Panel:4908", "code": "missing device"}}
2026-03-06 11:32:14 ERROR root remotelib error:BWDPanel:4852:{"property": "init", "value": "device does not exist", "qualifier": {"alias": "BWDPanel:4852", "code": "missing device"}}
2026-03-06 11:32:14 ERROR root remotelib error:HallPanel:4904:{"property": "init", "value": "device does not exist", "qualifier": {"alias": "HallPanel:4904", "code": "missing device"}}
2026-03-06 11:32:14 ERROR root remotelib error:IC142Panel:4608:{"property": "init", "value": "device does not exist", "qualifier": {"alias": "IC142Panel:4608", "code": "missing device"}}
2026-03-06 11:32:14 ERROR root remotelib error:HallPanel:4854:{"property": "init", "value": "device does not exist", "qualifier": {"alias": "HallPanel:4854", "code": "missing device"}}
2026-03-06 11:32:14 ERROR root remotelib error:BreakRmPanel:4906:{"property": "init", "value": "device does not exist", "qualifier": {"alias": "BreakRmPanel:4906", "code": "missing device"}}
2026-03-06 11:32:14 ERROR root remotelib error:IC144Panel:4905:{"property": "init", "value": "device does not exist", "qualifier": {"alias": "IC144Panel:4905", "code": "missing device"}}
2026-03-06 11:32:14 ERROR root remotelib error:BWDPanel:4902:{"property": "init", "value": "device does not exist", "qualifier": {"alias": "BWDPanel:4902", "code": "missing device"}}
2026-03-06 11:32:14 ERROR root remotelib error:LobbyPanel:4905:{"property": "init", "value": "device does not exist", "qualifier": {"alias": "LobbyPanel:4905", "code": "missing device"}}
2026-03-06 11:32:14 ERROR root remotelib error:IC142Panel:14608:{"property": "init", "value": "device does not exist", "qualifier": {"alias": "IC142Panel:14608", "code": "missing device"}}
2026-03-06 11:32:14 ERROR root remotelib error:IC144Panel:4855:{"property": "init", "value": "device does not exist", "qualifier": {"alias": "IC144Panel:4855", "code": "missing device"}}
2026-03-06 11:32:14 ERROR root remotelib error:IC143Panel:4908:{"property": "init", "value": "device does not exist", "qualifier": {"alias": "IC143Panel:4908", "code": "missing device"}}
2026-03-06 11:32:14 ERROR root remotelib error:HallPanel:14604:{"property": "init", "value": "device does not exist", "qualifier": {"alias": "HallPanel:14604", "code": "missing device"}}
2026-03-06 11:32:14 ERROR root remotelib error:LobbyPanel:4855:{"property": "init", "value": "device does not exist", "qualifier": {"alias": "LobbyPanel:4855", "code": "missing device"}}
2026-03-06 11:32:14 ERROR root remotelib error:BreakRmPanel:4856:{"property": "init", "value": "device does not exist", "qualifier": {"alias": "BreakRmPanel:4856", "code": "missing device"}}
2026-03-06 11:32:14 ERROR root remotelib error:IC143Panel:4858:{"property": "init", "value": "device does not exist", "qualifier": {"alias": "IC143Panel:4858", "code": "missing device"}}
2026-03-06 11:32:14 ERROR root remotelib error:BWDPanel:14602:{"property": "init", "value": "device does not exist", "qualifier": {"alias": "BWDPanel:14602", "code": "missing device"}}
2026-03-06 11:32:14 ERROR root remotelib error:IC142Panel:15107:{"property": "init", "value": "device does not exist", "qualifier": {"alias": "IC142Panel:15107", "code": "missing device"}}
2026-03-06 11:32:14 ERROR root remotelib error:IC143Panel:4608:{"property": "init", "value": "device does not exist", "qualifier": {"alias": "IC143Panel:4608", "code": "missing device"}}
2026-03-06 11:32:14 ERROR root remotelib error:IC144Panel:14605:{"property": "init", "value": "device does not exist", "qualifier": {"alias": "IC144Panel:14605", "code": "missing device"}}
2026-03-06 11:32:14 ERROR root remotelib error:LobbyPanel:14605:{"property": "init", "value": "device does not exist", "qualifier": {"alias": "LobbyPanel:14605", "code": "missing device"}}
2026-03-06 11:32:14 ERROR root remotelib error:IC142Panel:4758:{"property": "init", "value": "device does not exist", "qualifier": {"alias": "IC142Panel:4758", "code": "missing device"}}
2026-03-06 11:32:14 ERROR root remotelib error:BreakRmPanel:14606:{"property": "init", "value": "device does not exist", "qualifier": {"alias": "BreakRmPanel:14606", "code": "missing device"}}
2026-03-06 11:32:14 ERROR root remotelib error:IC143Panel:14608:{"property": "init", "value": "device does not exist", "qualifier": {"alias": "IC143Panel:14608", "code": "missing device"}}
2026-03-06 11:32:14 ERROR root remotelib error:HallPanel:4855:{"property": "init", "value": "device does not exist", "qualifier": {"alias": "HallPanel:4855", "code": "missing device"}}
2026-03-06 11:32:14 ERROR root remotelib error:BWDPanel:4903:{"property": "init", "value": "device does not exist", "qualifier": {"alias": "BWDPanel:4903", "code": "missing device"}}
2026-03-06 11:32:14 ERROR root remotelib error:IC143Panel:15107:{"property": "init", "value": "device does not exist", "qualifier": {"alias": "IC143Panel:15107", "code": "missing device"}}
2026-03-06 11:32:14 ERROR root remotelib error:HallPanel:4905:{"property": "init", "value": "device does not exist", "qualifier": {"alias": "HallPanel:4905", "code": "missing device"}}
2026-03-06 11:32:14 ERROR root remotelib error:IC142Panel:4859:{"property": "init", "value": "device does not exist", "qualifier": {"alias": "IC142Panel:4859", "code": "missing device"}}
2026-03-06 11:32:14 ERROR root remotelib error:IC142Panel:4909:{"property": "init", "value": "device does not exist", "qualifier": {"alias": "IC142Panel:4909", "code": "missing device"}}
2026-03-06 11:32:14 ERROR root remotelib error:IC143Panel:4758:{"property": "init", "value": "device does not exist", "qualifier": {"alias": "IC143Panel:4758", "code": "missing device"}}
2026-03-06 11:32:14 ERROR root remotelib error:BreakRmPanel:4907:{"property": "init", "value": "device does not exist", "qualifier": {"alias": "BreakRmPanel:4907", "code": "missing device"}}
2026-03-06 11:32:14 ERROR root remotelib error:IC144Panel:4906:{"property": "init", "value": "device does not exist", "qualifier": {"alias": "IC144Panel:4906", "code": "missing device"}}
2026-03-06 11:32:15 ERROR root remotelib error:IC143Panel:4859:{"property": "init", "value": "device does not exist", "qualifier": {"alias": "IC143Panel:4859", "code": "missing device"}}
2026-03-06 11:32:15 ERROR root remotelib error:BWDPanel:4853:{"property": "init", "value": "device does not exist", "qualifier": {"alias": "BWDPanel:4853", "code": "missing device"}}
2026-03-06 11:32:15 ERROR root remotelib error:LobbyPanel:4856:{"property": "init", "value": "device does not exist", "qualifier": {"alias": "LobbyPanel:4856", "code": "missing device"}}
2026-03-06 11:32:15 ERROR root remotelib error:BreakRmPanel:4857:{"property": "init", "value": "device does not exist", "qualifier": {"alias": "BreakRmPanel:4857", "code": "missing device"}}
2026-03-06 11:32:15 ERROR root remotelib error:IC142Panel:15108:{"property": "init", "value": "device does not exist", "qualifier": {"alias": "IC142Panel:15108", "code": "missing device"}}
2026-03-06 11:32:15 ERROR root remotelib error:IC144Panel:4856:{"property": "init", "value": "device does not exist", "qualifier": {"alias": "IC144Panel:4856", "code": "missing device"}}
2026-03-06 11:32:15 ERROR root remotelib error:IC143Panel:4909:{"property": "init", "value": "device does not exist", "qualifier": {"alias": "IC143Panel:4909", "code": "missing device"}}
2026-03-06 11:32:15 ERROR root remotelib error:LobbyPanel:4906:{"property": "init", "value": "device does not exist", "qualifier": {"alias": "LobbyPanel:4906", "code": "missing device"}}
2026-03-06 11:32:15 ERROR root remotelib error:BreakRmPanel:14607:{"property": "init", "value": "device does not exist", "qualifier": {"alias": "BreakRmPanel:14607", "code": "missing device"}}
2026-03-06 11:32:15 ERROR root remotelib error:IC142Panel:14609:{"property": "init", "value": "device does not exist", "qualifier": {"alias": "IC142Panel:14609", "code": "missing device"}}
2026-03-06 11:32:15 ERROR root remotelib error:IC144Panel:14606:{"property": "init", "value": "device does not exist", "qualifier": {"alias": "IC144Panel:14606", "code": "missing device"}}
2026-03-06 11:32:15 ERROR root remotelib error:BWDPanel:14603:{"property": "init", "value": "device does not exist", "qualifier": {"alias": "BWDPanel:14603", "code": "missing device"}}
2026-03-06 11:32:15 ERROR root remotelib error:HallPanel:14605:{"property": "init", "value": "device does not exist", "qualifier": {"alias": "HallPanel:14605", "code": "missing device"}}
2026-03-06 11:32:15 ERROR root remotelib error:HallPanel:4906:{"property": "init", "value": "device does not exist", "qualifier": {"alias": "HallPanel:4906", "code": "missing device"}}
2026-03-06 11:32:15 ERROR root remotelib error:IC143Panel:14609:{"property": "init", "value": "device does not exist", "qualifier": {"alias": "IC143Panel:14609", "code": "missing device"}}
2026-03-06 11:32:15 ERROR root remotelib error:LobbyPanel:14606:{"property": "init", "value": "device does not exist", "qualifier": {"alias": "LobbyPanel:14606", "code": "missing device"}}
2026-03-06 11:32:15 ERROR root remotelib error:IC142Panel:4910:{"property": "init", "value": "device does not exist", "qualifier": {"alias": "IC142Panel:4910", "code": "missing device"}}
2026-03-06 11:32:15 ERROR root remotelib error:IC143Panel:15108:{"property": "init", "value": "device does not exist", "qualifier": {"alias": "IC143Panel:15108", "code": "missing device"}}
2026-03-06 11:32:15 ERROR root remotelib error:IC142Panel:4860:{"property": "init", "value": "device does not exist", "qualifier": {"alias": "IC142Panel:4860", "code": "missing device"}}
2026-03-06 11:32:15 ERROR root remotelib error:BWDPanel:4904:{"property": "init", "value": "device does not exist", "qualifier": {"alias": "BWDPanel:4904", "code": "missing device"}}
2026-03-06 11:32:15 ERROR root remotelib error:HallPanel:4856:{"property": "init", "value": "device does not exist", "qualifier": {"alias": "HallPanel:4856", "code": "missing device"}}
2026-03-06 11:32:15 ERROR root remotelib error:BWDPanel:4854:{"property": "init", "value": "device does not exist", "qualifier": {"alias": "BWDPanel:4854", "code": "missing device"}}
2026-03-06 11:32:15 ERROR root remotelib error:IC142Panel:4610:{"property": "init", "value": "device does not exist", "qualifier": {"alias": "IC142Panel:4610", "code": "missing device"}}
2026-03-06 11:32:15 ERROR root remotelib error:LobbyPanel:4857:{"property": "init", "value": "device does not exist", "qualifier": {"alias": "LobbyPanel:4857", "code": "missing device"}}
2026-03-06 11:32:15 ERROR root remotelib error:BreakRmPanel:4858:{"property": "init", "value": "device does not exist", "qualifier": {"alias": "BreakRmPanel:4858", "code": "missing device"}}
2026-03-06 11:32:15 ERROR root remotelib error:IC144Panel:4907:{"property": "init", "value": "device does not exist", "qualifier": {"alias": "IC144Panel:4907", "code": "missing device"}}
2026-03-06 11:32:15 ERROR root remotelib error:IC142Panel:14610:{"property": "init", "value": "device does not exist", "qualifier": {"alias": "IC142Panel:14610", "code": "missing device"}}
2026-03-06 11:32:15 ERROR root remotelib error:BWDPanel:14604:{"property": "init", "value": "device does not exist", "qualifier": {"alias": "BWDPanel:14604", "code": "missing device"}}
2026-03-06 11:32:15 ERROR root remotelib error:BreakRmPanel:4608:{"property": "init", "value": "device does not exist", "qualifier": {"alias": "BreakRmPanel:4608", "code": "missing device"}}
2026-03-06 11:32:15 ERROR root remotelib error:IC143Panel:4910:{"property": "init", "value": "device does not exist", "qualifier": {"alias": "IC143Panel:4910", "code": "missing device"}}
2026-03-06 11:32:15 ERROR root remotelib error:BreakRmPanel:4908:{"property": "init", "value": "device does not exist", "qualifier": {"alias": "BreakRmPanel:4908", "code": "missing device"}}
2026-03-06 11:32:15 ERROR root remotelib error:LobbyPanel:4907:{"property": "init", "value": "device does not exist", "qualifier": {"alias": "LobbyPanel:4907", "code": "missing device"}}
2026-03-06 11:32:15 ERROR root remotelib error:HallPanel:14606:{"property": "init", "value": "device does not exist", "qualifier": {"alias": "HallPanel:14606", "code": "missing device"}}
2026-03-06 11:32:15 ERROR root remotelib error:IC143Panel:4860:{"property": "init", "value": "device does not exist", "qualifier": {"alias": "IC143Panel:4860", "code": "missing device"}}
2026-03-06 11:32:15 ERROR root remotelib error:IC143Panel:4610:{"property": "init", "value": "device does not exist", "qualifier": {"alias": "IC143Panel:4610", "code": "missing device"}}
2026-03-06 11:32:15 ERROR root remotelib error:BreakRmPanel:15107:{"property": "init", "value": "device does not exist", "qualifier": {"alias": "BreakRmPanel:15107", "code": "missing device"}}
2026-03-06 11:32:15 ERROR root remotelib error:IC144Panel:4857:{"property": "init", "value": "device does not exist", "qualifier": {"alias": "IC144Panel:4857", "code": "missing device"}}
2026-03-06 11:32:15 ERROR root remotelib error:HallPanel:4907:{"property": "init", "value": "device does not exist", "qualifier": {"alias": "HallPanel:4907", "code": "missing device"}}
2026-03-06 11:32:15 ERROR root remotelib error:IC142Panel:4760:{"property": "init", "value": "device does not exist", "qualifier": {"alias": "IC142Panel:4760", "code": "missing device"}}
2026-03-06 11:32:15 ERROR root remotelib error:IC144Panel:14607:{"property": "init", "value": "device does not exist", "qualifier": {"alias": "IC144Panel:14607", "code": "missing device"}}
2026-03-06 11:32:15 ERROR root remotelib error:IC143Panel:14610:{"property": "init", "value": "device does not exist", "qualifier": {"alias": "IC143Panel:14610", "code": "missing device"}}
2026-03-06 11:32:15 ERROR root remotelib error:BWDPanel:4905:{"property": "init", "value": "device does not exist", "qualifier": {"alias": "BWDPanel:4905", "code": "missing device"}}
2026-03-06 11:32:15 ERROR root remotelib error:LobbyPanel:14607:{"property": "init", "value": "device does not exist", "qualifier": {"alias": "LobbyPanel:14607", "code": "missing device"}}
2026-03-06 11:32:15 ERROR root remotelib error:BreakRmPanel:14608:{"property": "init", "value": "device does not exist", "qualifier": {"alias": "BreakRmPanel:14608", "code": "missing device"}}
2026-03-06 11:32:15 ERROR root remotelib error:HallPanel:4857:{"property": "init", "value": "device does not exist", "qualifier": {"alias": "HallPanel:4857", "code": "missing device"}}
2026-03-06 11:32:15 ERROR root remotelib error:BWDPanel:4855:{"property": "init", "value": "device does not exist", "qualifier": {"alias": "BWDPanel:4855", "code": "missing device"}}
2026-03-06 11:32:15 ERROR root remotelib error:IC142Panel:4861:{"property": "init", "value": "device does not exist", "qualifier": {"alias": "IC142Panel:4861", "code": "missing device"}}
2026-03-06 11:32:15 ERROR root remotelib error:IC142Panel:4911:{"property": "init", "value": "device does not exist", "qualifier": {"alias": "IC142Panel:4911", "code": "missing device"}}
2026-03-06 11:32:15 ERROR root remotelib error:IC143Panel:4760:{"property": "init", "value": "device does not exist", "qualifier": {"alias": "IC143Panel:4760", "code": "missing device"}}
2026-03-06 11:32:15 ERROR root remotelib error:BreakRmPanel:4758:{"property": "init", "value": "device does not exist", "qualifier": {"alias": "BreakRmPanel:4758", "code": "missing device"}}
2026-03-06 11:32:15 ERROR root remotelib error:HallPanel:14607:{"property": "init", "value": "device does not exist", "qualifier": {"alias": "HallPanel:14607", "code": "missing device"}}
2026-03-06 11:32:15 ERROR root remotelib error:IC143Panel:4911:{"property": "init", "value": "device does not exist", "qualifier": {"alias": "IC143Panel:4911", "code": "missing device"}}
2026-03-06 11:32:15 ERROR root remotelib error:BWDPanel:14605:{"property": "init", "value": "device does not exist", "qualifier": {"alias": "BWDPanel:14605", "code": "missing device"}}
2026-03-06 11:32:15 ERROR root remotelib error:IC142Panel:4611:{"property": "init", "value": "device does not exist", "qualifier": {"alias": "IC142Panel:4611", "code": "missing device"}}
2026-03-06 11:32:15 ERROR root remotelib error:LobbyPanel:4908:{"property": "init", "value": "device does not exist", "qualifier": {"alias": "LobbyPanel:4908", "code": "missing device"}}
2026-03-06 11:32:15 ERROR root remotelib error:IC144Panel:4908:{"property": "init", "value": "device does not exist", "qualifier": {"alias": "IC144Panel:4908", "code": "missing device"}}
2026-03-06 11:32:15 ERROR root remotelib error:BreakRmPanel:4909:{"property": "init", "value": "device does not exist", "qualifier": {"alias": "BreakRmPanel:4909", "code": "missing device"}}
2026-03-06 11:32:15 ERROR root remotelib error:IC143Panel:4611:{"property": "init", "value": "device does not exist", "qualifier": {"alias": "IC143Panel:4611", "code": "missing device"}}
2026-03-06 11:32:15 ERROR root remotelib error:IC144Panel:4608:{"property": "init", "value": "device does not exist", "qualifier": {"alias": "IC144Panel:4608", "code": "missing device"}}
2026-03-06 11:32:15 ERROR root remotelib error:IC142Panel:14611:{"property": "init", "value": "device does not exist", "qualifier": {"alias": "IC142Panel:14611", "code": "missing device"}}
2026-03-06 11:32:15 ERROR root remotelib error:IC143Panel:4861:{"property": "init", "value": "device does not exist", "qualifier": {"alias": "IC143Panel:4861", "code": "missing device"}}
2026-03-06 11:32:15 ERROR root remotelib error:IC144Panel:4858:{"property": "init", "value": "device does not exist", "qualifier": {"alias": "IC144Panel:4858", "code": "missing device"}}
2026-03-06 11:32:15 ERROR root remotelib error:BreakRmPanel:4859:{"property": "init", "value": "device does not exist", "qualifier": {"alias": "BreakRmPanel:4859", "code": "missing device"}}
2026-03-06 11:32:15 ERROR root remotelib error:IC142Panel:15110:{"property": "init", "value": "device does not exist", "qualifier": {"alias": "IC142Panel:15110", "code": "missing device"}}
2026-03-06 11:32:15 ERROR root remotelib error:LobbyPanel:4858:{"property": "init", "value": "device does not exist", "qualifier": {"alias": "LobbyPanel:4858", "code": "missing device"}}
2026-03-06 11:32:15 ERROR root remotelib error:HallPanel:4858:{"property": "init", "value": "device does not exist", "qualifier": {"alias": "HallPanel:4858", "code": "missing device"}}
2026-03-06 11:32:15 ERROR root remotelib error:HallPanel:4908:{"property": "init", "value": "device does not exist", "qualifier": {"alias": "HallPanel:4908", "code": "missing device"}}
2026-03-06 11:32:15 ERROR root remotelib error:HallPanel:4608:{"property": "init", "value": "device does not exist", "qualifier": {"alias": "HallPanel:4608", "code": "missing device"}}
2026-03-06 11:32:15 ERROR root remotelib error:IC142Panel:4761:{"property": "init", "value": "device does not exist", "qualifier": {"alias": "IC142Panel:4761", "code": "missing device"}}
2026-03-06 11:32:15 ERROR root remotelib error:IC144Panel:14608:{"property": "init", "value": "device does not exist", "qualifier": {"alias": "IC144Panel:14608", "code": "missing device"}}
2026-03-06 11:32:15 ERROR root remotelib error:BreakRmPanel:14609:{"property": "init", "value": "device does not exist", "qualifier": {"alias": "BreakRmPanel:14609", "code": "missing device"}}
2026-03-06 11:32:15 ERROR root remotelib error:IC143Panel:14611:{"property": "init", "value": "device does not exist", "qualifier": {"alias": "IC143Panel:14611", "code": "missing device"}}
2026-03-06 11:32:15 ERROR root remotelib error:LobbyPanel:4608:{"property": "init", "value": "device does not exist", "qualifier": {"alias": "LobbyPanel:4608", "code": "missing device"}}
2026-03-06 11:32:15 ERROR root remotelib error:IC143Panel:15110:{"property": "init", "value": "device does not exist", "qualifier": {"alias": "IC143Panel:15110", "code": "missing device"}}
2026-03-06 11:32:15 ERROR root remotelib error:IC144Panel:15107:{"property": "init", "value": "device does not exist", "qualifier": {"alias": "IC144Panel:15107", "code": "missing device"}}
2026-03-06 11:32:15 ERROR root remotelib error:BreakRmPanel:15108:{"property": "init", "value": "device does not exist", "qualifier": {"alias": "BreakRmPanel:15108", "code": "missing device"}}
2026-03-06 11:32:15 ERROR root remotelib error:BWDPanel:4906:{"property": "init", "value": "device does not exist", "qualifier": {"alias": "BWDPanel:4906", "code": "missing device"}}
2026-03-06 11:32:15 ERROR root remotelib error:BWDPanel:4856:{"property": "init", "value": "device does not exist", "qualifier": {"alias": "BWDPanel:4856", "code": "missing device"}}
2026-03-06 11:32:15 ERROR root remotelib error:HallPanel:15107:{"property": "init", "value": "device does not exist", "qualifier": {"alias": "HallPanel:15107", "code": "missing device"}}
2026-03-06 11:32:15 ERROR root remotelib error:LobbyPanel:15107:{"property": "init", "value": "device does not exist", "qualifier": {"alias": "LobbyPanel:15107", "code": "missing device"}}
2026-03-06 11:32:15 ERROR root remotelib error:HallPanel:14608:{"property": "init", "value": "device does not exist", "qualifier": {"alias": "HallPanel:14608", "code": "missing device"}}
2026-03-06 11:32:15 ERROR root remotelib error:IC142Panel:4862:{"property": "init", "value": "device does not exist", "qualifier": {"alias": "IC142Panel:4862", "code": "missing device"}}
2026-03-06 11:32:15 ERROR root remotelib error:IC144Panel:4758:{"property": "init", "value": "device does not exist", "qualifier": {"alias": "IC144Panel:4758", "code": "missing device"}}
2026-03-06 11:32:15 ERROR root remotelib error:LobbyPanel:14608:{"property": "init", "value": "device does not exist", "qualifier": {"alias": "LobbyPanel:14608", "code": "missing device"}}
2026-03-06 11:32:15 ERROR root remotelib error:IC142Panel:4912:{"property": "init", "value": "device does not exist", "qualifier": {"alias": "IC142Panel:4912", "code": "missing device"}}
2026-03-06 11:32:15 ERROR root remotelib error:IC143Panel:4761:{"property": "init", "value": "device does not exist", "qualifier": {"alias": "IC143Panel:4761", "code": "missing device"}}
2026-03-06 11:32:15 ERROR root remotelib error:IC142Panel:4612:{"property": "init", "value": "device does not exist", "qualifier": {"alias": "IC142Panel:4612", "code": "missing device"}}
2026-03-06 11:32:15 ERROR root remotelib error:LobbyPanel:4758:{"property": "init", "value": "device does not exist", "qualifier": {"alias": "LobbyPanel:4758", "code": "missing device"}}
2026-03-06 11:32:15 ERROR root remotelib error:BWDPanel:14606:{"property": "init", "value": "device does not exist", "qualifier": {"alias": "BWDPanel:14606", "code": "missing device"}}
2026-03-06 11:32:15 ERROR root remotelib error:BreakRmPanel:4910:{"property": "init", "value": "device does not exist", "qualifier": {"alias": "BreakRmPanel:4910", "code": "missing device"}}
2026-03-06 11:32:15 ERROR root remotelib error:BreakRmPanel:4860:{"property": "init", "value": "device does not exist", "qualifier": {"alias": "BreakRmPanel:4860", "code": "missing device"}}
2026-03-06 11:32:15 ERROR root remotelib error:IC143Panel:4862:{"property": "init", "value": "device does not exist", "qualifier": {"alias": "IC143Panel:4862", "code": "missing device"}}
2026-03-06 11:32:15 ERROR root remotelib error:LobbyPanel:4859:{"property": "init", "value": "device does not exist", "qualifier": {"alias": "LobbyPanel:4859", "code": "missing device"}}
2026-03-06 11:32:15 ERROR root remotelib error:IC144Panel:4859:{"property": "init", "value": "device does not exist", "qualifier": {"alias": "IC144Panel:4859", "code": "missing device"}}
2026-03-06 11:32:15 ERROR root remotelib error:LobbyPanel:4609:{"property": "init", "value": "device does not exist", "qualifier": {"alias": "LobbyPanel:4609", "code": "missing device"}}
2026-03-06 11:32:15 ERROR root remotelib error:IC143Panel:4612:{"property": "init", "value": "device does not exist", "qualifier": {"alias": "IC143Panel:4612", "code": "missing device"}}
2026-03-06 11:32:15 ERROR root remotelib error:LobbyPanel:4909:{"property": "init", "value": "device does not exist", "qualifier": {"alias": "LobbyPanel:4909", "code": "missing device"}}
2026-03-06 11:32:15 ERROR root remotelib error:IC143Panel:4912:{"property": "init", "value": "device does not exist", "qualifier": {"alias": "IC143Panel:4912", "code": "missing device"}}
2026-03-06 11:32:15 ERROR root remotelib error:IC144Panel:4909:{"property": "init", "value": "device does not exist", "qualifier": {"alias": "IC144Panel:4909", "code": "missing device"}}
2026-03-06 11:32:15 ERROR root remotelib error:IC142Panel:4762:{"property": "init", "value": "device does not exist", "qualifier": {"alias": "IC142Panel:4762", "code": "missing device"}}
2026-03-06 11:32:15 ERROR root remotelib error:HallPanel:4758:{"property": "init", "value": "device does not exist", "qualifier": {"alias": "HallPanel:4758", "code": "missing device"}}
2026-03-06 11:32:15 ERROR root remotelib error:IC142Panel:14612:{"property": "init", "value": "device does not exist", "qualifier": {"alias": "IC142Panel:14612", "code": "missing device"}}
2026-03-06 11:32:15 ERROR root remotelib error:HallPanel:4909:{"property": "init", "value": "device does not exist", "qualifier": {"alias": "HallPanel:4909", "code": "missing device"}}
2026-03-06 11:32:15 ERROR root remotelib error:BreakRmPanel:14610:{"property": "init", "value": "device does not exist", "qualifier": {"alias": "BreakRmPanel:14610", "code": "missing device"}}
2026-03-06 11:32:15 ERROR root remotelib error:HallPanel:4859:{"property": "init", "value": "device does not exist", "qualifier": {"alias": "HallPanel:4859", "code": "missing device"}}
2026-03-06 11:32:15 ERROR root remotelib error:IC142Panel:15111:{"property": "init", "value": "device does not exist", "qualifier": {"alias": "IC142Panel:15111", "code": "missing device"}}
2026-03-06 11:32:15 ERROR root remotelib error:LobbyPanel:15108:{"property": "init", "value": "device does not exist", "qualifier": {"alias": "LobbyPanel:15108", "code": "missing device"}}
2026-03-06 11:32:15 ERROR root remotelib error:IC144Panel:15108:{"property": "init", "value": "device does not exist", "qualifier": {"alias": "IC144Panel:15108", "code": "missing device"}}
2026-03-06 11:32:15 ERROR root remotelib error:IC144Panel:14609:{"property": "init", "value": "device does not exist", "qualifier": {"alias": "IC144Panel:14609", "code": "missing device"}}
2026-03-06 11:32:15 ERROR root remotelib error:IC142Panel:4913:{"property": "init", "value": "device does not exist", "qualifier": {"alias": "IC142Panel:4913", "code": "missing device"}}
2026-03-06 11:32:15 ERROR root remotelib error:LobbyPanel:4759:{"property": "init", "value": "device does not exist", "qualifier": {"alias": "LobbyPanel:4759", "code": "missing device"}}
2026-03-06 11:32:15 ERROR root remotelib error:IC143Panel:14612:{"property": "init", "value": "device does not exist", "qualifier": {"alias": "IC143Panel:14612", "code": "missing device"}}
2026-03-06 11:32:15 ERROR root remotelib error:IC143Panel:15111:{"property": "init", "value": "device does not exist", "qualifier": {"alias": "IC143Panel:15111", "code": "missing device"}}
2026-03-06 11:32:15 ERROR root remotelib error:IC143Panel:4762:{"property": "init", "value": "device does not exist", "qualifier": {"alias": "IC143Panel:4762", "code": "missing device"}}
2026-03-06 11:32:15 ERROR root remotelib error:HallPanel:14609:{"property": "init", "value": "device does not exist", "qualifier": {"alias": "HallPanel:14609", "code": "missing device"}}
2026-03-06 11:32:15 ERROR root remotelib error:HallPanel:4609:{"property": "init", "value": "device does not exist", "qualifier": {"alias": "HallPanel:4609", "code": "missing device"}}
2026-03-06 11:32:15 ERROR root remotelib error:BWDPanel:4907:{"property": "init", "value": "device does not exist", "qualifier": {"alias": "BWDPanel:4907", "code": "missing device"}}
2026-03-06 11:32:15 ERROR root remotelib error:LobbyPanel:14609:{"property": "init", "value": "device does not exist", "qualifier": {"alias": "LobbyPanel:14609", "code": "missing device"}}
2026-03-06 11:32:15 ERROR root remotelib error:HallPanel:15108:{"property": "init", "value": "device does not exist", "qualifier": {"alias": "HallPanel:15108", "code": "missing device"}}
2026-03-06 11:32:15 ERROR root remotelib error:IC142Panel:4613:{"property": "init", "value": "device does not exist", "qualifier": {"alias": "IC142Panel:4613", "code": "missing device"}}
2026-03-06 11:32:15 ERROR root remotelib error:IC142Panel:4863:{"property": "init", "value": "device does not exist", "qualifier": {"alias": "IC142Panel:4863", "code": "missing device"}}
2026-03-06 11:32:15 ERROR root remotelib error:BWDPanel:4857:{"property": "init", "value": "device does not exist", "qualifier": {"alias": "BWDPanel:4857", "code": "missing device"}}
2026-03-06 11:32:15 ERROR root remotelib error:HallPanel:4759:{"property": "init", "value": "device does not exist", "qualifier": {"alias": "HallPanel:4759", "code": "missing device"}}
2026-03-06 11:32:15 ERROR root remotelib error:IC143Panel:4913:{"property": "init", "value": "device does not exist", "qualifier": {"alias": "IC143Panel:4913", "code": "missing device"}}
2026-03-06 11:32:15 ERROR root remotelib error:IC144Panel:4910:{"property": "init", "value": "device does not exist", "qualifier": {"alias": "IC144Panel:4910", "code": "missing device"}}
2026-03-06 11:32:15 ERROR root remotelib error:LobbyPanel:4910:{"property": "init", "value": "device does not exist", "qualifier": {"alias": "LobbyPanel:4910", "code": "missing device"}}
2026-03-06 11:32:15 ERROR root remotelib error:BreakRmPanel:4911:{"property": "init", "value": "device does not exist", "qualifier": {"alias": "BreakRmPanel:4911", "code": "missing device"}}
2026-03-06 11:32:16 ERROR root remotelib error:IC144Panel:4610:{"property": "init", "value": "device does not exist", "qualifier": {"alias": "IC144Panel:4610", "code": "missing device"}}
2026-03-06 11:32:16 ERROR root remotelib error:BreakRmPanel:4861:{"property": "init", "value": "device does not exist", "qualifier": {"alias": "BreakRmPanel:4861", "code": "missing device"}}
2026-03-06 11:32:16 ERROR root remotelib error:LobbyPanel:4860:{"property": "init", "value": "device does not exist", "qualifier": {"alias": "LobbyPanel:4860", "code": "missing device"}}
2026-03-06 11:32:16 ERROR root remotelib error:IC144Panel:4860:{"property": "init", "value": "device does not exist", "qualifier": {"alias": "IC144Panel:4860", "code": "missing device"}}
2026-03-06 11:32:16 ERROR root remotelib error:IC142Panel:15112:{"property": "init", "value": "device does not exist", "qualifier": {"alias": "IC142Panel:15112", "code": "missing device"}}
2026-03-06 11:32:16 ERROR root remotelib error:IC143Panel:4613:{"property": "init", "value": "device does not exist", "qualifier": {"alias": "IC143Panel:4613", "code": "missing device"}}
2026-03-06 11:32:16 ERROR root remotelib error:IC142Panel:14613:{"property": "init", "value": "device does not exist", "qualifier": {"alias": "IC142Panel:14613", "code": "missing device"}}
2026-03-06 11:32:16 ERROR root remotelib error:LobbyPanel:4610:{"property": "init", "value": "device does not exist", "qualifier": {"alias": "LobbyPanel:4610", "code": "missing device"}}
2026-03-06 11:32:16 ERROR root remotelib error:BreakRmPanel:4611:{"property": "init", "value": "device does not exist", "qualifier": {"alias": "BreakRmPanel:4611", "code": "missing device"}}
2026-03-06 11:32:16 ERROR root remotelib error:BWDPanel:14607:{"property": "init", "value": "device does not exist", "qualifier": {"alias": "BWDPanel:14607", "code": "missing device"}}
2026-03-06 11:32:16 ERROR root remotelib error:IC143Panel:4863:{"property": "init", "value": "device does not exist", "qualifier": {"alias": "IC143Panel:4863", "code": "missing device"}}
2026-03-06 11:32:16 ERROR root remotelib error:HallPanel:4910:{"property": "init", "value": "device does not exist", "qualifier": {"alias": "HallPanel:4910", "code": "missing device"}}
2026-03-06 11:32:16 ERROR root remotelib error:HallPanel:4860:{"property": "init", "value": "device does not exist", "qualifier": {"alias": "HallPanel:4860", "code": "missing device"}}
2026-03-06 11:32:16 ERROR root remotelib error:LobbyPanel:14610:{"property": "init", "value": "device does not exist", "qualifier": {"alias": "LobbyPanel:14610", "code": "missing device"}}
2026-03-06 11:32:16 ERROR root remotelib error:BreakRmPanel:14611:{"property": "init", "value": "device does not exist", "qualifier": {"alias": "BreakRmPanel:14611", "code": "missing device"}}
2026-03-06 11:32:16 ERROR root remotelib error:IC144Panel:14610:{"property": "init", "value": "device does not exist", "qualifier": {"alias": "IC144Panel:14610", "code": "missing device"}}
2026-03-06 11:32:16 ERROR root remotelib error:IC142Panel:4763:{"property": "init", "value": "device does not exist", "qualifier": {"alias": "IC142Panel:4763", "code": "missing device"}}
2026-03-06 11:32:16 ERROR root remotelib error:HallPanel:4610:{"property": "init", "value": "device does not exist", "qualifier": {"alias": "HallPanel:4610", "code": "missing device"}}
2026-03-06 11:32:16 ERROR root remotelib error:BreakRmPanel:4761:{"property": "init", "value": "device does not exist", "qualifier": {"alias": "BreakRmPanel:4761", "code": "missing device"}}
2026-03-06 11:32:16 ERROR root remotelib error:IC143Panel:14613:{"property": "init", "value": "device does not exist", "qualifier": {"alias": "IC143Panel:14613", "code": "missing device"}}
2026-03-06 11:32:16 ERROR root remotelib error:LobbyPanel:15109:{"property": "init", "value": "device does not exist", "qualifier": {"alias": "LobbyPanel:15109", "code": "missing device"}}
2026-03-06 11:32:16 ERROR root remotelib error:IC144Panel:4760:{"property": "init", "value": "device does not exist", "qualifier": {"alias": "IC144Panel:4760", "code": "missing device"}}
2026-03-06 11:32:16 ERROR root remotelib error:IC143Panel:4763:{"property": "init", "value": "device does not exist", "qualifier": {"alias": "IC143Panel:4763", "code": "missing device"}}
2026-03-06 11:32:16 ERROR root remotelib error:IC142Panel:4914:{"property": "init", "value": "device does not exist", "qualifier": {"alias": "IC142Panel:4914", "code": "missing device"}}
2026-03-06 11:32:16 ERROR root remotelib error:BWDPanel:4908:{"property": "init", "value": "device does not exist", "qualifier": {"alias": "BWDPanel:4908", "code": "missing device"}}
2026-03-06 11:32:16 ERROR root remotelib error:BreakRmPanel:4912:{"property": "init", "value": "device does not exist", "qualifier": {"alias": "BreakRmPanel:4912", "code": "missing device"}}
2026-03-06 11:32:16 ERROR root remotelib error:LobbyPanel:4760:{"property": "init", "value": "device does not exist", "qualifier": {"alias": "LobbyPanel:4760", "code": "missing device"}}
2026-03-06 11:32:16 ERROR root remotelib error:LobbyPanel:4911:{"property": "init", "value": "device does not exist", "qualifier": {"alias": "LobbyPanel:4911", "code": "missing device"}}
2026-03-06 11:32:16 ERROR root remotelib error:IC143Panel:15112:{"property": "init", "value": "device does not exist", "qualifier": {"alias": "IC143Panel:15112", "code": "missing device"}}
2026-03-06 11:32:16 ERROR root remotelib error:HallPanel:14610:{"property": "init", "value": "device does not exist", "qualifier": {"alias": "HallPanel:14610", "code": "missing device"}}
2026-03-06 11:32:16 ERROR root remotelib error:BreakRmPanel:4862:{"property": "init", "value": "device does not exist", "qualifier": {"alias": "BreakRmPanel:4862", "code": "missing device"}}
2026-03-06 11:32:16 ERROR root remotelib error:IC142Panel:4864:{"property": "init", "value": "device does not exist", "qualifier": {"alias": "IC142Panel:4864", "code": "missing device"}}
2026-03-06 11:32:16 ERROR root remotelib error:BreakRmPanel:4612:{"property": "init", "value": "device does not exist", "qualifier": {"alias": "BreakRmPanel:4612", "code": "missing device"}}
2026-03-06 11:32:16 ERROR root remotelib error:BWDPanel:4858:{"property": "init", "value": "device does not exist", "qualifier": {"alias": "BWDPanel:4858", "code": "missing device"}}
2026-03-06 11:32:16 ERROR root remotelib error:LobbyPanel:4861:{"property": "init", "value": "device does not exist", "qualifier": {"alias": "LobbyPanel:4861", "code": "missing device"}}
2026-03-06 11:32:16 ERROR root remotelib error:HallPanel:4760:{"property": "init", "value": "device does not exist", "qualifier": {"alias": "HallPanel:4760", "code": "missing device"}}
2026-03-06 11:32:16 ERROR root remotelib error:IC144Panel:4861:{"property": "init", "value": "device does not exist", "qualifier": {"alias": "IC144Panel:4861", "code": "missing device"}}
2026-03-06 11:32:16 ERROR root remotelib error:IC143Panel:4864:{"property": "init", "value": "device does not exist", "qualifier": {"alias": "IC143Panel:4864", "code": "missing device"}}
2026-03-06 11:32:16 ERROR root remotelib error:HallPanel:15109:{"property": "init", "value": "device does not exist", "qualifier": {"alias": "HallPanel:15109", "code": "missing device"}}
2026-03-06 11:32:16 ERROR root remotelib error:IC144Panel:4911:{"property": "init", "value": "device does not exist", "qualifier": {"alias": "IC144Panel:4911", "code": "missing device"}}
2026-03-06 11:32:16 ERROR root remotelib error:IC142Panel:14614:{"property": "init", "value": "device does not exist", "qualifier": {"alias": "IC142Panel:14614", "code": "missing device"}}
2026-03-06 11:32:16 ERROR root remotelib error:HallPanel:4861:{"property": "init", "value": "device does not exist", "qualifier": {"alias": "HallPanel:4861", "code": "missing device"}}
2026-03-06 11:32:16 ERROR root remotelib error:BreakRmPanel:14612:{"property": "init", "value": "device does not exist", "qualifier": {"alias": "BreakRmPanel:14612", "code": "missing device"}}
2026-03-06 11:32:16 ERROR root remotelib error:IC143Panel:4914:{"property": "init", "value": "device does not exist", "qualifier": {"alias": "IC143Panel:4914", "code": "missing device"}}
2026-03-06 11:32:16 ERROR root remotelib error:BWDPanel:14608:{"property": "init", "value": "device does not exist", "qualifier": {"alias": "BWDPanel:14608", "code": "missing device"}}
2026-03-06 11:32:16 ERROR root remotelib error:IC144Panel:4611:{"property": "init", "value": "device does not exist", "qualifier": {"alias": "IC144Panel:4611", "code": "missing device"}}
2026-03-06 11:32:16 ERROR root remotelib error:HallPanel:4911:{"property": "init", "value": "device does not exist", "qualifier": {"alias": "HallPanel:4911", "code": "missing device"}}
2026-03-06 11:32:16 ERROR root remotelib error:LobbyPanel:14611:{"property": "init", "value": "device does not exist", "qualifier": {"alias": "LobbyPanel:14611", "code": "missing device"}}
2026-03-06 11:32:16 ERROR root remotelib error:IC142Panel:15113:{"property": "init", "value": "device does not exist", "qualifier": {"alias": "IC142Panel:15113", "code": "missing device"}}
2026-03-06 11:32:16 ERROR root remotelib error:IC143Panel:14614:{"property": "init", "value": "device does not exist", "qualifier": {"alias": "IC143Panel:14614", "code": "missing device"}}
2026-03-06 11:32:16 ERROR root remotelib error:BreakRmPanel:15111:{"property": "init", "value": "device does not exist", "qualifier": {"alias": "BreakRmPanel:15111", "code": "missing device"}}
2026-03-06 11:32:16 ERROR root remotelib error:BreakRmPanel:4762:{"property": "init", "value": "device does not exist", "qualifier": {"alias": "BreakRmPanel:4762", "code": "missing device"}}
2026-03-06 11:32:16 ERROR root remotelib error:IC144Panel:14611:{"property": "init", "value": "device does not exist", "qualifier": {"alias": "IC144Panel:14611", "code": "missing device"}}
2026-03-06 11:32:16 ERROR root remotelib error:BWDPanel:4909:{"property": "init", "value": "device does not exist", "qualifier": {"alias": "BWDPanel:4909", "code": "missing device"}}
2026-03-06 11:32:16 ERROR root remotelib error:IC142Panel:4865:{"property": "init", "value": "device does not exist", "qualifier": {"alias": "IC142Panel:4865", "code": "missing device"}}
2026-03-06 11:32:16 ERROR root remotelib error:IC142Panel:4915:{"property": "init", "value": "device does not exist", "qualifier": {"alias": "IC142Panel:4915", "code": "missing device"}}
2026-03-06 11:32:16 ERROR root remotelib error:IC144Panel:15110:{"property": "init", "value": "device does not exist", "qualifier": {"alias": "IC144Panel:15110", "code": "missing device"}}
2026-03-06 11:32:16 ERROR root remotelib error:BreakRmPanel:4863:{"property": "init", "value": "device does not exist", "qualifier": {"alias": "BreakRmPanel:4863", "code": "missing device"}}
2026-03-06 11:32:16 ERROR root remotelib error:BWDPanel:4859:{"property": "init", "value": "device does not exist", "qualifier": {"alias": "BWDPanel:4859", "code": "missing device"}}
2026-03-06 11:32:16 ERROR root remotelib error:IC144Panel:4761:{"property": "init", "value": "device does not exist", "qualifier": {"alias": "IC144Panel:4761", "code": "missing device"}}
2026-03-06 11:32:16 ERROR root remotelib error:IC143Panel:15113:{"property": "init", "value": "device does not exist", "qualifier": {"alias": "IC143Panel:15113", "code": "missing device"}}
2026-03-06 11:32:16 ERROR root remotelib error:BreakRmPanel:4913:{"property": "init", "value": "device does not exist", "qualifier": {"alias": "BreakRmPanel:4913", "code": "missing device"}}
2026-03-06 11:32:16 ERROR root remotelib error:HallPanel:14611:{"property": "init", "value": "device does not exist", "qualifier": {"alias": "HallPanel:14611", "code": "missing device"}}
2026-03-06 11:32:16 ERROR root remotelib error:LobbyPanel:4862:{"property": "init", "value": "device does not exist", "qualifier": {"alias": "LobbyPanel:4862", "code": "missing device"}}
2026-03-06 11:32:16 ERROR root remotelib error:LobbyPanel:4912:{"property": "init", "value": "device does not exist", "qualifier": {"alias": "LobbyPanel:4912", "code": "missing device"}}
2026-03-06 11:32:16 ERROR root remotelib error:BreakRmPanel:4613:{"property": "init", "value": "device does not exist", "qualifier": {"alias": "BreakRmPanel:4613", "code": "missing device"}}
2026-03-06 11:32:16 ERROR root remotelib error:BWDPanel:14609:{"property": "init", "value": "device does not exist", "qualifier": {"alias": "BWDPanel:14609", "code": "missing device"}}
2026-03-06 11:32:16 ERROR root remotelib error:IC142Panel:14615:{"property": "init", "value": "device does not exist", "qualifier": {"alias": "IC142Panel:14615", "code": "missing device"}}
2026-03-06 11:32:16 ERROR root remotelib error:IC143Panel:4915:{"property": "init", "value": "device does not exist", "qualifier": {"alias": "IC143Panel:4915", "code": "missing device"}}
2026-03-06 11:32:16 ERROR root remotelib error:IC144Panel:4912:{"property": "init", "value": "device does not exist", "qualifier": {"alias": "IC144Panel:4912", "code": "missing device"}}
2026-03-06 11:32:16 ERROR root remotelib error:IC142Panel:15114:{"property": "init", "value": "device does not exist", "qualifier": {"alias": "IC142Panel:15114", "code": "missing device"}}
2026-03-06 11:32:16 ERROR root remotelib error:IC143Panel:4865:{"property": "init", "value": "device does not exist", "qualifier": {"alias": "IC143Panel:4865", "code": "missing device"}}
2026-03-06 11:32:16 ERROR root remotelib error:LobbyPanel:4612:{"property": "init", "value": "device does not exist", "qualifier": {"alias": "LobbyPanel:4612", "code": "missing device"}}
2026-03-06 11:32:16 ERROR root remotelib error:HallPanel:4862:{"property": "init", "value": "device does not exist", "qualifier": {"alias": "HallPanel:4862", "code": "missing device"}}
2026-03-06 11:32:16 ERROR root remotelib error:IC144Panel:4862:{"property": "init", "value": "device does not exist", "qualifier": {"alias": "IC144Panel:4862", "code": "missing device"}}
2026-03-06 11:32:16 ERROR root remotelib error:HallPanel:4912:{"property": "init", "value": "device does not exist", "qualifier": {"alias": "HallPanel:4912", "code": "missing device"}}
2026-03-06 11:32:16 ERROR root remotelib error:BreakRmPanel:15112:{"property": "init", "value": "device does not exist", "qualifier": {"alias": "BreakRmPanel:15112", "code": "missing device"}}
2026-03-06 11:32:16 ERROR root remotelib error:BreakRmPanel:14613:{"property": "init", "value": "device does not exist", "qualifier": {"alias": "BreakRmPanel:14613", "code": "missing device"}}
2026-03-06 11:32:16 ERROR root remotelib error:IC144Panel:4612:{"property": "init", "value": "device does not exist", "qualifier": {"alias": "IC144Panel:4612", "code": "missing device"}}
2026-03-06 11:32:16 ERROR root remotelib error:BWDPanel:4860:{"property": "init", "value": "device does not exist", "qualifier": {"alias": "BWDPanel:4860", "code": "missing device"}}
2026-03-06 11:32:16 ERROR root remotelib error:LobbyPanel:15111:{"property": "init", "value": "device does not exist", "qualifier": {"alias": "LobbyPanel:15111", "code": "missing device"}}
2026-03-06 11:32:16 ERROR root remotelib error:BWDPanel:4910:{"property": "init", "value": "device does not exist", "qualifier": {"alias": "BWDPanel:4910", "code": "missing device"}}
2026-03-06 11:32:16 ERROR root remotelib error:IC144Panel:14612:{"property": "init", "value": "device does not exist", "qualifier": {"alias": "IC144Panel:14612", "code": "missing device"}}
2026-03-06 11:32:16 ERROR root remotelib error:LobbyPanel:14612:{"property": "init", "value": "device does not exist", "qualifier": {"alias": "LobbyPanel:14612", "code": "missing device"}}
2026-03-06 11:32:16 ERROR root remotelib error:BreakRmPanel:4763:{"property": "init", "value": "device does not exist", "qualifier": {"alias": "BreakRmPanel:4763", "code": "missing device"}}
2026-03-06 11:32:16 ERROR root remotelib error:HallPanel:4612:{"property": "init", "value": "device does not exist", "qualifier": {"alias": "HallPanel:4612", "code": "missing device"}}
2026-03-06 11:32:16 ERROR root remotelib error:IC143Panel:14615:{"property": "init", "value": "device does not exist", "qualifier": {"alias": "IC143Panel:14615", "code": "missing device"}}
2026-03-06 11:32:16 ERROR root remotelib error:HallPanel:4762:{"property": "init", "value": "device does not exist", "qualifier": {"alias": "HallPanel:4762", "code": "missing device"}}
2026-03-06 11:32:16 ERROR root remotelib error:IC144Panel:15111:{"property": "init", "value": "device does not exist", "qualifier": {"alias": "IC144Panel:15111", "code": "missing device"}}
2026-03-06 11:32:16 ERROR root remotelib error:IC143Panel:15114:{"property": "init", "value": "device does not exist", "qualifier": {"alias": "IC143Panel:15114", "code": "missing device"}}
2026-03-06 11:32:16 ERROR root remotelib error:HallPanel:15111:{"property": "init", "value": "device does not exist", "qualifier": {"alias": "HallPanel:15111", "code": "missing device"}}
2026-03-06 11:32:16 ERROR root remotelib error:IC142Panel:4866:{"property": "init", "value": "device does not exist", "qualifier": {"alias": "IC142Panel:4866", "code": "missing device"}}
2026-03-06 11:32:16 ERROR root remotelib error:BreakRmPanel:4914:{"property": "init", "value": "device does not exist", "qualifier": {"alias": "BreakRmPanel:4914", "code": "missing device"}}
2026-03-06 11:32:16 ERROR root remotelib error:HallPanel:14612:{"property": "init", "value": "device does not exist", "qualifier": {"alias": "HallPanel:14612", "code": "missing device"}}
2026-03-06 11:32:16 ERROR root remotelib error:BWDPanel:14610:{"property": "init", "value": "device does not exist", "qualifier": {"alias": "BWDPanel:14610", "code": "missing device"}}
2026-03-06 11:32:16 ERROR root remotelib error:LobbyPanel:4762:{"property": "init", "value": "device does not exist", "qualifier": {"alias": "LobbyPanel:4762", "code": "missing device"}}
2026-03-06 11:32:16 ERROR root remotelib error:IC142Panel:4916:{"property": "init", "value": "device does not exist", "qualifier": {"alias": "IC142Panel:4916", "code": "missing device"}}
2026-03-06 11:32:16 ERROR root remotelib error:LobbyPanel:4863:{"property": "init", "value": "device does not exist", "qualifier": {"alias": "LobbyPanel:4863", "code": "missing device"}}
2026-03-06 11:32:16 ERROR root remotelib error:IC144Panel:4762:{"property": "init", "value": "device does not exist", "qualifier": {"alias": "IC144Panel:4762", "code": "missing device"}}
2026-03-06 11:32:16 ERROR root remotelib error:IC143Panel:4916:{"property": "init", "value": "device does not exist", "qualifier": {"alias": "IC143Panel:4916", "code": "missing device"}}
2026-03-06 11:32:16 ERROR root remotelib error:BreakRmPanel:4614:{"property": "init", "value": "device does not exist", "qualifier": {"alias": "BreakRmPanel:4614", "code": "missing device"}}
2026-03-06 11:32:16 ERROR root remotelib error:IC143Panel:4866:{"property": "init", "value": "device does not exist", "qualifier": {"alias": "IC143Panel:4866", "code": "missing device"}}
2026-03-06 11:32:16 ERROR root remotelib error:LobbyPanel:4913:{"property": "init", "value": "device does not exist", "qualifier": {"alias": "LobbyPanel:4913", "code": "missing device"}}
2026-03-06 11:32:16 ERROR root remotelib error:IC142Panel:15115:{"property": "init", "value": "device does not exist", "qualifier": {"alias": "IC142Panel:15115", "code": "missing device"}}
2026-03-06 11:32:16 ERROR root remotelib error:BreakRmPanel:4864:{"property": "init", "value": "device does not exist", "qualifier": {"alias": "BreakRmPanel:4864", "code": "missing device"}}
2026-03-06 11:32:16 ERROR root remotelib error:IC142Panel:14616:{"property": "init", "value": "device does not exist", "qualifier": {"alias": "IC142Panel:14616", "code": "missing device"}}
2026-03-06 11:32:16 ERROR root remotelib error:IC144Panel:4913:{"property": "init", "value": "device does not exist", "qualifier": {"alias": "IC144Panel:4913", "code": "missing device"}}
2026-03-06 11:32:16 ERROR root remotelib error:HallPanel:4913:{"property": "init", "value": "device does not exist", "qualifier": {"alias": "HallPanel:4913", "code": "missing device"}}
2026-03-06 11:32:16 ERROR root remotelib error:IC144Panel:4863:{"property": "init", "value": "device does not exist", "qualifier": {"alias": "IC144Panel:4863", "code": "missing device"}}
2026-03-06 11:32:16 ERROR root remotelib error:BreakRmPanel:14614:{"property": "init", "value": "device does not exist", "qualifier": {"alias": "BreakRmPanel:14614", "code": "missing device"}}
2026-03-06 11:32:16 ERROR root remotelib error:BreakRmPanel:15113:{"property": "init", "value": "device does not exist", "qualifier": {"alias": "BreakRmPanel:15113", "code": "missing device"}}
2026-03-06 11:32:16 ERROR root remotelib error:HallPanel:4863:{"property": "init", "value": "device does not exist", "qualifier": {"alias": "HallPanel:4863", "code": "missing device"}}
2026-03-06 11:32:16 ERROR root remotelib error:BWDPanel:4861:{"property": "init", "value": "device does not exist", "qualifier": {"alias": "BWDPanel:4861", "code": "missing device"}}
2026-03-06 11:32:16 ERROR root remotelib error:LobbyPanel:4613:{"property": "init", "value": "device does not exist", "qualifier": {"alias": "LobbyPanel:4613", "code": "missing device"}}
2026-03-06 11:32:16 ERROR root remotelib error:HallPanel:4613:{"property": "init", "value": "device does not exist", "qualifier": {"alias": "HallPanel:4613", "code": "missing device"}}
2026-03-06 11:32:16 ERROR root remotelib error:IC144Panel:4613:{"property": "init", "value": "device does not exist", "qualifier": {"alias": "IC144Panel:4613", "code": "missing device"}}
2026-03-06 11:32:16 ERROR root remotelib error:BreakRmPanel:4764:{"property": "init", "value": "device does not exist", "qualifier": {"alias": "BreakRmPanel:4764", "code": "missing device"}}
2026-03-06 11:32:16 ERROR root remotelib error:LobbyPanel:15112:{"property": "init", "value": "device does not exist", "qualifier": {"alias": "LobbyPanel:15112", "code": "missing device"}}
2026-03-06 11:32:16 ERROR root remotelib error:HallPanel:14613:{"property": "init", "value": "device does not exist", "qualifier": {"alias": "HallPanel:14613", "code": "missing device"}}
2026-03-06 11:32:16 ERROR root remotelib error:IC143Panel:14616:{"property": "init", "value": "device does not exist", "qualifier": {"alias": "IC143Panel:14616", "code": "missing device"}}
2026-03-06 11:32:16 ERROR root remotelib error:BWDPanel:4911:{"property": "init", "value": "device does not exist", "qualifier": {"alias": "BWDPanel:4911", "code": "missing device"}}
2026-03-06 11:32:16 ERROR root remotelib error:IC143Panel:15115:{"property": "init", "value": "device does not exist", "qualifier": {"alias": "IC143Panel:15115", "code": "missing device"}}
2026-03-06 11:32:16 ERROR root remotelib error:IC144Panel:14613:{"property": "init", "value": "device does not exist", "qualifier": {"alias": "IC144Panel:14613", "code": "missing device"}}
2026-03-06 11:32:16 ERROR root remotelib error:LobbyPanel:14613:{"property": "init", "value": "device does not exist", "qualifier": {"alias": "LobbyPanel:14613", "code": "missing device"}}
2026-03-06 11:32:16 ERROR root remotelib error:HallPanel:15112:{"property": "init", "value": "device does not exist", "qualifier": {"alias": "HallPanel:15112", "code": "missing device"}}
2026-03-06 11:32:16 ERROR root remotelib error:IC142Panel:4867:{"property": "init", "value": "device does not exist", "qualifier": {"alias": "IC142Panel:4867", "code": "missing device"}}
2026-03-06 11:32:16 ERROR root remotelib error:IC144Panel:15112:{"property": "init", "value": "device does not exist", "qualifier": {"alias": "IC144Panel:15112", "code": "missing device"}}
2026-03-06 11:32:16 ERROR root remotelib error:BWDPanel:14611:{"property": "init", "value": "device does not exist", "qualifier": {"alias": "BWDPanel:14611", "code": "missing device"}}
2026-03-06 11:32:16 ERROR root remotelib error:IC142Panel:4917:{"property": "init", "value": "device does not exist", "qualifier": {"alias": "IC142Panel:4917", "code": "missing device"}}
2026-03-06 11:32:16 ERROR root remotelib error:BreakRmPanel:4915:{"property": "init", "value": "device does not exist", "qualifier": {"alias": "BreakRmPanel:4915", "code": "missing device"}}
2026-03-06 11:32:16 ERROR root remotelib error:BreakRmPanel:4615:{"property": "init", "value": "device does not exist", "qualifier": {"alias": "BreakRmPanel:4615", "code": "missing device"}}
2026-03-06 11:32:16 ERROR root remotelib error:IC144Panel:4763:{"property": "init", "value": "device does not exist", "qualifier": {"alias": "IC144Panel:4763", "code": "missing device"}}
2026-03-06 11:32:16 ERROR root remotelib error:BreakRmPanel:4865:{"property": "init", "value": "device does not exist", "qualifier": {"alias": "BreakRmPanel:4865", "code": "missing device"}}
2026-03-06 11:32:16 ERROR root remotelib error:HallPanel:4763:{"property": "init", "value": "device does not exist", "qualifier": {"alias": "HallPanel:4763", "code": "missing device"}}
2026-03-06 11:32:17 ERROR root remotelib error:LobbyPanel:4763:{"property": "init", "value": "device does not exist", "qualifier": {"alias": "LobbyPanel:4763", "code": "missing device"}}
2026-03-06 11:32:17 ERROR root remotelib error:BreakRmPanel:14615:{"property": "init", "value": "device does not exist", "qualifier": {"alias": "BreakRmPanel:14615", "code": "missing device"}}
2026-03-06 11:32:17 ERROR root remotelib error:IC143Panel:4917:{"property": "init", "value": "device does not exist", "qualifier": {"alias": "IC143Panel:4917", "code": "missing device"}}
2026-03-06 11:32:17 ERROR root remotelib error:IC143Panel:4867:{"property": "init", "value": "device does not exist", "qualifier": {"alias": "IC143Panel:4867", "code": "missing device"}}
2026-03-06 11:32:17 ERROR root remotelib error:IC144Panel:4914:{"property": "init", "value": "device does not exist", "qualifier": {"alias": "IC144Panel:4914", "code": "missing device"}}
2026-03-06 11:32:17 ERROR root remotelib error:IC144Panel:4864:{"property": "init", "value": "device does not exist", "qualifier": {"alias": "IC144Panel:4864", "code": "missing device"}}
2026-03-06 11:32:17 ERROR root remotelib error:LobbyPanel:4614:{"property": "init", "value": "device does not exist", "qualifier": {"alias": "LobbyPanel:4614", "code": "missing device"}}
2026-03-06 11:32:17 ERROR root remotelib error:HallPanel:4914:{"property": "init", "value": "device does not exist", "qualifier": {"alias": "HallPanel:4914", "code": "missing device"}}
2026-03-06 11:32:17 ERROR root remotelib error:IC142Panel:15116:{"property": "init", "value": "device does not exist", "qualifier": {"alias": "IC142Panel:15116", "code": "missing device"}}
2026-03-06 11:32:17 ERROR root remotelib error:IC142Panel:14617:{"property": "init", "value": "device does not exist", "qualifier": {"alias": "IC142Panel:14617", "code": "missing device"}}
2026-03-06 11:32:17 ERROR root remotelib error:IC143Panel:14617:{"property": "init", "value": "device does not exist", "qualifier": {"alias": "IC143Panel:14617", "code": "missing device"}}
2026-03-06 11:32:17 ERROR root remotelib error:BreakRmPanel:15114:{"property": "init", "value": "device does not exist", "qualifier": {"alias": "BreakRmPanel:15114", "code": "missing device"}}
2026-03-06 11:32:17 ERROR root remotelib error:LobbyPanel:4864:{"property": "init", "value": "device does not exist", "qualifier": {"alias": "LobbyPanel:4864", "code": "missing device"}}
2026-03-06 11:32:17 ERROR root remotelib error:HallPanel:4864:{"property": "init", "value": "device does not exist", "qualifier": {"alias": "HallPanel:4864", "code": "missing device"}}
2026-03-06 11:32:17 ERROR root remotelib error:HallPanel:4614:{"property": "init", "value": "device does not exist", "qualifier": {"alias": "HallPanel:4614", "code": "missing device"}}
2026-03-06 11:32:17 ERROR root remotelib error:LobbyPanel:4914:{"property": "init", "value": "device does not exist", "qualifier": {"alias": "LobbyPanel:4914", "code": "missing device"}}
2026-03-06 11:32:17 ERROR root remotelib error:BWDPanel:4912:{"property": "init", "value": "device does not exist", "qualifier": {"alias": "BWDPanel:4912", "code": "missing device"}}
2026-03-06 11:32:17 ERROR root remotelib error:HallPanel:14614:{"property": "init", "value": "device does not exist", "qualifier": {"alias": "HallPanel:14614", "code": "missing device"}}
2026-03-06 11:32:17 ERROR root remotelib error:IC143Panel:15116:{"property": "init", "value": "device does not exist", "qualifier": {"alias": "IC143Panel:15116", "code": "missing device"}}
2026-03-06 11:32:17 ERROR root remotelib error:BreakRmPanel:4765:{"property": "init", "value": "device does not exist", "qualifier": {"alias": "BreakRmPanel:4765", "code": "missing device"}}
2026-03-06 11:32:17 ERROR root remotelib error:BWDPanel:4862:{"property": "init", "value": "device does not exist", "qualifier": {"alias": "BWDPanel:4862", "code": "missing device"}}
2026-03-06 11:32:17 ERROR root remotelib error:HallPanel:15113:{"property": "init", "value": "device does not exist", "qualifier": {"alias": "HallPanel:15113", "code": "missing device"}}
2026-03-06 11:32:17 ERROR root remotelib error:IC144Panel:14614:{"property": "init", "value": "device does not exist", "qualifier": {"alias": "IC144Panel:14614", "code": "missing device"}}
2026-03-06 11:32:17 ERROR root remotelib error:BreakRmPanel:4916:{"property": "init", "value": "device does not exist", "qualifier": {"alias": "BreakRmPanel:4916", "code": "missing device"}}
2026-03-06 11:32:17 ERROR root remotelib error:BreakRmPanel:4866:{"property": "init", "value": "device does not exist", "qualifier": {"alias": "BreakRmPanel:4866", "code": "missing device"}}
2026-03-06 11:32:17 ERROR root remotelib error:IC144Panel:15113:{"property": "init", "value": "device does not exist", "qualifier": {"alias": "IC144Panel:15113", "code": "missing device"}}
2026-03-06 11:32:17 ERROR root remotelib error:IC143Panel:4918:{"property": "init", "value": "device does not exist", "qualifier": {"alias": "IC143Panel:4918", "code": "missing device"}}
2026-03-06 11:32:17 ERROR root remotelib error:IC143Panel:4868:{"property": "init", "value": "device does not exist", "qualifier": {"alias": "IC143Panel:4868", "code": "missing device"}}
2026-03-06 11:32:17 ERROR root remotelib error:BreakRmPanel:4616:{"property": "init", "value": "device does not exist", "qualifier": {"alias": "BreakRmPanel:4616", "code": "missing device"}}
2026-03-06 11:32:17 ERROR root remotelib error:HallPanel:4764:{"property": "init", "value": "device does not exist", "qualifier": {"alias": "HallPanel:4764", "code": "missing device"}}
2026-03-06 11:32:17 ERROR root remotelib error:IC142Panel:4868:{"property": "init", "value": "device does not exist", "qualifier": {"alias": "IC142Panel:4868", "code": "missing device"}}
2026-03-06 11:32:17 ERROR root remotelib error:IC142Panel:4918:{"property": "init", "value": "device does not exist", "qualifier": {"alias": "IC142Panel:4918", "code": "missing device"}}
2026-03-06 11:32:17 ERROR root remotelib error:HallPanel:4915:{"property": "init", "value": "device does not exist", "qualifier": {"alias": "HallPanel:4915", "code": "missing device"}}
2026-03-06 11:32:17 ERROR root remotelib error:LobbyPanel:14614:{"property": "init", "value": "device does not exist", "qualifier": {"alias": "LobbyPanel:14614", "code": "missing device"}}
2026-03-06 11:32:17 ERROR root remotelib error:HallPanel:4865:{"property": "init", "value": "device does not exist", "qualifier": {"alias": "HallPanel:4865", "code": "missing device"}}
2026-03-06 11:32:17 ERROR root remotelib error:BWDPanel:14612:{"property": "init", "value": "device does not exist", "qualifier": {"alias": "BWDPanel:14612", "code": "missing device"}}
2026-03-06 11:32:17 ERROR root remotelib error:LobbyPanel:15113:{"property": "init", "value": "device does not exist", "qualifier": {"alias": "LobbyPanel:15113", "code": "missing device"}}
2026-03-06 11:32:17 ERROR root remotelib error:IC144Panel:4915:{"property": "init", "value": "device does not exist", "qualifier": {"alias": "IC144Panel:4915", "code": "missing device"}}
2026-03-06 11:32:17 ERROR root remotelib error:IC144Panel:4865:{"property": "init", "value": "device does not exist", "qualifier": {"alias": "IC144Panel:4865", "code": "missing device"}}
2026-03-06 11:32:17 ERROR root remotelib error:BreakRmPanel:15115:{"property": "init", "value": "device does not exist", "qualifier": {"alias": "BreakRmPanel:15115", "code": "missing device"}}
2026-03-06 11:32:17 ERROR root remotelib error:BreakRmPanel:14616:{"property": "init", "value": "device does not exist", "qualifier": {"alias": "BreakRmPanel:14616", "code": "missing device"}}
2026-03-06 11:32:17 ERROR root remotelib error:IC143Panel:14618:{"property": "init", "value": "device does not exist", "qualifier": {"alias": "IC143Panel:14618", "code": "missing device"}}
2026-03-06 11:32:17 ERROR root remotelib error:LobbyPanel:4764:{"property": "init", "value": "device does not exist", "qualifier": {"alias": "LobbyPanel:4764", "code": "missing device"}}
2026-03-06 11:32:17 ERROR root remotelib error:HallPanel:14615:{"property": "init", "value": "device does not exist", "qualifier": {"alias": "HallPanel:14615", "code": "missing device"}}
2026-03-06 11:32:17 ERROR root remotelib error:BreakRmPanel:4766:{"property": "init", "value": "device does not exist", "qualifier": {"alias": "BreakRmPanel:4766", "code": "missing device"}}
2026-03-06 11:32:17 ERROR root remotelib error:BreakRmPanel:4867:{"property": "init", "value": "device does not exist", "qualifier": {"alias": "BreakRmPanel:4867", "code": "missing device"}}
2026-03-06 11:32:17 ERROR root remotelib error:HallPanel:4615:{"property": "init", "value": "device does not exist", "qualifier": {"alias": "HallPanel:4615", "code": "missing device"}}
2026-03-06 11:32:17 ERROR root remotelib error:IC144Panel:15114:{"property": "init", "value": "device does not exist", "qualifier": {"alias": "IC144Panel:15114", "code": "missing device"}}
2026-03-06 11:32:17 ERROR root remotelib error:HallPanel:4765:{"property": "init", "value": "device does not exist", "qualifier": {"alias": "HallPanel:4765", "code": "missing device"}}
2026-03-06 11:32:17 ERROR root remotelib error:IC144Panel:14615:{"property": "init", "value": "device does not exist", "qualifier": {"alias": "IC144Panel:14615", "code": "missing device"}}
2026-03-06 11:32:17 ERROR root remotelib error:LobbyPanel:4865:{"property": "init", "value": "device does not exist", "qualifier": {"alias": "LobbyPanel:4865", "code": "missing device"}}
2026-03-06 11:32:17 ERROR root remotelib error:IC142Panel:14618:{"property": "init", "value": "device does not exist", "qualifier": {"alias": "IC142Panel:14618", "code": "missing device"}}
2026-03-06 11:32:17 ERROR root remotelib error:HallPanel:15114:{"property": "init", "value": "device does not exist", "qualifier": {"alias": "HallPanel:15114", "code": "missing device"}}
2026-03-06 11:32:17 ERROR root remotelib error:BWDPanel:4913:{"property": "init", "value": "device does not exist", "qualifier": {"alias": "BWDPanel:4913", "code": "missing device"}}
2026-03-06 11:32:17 ERROR root remotelib error:BreakRmPanel:4917:{"property": "init", "value": "device does not exist", "qualifier": {"alias": "BreakRmPanel:4917", "code": "missing device"}}
2026-03-06 11:32:17 ERROR root remotelib error:BWDPanel:4863:{"property": "init", "value": "device does not exist", "qualifier": {"alias": "BWDPanel:4863", "code": "missing device"}}
2026-03-06 11:32:17 ERROR root remotelib error:LobbyPanel:4915:{"property": "init", "value": "device does not exist", "qualifier": {"alias": "LobbyPanel:4915", "code": "missing device"}}
2026-03-06 11:32:17 ERROR root remotelib error:HallPanel:4866:{"property": "init", "value": "device does not exist", "qualifier": {"alias": "HallPanel:4866", "code": "missing device"}}
2026-03-06 11:32:17 ERROR root remotelib error:IC143Panel:4919:{"property": "init", "value": "device does not exist", "qualifier": {"alias": "IC143Panel:4919", "code": "missing device"}}
2026-03-06 11:32:17 ERROR root remotelib error:BreakRmPanel:4617:{"property": "init", "value": "device does not exist", "qualifier": {"alias": "BreakRmPanel:4617", "code": "missing device"}}
2026-03-06 11:32:17 ERROR root remotelib error:LobbyPanel:4615:{"property": "init", "value": "device does not exist", "qualifier": {"alias": "LobbyPanel:4615", "code": "missing device"}}
2026-03-06 11:32:17 ERROR root remotelib error:HallPanel:4616:{"property": "init", "value": "device does not exist", "qualifier": {"alias": "HallPanel:4616", "code": "missing device"}}
2026-03-06 11:32:17 ERROR root remotelib error:HallPanel:4916:{"property": "init", "value": "device does not exist", "qualifier": {"alias": "HallPanel:4916", "code": "missing device"}}
2026-03-06 11:32:17 ERROR root remotelib error:IC143Panel:4869:{"property": "init", "value": "device does not exist", "qualifier": {"alias": "IC143Panel:4869", "code": "missing device"}}
2026-03-06 11:32:17 ERROR root remotelib error:IC144Panel:4916:{"property": "init", "value": "device does not exist", "qualifier": {"alias": "IC144Panel:4916", "code": "missing device"}}
2026-03-06 11:32:17 ERROR root remotelib error:BreakRmPanel:15116:{"property": "init", "value": "device does not exist", "qualifier": {"alias": "BreakRmPanel:15116", "code": "missing device"}}
2026-03-06 11:32:17 ERROR root remotelib error:LobbyPanel:15114:{"property": "init", "value": "device does not exist", "qualifier": {"alias": "LobbyPanel:15114", "code": "missing device"}}
2026-03-06 11:32:17 ERROR root remotelib error:IC144Panel:4866:{"property": "init", "value": "device does not exist", "qualifier": {"alias": "IC144Panel:4866", "code": "missing device"}}
2026-03-06 11:32:17 ERROR root remotelib error:IC142Panel:4869:{"property": "init", "value": "device does not exist", "qualifier": {"alias": "IC142Panel:4869", "code": "missing device"}}
2026-03-06 11:32:17 ERROR root remotelib error:LobbyPanel:14615:{"property": "init", "value": "device does not exist", "qualifier": {"alias": "LobbyPanel:14615", "code": "missing device"}}
2026-03-06 11:32:17 ERROR root remotelib error:BreakRmPanel:14617:{"property": "init", "value": "device does not exist", "qualifier": {"alias": "BreakRmPanel:14617", "code": "missing device"}}
2026-03-06 11:32:17 ERROR root remotelib error:BWDPanel:14613:{"property": "init", "value": "device does not exist", "qualifier": {"alias": "BWDPanel:14613", "code": "missing device"}}
2026-03-06 11:32:17 ERROR root remotelib error:IC142Panel:4919:{"property": "init", "value": "device does not exist", "qualifier": {"alias": "IC142Panel:4919", "code": "missing device"}}
2026-03-06 11:32:17 ERROR root remotelib error:LobbyPanel:4765:{"property": "init", "value": "device does not exist", "qualifier": {"alias": "LobbyPanel:4765", "code": "missing device"}}
2026-03-06 11:32:17 ERROR root remotelib error:HallPanel:14616:{"property": "init", "value": "device does not exist", "qualifier": {"alias": "HallPanel:14616", "code": "missing device"}}
2026-03-06 11:32:17 ERROR root remotelib error:BreakRmPanel:4767:{"property": "init", "value": "device does not exist", "qualifier": {"alias": "BreakRmPanel:4767", "code": "missing device"}}
2026-03-06 11:32:17 ERROR root remotelib error:LobbyPanel:4916:{"property": "init", "value": "device does not exist", "qualifier": {"alias": "LobbyPanel:4916", "code": "missing device"}}
2026-03-06 11:32:17 ERROR root remotelib error:IC143Panel:14619:{"property": "init", "value": "device does not exist", "qualifier": {"alias": "IC143Panel:14619", "code": "missing device"}}
2026-03-06 11:32:17 ERROR root remotelib error:HallPanel:15115:{"property": "init", "value": "device does not exist", "qualifier": {"alias": "HallPanel:15115", "code": "missing device"}}
2026-03-06 11:32:17 ERROR root remotelib error:IC144Panel:15115:{"property": "init", "value": "device does not exist", "qualifier": {"alias": "IC144Panel:15115", "code": "missing device"}}
2026-03-06 11:32:17 ERROR root remotelib error:LobbyPanel:4866:{"property": "init", "value": "device does not exist", "qualifier": {"alias": "LobbyPanel:4866", "code": "missing device"}}
2026-03-06 11:32:17 ERROR root remotelib error:HallPanel:4766:{"property": "init", "value": "device does not exist", "qualifier": {"alias": "HallPanel:4766", "code": "missing device"}}
2026-03-06 11:32:17 ERROR root remotelib error:LobbyPanel:4616:{"property": "init", "value": "device does not exist", "qualifier": {"alias": "LobbyPanel:4616", "code": "missing device"}}
2026-03-06 11:32:17 ERROR root remotelib error:BWDPanel:4864:{"property": "init", "value": "device does not exist", "qualifier": {"alias": "BWDPanel:4864", "code": "missing device"}}
2026-03-06 11:32:17 ERROR root remotelib error:IC142Panel:14619:{"property": "init", "value": "device does not exist", "qualifier": {"alias": "IC142Panel:14619", "code": "missing device"}}
2026-03-06 11:32:17 ERROR root remotelib error:BWDPanel:4914:{"property": "init", "value": "device does not exist", "qualifier": {"alias": "BWDPanel:4914", "code": "missing device"}}
2026-03-06 11:32:17 ERROR root remotelib error:IC144Panel:14616:{"property": "init", "value": "device does not exist", "qualifier": {"alias": "IC144Panel:14616", "code": "missing device"}}
2026-03-06 11:32:17 ERROR root remotelib error:HallPanel:4867:{"property": "init", "value": "device does not exist", "qualifier": {"alias": "HallPanel:4867", "code": "missing device"}}
2026-03-06 11:32:17 ERROR root remotelib error:BreakRmPanel:4918:{"property": "init", "value": "device does not exist", "qualifier": {"alias": "BreakRmPanel:4918", "code": "missing device"}}
2026-03-06 11:32:17 ERROR root remotelib error:LobbyPanel:14616:{"property": "init", "value": "device does not exist", "qualifier": {"alias": "LobbyPanel:14616", "code": "missing device"}}
2026-03-06 11:32:17 ERROR root remotelib error:HallPanel:4917:{"property": "init", "value": "device does not exist", "qualifier": {"alias": "HallPanel:4917", "code": "missing device"}}
2026-03-06 11:32:17 ERROR root remotelib error:HallPanel:14617:{"property": "init", "value": "device does not exist", "qualifier": {"alias": "HallPanel:14617", "code": "missing device"}}
2026-03-06 11:32:17 ERROR root remotelib error:BreakRmPanel:4868:{"property": "init", "value": "device does not exist", "qualifier": {"alias": "BreakRmPanel:4868", "code": "missing device"}}
2026-03-06 11:32:17 ERROR root remotelib error:HallPanel:4617:{"property": "init", "value": "device does not exist", "qualifier": {"alias": "HallPanel:4617", "code": "missing device"}}
2026-03-06 11:32:17 ERROR root remotelib error:LobbyPanel:15115:{"property": "init", "value": "device does not exist", "qualifier": {"alias": "LobbyPanel:15115", "code": "missing device"}}
2026-03-06 11:32:17 ERROR root remotelib error:IC144Panel:4867:{"property": "init", "value": "device does not exist", "qualifier": {"alias": "IC144Panel:4867", "code": "missing device"}}
2026-03-06 11:32:17 ERROR root remotelib error:IC143Panel:4870:{"property": "init", "value": "device does not exist", "qualifier": {"alias": "IC143Panel:4870", "code": "missing device"}}
2026-03-06 11:32:17 ERROR root remotelib error:IC144Panel:4917:{"property": "init", "value": "device does not exist", "qualifier": {"alias": "IC144Panel:4917", "code": "missing device"}}
2026-03-06 11:32:17 ERROR root remotelib error:BreakRmPanel:4618:{"property": "init", "value": "device does not exist", "qualifier": {"alias": "BreakRmPanel:4618", "code": "missing device"}}
2026-03-06 11:32:17 ERROR root remotelib error:IC143Panel:4920:{"property": "init", "value": "device does not exist", "qualifier": {"alias": "IC143Panel:4920", "code": "missing device"}}
2026-03-06 11:32:17 ERROR root remotelib error:BreakRmPanel:14618:{"property": "init", "value": "device does not exist", "qualifier": {"alias": "BreakRmPanel:14618", "code": "missing device"}}
2026-03-06 11:32:17 ERROR root remotelib error:LobbyPanel:4766:{"property": "init", "value": "device does not exist", "qualifier": {"alias": "LobbyPanel:4766", "code": "missing device"}}
2026-03-06 11:32:17 ERROR root remotelib error:IC142Panel:4870:{"property": "init", "value": "device does not exist", "qualifier": {"alias": "IC142Panel:4870", "code": "missing device"}}
2026-03-06 11:32:17 ERROR root remotelib error:HallPanel:15116:{"property": "init", "value": "device does not exist", "qualifier": {"alias": "HallPanel:15116", "code": "missing device"}}
2026-03-06 11:32:17 ERROR root remotelib error:BreakRmPanel:4768:{"property": "init", "value": "device does not exist", "qualifier": {"alias": "BreakRmPanel:4768", "code": "missing device"}}
2026-03-06 11:32:17 ERROR root remotelib error:BWDPanel:15113:{"property": "init", "value": "device does not exist", "qualifier": {"alias": "BWDPanel:15113", "code": "missing device"}}
2026-03-06 11:32:17 ERROR root remotelib error:HallPanel:4767:{"property": "init", "value": "device does not exist", "qualifier": {"alias": "HallPanel:4767", "code": "missing device"}}
2026-03-06 11:32:17 ERROR root remotelib error:IC143Panel:14620:{"property": "init", "value": "device does not exist", "qualifier": {"alias": "IC143Panel:14620", "code": "missing device"}}
2026-03-06 11:32:17 ERROR root remotelib error:BreakRmPanel:15117:{"property": "init", "value": "device does not exist", "qualifier": {"alias": "BreakRmPanel:15117", "code": "missing device"}}
2026-03-06 11:32:17 ERROR root remotelib error:HallPanel:4868:{"property": "init", "value": "device does not exist", "qualifier": {"alias": "HallPanel:4868", "code": "missing device"}}
2026-03-06 11:32:17 ERROR root remotelib error:IC142Panel:4920:{"property": "init", "value": "device does not exist", "qualifier": {"alias": "IC142Panel:4920", "code": "missing device"}}
2026-03-06 11:32:17 ERROR root remotelib error:LobbyPanel:4867:{"property": "init", "value": "device does not exist", "qualifier": {"alias": "LobbyPanel:4867", "code": "missing device"}}
2026-03-06 11:32:17 ERROR root remotelib error:IC144Panel:14617:{"property": "init", "value": "device does not exist", "qualifier": {"alias": "IC144Panel:14617", "code": "missing device"}}
2026-03-06 11:32:17 ERROR root remotelib error:BWDPanel:14614:{"property": "init", "value": "device does not exist", "qualifier": {"alias": "BWDPanel:14614", "code": "missing device"}}
2026-03-06 11:32:17 ERROR root remotelib error:IC144Panel:15116:{"property": "init", "value": "device does not exist", "qualifier": {"alias": "IC144Panel:15116", "code": "missing device"}}
2026-03-06 11:32:17 ERROR root remotelib error:LobbyPanel:4917:{"property": "init", "value": "device does not exist", "qualifier": {"alias": "LobbyPanel:4917", "code": "missing device"}}
2026-03-06 11:32:17 ERROR root remotelib error:BreakRmPanel:4919:{"property": "init", "value": "device does not exist", "qualifier": {"alias": "BreakRmPanel:4919", "code": "missing device"}}
2026-03-06 11:32:17 ERROR root remotelib error:HallPanel:4918:{"property": "init", "value": "device does not exist", "qualifier": {"alias": "HallPanel:4918", "code": "missing device"}}
2026-03-06 11:32:17 ERROR root remotelib error:BreakRmPanel:4869:{"property": "init", "value": "device does not exist", "qualifier": {"alias": "BreakRmPanel:4869", "code": "missing device"}}
2026-03-06 11:32:17 ERROR root remotelib error:BWDPanel:4865:{"property": "init", "value": "device does not exist", "qualifier": {"alias": "BWDPanel:4865", "code": "missing device"}}
2026-03-06 11:32:17 ERROR root remotelib error:BWDPanel:4915:{"property": "init", "value": "device does not exist", "qualifier": {"alias": "BWDPanel:4915", "code": "missing device"}}
2026-03-06 11:32:17 ERROR root remotelib error:HallPanel:4618:{"property": "init", "value": "device does not exist", "qualifier": {"alias": "HallPanel:4618", "code": "missing device"}}
2026-03-06 11:32:17 ERROR root remotelib error:IC142Panel:14620:{"property": "init", "value": "device does not exist", "qualifier": {"alias": "IC142Panel:14620", "code": "missing device"}}
2026-03-06 11:32:17 ERROR root remotelib error:IC143Panel:4921:{"property": "init", "value": "device does not exist", "qualifier": {"alias": "IC143Panel:4921", "code": "missing device"}}
2026-03-06 11:32:17 ERROR root remotelib error:IC144Panel:4918:{"property": "init", "value": "device does not exist", "qualifier": {"alias": "IC144Panel:4918", "code": "missing device"}}
2026-03-06 11:32:17 ERROR root remotelib error:BreakRmPanel:4619:{"property": "init", "value": "device does not exist", "qualifier": {"alias": "BreakRmPanel:4619", "code": "missing device"}}
2026-03-06 11:32:17 ERROR root remotelib error:LobbyPanel:4617:{"property": "init", "value": "device does not exist", "qualifier": {"alias": "LobbyPanel:4617", "code": "missing device"}}
2026-03-06 11:32:18 ERROR root remotelib error:LobbyPanel:15116:{"property": "init", "value": "device does not exist", "qualifier": {"alias": "LobbyPanel:15116", "code": "missing device"}}
2026-03-06 11:32:18 ERROR root remotelib error:IC144Panel:4868:{"property": "init", "value": "device does not exist", "qualifier": {"alias": "IC144Panel:4868", "code": "missing device"}}
2026-03-06 11:32:18 ERROR root remotelib error:IC143Panel:4871:{"property": "init", "value": "device does not exist", "qualifier": {"alias": "IC143Panel:4871", "code": "missing device"}}
2026-03-06 11:32:18 ERROR root remotelib error:HallPanel:15117:{"property": "init", "value": "device does not exist", "qualifier": {"alias": "HallPanel:15117", "code": "missing device"}}
2026-03-06 11:32:18 ERROR root remotelib error:LobbyPanel:14617:{"property": "init", "value": "device does not exist", "qualifier": {"alias": "LobbyPanel:14617", "code": "missing device"}}
2026-03-06 11:32:18 ERROR root remotelib error:BreakRmPanel:15118:{"property": "init", "value": "device does not exist", "qualifier": {"alias": "BreakRmPanel:15118", "code": "missing device"}}
2026-03-06 11:32:18 ERROR root remotelib error:HallPanel:14618:{"property": "init", "value": "device does not exist", "qualifier": {"alias": "HallPanel:14618", "code": "missing device"}}
2026-03-06 11:32:18 ERROR root remotelib error:BreakRmPanel:14619:{"property": "init", "value": "device does not exist", "qualifier": {"alias": "BreakRmPanel:14619", "code": "missing device"}}
2026-03-06 11:32:18 ERROR root remotelib error:BWDPanel:14615:{"property": "init", "value": "device does not exist", "qualifier": {"alias": "BWDPanel:14615", "code": "missing device"}}
2026-03-06 11:32:18 ERROR root remotelib error:IC144Panel:14618:{"property": "init", "value": "device does not exist", "qualifier": {"alias": "IC144Panel:14618", "code": "missing device"}}
2026-03-06 11:32:18 ERROR root remotelib error:HallPanel:4768:{"property": "init", "value": "device does not exist", "qualifier": {"alias": "HallPanel:4768", "code": "missing device"}}
2026-03-06 11:32:18 ERROR root remotelib error:LobbyPanel:4767:{"property": "init", "value": "device does not exist", "qualifier": {"alias": "LobbyPanel:4767", "code": "missing device"}}
2026-03-06 11:32:18 ERROR root remotelib error:BreakRmPanel:4769:{"property": "init", "value": "device does not exist", "qualifier": {"alias": "BreakRmPanel:4769", "code": "missing device"}}
2026-03-06 11:32:18 ERROR root remotelib error:HallPanel:4869:{"property": "init", "value": "device does not exist", "qualifier": {"alias": "HallPanel:4869", "code": "missing device"}}
2026-03-06 11:32:18 ERROR root remotelib error:IC142Panel:4921:{"property": "init", "value": "device does not exist", "qualifier": {"alias": "IC142Panel:4921", "code": "missing device"}}
2026-03-06 11:32:18 ERROR root remotelib error:BWDPanel:15114:{"property": "init", "value": "device does not exist", "qualifier": {"alias": "BWDPanel:15114", "code": "missing device"}}
2026-03-06 11:32:18 ERROR root remotelib error:IC143Panel:14621:{"property": "init", "value": "device does not exist", "qualifier": {"alias": "IC143Panel:14621", "code": "missing device"}}
2026-03-06 11:32:18 ERROR root remotelib error:IC142Panel:4871:{"property": "init", "value": "device does not exist", "qualifier": {"alias": "IC142Panel:4871", "code": "missing device"}}
2026-03-06 11:32:18 ERROR root remotelib error:HallPanel:4919:{"property": "init", "value": "device does not exist", "qualifier": {"alias": "HallPanel:4919", "code": "missing device"}}
2026-03-06 11:32:18 ERROR root remotelib error:BreakRmPanel:4870:{"property": "init", "value": "device does not exist", "qualifier": {"alias": "BreakRmPanel:4870", "code": "missing device"}}
2026-03-06 11:32:18 ERROR root remotelib error:BreakRmPanel:4620:{"property": "init", "value": "device does not exist", "qualifier": {"alias": "BreakRmPanel:4620", "code": "missing device"}}
2026-03-06 11:32:18 ERROR root remotelib error:HallPanel:4619:{"property": "init", "value": "device does not exist", "qualifier": {"alias": "HallPanel:4619", "code": "missing device"}}
2026-03-06 11:32:18 ERROR root remotelib error:IC144Panel:4919:{"property": "init", "value": "device does not exist", "qualifier": {"alias": "IC144Panel:4919", "code": "missing device"}}
2026-03-06 11:32:18 ERROR root remotelib error:LobbyPanel:4918:{"property": "init", "value": "device does not exist", "qualifier": {"alias": "LobbyPanel:4918", "code": "missing device"}}
2026-03-06 11:32:18 ERROR root remotelib error:BreakRmPanel:4920:{"property": "init", "value": "device does not exist", "qualifier": {"alias": "BreakRmPanel:4920", "code": "missing device"}}
2026-03-06 11:32:18 ERROR root remotelib error:IC144Panel:4869:{"property": "init", "value": "device does not exist", "qualifier": {"alias": "IC144Panel:4869", "code": "missing device"}}
2026-03-06 11:32:18 ERROR root remotelib error:LobbyPanel:4868:{"property": "init", "value": "device does not exist", "qualifier": {"alias": "LobbyPanel:4868", "code": "missing device"}}
2026-03-06 11:32:18 ERROR root remotelib error:BWDPanel:4866:{"property": "init", "value": "device does not exist", "qualifier": {"alias": "BWDPanel:4866", "code": "missing device"}}
2026-03-06 11:32:18 ERROR root remotelib error:BreakRmPanel:14620:{"property": "init", "value": "device does not exist", "qualifier": {"alias": "BreakRmPanel:14620", "code": "missing device"}}
2026-03-06 11:32:18 ERROR root remotelib error:IC143Panel:4922:{"property": "init", "value": "device does not exist", "qualifier": {"alias": "IC143Panel:4922", "code": "missing device"}}
2026-03-06 11:32:18 ERROR root remotelib error:HallPanel:14619:{"property": "init", "value": "device does not exist", "qualifier": {"alias": "HallPanel:14619", "code": "missing device"}}
2026-03-06 11:32:18 ERROR root remotelib error:BWDPanel:4916:{"property": "init", "value": "device does not exist", "qualifier": {"alias": "BWDPanel:4916", "code": "missing device"}}
2026-03-06 11:32:18 ERROR root remotelib error:HallPanel:15118:{"property": "init", "value": "device does not exist", "qualifier": {"alias": "HallPanel:15118", "code": "missing device"}}
2026-03-06 11:32:18 ERROR root remotelib error:LobbyPanel:4618:{"property": "init", "value": "device does not exist", "qualifier": {"alias": "LobbyPanel:4618", "code": "missing device"}}
2026-03-06 11:32:18 ERROR root remotelib error:IC142Panel:14621:{"property": "init", "value": "device does not exist", "qualifier": {"alias": "IC142Panel:14621", "code": "missing device"}}
2026-03-06 11:32:18 ERROR root remotelib error:BWDPanel:14616:{"property": "init", "value": "device does not exist", "qualifier": {"alias": "BWDPanel:14616", "code": "missing device"}}
2026-03-06 11:32:18 ERROR root remotelib error:HallPanel:4769:{"property": "init", "value": "device does not exist", "qualifier": {"alias": "HallPanel:4769", "code": "missing device"}}
2026-03-06 11:32:18 ERROR root remotelib error:BreakRmPanel:4921:{"property": "init", "value": "device does not exist", "qualifier": {"alias": "BreakRmPanel:4921", "code": "missing device"}}
2026-03-06 11:32:18 ERROR root remotelib error:HallPanel:4920:{"property": "init", "value": "device does not exist", "qualifier": {"alias": "HallPanel:4920", "code": "missing device"}}
2026-03-06 11:32:18 ERROR root remotelib error:IC144Panel:4920:{"property": "init", "value": "device does not exist", "qualifier": {"alias": "IC144Panel:4920", "code": "missing device"}}
2026-03-06 11:32:18 ERROR root remotelib error:LobbyPanel:14618:{"property": "init", "value": "device does not exist", "qualifier": {"alias": "LobbyPanel:14618", "code": "missing device"}}
2026-03-06 11:32:18 ERROR root remotelib error:BreakRmPanel:4621:{"property": "init", "value": "device does not exist", "qualifier": {"alias": "BreakRmPanel:4621", "code": "missing device"}}
2026-03-06 11:32:18 ERROR root remotelib error:IC144Panel:14619:{"property": "init", "value": "device does not exist", "qualifier": {"alias": "IC144Panel:14619", "code": "missing device"}}
2026-03-06 11:32:18 ERROR root remotelib error:HallPanel:4620:{"property": "init", "value": "device does not exist", "qualifier": {"alias": "HallPanel:4620", "code": "missing device"}}
2026-03-06 11:32:18 ERROR root remotelib error:BreakRmPanel:15119:{"property": "init", "value": "device does not exist", "qualifier": {"alias": "BreakRmPanel:15119", "code": "missing device"}}
2026-03-06 11:32:18 ERROR root remotelib error:IC143Panel:4872:{"property": "init", "value": "device does not exist", "qualifier": {"alias": "IC143Panel:4872", "code": "missing device"}}
2026-03-06 11:32:18 ERROR root remotelib error:IC142Panel:4922:{"property": "init", "value": "device does not exist", "qualifier": {"alias": "IC142Panel:4922", "code": "missing device"}}
2026-03-06 11:32:18 ERROR root remotelib error:IC143Panel:14622:{"property": "init", "value": "device does not exist", "qualifier": {"alias": "IC143Panel:14622", "code": "missing device"}}
2026-03-06 11:32:18 ERROR root remotelib error:LobbyPanel:4768:{"property": "init", "value": "device does not exist", "qualifier": {"alias": "LobbyPanel:4768", "code": "missing device"}}
2026-03-06 11:32:18 ERROR root remotelib error:HallPanel:4870:{"property": "init", "value": "device does not exist", "qualifier": {"alias": "HallPanel:4870", "code": "missing device"}}
2026-03-06 11:32:18 ERROR root remotelib error:BreakRmPanel:4770:{"property": "init", "value": "device does not exist", "qualifier": {"alias": "BreakRmPanel:4770", "code": "missing device"}}
2026-03-06 11:32:18 ERROR root remotelib error:HallPanel:15119:{"property": "init", "value": "device does not exist", "qualifier": {"alias": "HallPanel:15119", "code": "missing device"}}
2026-03-06 11:32:18 ERROR root remotelib error:LobbyPanel:15117:{"property": "init", "value": "device does not exist", "qualifier": {"alias": "LobbyPanel:15117", "code": "missing device"}}
2026-03-06 11:32:18 ERROR root remotelib error:BWDPanel:15115:{"property": "init", "value": "device does not exist", "qualifier": {"alias": "BWDPanel:15115", "code": "missing device"}}
2026-03-06 11:32:18 ERROR root remotelib error:BWDPanel:4867:{"property": "init", "value": "device does not exist", "qualifier": {"alias": "BWDPanel:4867", "code": "missing device"}}
2026-03-06 11:32:18 ERROR root remotelib error:BreakRmPanel:4871:{"property": "init", "value": "device does not exist", "qualifier": {"alias": "BreakRmPanel:4871", "code": "missing device"}}
2026-03-06 11:32:18 ERROR root remotelib error:IC142Panel:4872:{"property": "init", "value": "device does not exist", "qualifier": {"alias": "IC142Panel:4872", "code": "missing device"}}
2026-03-06 11:32:18 ERROR root remotelib error:BWDPanel:4917:{"property": "init", "value": "device does not exist", "qualifier": {"alias": "BWDPanel:4917", "code": "missing device"}}
2026-03-06 11:32:18 ERROR root remotelib error:LobbyPanel:4869:{"property": "init", "value": "device does not exist", "qualifier": {"alias": "LobbyPanel:4869", "code": "missing device"}}
2026-03-06 11:32:18 ERROR root remotelib error:LobbyPanel:4919:{"property": "init", "value": "device does not exist", "qualifier": {"alias": "LobbyPanel:4919", "code": "missing device"}}
2026-03-06 11:32:18 ERROR root remotelib error:IC144Panel:4870:{"property": "init", "value": "device does not exist", "qualifier": {"alias": "IC144Panel:4870", "code": "missing device"}}
2026-03-06 11:32:18 ERROR root remotelib error:IC144Panel:14620:{"property": "init", "value": "device does not exist", "qualifier": {"alias": "IC144Panel:14620", "code": "missing device"}}
2026-03-06 11:32:18 ERROR root remotelib error:LobbyPanel:4619:{"property": "init", "value": "device does not exist", "qualifier": {"alias": "LobbyPanel:4619", "code": "missing device"}}
2026-03-06 11:32:18 ERROR root remotelib error:BreakRmPanel:15120:{"property": "init", "value": "device does not exist", "qualifier": {"alias": "BreakRmPanel:15120", "code": "missing device"}}
2026-03-06 11:32:18 ERROR root remotelib error:HallPanel:14620:{"property": "init", "value": "device does not exist", "qualifier": {"alias": "HallPanel:14620", "code": "missing device"}}
2026-03-06 11:32:18 ERROR root remotelib error:IC143Panel:4923:{"property": "init", "value": "device does not exist", "qualifier": {"alias": "IC143Panel:4923", "code": "missing device"}}
2026-03-06 11:32:18 ERROR root remotelib error:BreakRmPanel:14621:{"property": "init", "value": "device does not exist", "qualifier": {"alias": "BreakRmPanel:14621", "code": "missing device"}}
2026-03-06 11:32:18 ERROR root remotelib error:IC142Panel:14622:{"property": "init", "value": "device does not exist", "qualifier": {"alias": "IC142Panel:14622", "code": "missing device"}}
2026-03-06 11:32:18 ERROR root remotelib error:HallPanel:4770:{"property": "init", "value": "device does not exist", "qualifier": {"alias": "HallPanel:4770", "code": "missing device"}}
2026-03-06 11:32:18 ERROR root remotelib error:BWDPanel:14617:{"property": "init", "value": "device does not exist", "qualifier": {"alias": "BWDPanel:14617", "code": "missing device"}}
2026-03-06 11:32:18 ERROR root remotelib error:BreakRmPanel:4771:{"property": "init", "value": "device does not exist", "qualifier": {"alias": "BreakRmPanel:4771", "code": "missing device"}}
2026-03-06 11:32:18 ERROR root remotelib error:IC143Panel:4873:{"property": "init", "value": "device does not exist", "qualifier": {"alias": "IC143Panel:4873", "code": "missing device"}}
2026-03-06 11:32:18 ERROR root remotelib error:BWDPanel:15116:{"property": "init", "value": "device does not exist", "qualifier": {"alias": "BWDPanel:15116", "code": "missing device"}}
2026-03-06 11:32:18 ERROR root remotelib error:HallPanel:4871:{"property": "init", "value": "device does not exist", "qualifier": {"alias": "HallPanel:4871", "code": "missing device"}}
2026-03-06 11:32:18 ERROR root remotelib error:LobbyPanel:14619:{"property": "init", "value": "device does not exist", "qualifier": {"alias": "LobbyPanel:14619", "code": "missing device"}}
2026-03-06 11:32:18 ERROR root remotelib error:IC143Panel:14623:{"property": "init", "value": "device does not exist", "qualifier": {"alias": "IC143Panel:14623", "code": "missing device"}}
2026-03-06 11:32:18 ERROR root remotelib error:IC142Panel:4923:{"property": "init", "value": "device does not exist", "qualifier": {"alias": "IC142Panel:4923", "code": "missing device"}}
2026-03-06 11:32:18 ERROR root remotelib error:HallPanel:4921:{"property": "init", "value": "device does not exist", "qualifier": {"alias": "HallPanel:4921", "code": "missing device"}}
2026-03-06 11:32:18 ERROR root remotelib error:IC144Panel:4921:{"property": "init", "value": "device does not exist", "qualifier": {"alias": "IC144Panel:4921", "code": "missing device"}}
2026-03-06 11:32:18 ERROR root remotelib error:BWDPanel:4918:{"property": "init", "value": "device does not exist", "qualifier": {"alias": "BWDPanel:4918", "code": "missing device"}}
2026-03-06 11:32:18 ERROR root remotelib error:LobbyPanel:15118:{"property": "init", "value": "device does not exist", "qualifier": {"alias": "LobbyPanel:15118", "code": "missing device"}}
2026-03-06 11:32:18 ERROR root remotelib error:IC144Panel:4871:{"property": "init", "value": "device does not exist", "qualifier": {"alias": "IC144Panel:4871", "code": "missing device"}}
2026-03-06 11:32:18 ERROR root remotelib error:BreakRmPanel:4872:{"property": "init", "value": "device does not exist", "qualifier": {"alias": "BreakRmPanel:4872", "code": "missing device"}}
2026-03-06 11:32:18 ERROR root remotelib error:IC142Panel:4873:{"property": "init", "value": "device does not exist", "qualifier": {"alias": "IC142Panel:4873", "code": "missing device"}}
2026-03-06 11:32:18 ERROR root remotelib error:BWDPanel:4868:{"property": "init", "value": "device does not exist", "qualifier": {"alias": "BWDPanel:4868", "code": "missing device"}}
2026-03-06 11:32:18 ERROR root remotelib error:LobbyPanel:4769:{"property": "init", "value": "device does not exist", "qualifier": {"alias": "LobbyPanel:4769", "code": "missing device"}}
2026-03-06 11:32:18 ERROR root remotelib error:BreakRmPanel:4922:{"property": "init", "value": "device does not exist", "qualifier": {"alias": "BreakRmPanel:4922", "code": "missing device"}}
2026-03-06 11:32:18 ERROR root remotelib error:HallPanel:4621:{"property": "init", "value": "device does not exist", "qualifier": {"alias": "HallPanel:4621", "code": "missing device"}}
2026-03-06 11:32:18 ERROR root remotelib error:BreakRmPanel:4622:{"property": "init", "value": "device does not exist", "qualifier": {"alias": "BreakRmPanel:4622", "code": "missing device"}}
2026-03-06 11:32:18 ERROR root remotelib error:HallPanel:14621:{"property": "init", "value": "device does not exist", "qualifier": {"alias": "HallPanel:14621", "code": "missing device"}}
2026-03-06 11:32:18 ERROR root remotelib error:IC142Panel:14623:{"property": "init", "value": "device does not exist", "qualifier": {"alias": "IC142Panel:14623", "code": "missing device"}}
2026-03-06 11:32:18 ERROR root remotelib error:BWDPanel:14618:{"property": "init", "value": "device does not exist", "qualifier": {"alias": "BWDPanel:14618", "code": "missing device"}}
2026-03-06 11:32:18 ERROR root remotelib error:IC144Panel:14621:{"property": "init", "value": "device does not exist", "qualifier": {"alias": "IC144Panel:14621", "code": "missing device"}}
2026-03-06 11:32:18 ERROR root remotelib error:LobbyPanel:4920:{"property": "init", "value": "device does not exist", "qualifier": {"alias": "LobbyPanel:4920", "code": "missing device"}}
2026-03-06 11:32:18 ERROR root remotelib error:IC143Panel:4924:{"property": "init", "value": "device does not exist", "qualifier": {"alias": "IC143Panel:4924", "code": "missing device"}}
2026-03-06 11:32:18 ERROR root remotelib error:IC143Panel:4874:{"property": "init", "value": "device does not exist", "qualifier": {"alias": "IC143Panel:4874", "code": "missing device"}}
2026-03-06 11:32:18 ERROR root remotelib error:HallPanel:15120:{"property": "init", "value": "device does not exist", "qualifier": {"alias": "HallPanel:15120", "code": "missing device"}}
2026-03-06 11:32:18 ERROR root remotelib error:LobbyPanel:4870:{"property": "init", "value": "device does not exist", "qualifier": {"alias": "LobbyPanel:4870", "code": "missing device"}}
2026-03-06 11:32:18 ERROR root remotelib error:LobbyPanel:4620:{"property": "init", "value": "device does not exist", "qualifier": {"alias": "LobbyPanel:4620", "code": "missing device"}}
2026-03-06 11:32:18 ERROR root remotelib error:BreakRmPanel:14622:{"property": "init", "value": "device does not exist", "qualifier": {"alias": "BreakRmPanel:14622", "code": "missing device"}}
2026-03-06 11:32:18 ERROR root remotelib error:BreakRmPanel:15121:{"property": "init", "value": "device does not exist", "qualifier": {"alias": "BreakRmPanel:15121", "code": "missing device"}}
2026-03-06 11:32:18 ERROR root remotelib error:HallPanel:4771:{"property": "init", "value": "device does not exist", "qualifier": {"alias": "HallPanel:4771", "code": "missing device"}}
2026-03-06 11:32:18 ERROR root remotelib error:HallPanel:4922:{"property": "init", "value": "device does not exist", "qualifier": {"alias": "HallPanel:4922", "code": "missing device"}}
2026-03-06 11:32:18 ERROR root remotelib error:BWDPanel:4919:{"property": "init", "value": "device does not exist", "qualifier": {"alias": "BWDPanel:4919", "code": "missing device"}}
2026-03-06 11:32:18 ERROR root remotelib error:LobbyPanel:14620:{"property": "init", "value": "device does not exist", "qualifier": {"alias": "LobbyPanel:14620", "code": "missing device"}}
2026-03-06 11:32:18 ERROR root remotelib error:IC143Panel:14624:{"property": "init", "value": "device does not exist", "qualifier": {"alias": "IC143Panel:14624", "code": "missing device"}}
2026-03-06 11:32:18 ERROR root remotelib error:LobbyPanel:15119:{"property": "init", "value": "device does not exist", "qualifier": {"alias": "LobbyPanel:15119", "code": "missing device"}}
2026-03-06 11:32:18 ERROR root remotelib error:BWDPanel:4869:{"property": "init", "value": "device does not exist", "qualifier": {"alias": "BWDPanel:4869", "code": "missing device"}}
2026-03-06 11:32:18 ERROR root remotelib error:BreakRmPanel:4772:{"property": "init", "value": "device does not exist", "qualifier": {"alias": "BreakRmPanel:4772", "code": "missing device"}}
2026-03-06 11:32:18 ERROR root remotelib error:IC142Panel:4924:{"property": "init", "value": "device does not exist", "qualifier": {"alias": "IC142Panel:4924", "code": "missing device"}}
2026-03-06 11:32:18 ERROR root remotelib error:IC144Panel:4922:{"property": "init", "value": "device does not exist", "qualifier": {"alias": "IC144Panel:4922", "code": "missing device"}}
2026-03-06 11:32:18 ERROR root remotelib error:IC144Panel:4872:{"property": "init", "value": "device does not exist", "qualifier": {"alias": "IC144Panel:4872", "code": "missing device"}}
2026-03-06 11:32:18 ERROR root remotelib error:HallPanel:4622:{"property": "init", "value": "device does not exist", "qualifier": {"alias": "HallPanel:4622", "code": "missing device"}}
2026-03-06 11:32:18 ERROR root remotelib error:IC142Panel:4874:{"property": "init", "value": "device does not exist", "qualifier": {"alias": "IC142Panel:4874", "code": "missing device"}}
2026-03-06 11:32:18 ERROR root remotelib error:BreakRmPanel:4873:{"property": "init", "value": "device does not exist", "qualifier": {"alias": "BreakRmPanel:4873", "code": "missing device"}}
2026-03-06 11:32:18 ERROR root remotelib error:LobbyPanel:4770:{"property": "init", "value": "device does not exist", "qualifier": {"alias": "LobbyPanel:4770", "code": "missing device"}}
2026-03-06 11:32:18 ERROR root remotelib error:HallPanel:4872:{"property": "init", "value": "device does not exist", "qualifier": {"alias": "HallPanel:4872", "code": "missing device"}}
2026-03-06 11:32:18 ERROR root remotelib error:BreakRmPanel:4623:{"property": "init", "value": "device does not exist", "qualifier": {"alias": "BreakRmPanel:4623", "code": "missing device"}}
2026-03-06 11:32:18 ERROR root remotelib error:BreakRmPanel:4923:{"property": "init", "value": "device does not exist", "qualifier": {"alias": "BreakRmPanel:4923", "code": "missing device"}}
2026-03-06 11:32:18 ERROR root remotelib error:BWDPanel:14619:{"property": "init", "value": "device does not exist", "qualifier": {"alias": "BWDPanel:14619", "code": "missing device"}}
2026-03-06 11:32:18 ERROR root remotelib error:HallPanel:14622:{"property": "init", "value": "device does not exist", "qualifier": {"alias": "HallPanel:14622", "code": "missing device"}}
2026-03-06 11:32:18 ERROR root remotelib error:LobbyPanel:4921:{"property": "init", "value": "device does not exist", "qualifier": {"alias": "LobbyPanel:4921", "code": "missing device"}}
2026-03-06 11:32:18 ERROR root remotelib error:LobbyPanel:4871:{"property": "init", "value": "device does not exist", "qualifier": {"alias": "LobbyPanel:4871", "code": "missing device"}}
2026-03-06 11:32:18 ERROR root remotelib error:HallPanel:15121:{"property": "init", "value": "device does not exist", "qualifier": {"alias": "HallPanel:15121", "code": "missing device"}}
2026-03-06 11:32:18 ERROR root remotelib error:IC142Panel:14624:{"property": "init", "value": "device does not exist", "qualifier": {"alias": "IC142Panel:14624", "code": "missing device"}}
2026-03-06 11:32:19 ERROR root remotelib error:LobbyPanel:4621:{"property": "init", "value": "device does not exist", "qualifier": {"alias": "LobbyPanel:4621", "code": "missing device"}}
2026-03-06 11:32:19 ERROR root remotelib error:IC144Panel:14622:{"property": "init", "value": "device does not exist", "qualifier": {"alias": "IC144Panel:14622", "code": "missing device"}}
2026-03-06 11:32:19 ERROR root remotelib error:BreakRmPanel:15122:{"property": "init", "value": "device does not exist", "qualifier": {"alias": "BreakRmPanel:15122", "code": "missing device"}}
2026-03-06 11:32:19 ERROR root remotelib error:BreakRmPanel:14623:{"property": "init", "value": "device does not exist", "qualifier": {"alias": "BreakRmPanel:14623", "code": "missing device"}}
2026-03-06 11:32:19 ERROR root remotelib error:LobbyPanel:15120:{"property": "init", "value": "device does not exist", "qualifier": {"alias": "LobbyPanel:15120", "code": "missing device"}}
2026-03-06 11:32:19 ERROR root remotelib error:HallPanel:4772:{"property": "init", "value": "device does not exist", "qualifier": {"alias": "HallPanel:4772", "code": "missing device"}}
2026-03-06 11:32:19 ERROR root remotelib error:LobbyPanel:14621:{"property": "init", "value": "device does not exist", "qualifier": {"alias": "LobbyPanel:14621", "code": "missing device"}}
2026-03-06 11:32:19 ERROR root remotelib error:BWDPanel:4920:{"property": "init", "value": "device does not exist", "qualifier": {"alias": "BWDPanel:4920", "code": "missing device"}}
2026-03-06 11:32:19 ERROR root remotelib error:BreakRmPanel:4773:{"property": "init", "value": "device does not exist", "qualifier": {"alias": "BreakRmPanel:4773", "code": "missing device"}}
2026-03-06 11:32:19 ERROR root remotelib error:BWDPanel:4870:{"property": "init", "value": "device does not exist", "qualifier": {"alias": "BWDPanel:4870", "code": "missing device"}}
2026-03-06 11:32:19 ERROR root remotelib error:LobbyPanel:4771:{"property": "init", "value": "device does not exist", "qualifier": {"alias": "LobbyPanel:4771", "code": "missing device"}}
2026-03-06 11:32:19 ERROR root remotelib error:HallPanel:4923:{"property": "init", "value": "device does not exist", "qualifier": {"alias": "HallPanel:4923", "code": "missing device"}}
2026-03-06 11:32:19 ERROR root remotelib error:HallPanel:4623:{"property": "init", "value": "device does not exist", "qualifier": {"alias": "HallPanel:4623", "code": "missing device"}}
2026-03-06 11:32:19 ERROR root remotelib error:HallPanel:4873:{"property": "init", "value": "device does not exist", "qualifier": {"alias": "HallPanel:4873", "code": "missing device"}}
2026-03-06 11:32:19 ERROR root remotelib error:IC144Panel:4873:{"property": "init", "value": "device does not exist", "qualifier": {"alias": "IC144Panel:4873", "code": "missing device"}}
2026-03-06 11:32:19 ERROR root remotelib error:IC143Panel:4657:{"property": "init", "value": "device does not exist", "qualifier": {"alias": "IC143Panel:4657", "code": "missing device"}}
2026-03-06 11:32:19 ERROR root remotelib error:BWDPanel:14620:{"property": "init", "value": "device does not exist", "qualifier": {"alias": "BWDPanel:14620", "code": "missing device"}}
2026-03-06 11:32:19 ERROR root remotelib error:BreakRmPanel:4874:{"property": "init", "value": "device does not exist", "qualifier": {"alias": "BreakRmPanel:4874", "code": "missing device"}}
2026-03-06 11:32:19 ERROR root remotelib error:IC144Panel:4923:{"property": "init", "value": "device does not exist", "qualifier": {"alias": "IC144Panel:4923", "code": "missing device"}}
2026-03-06 11:32:19 ERROR root remotelib error:IC143Panel:4658:{"property": "init", "value": "device does not exist", "qualifier": {"alias": "IC143Panel:4658", "code": "missing device"}}
2026-03-06 11:32:19 ERROR root remotelib error:BreakRmPanel:4924:{"property": "init", "value": "device does not exist", "qualifier": {"alias": "BreakRmPanel:4924", "code": "missing device"}}
2026-03-06 11:32:19 ERROR root remotelib error:HallPanel:14623:{"property": "init", "value": "device does not exist", "qualifier": {"alias": "HallPanel:14623", "code": "missing device"}}
2026-03-06 11:32:19 ERROR root remotelib error:HallPanel:15122:{"property": "init", "value": "device does not exist", "qualifier": {"alias": "HallPanel:15122", "code": "missing device"}}
2026-03-06 11:32:19 ERROR root remotelib error:LobbyPanel:4872:{"property": "init", "value": "device does not exist", "qualifier": {"alias": "LobbyPanel:4872", "code": "missing device"}}
2026-03-06 11:32:19 ERROR root remotelib error:LobbyPanel:4622:{"property": "init", "value": "device does not exist", "qualifier": {"alias": "LobbyPanel:4622", "code": "missing device"}}
2026-03-06 11:32:19 ERROR root remotelib error:LobbyPanel:4922:{"property": "init", "value": "device does not exist", "qualifier": {"alias": "LobbyPanel:4922", "code": "missing device"}}
2026-03-06 11:32:19 ERROR root remotelib error:BreakRmPanel:4624:{"property": "init", "value": "device does not exist", "qualifier": {"alias": "BreakRmPanel:4624", "code": "missing device"}}
2026-03-06 11:32:19 ERROR root remotelib error:HallPanel:4773:{"property": "init", "value": "device does not exist", "qualifier": {"alias": "HallPanel:4773", "code": "missing device"}}
2026-03-06 11:32:19 ERROR root remotelib error:IC143Panel:4660:{"property": "init", "value": "device does not exist", "qualifier": {"alias": "IC143Panel:4660", "code": "missing device"}}
2026-03-06 11:32:19 ERROR root remotelib error:BreakRmPanel:15123:{"property": "init", "value": "device does not exist", "qualifier": {"alias": "BreakRmPanel:15123", "code": "missing device"}}
2026-03-06 11:32:19 ERROR root remotelib error:IC143Panel:4661:{"property": "init", "value": "device does not exist", "qualifier": {"alias": "IC143Panel:4661", "code": "missing device"}}
2026-03-06 11:32:19 ERROR root remotelib error:BWDPanel:4871:{"property": "init", "value": "device does not exist", "qualifier": {"alias": "BWDPanel:4871", "code": "missing device"}}
2026-03-06 11:32:19 ERROR root remotelib error:IC142Panel:4657:{"property": "init", "value": "device does not exist", "qualifier": {"alias": "IC142Panel:4657", "code": "missing device"}}
2026-03-06 11:32:19 ERROR root remotelib error:BreakRmPanel:14624:{"property": "init", "value": "device does not exist", "qualifier": {"alias": "BreakRmPanel:14624", "code": "missing device"}}
2026-03-06 11:32:19 ERROR root remotelib error:IC143Panel:4662:{"property": "init", "value": "device does not exist", "qualifier": {"alias": "IC143Panel:4662", "code": "missing device"}}
2026-03-06 11:32:19 ERROR root remotelib error:BWDPanel:4921:{"property": "init", "value": "device does not exist", "qualifier": {"alias": "BWDPanel:4921", "code": "missing device"}}
2026-03-06 11:32:19 ERROR root remotelib error:IC144Panel:14623:{"property": "init", "value": "device does not exist", "qualifier": {"alias": "IC144Panel:14623", "code": "missing device"}}
2026-03-06 11:32:19 ERROR root remotelib error:LobbyPanel:15121:{"property": "init", "value": "device does not exist", "qualifier": {"alias": "LobbyPanel:15121", "code": "missing device"}}
2026-03-06 11:32:19 ERROR root remotelib error:LobbyPanel:14622:{"property": "init", "value": "device does not exist", "qualifier": {"alias": "LobbyPanel:14622", "code": "missing device"}}
2026-03-06 11:32:19 ERROR root remotelib error:LobbyPanel:4772:{"property": "init", "value": "device does not exist", "qualifier": {"alias": "LobbyPanel:4772", "code": "missing device"}}
2026-03-06 11:32:19 ERROR root remotelib error:HallPanel:4874:{"property": "init", "value": "device does not exist", "qualifier": {"alias": "HallPanel:4874", "code": "missing device"}}
2026-03-06 11:32:19 ERROR root remotelib error:BreakRmPanel:4774:{"property": "init", "value": "device does not exist", "qualifier": {"alias": "BreakRmPanel:4774", "code": "missing device"}}
2026-03-06 11:32:19 ERROR root remotelib error:IC143Panel:4663:{"property": "init", "value": "device does not exist", "qualifier": {"alias": "IC143Panel:4663", "code": "missing device"}}
2026-03-06 11:32:19 ERROR root remotelib error:IC143Panel:4664:{"property": "init", "value": "device does not exist", "qualifier": {"alias": "IC143Panel:4664", "code": "missing device"}}
2026-03-06 11:32:19 ERROR root remotelib error:HallPanel:4924:{"property": "init", "value": "device does not exist", "qualifier": {"alias": "HallPanel:4924", "code": "missing device"}}
2026-03-06 11:32:19 ERROR root remotelib error:IC142Panel:4658:{"property": "init", "value": "device does not exist", "qualifier": {"alias": "IC142Panel:4658", "code": "missing device"}}
2026-03-06 11:32:19 ERROR root remotelib error:IC143Panel:4666:{"property": "init", "value": "device does not exist", "qualifier": {"alias": "IC143Panel:4666", "code": "missing device"}}
2026-03-06 11:32:19 ERROR root remotelib error:IC144Panel:4874:{"property": "init", "value": "device does not exist", "qualifier": {"alias": "IC144Panel:4874", "code": "missing device"}}
2026-03-06 11:32:19 ERROR root remotelib error:IC142Panel:4661:{"property": "init", "value": "device does not exist", "qualifier": {"alias": "IC142Panel:4661", "code": "missing device"}}
2026-03-06 11:32:19 ERROR root remotelib error:HallPanel:4624:{"property": "init", "value": "device does not exist", "qualifier": {"alias": "HallPanel:4624", "code": "missing device"}}
2026-03-06 11:32:19 ERROR root remotelib error:IC142Panel:4660:{"property": "init", "value": "device does not exist", "qualifier": {"alias": "IC142Panel:4660", "code": "missing device"}}
2026-03-06 11:32:19 ERROR root remotelib error:IC143Panel:4665:{"property": "init", "value": "device does not exist", "qualifier": {"alias": "IC143Panel:4665", "code": "missing device"}}
2026-03-06 11:32:19 ERROR root remotelib error:LobbyPanel:4873:{"property": "init", "value": "device does not exist", "qualifier": {"alias": "LobbyPanel:4873", "code": "missing device"}}
2026-03-06 11:32:19 ERROR root remotelib error:IC142Panel:4662:{"property": "init", "value": "device does not exist", "qualifier": {"alias": "IC142Panel:4662", "code": "missing device"}}
2026-03-06 11:32:19 ERROR root remotelib error:IC144Panel:4924:{"property": "init", "value": "device does not exist", "qualifier": {"alias": "IC144Panel:4924", "code": "missing device"}}
2026-03-06 11:32:19 ERROR root remotelib error:HallPanel:14624:{"property": "init", "value": "device does not exist", "qualifier": {"alias": "HallPanel:14624", "code": "missing device"}}
2026-03-06 11:32:19 ERROR root remotelib error:LobbyPanel:4923:{"property": "init", "value": "device does not exist", "qualifier": {"alias": "LobbyPanel:4923", "code": "missing device"}}
2026-03-06 11:32:19 ERROR root remotelib error:BWDPanel:14621:{"property": "init", "value": "device does not exist", "qualifier": {"alias": "BWDPanel:14621", "code": "missing device"}}
2026-03-06 11:32:19 ERROR root remotelib error:IC143Panel:4667:{"property": "init", "value": "device does not exist", "qualifier": {"alias": "IC143Panel:4667", "code": "missing device"}}
2026-03-06 11:32:19 ERROR root remotelib error:IC143Panel:4668:{"property": "init", "value": "device does not exist", "qualifier": {"alias": "IC143Panel:4668", "code": "missing device"}}
2026-03-06 11:32:19 ERROR root remotelib error:IC144Panel:14624:{"property": "init", "value": "device does not exist", "qualifier": {"alias": "IC144Panel:14624", "code": "missing device"}}
2026-03-06 11:32:19 ERROR root remotelib error:IC142Panel:4663:{"property": "init", "value": "device does not exist", "qualifier": {"alias": "IC142Panel:4663", "code": "missing device"}}
2026-03-06 11:32:19 ERROR root remotelib error:HallPanel:4774:{"property": "init", "value": "device does not exist", "qualifier": {"alias": "HallPanel:4774", "code": "missing device"}}
2026-03-06 11:32:19 ERROR root remotelib error:IC143Panel:4669:{"property": "init", "value": "device does not exist", "qualifier": {"alias": "IC143Panel:4669", "code": "missing device"}}
2026-03-06 11:32:19 ERROR root remotelib error:HallPanel:15123:{"property": "init", "value": "device does not exist", "qualifier": {"alias": "HallPanel:15123", "code": "missing device"}}
2026-03-06 11:32:19 ERROR root remotelib error:BWDPanel:4872:{"property": "init", "value": "device does not exist", "qualifier": {"alias": "BWDPanel:4872", "code": "missing device"}}
2026-03-06 11:32:19 ERROR root remotelib error:IC142Panel:4664:{"property": "init", "value": "device does not exist", "qualifier": {"alias": "IC142Panel:4664", "code": "missing device"}}
2026-03-06 11:32:19 ERROR root remotelib error:BWDPanel:4922:{"property": "init", "value": "device does not exist", "qualifier": {"alias": "BWDPanel:4922", "code": "missing device"}}
2026-03-06 11:32:19 ERROR root remotelib error:IC143Panel:4670:{"property": "init", "value": "device does not exist", "qualifier": {"alias": "IC143Panel:4670", "code": "missing device"}}
2026-03-06 11:32:19 ERROR root remotelib error:LobbyPanel:4623:{"property": "init", "value": "device does not exist", "qualifier": {"alias": "LobbyPanel:4623", "code": "missing device"}}
2026-03-06 11:32:19 ERROR root remotelib error:LobbyPanel:15122:{"property": "init", "value": "device does not exist", "qualifier": {"alias": "LobbyPanel:15122", "code": "missing device"}}
2026-03-06 11:32:19 ERROR root remotelib error:IC142Panel:4666:{"property": "init", "value": "device does not exist", "qualifier": {"alias": "IC142Panel:4666", "code": "missing device"}}
2026-03-06 11:32:19 ERROR root remotelib error:IC143Panel:4671:{"property": "init", "value": "device does not exist", "qualifier": {"alias": "IC143Panel:4671", "code": "missing device"}}
2026-03-06 11:32:19 ERROR root remotelib error:IC142Panel:4665:{"property": "init", "value": "device does not exist", "qualifier": {"alias": "IC142Panel:4665", "code": "missing device"}}
2026-03-06 11:32:19 ERROR root remotelib error:IC143Panel:4672:{"property": "init", "value": "device does not exist", "qualifier": {"alias": "IC143Panel:4672", "code": "missing device"}}
2026-03-06 11:32:19 ERROR root remotelib error:LobbyPanel:14623:{"property": "init", "value": "device does not exist", "qualifier": {"alias": "LobbyPanel:14623", "code": "missing device"}}
2026-03-06 11:32:19 ERROR root remotelib error:BreakRmPanel:4657:{"property": "init", "value": "device does not exist", "qualifier": {"alias": "BreakRmPanel:4657", "code": "missing device"}}
2026-03-06 11:32:19 ERROR root remotelib error:IC143Panel:4673:{"property": "init", "value": "device does not exist", "qualifier": {"alias": "IC143Panel:4673", "code": "missing device"}}
2026-03-06 11:32:19 ERROR root remotelib error:IC142Panel:4667:{"property": "init", "value": "device does not exist", "qualifier": {"alias": "IC142Panel:4667", "code": "missing device"}}
2026-03-06 11:32:19 ERROR root remotelib error:BreakRmPanel:4658:{"property": "init", "value": "device does not exist", "qualifier": {"alias": "BreakRmPanel:4658", "code": "missing device"}}
2026-03-06 11:32:19 ERROR root remotelib error:IC142Panel:4669:{"property": "init", "value": "device does not exist", "qualifier": {"alias": "IC142Panel:4669", "code": "missing device"}}
2026-03-06 11:32:19 ERROR root remotelib error:BWDPanel:14622:{"property": "init", "value": "device does not exist", "qualifier": {"alias": "BWDPanel:14622", "code": "missing device"}}
2026-03-06 11:32:19 ERROR root remotelib error:LobbyPanel:4773:{"property": "init", "value": "device does not exist", "qualifier": {"alias": "LobbyPanel:4773", "code": "missing device"}}
2026-03-06 11:32:19 ERROR root remotelib error:IC142Panel:4668:{"property": "init", "value": "device does not exist", "qualifier": {"alias": "IC142Panel:4668", "code": "missing device"}}
2026-03-06 11:32:19 ERROR root remotelib error:BreakRmPanel:4660:{"property": "init", "value": "device does not exist", "qualifier": {"alias": "BreakRmPanel:4660", "code": "missing device"}}
2026-03-06 11:32:19 ERROR root remotelib error:HallPanel:4657:{"property": "init", "value": "device does not exist", "qualifier": {"alias": "HallPanel:4657", "code": "missing device"}}
2026-03-06 11:32:19 ERROR root remotelib error:IC143Panel:4674:{"property": "init", "value": "device does not exist", "qualifier": {"alias": "IC143Panel:4674", "code": "missing device"}}
2026-03-06 11:32:19 ERROR root remotelib error:IC142Panel:4670:{"property": "init", "value": "device does not exist", "qualifier": {"alias": "IC142Panel:4670", "code": "missing device"}}
2026-03-06 11:32:19 ERROR root remotelib error:IC143Panel:4675:{"property": "init", "value": "device does not exist", "qualifier": {"alias": "IC143Panel:4675", "code": "missing device"}}
2026-03-06 11:32:19 ERROR root remotelib error:HallPanel:4658:{"property": "init", "value": "device does not exist", "qualifier": {"alias": "HallPanel:4658", "code": "missing device"}}
2026-03-06 11:32:19 ERROR root remotelib error:BWDPanel:4923:{"property": "init", "value": "device does not exist", "qualifier": {"alias": "BWDPanel:4923", "code": "missing device"}}
2026-03-06 11:32:19 ERROR root remotelib error:LobbyPanel:4924:{"property": "init", "value": "device does not exist", "qualifier": {"alias": "LobbyPanel:4924", "code": "missing device"}}
2026-03-06 11:32:19 ERROR root remotelib error:BreakRmPanel:4661:{"property": "init", "value": "device does not exist", "qualifier": {"alias": "BreakRmPanel:4661", "code": "missing device"}}
2026-03-06 11:32:19 ERROR root remotelib error:LobbyPanel:4874:{"property": "init", "value": "device does not exist", "qualifier": {"alias": "LobbyPanel:4874", "code": "missing device"}}
2026-03-06 11:32:19 ERROR root remotelib error:LobbyPanel:14624:{"property": "init", "value": "device does not exist", "qualifier": {"alias": "LobbyPanel:14624", "code": "missing device"}}
2026-03-06 11:32:19 ERROR root remotelib error:LobbyPanel:4624:{"property": "init", "value": "device does not exist", "qualifier": {"alias": "LobbyPanel:4624", "code": "missing device"}}
2026-03-06 11:32:19 ERROR root remotelib error:IC144Panel:4657:{"property": "init", "value": "device does not exist", "qualifier": {"alias": "IC144Panel:4657", "code": "missing device"}}
2026-03-06 11:32:20 ERROR root remotelib error:IC142Panel:4671:{"property": "init", "value": "device does not exist", "qualifier": {"alias": "IC142Panel:4671", "code": "missing device"}}
2026-03-06 11:32:20 ERROR root remotelib error:LobbyPanel:15123:{"property": "init", "value": "device does not exist", "qualifier": {"alias": "LobbyPanel:15123", "code": "missing device"}}
2026-03-06 11:32:20 ERROR root remotelib error:IC144Panel:4658:{"property": "init", "value": "device does not exist", "qualifier": {"alias": "IC144Panel:4658", "code": "missing device"}}
2026-03-06 11:32:20 ERROR root remotelib error:IC142Panel:4672:{"property": "init", "value": "device does not exist", "qualifier": {"alias": "IC142Panel:4672", "code": "missing device"}}
2026-03-06 11:32:20 ERROR root remotelib error:IC143Panel:4677:{"property": "init", "value": "device does not exist", "qualifier": {"alias": "IC143Panel:4677", "code": "missing device"}}
2026-03-06 11:32:20 ERROR root remotelib error:BreakRmPanel:4663:{"property": "init", "value": "device does not exist", "qualifier": {"alias": "BreakRmPanel:4663", "code": "missing device"}}
2026-03-06 11:32:20 ERROR root remotelib error:BWDPanel:4873:{"property": "init", "value": "device does not exist", "qualifier": {"alias": "BWDPanel:4873", "code": "missing device"}}
2026-03-06 11:32:20 ERROR root remotelib error:IC142Panel:4673:{"property": "init", "value": "device does not exist", "qualifier": {"alias": "IC142Panel:4673", "code": "missing device"}}
2026-03-06 11:32:20 ERROR root remotelib error:BreakRmPanel:4665:{"property": "init", "value": "device does not exist", "qualifier": {"alias": "BreakRmPanel:4665", "code": "missing device"}}
2026-03-06 11:32:20 ERROR root remotelib error:IC144Panel:4660:{"property": "init", "value": "device does not exist", "qualifier": {"alias": "IC144Panel:4660", "code": "missing device"}}
2026-03-06 11:32:20 ERROR root remotelib error:BreakRmPanel:4666:{"property": "init", "value": "device does not exist", "qualifier": {"alias": "BreakRmPanel:4666", "code": "missing device"}}
2026-03-06 11:32:20 ERROR root remotelib error:IC143Panel:4676:{"property": "init", "value": "device does not exist", "qualifier": {"alias": "IC143Panel:4676", "code": "missing device"}}
2026-03-06 11:32:20 ERROR root remotelib error:BreakRmPanel:4662:{"property": "init", "value": "device does not exist", "qualifier": {"alias": "BreakRmPanel:4662", "code": "missing device"}}
2026-03-06 11:32:20 ERROR root remotelib error:HallPanel:4660:{"property": "init", "value": "device does not exist", "qualifier": {"alias": "HallPanel:4660", "code": "missing device"}}
2026-03-06 11:32:20 ERROR root remotelib error:HallPanel:4661:{"property": "init", "value": "device does not exist", "qualifier": {"alias": "HallPanel:4661", "code": "missing device"}}
2026-03-06 11:32:20 ERROR root remotelib error:IC142Panel:4674:{"property": "init", "value": "device does not exist", "qualifier": {"alias": "IC142Panel:4674", "code": "missing device"}}
2026-03-06 11:32:20 ERROR root remotelib error:IC142Panel:4675:{"property": "init", "value": "device does not exist", "qualifier": {"alias": "IC142Panel:4675", "code": "missing device"}}
2026-03-06 11:32:20 ERROR root remotelib error:IC143Panel:4678:{"property": "init", "value": "device does not exist", "qualifier": {"alias": "IC143Panel:4678", "code": "missing device"}}
2026-03-06 11:32:20 ERROR root remotelib error:BreakRmPanel:4664:{"property": "init", "value": "device does not exist", "qualifier": {"alias": "BreakRmPanel:4664", "code": "missing device"}}
2026-03-06 11:32:20 ERROR root remotelib error:IC143Panel:4679:{"property": "init", "value": "device does not exist", "qualifier": {"alias": "IC143Panel:4679", "code": "missing device"}}
2026-03-06 11:32:20 ERROR root remotelib error:HallPanel:4662:{"property": "init", "value": "device does not exist", "qualifier": {"alias": "HallPanel:4662", "code": "missing device"}}
2026-03-06 11:32:20 ERROR root remotelib error:LobbyPanel:4774:{"property": "init", "value": "device does not exist", "qualifier": {"alias": "LobbyPanel:4774", "code": "missing device"}}
2026-03-06 11:32:20 ERROR root remotelib error:BWDPanel:14623:{"property": "init", "value": "device does not exist", "qualifier": {"alias": "BWDPanel:14623", "code": "missing device"}}
2026-03-06 11:32:20 ERROR root remotelib error:BreakRmPanel:4671:{"property": "init", "value": "device does not exist", "qualifier": {"alias": "BreakRmPanel:4671", "code": "missing device"}}
2026-03-06 11:32:20 ERROR root remotelib error:BreakRmPanel:4667:{"property": "init", "value": "device does not exist", "qualifier": {"alias": "BreakRmPanel:4667", "code": "missing device"}}
2026-03-06 11:32:20 ERROR root remotelib error:IC144Panel:4661:{"property": "init", "value": "device does not exist", "qualifier": {"alias": "IC144Panel:4661", "code": "missing device"}}
2026-03-06 11:32:20 ERROR root remotelib error:BWDPanel:4924:{"property": "init", "value": "device does not exist", "qualifier": {"alias": "BWDPanel:4924", "code": "missing device"}}
2026-03-06 11:32:20 ERROR root remotelib error:IC142Panel:4676:{"property": "init", "value": "device does not exist", "qualifier": {"alias": "IC142Panel:4676", "code": "missing device"}}
2026-03-06 11:32:20 ERROR root remotelib error:HallPanel:4663:{"property": "init", "value": "device does not exist", "qualifier": {"alias": "HallPanel:4663", "code": "missing device"}}
2026-03-06 11:32:20 ERROR root remotelib error:BWDPanel:4874:{"property": "init", "value": "device does not exist", "qualifier": {"alias": "BWDPanel:4874", "code": "missing device"}}
2026-03-06 11:32:20 ERROR root remotelib error:HallPanel:4665:{"property": "init", "value": "device does not exist", "qualifier": {"alias": "HallPanel:4665", "code": "missing device"}}
2026-03-06 11:32:20 ERROR root remotelib error:IC142Panel:4679:{"property": "init", "value": "device does not exist", "qualifier": {"alias": "IC142Panel:4679", "code": "missing device"}}
2026-03-06 11:32:20 ERROR root remotelib error:BreakRmPanel:4670:{"property": "init", "value": "device does not exist", "qualifier": {"alias": "BreakRmPanel:4670", "code": "missing device"}}
2026-03-06 11:32:20 ERROR root remotelib error:HallPanel:4666:{"property": "init", "value": "device does not exist", "qualifier": {"alias": "HallPanel:4666", "code": "missing device"}}
2026-03-06 11:32:20 ERROR root remotelib error:IC143Panel:4680:{"property": "init", "value": "device does not exist", "qualifier": {"alias": "IC143Panel:4680", "code": "missing device"}}
2026-03-06 11:32:20 ERROR root remotelib error:IC144Panel:4662:{"property": "init", "value": "device does not exist", "qualifier": {"alias": "IC144Panel:4662", "code": "missing device"}}
2026-03-06 11:32:20 ERROR root remotelib error:IC142Panel:4677:{"property": "init", "value": "device does not exist", "qualifier": {"alias": "IC142Panel:4677", "code": "missing device"}}
2026-03-06 11:32:20 ERROR root remotelib error:HallPanel:4664:{"property": "init", "value": "device does not exist", "qualifier": {"alias": "HallPanel:4664", "code": "missing device"}}
2026-03-06 11:32:20 ERROR root remotelib error:BreakRmPanel:4669:{"property": "init", "value": "device does not exist", "qualifier": {"alias": "BreakRmPanel:4669", "code": "missing device"}}
2026-03-06 11:32:20 ERROR root remotelib error:IC142Panel:4678:{"property": "init", "value": "device does not exist", "qualifier": {"alias": "IC142Panel:4678", "code": "missing device"}}
2026-03-06 11:32:20 ERROR root remotelib error:IC144Panel:4664:{"property": "init", "value": "device does not exist", "qualifier": {"alias": "IC144Panel:4664", "code": "missing device"}}
2026-03-06 11:32:20 ERROR root remotelib error:IC144Panel:4663:{"property": "init", "value": "device does not exist", "qualifier": {"alias": "IC144Panel:4663", "code": "missing device"}}
2026-03-06 11:32:20 ERROR root remotelib error:IC143Panel:4682:{"property": "init", "value": "device does not exist", "qualifier": {"alias": "IC143Panel:4682", "code": "missing device"}}
2026-03-06 11:32:20 ERROR root remotelib error:IC143Panel:4681:{"property": "init", "value": "device does not exist", "qualifier": {"alias": "IC143Panel:4681", "code": "missing device"}}
2026-03-06 11:32:20 ERROR root remotelib error:IC142Panel:4680:{"property": "init", "value": "device does not exist", "qualifier": {"alias": "IC142Panel:4680", "code": "missing device"}}
2026-03-06 11:32:20 ERROR root remotelib error:BreakRmPanel:4668:{"property": "init", "value": "device does not exist", "qualifier": {"alias": "BreakRmPanel:4668", "code": "missing device"}}
2026-03-06 11:32:20 ERROR root remotelib error:BreakRmPanel:4672:{"property": "init", "value": "device does not exist", "qualifier": {"alias": "BreakRmPanel:4672", "code": "missing device"}}
2026-03-06 11:32:20 ERROR root remotelib error:IC142Panel:4681:{"property": "init", "value": "device does not exist", "qualifier": {"alias": "IC142Panel:4681", "code": "missing device"}}
2026-03-06 11:32:20 ERROR root remotelib error:HallPanel:4667:{"property": "init", "value": "device does not exist", "qualifier": {"alias": "HallPanel:4667", "code": "missing device"}}
2026-03-06 11:32:20 ERROR root remotelib error:IC144Panel:4665:{"property": "init", "value": "device does not exist", "qualifier": {"alias": "IC144Panel:4665", "code": "missing device"}}
2026-03-06 11:32:20 ERROR root remotelib error:BreakRmPanel:4673:{"property": "init", "value": "device does not exist", "qualifier": {"alias": "BreakRmPanel:4673", "code": "missing device"}}
2026-03-06 11:32:20 ERROR root remotelib error:BWDPanel:14624:{"property": "init", "value": "device does not exist", "qualifier": {"alias": "BWDPanel:14624", "code": "missing device"}}
2026-03-06 11:32:20 ERROR root remotelib error:IC144Panel:4667:{"property": "init", "value": "device does not exist", "qualifier": {"alias": "IC144Panel:4667", "code": "missing device"}}
2026-03-06 11:32:20 ERROR root remotelib error:HallPanel:4669:{"property": "init", "value": "device does not exist", "qualifier": {"alias": "HallPanel:4669", "code": "missing device"}}
2026-03-06 11:32:20 ERROR root remotelib error:BreakRmPanel:4674:{"property": "init", "value": "device does not exist", "qualifier": {"alias": "BreakRmPanel:4674", "code": "missing device"}}
2026-03-06 11:32:20 ERROR root remotelib error:BreakRmPanel:4675:{"property": "init", "value": "device does not exist", "qualifier": {"alias": "BreakRmPanel:4675", "code": "missing device"}}
2026-03-06 11:32:20 ERROR root remotelib error:IC144Panel:4666:{"property": "init", "value": "device does not exist", "qualifier": {"alias": "IC144Panel:4666", "code": "missing device"}}
2026-03-06 11:32:20 ERROR root remotelib error:HallPanel:4668:{"property": "init", "value": "device does not exist", "qualifier": {"alias": "HallPanel:4668", "code": "missing device"}}
2026-03-06 11:32:20 ERROR root remotelib error:IC143Panel:14652:{"property": "init", "value": "device does not exist", "qualifier": {"alias": "IC143Panel:14652", "code": "missing device"}}
2026-03-06 11:32:20 ERROR root remotelib error:IC143Panel:14653:{"property": "init", "value": "device does not exist", "qualifier": {"alias": "IC143Panel:14653", "code": "missing device"}}
2026-03-06 11:32:20 ERROR root remotelib error:IC142Panel:4682:{"property": "init", "value": "device does not exist", "qualifier": {"alias": "IC142Panel:4682", "code": "missing device"}}
2026-03-06 11:32:20 ERROR root remotelib error:HallPanel:4671:{"property": "init", "value": "device does not exist", "qualifier": {"alias": "HallPanel:4671", "code": "missing device"}}
2026-03-06 11:32:20 ERROR root remotelib error:IC142Panel:14652:{"property": "init", "value": "device does not exist", "qualifier": {"alias": "IC142Panel:14652", "code": "missing device"}}
2026-03-06 11:32:20 ERROR root remotelib error:BreakRmPanel:4676:{"property": "init", "value": "device does not exist", "qualifier": {"alias": "BreakRmPanel:4676", "code": "missing device"}}
2026-03-06 11:32:20 ERROR root remotelib error:IC144Panel:4669:{"property": "init", "value": "device does not exist", "qualifier": {"alias": "IC144Panel:4669", "code": "missing device"}}
2026-03-06 11:32:20 ERROR root remotelib error:HallPanel:4672:{"property": "init", "value": "device does not exist", "qualifier": {"alias": "HallPanel:4672", "code": "missing device"}}
2026-03-06 11:32:20 ERROR root remotelib error:IC143Panel:14654:{"property": "init", "value": "device does not exist", "qualifier": {"alias": "IC143Panel:14654", "code": "missing device"}}
2026-03-06 11:32:20 ERROR root remotelib error:IC142Panel:14653:{"property": "init", "value": "device does not exist", "qualifier": {"alias": "IC142Panel:14653", "code": "missing device"}}
2026-03-06 11:32:20 ERROR root remotelib error:LobbyPanel:4658:{"property": "init", "value": "device does not exist", "qualifier": {"alias": "LobbyPanel:4658", "code": "missing device"}}
2026-03-06 11:32:20 ERROR root remotelib error:LobbyPanel:4657:{"property": "init", "value": "device does not exist", "qualifier": {"alias": "LobbyPanel:4657", "code": "missing device"}}
2026-03-06 11:32:20 ERROR root remotelib error:IC144Panel:4668:{"property": "init", "value": "device does not exist", "qualifier": {"alias": "IC144Panel:4668", "code": "missing device"}}
2026-03-06 11:32:20 ERROR root remotelib error:HallPanel:4670:{"property": "init", "value": "device does not exist", "qualifier": {"alias": "HallPanel:4670", "code": "missing device"}}
2026-03-06 11:32:20 ERROR root remotelib error:BreakRmPanel:4677:{"property": "init", "value": "device does not exist", "qualifier": {"alias": "BreakRmPanel:4677", "code": "missing device"}}
2026-03-06 11:32:20 ERROR root remotelib error:IC142Panel:14654:{"property": "init", "value": "device does not exist", "qualifier": {"alias": "IC142Panel:14654", "code": "missing device"}}
2026-03-06 11:32:20 ERROR root remotelib error:IC143Panel:14655:{"property": "init", "value": "device does not exist", "qualifier": {"alias": "IC143Panel:14655", "code": "missing device"}}
2026-03-06 11:32:20 ERROR root remotelib error:IC142Panel:14655:{"property": "init", "value": "device does not exist", "qualifier": {"alias": "IC142Panel:14655", "code": "missing device"}}
2026-03-06 11:32:20 ERROR root remotelib error:HallPanel:4674:{"property": "init", "value": "device does not exist", "qualifier": {"alias": "HallPanel:4674", "code": "missing device"}}
2026-03-06 11:32:20 ERROR root remotelib error:HallPanel:4673:{"property": "init", "value": "device does not exist", "qualifier": {"alias": "HallPanel:4673", "code": "missing device"}}
2026-03-06 11:32:20 ERROR root remotelib error:IC144Panel:4670:{"property": "init", "value": "device does not exist", "qualifier": {"alias": "IC144Panel:4670", "code": "missing device"}}
2026-03-06 11:32:20 ERROR root remotelib error:IC144Panel:4671:{"property": "init", "value": "device does not exist", "qualifier": {"alias": "IC144Panel:4671", "code": "missing device"}}
2026-03-06 11:32:20 ERROR root remotelib error:IC143Panel:14656:{"property": "init", "value": "device does not exist", "qualifier": {"alias": "IC143Panel:14656", "code": "missing device"}}
2026-03-06 11:32:20 ERROR root remotelib error:BreakRmPanel:4678:{"property": "init", "value": "device does not exist", "qualifier": {"alias": "BreakRmPanel:4678", "code": "missing device"}}
2026-03-06 11:32:20 ERROR root remotelib error:BreakRmPanel:4679:{"property": "init", "value": "device does not exist", "qualifier": {"alias": "BreakRmPanel:4679", "code": "missing device"}}
2026-03-06 11:32:20 ERROR root remotelib error:IC144Panel:4672:{"property": "init", "value": "device does not exist", "qualifier": {"alias": "IC144Panel:4672", "code": "missing device"}}
2026-03-06 11:32:20 ERROR root remotelib error:IC142Panel:14656:{"property": "init", "value": "device does not exist", "qualifier": {"alias": "IC142Panel:14656", "code": "missing device"}}
2026-03-06 11:32:20 ERROR root remotelib error:LobbyPanel:4660:{"property": "init", "value": "device does not exist", "qualifier": {"alias": "LobbyPanel:4660", "code": "missing device"}}
2026-03-06 11:32:20 ERROR root remotelib error:HallPanel:4675:{"property": "init", "value": "device does not exist", "qualifier": {"alias": "HallPanel:4675", "code": "missing device"}}
2026-03-06 11:32:20 ERROR root remotelib error:IC143Panel:14657:{"property": "init", "value": "device does not exist", "qualifier": {"alias": "IC143Panel:14657", "code": "missing device"}}
2026-03-06 11:32:20 ERROR root remotelib error:BreakRmPanel:4680:{"property": "init", "value": "device does not exist", "qualifier": {"alias": "BreakRmPanel:4680", "code": "missing device"}}
2026-03-06 11:32:20 ERROR root remotelib error:IC142Panel:14657:{"property": "init", "value": "device does not exist", "qualifier": {"alias": "IC142Panel:14657", "code": "missing device"}}
2026-03-06 11:32:20 ERROR root remotelib error:IC143Panel:14658:{"property": "init", "value": "device does not exist", "qualifier": {"alias": "IC143Panel:14658", "code": "missing device"}}
2026-03-06 11:32:20 ERROR root remotelib error:HallPanel:4677:{"property": "init", "value": "device does not exist", "qualifier": {"alias": "HallPanel:4677", "code": "missing device"}}
2026-03-06 11:32:20 ERROR root remotelib error:LobbyPanel:4661:{"property": "init", "value": "device does not exist", "qualifier": {"alias": "LobbyPanel:4661", "code": "missing device"}}
2026-03-06 11:32:20 ERROR root remotelib error:BreakRmPanel:4681:{"property": "init", "value": "device does not exist", "qualifier": {"alias": "BreakRmPanel:4681", "code": "missing device"}}
2026-03-06 11:32:20 ERROR root remotelib error:IC142Panel:14659:{"property": "init", "value": "device does not exist", "qualifier": {"alias": "IC142Panel:14659", "code": "missing device"}}
2026-03-06 11:32:20 ERROR root remotelib error:BreakRmPanel:4682:{"property": "init", "value": "device does not exist", "qualifier": {"alias": "BreakRmPanel:4682", "code": "missing device"}}
2026-03-06 11:32:20 ERROR root remotelib error:IC142Panel:14658:{"property": "init", "value": "device does not exist", "qualifier": {"alias": "IC142Panel:14658", "code": "missing device"}}
2026-03-06 11:32:20 ERROR root remotelib error:IC144Panel:4673:{"property": "init", "value": "device does not exist", "qualifier": {"alias": "IC144Panel:4673", "code": "missing device"}}
2026-03-06 11:32:20 ERROR root remotelib error:IC144Panel:4674:{"property": "init", "value": "device does not exist", "qualifier": {"alias": "IC144Panel:4674", "code": "missing device"}}
2026-03-06 11:32:20 ERROR root remotelib error:HallPanel:4676:{"property": "init", "value": "device does not exist", "qualifier": {"alias": "HallPanel:4676", "code": "missing device"}}
2026-03-06 11:32:20 ERROR root remotelib error:LobbyPanel:4662:{"property": "init", "value": "device does not exist", "qualifier": {"alias": "LobbyPanel:4662", "code": "missing device"}}
2026-03-06 11:32:20 ERROR root remotelib error:IC143Panel:14659:{"property": "init", "value": "device does not exist", "qualifier": {"alias": "IC143Panel:14659", "code": "missing device"}}
2026-03-06 11:32:20 ERROR root remotelib error:BWDPanel:4657:{"property": "init", "value": "device does not exist", "qualifier": {"alias": "BWDPanel:4657", "code": "missing device"}}
2026-03-06 11:32:20 ERROR root remotelib error:IC144Panel:4675:{"property": "init", "value": "device does not exist", "qualifier": {"alias": "IC144Panel:4675", "code": "missing device"}}
2026-03-06 11:32:20 ERROR root remotelib error:IC143Panel:14661:{"property": "init", "value": "device does not exist", "qualifier": {"alias": "IC143Panel:14661", "code": "missing device"}}
2026-03-06 11:32:20 ERROR root remotelib error:IC144Panel:4676:{"property": "init", "value": "device does not exist", "qualifier": {"alias": "IC144Panel:4676", "code": "missing device"}}
2026-03-06 11:32:20 ERROR root remotelib error:BWDPanel:4658:{"property": "init", "value": "device does not exist", "qualifier": {"alias": "BWDPanel:4658", "code": "missing device"}}
2026-03-06 11:32:20 ERROR root remotelib error:HallPanel:4679:{"property": "init", "value": "device does not exist", "qualifier": {"alias": "HallPanel:4679", "code": "missing device"}}
2026-03-06 11:32:20 ERROR root remotelib error:IC143Panel:14660:{"property": "init", "value": "device does not exist", "qualifier": {"alias": "IC143Panel:14660", "code": "missing device"}}
2026-03-06 11:32:20 ERROR root remotelib error:BreakRmPanel:14652:{"property": "init", "value": "device does not exist", "qualifier": {"alias": "BreakRmPanel:14652", "code": "missing device"}}
2026-03-06 11:32:20 ERROR root remotelib error:LobbyPanel:4664:{"property": "init", "value": "device does not exist", "qualifier": {"alias": "LobbyPanel:4664", "code": "missing device"}}
2026-03-06 11:32:20 ERROR root remotelib error:HallPanel:4678:{"property": "init", "value": "device does not exist", "qualifier": {"alias": "HallPanel:4678", "code": "missing device"}}
2026-03-06 11:32:20 ERROR root remotelib error:IC142Panel:14661:{"property": "init", "value": "device does not exist", "qualifier": {"alias": "IC142Panel:14661", "code": "missing device"}}
2026-03-06 11:32:20 ERROR root remotelib error:IC142Panel:14660:{"property": "init", "value": "device does not exist", "qualifier": {"alias": "IC142Panel:14660", "code": "missing device"}}
2026-03-06 11:32:20 ERROR root remotelib error:IC143Panel:14662:{"property": "init", "value": "device does not exist", "qualifier": {"alias": "IC143Panel:14662", "code": "missing device"}}
2026-03-06 11:32:20 ERROR root remotelib error:LobbyPanel:4663:{"property": "init", "value": "device does not exist", "qualifier": {"alias": "LobbyPanel:4663", "code": "missing device"}}
2026-03-06 11:32:20 ERROR root remotelib error:IC144Panel:4677:{"property": "init", "value": "device does not exist", "qualifier": {"alias": "IC144Panel:4677", "code": "missing device"}}
2026-03-06 11:32:20 ERROR root remotelib error:LobbyPanel:4665:{"property": "init", "value": "device does not exist", "qualifier": {"alias": "LobbyPanel:4665", "code": "missing device"}}
2026-03-06 11:32:20 ERROR root remotelib error:IC142Panel:14662:{"property": "init", "value": "device does not exist", "qualifier": {"alias": "IC142Panel:14662", "code": "missing device"}}
2026-03-06 11:32:20 ERROR root remotelib error:BWDPanel:4660:{"property": "init", "value": "device does not exist", "qualifier": {"alias": "BWDPanel:4660", "code": "missing device"}}
2026-03-06 11:32:20 ERROR root remotelib error:HallPanel:4680:{"property": "init", "value": "device does not exist", "qualifier": {"alias": "HallPanel:4680", "code": "missing device"}}
2026-03-06 11:32:20 ERROR root remotelib error:BWDPanel:4661:{"property": "init", "value": "device does not exist", "qualifier": {"alias": "BWDPanel:4661", "code": "missing device"}}
2026-03-06 11:32:20 ERROR root remotelib error:BWDPanel:4662:{"property": "init", "value": "device does not exist", "qualifier": {"alias": "BWDPanel:4662", "code": "missing device"}}
2026-03-06 11:32:20 ERROR root remotelib error:IC143Panel:14664:{"property": "init", "value": "device does not exist", "qualifier": {"alias": "IC143Panel:14664", "code": "missing device"}}
2026-03-06 11:32:20 ERROR root remotelib error:HallPanel:4681:{"property": "init", "value": "device does not exist", "qualifier": {"alias": "HallPanel:4681", "code": "missing device"}}
2026-03-06 11:32:20 ERROR root remotelib error:BreakRmPanel:14654:{"property": "init", "value": "device does not exist", "qualifier": {"alias": "BreakRmPanel:14654", "code": "missing device"}}
2026-03-06 11:32:20 ERROR root remotelib error:BreakRmPanel:14653:{"property": "init", "value": "device does not exist", "qualifier": {"alias": "BreakRmPanel:14653", "code": "missing device"}}
2026-03-06 11:32:20 ERROR root remotelib error:IC142Panel:14663:{"property": "init", "value": "device does not exist", "qualifier": {"alias": "IC142Panel:14663", "code": "missing device"}}
2026-03-06 11:32:20 ERROR root remotelib error:IC144Panel:4679:{"property": "init", "value": "device does not exist", "qualifier": {"alias": "IC144Panel:4679", "code": "missing device"}}
2026-03-06 11:32:20 ERROR root remotelib error:LobbyPanel:4667:{"property": "init", "value": "device does not exist", "qualifier": {"alias": "LobbyPanel:4667", "code": "missing device"}}
2026-03-06 11:32:20 ERROR root remotelib error:IC144Panel:4678:{"property": "init", "value": "device does not exist", "qualifier": {"alias": "IC144Panel:4678", "code": "missing device"}}
2026-03-06 11:32:20 ERROR root remotelib error:IC143Panel:14663:{"property": "init", "value": "device does not exist", "qualifier": {"alias": "IC143Panel:14663", "code": "missing device"}}
2026-03-06 11:32:20 ERROR root remotelib error:LobbyPanel:4666:{"property": "init", "value": "device does not exist", "qualifier": {"alias": "LobbyPanel:4666", "code": "missing device"}}
2026-03-06 11:32:20 ERROR root remotelib error:BWDPanel:4663:{"property": "init", "value": "device does not exist", "qualifier": {"alias": "BWDPanel:4663", "code": "missing device"}}
2026-03-06 11:32:21 ERROR root remotelib error:HallPanel:4682:{"property": "init", "value": "device does not exist", "qualifier": {"alias": "HallPanel:4682", "code": "missing device"}}
2026-03-06 11:32:21 ERROR root remotelib error:IC142Panel:14664:{"property": "init", "value": "device does not exist", "qualifier": {"alias": "IC142Panel:14664", "code": "missing device"}}
2026-03-06 11:32:21 ERROR root remotelib error:LobbyPanel:4668:{"property": "init", "value": "device does not exist", "qualifier": {"alias": "LobbyPanel:4668", "code": "missing device"}}
2026-03-06 11:32:21 ERROR root remotelib error:IC144Panel:4680:{"property": "init", "value": "device does not exist", "qualifier": {"alias": "IC144Panel:4680", "code": "missing device"}}
2026-03-06 11:32:21 ERROR root remotelib error:BreakRmPanel:14655:{"property": "init", "value": "device does not exist", "qualifier": {"alias": "BreakRmPanel:14655", "code": "missing device"}}
2026-03-06 11:32:21 ERROR root remotelib error:BWDPanel:4664:{"property": "init", "value": "device does not exist", "qualifier": {"alias": "BWDPanel:4664", "code": "missing device"}}
2026-03-06 11:32:21 ERROR root remotelib error:IC144Panel:4681:{"property": "init", "value": "device does not exist", "qualifier": {"alias": "IC144Panel:4681", "code": "missing device"}}
2026-03-06 11:32:21 ERROR root remotelib error:IC143Panel:14665:{"property": "init", "value": "device does not exist", "qualifier": {"alias": "IC143Panel:14665", "code": "missing device"}}
2026-03-06 11:32:21 ERROR root remotelib error:IC142Panel:14665:{"property": "init", "value": "device does not exist", "qualifier": {"alias": "IC142Panel:14665", "code": "missing device"}}
2026-03-06 11:32:21 ERROR root remotelib error:BreakRmPanel:14656:{"property": "init", "value": "device does not exist", "qualifier": {"alias": "BreakRmPanel:14656", "code": "missing device"}}
2026-03-06 11:32:21 ERROR root remotelib error:BWDPanel:4665:{"property": "init", "value": "device does not exist", "qualifier": {"alias": "BWDPanel:4665", "code": "missing device"}}
2026-03-06 11:32:21 ERROR root remotelib error:LobbyPanel:4669:{"property": "init", "value": "device does not exist", "qualifier": {"alias": "LobbyPanel:4669", "code": "missing device"}}
2026-03-06 11:32:21 ERROR root remotelib error:IC144Panel:4682:{"property": "init", "value": "device does not exist", "qualifier": {"alias": "IC144Panel:4682", "code": "missing device"}}
2026-03-06 11:32:21 ERROR root remotelib error:LobbyPanel:4670:{"property": "init", "value": "device does not exist", "qualifier": {"alias": "LobbyPanel:4670", "code": "missing device"}}
2026-03-06 11:32:21 ERROR root remotelib error:IC142Panel:14666:{"property": "init", "value": "device does not exist", "qualifier": {"alias": "IC142Panel:14666", "code": "missing device"}}
2026-03-06 11:32:21 ERROR root remotelib error:HallPanel:14652:{"property": "init", "value": "device does not exist", "qualifier": {"alias": "HallPanel:14652", "code": "missing device"}}
2026-03-06 11:32:21 ERROR root remotelib error:IC143Panel:14666:{"property": "init", "value": "device does not exist", "qualifier": {"alias": "IC143Panel:14666", "code": "missing device"}}
2026-03-06 11:32:21 ERROR root remotelib error:BreakRmPanel:14657:{"property": "init", "value": "device does not exist", "qualifier": {"alias": "BreakRmPanel:14657", "code": "missing device"}}
2026-03-06 11:32:21 ERROR root remotelib error:HallPanel:14653:{"property": "init", "value": "device does not exist", "qualifier": {"alias": "HallPanel:14653", "code": "missing device"}}
2026-03-06 11:32:21 ERROR root remotelib error:BWDPanel:4666:{"property": "init", "value": "device does not exist", "qualifier": {"alias": "BWDPanel:4666", "code": "missing device"}}
2026-03-06 11:32:21 ERROR root remotelib error:LobbyPanel:4671:{"property": "init", "value": "device does not exist", "qualifier": {"alias": "LobbyPanel:4671", "code": "missing device"}}
2026-03-06 11:32:21 ERROR root remotelib error:IC143Panel:14667:{"property": "init", "value": "device does not exist", "qualifier": {"alias": "IC143Panel:14667", "code": "missing device"}}
2026-03-06 11:32:21 ERROR root remotelib error:IC142Panel:14667:{"property": "init", "value": "device does not exist", "qualifier": {"alias": "IC142Panel:14667", "code": "missing device"}}
2026-03-06 11:32:21 ERROR root remotelib error:LobbyPanel:4672:{"property": "init", "value": "device does not exist", "qualifier": {"alias": "LobbyPanel:4672", "code": "missing device"}}
2026-03-06 11:32:21 ERROR root remotelib error:BreakRmPanel:14658:{"property": "init", "value": "device does not exist", "qualifier": {"alias": "BreakRmPanel:14658", "code": "missing device"}}
2026-03-06 11:32:21 ERROR root remotelib error:IC144Panel:14652:{"property": "init", "value": "device does not exist", "qualifier": {"alias": "IC144Panel:14652", "code": "missing device"}}
2026-03-06 11:32:21 ERROR root remotelib error:IC143Panel:14668:{"property": "init", "value": "device does not exist", "qualifier": {"alias": "IC143Panel:14668", "code": "missing device"}}
2026-03-06 11:32:21 ERROR root remotelib error:BWDPanel:4667:{"property": "init", "value": "device does not exist", "qualifier": {"alias": "BWDPanel:4667", "code": "missing device"}}
2026-03-06 11:32:21 ERROR root remotelib error:BreakRmPanel:14659:{"property": "init", "value": "device does not exist", "qualifier": {"alias": "BreakRmPanel:14659", "code": "missing device"}}
2026-03-06 11:32:21 ERROR root remotelib error:IC144Panel:14653:{"property": "init", "value": "device does not exist", "qualifier": {"alias": "IC144Panel:14653", "code": "missing device"}}
2026-03-06 11:32:21 ERROR root remotelib error:LobbyPanel:4673:{"property": "init", "value": "device does not exist", "qualifier": {"alias": "LobbyPanel:4673", "code": "missing device"}}
2026-03-06 11:32:21 ERROR root remotelib error:HallPanel:14655:{"property": "init", "value": "device does not exist", "qualifier": {"alias": "HallPanel:14655", "code": "missing device"}}
2026-03-06 11:32:21 ERROR root remotelib error:IC142Panel:14669:{"property": "init", "value": "device does not exist", "qualifier": {"alias": "IC142Panel:14669", "code": "missing device"}}
2026-03-06 11:32:21 ERROR root remotelib error:BWDPanel:4668:{"property": "init", "value": "device does not exist", "qualifier": {"alias": "BWDPanel:4668", "code": "missing device"}}
2026-03-06 11:32:21 ERROR root remotelib error:HallPanel:14654:{"property": "init", "value": "device does not exist", "qualifier": {"alias": "HallPanel:14654", "code": "missing device"}}
2026-03-06 11:32:21 ERROR root remotelib error:IC142Panel:14668:{"property": "init", "value": "device does not exist", "qualifier": {"alias": "IC142Panel:14668", "code": "missing device"}}
2026-03-06 11:32:21 ERROR root remotelib error:IC143Panel:14669:{"property": "init", "value": "device does not exist", "qualifier": {"alias": "IC143Panel:14669", "code": "missing device"}}
2026-03-06 11:32:21 ERROR root remotelib error:IC144Panel:14654:{"property": "init", "value": "device does not exist", "qualifier": {"alias": "IC144Panel:14654", "code": "missing device"}}
2026-03-06 11:32:21 ERROR root remotelib error:HallPanel:14656:{"property": "init", "value": "device does not exist", "qualifier": {"alias": "HallPanel:14656", "code": "missing device"}}
2026-03-06 11:32:21 ERROR root remotelib error:LobbyPanel:4674:{"property": "init", "value": "device does not exist", "qualifier": {"alias": "LobbyPanel:4674", "code": "missing device"}}
2026-03-06 11:32:21 ERROR root remotelib error:BreakRmPanel:14660:{"property": "init", "value": "device does not exist", "qualifier": {"alias": "BreakRmPanel:14660", "code": "missing device"}}
2026-03-06 11:32:21 ERROR root remotelib error:IC144Panel:14655:{"property": "init", "value": "device does not exist", "qualifier": {"alias": "IC144Panel:14655", "code": "missing device"}}
2026-03-06 11:32:21 ERROR root remotelib error:LobbyPanel:4675:{"property": "init", "value": "device does not exist", "qualifier": {"alias": "LobbyPanel:4675", "code": "missing device"}}
2026-03-06 11:32:21 ERROR root remotelib error:BWDPanel:4670:{"property": "init", "value": "device does not exist", "qualifier": {"alias": "BWDPanel:4670", "code": "missing device"}}
2026-03-06 11:32:21 ERROR root remotelib error:BWDPanel:4669:{"property": "init", "value": "device does not exist", "qualifier": {"alias": "BWDPanel:4669", "code": "missing device"}}
2026-03-06 11:32:21 ERROR root remotelib error:BreakRmPanel:14661:{"property": "init", "value": "device does not exist", "qualifier": {"alias": "BreakRmPanel:14661", "code": "missing device"}}
2026-03-06 11:32:21 ERROR root remotelib error:IC143Panel:14670:{"property": "init", "value": "device does not exist", "qualifier": {"alias": "IC143Panel:14670", "code": "missing device"}}
2026-03-06 11:32:21 ERROR root remotelib error:LobbyPanel:4676:{"property": "init", "value": "device does not exist", "qualifier": {"alias": "LobbyPanel:4676", "code": "missing device"}}
2026-03-06 11:32:21 ERROR root remotelib error:HallPanel:14658:{"property": "init", "value": "device does not exist", "qualifier": {"alias": "HallPanel:14658", "code": "missing device"}}
2026-03-06 11:32:21 ERROR root remotelib error:IC144Panel:14657:{"property": "init", "value": "device does not exist", "qualifier": {"alias": "IC144Panel:14657", "code": "missing device"}}
2026-03-06 11:32:21 ERROR root remotelib error:IC143Panel:14671:{"property": "init", "value": "device does not exist", "qualifier": {"alias": "IC143Panel:14671", "code": "missing device"}}
2026-03-06 11:32:21 ERROR root remotelib error:HallPanel:14657:{"property": "init", "value": "device does not exist", "qualifier": {"alias": "HallPanel:14657", "code": "missing device"}}
2026-03-06 11:32:21 ERROR root remotelib error:IC142Panel:14670:{"property": "init", "value": "device does not exist", "qualifier": {"alias": "IC142Panel:14670", "code": "missing device"}}
2026-03-06 11:32:21 ERROR root remotelib error:IC144Panel:14656:{"property": "init", "value": "device does not exist", "qualifier": {"alias": "IC144Panel:14656", "code": "missing device"}}
2026-03-06 11:32:21 ERROR root remotelib error:BWDPanel:4671:{"property": "init", "value": "device does not exist", "qualifier": {"alias": "BWDPanel:4671", "code": "missing device"}}
2026-03-06 11:32:21 ERROR root remotelib error:BreakRmPanel:14662:{"property": "init", "value": "device does not exist", "qualifier": {"alias": "BreakRmPanel:14662", "code": "missing device"}}
2026-03-06 11:32:21 ERROR root remotelib error:IC142Panel:14671:{"property": "init", "value": "device does not exist", "qualifier": {"alias": "IC142Panel:14671", "code": "missing device"}}
2026-03-06 11:32:21 ERROR root remotelib error:HallPanel:14659:{"property": "init", "value": "device does not exist", "qualifier": {"alias": "HallPanel:14659", "code": "missing device"}}
2026-03-06 11:32:21 ERROR root remotelib error:IC143Panel:14672:{"property": "init", "value": "device does not exist", "qualifier": {"alias": "IC143Panel:14672", "code": "missing device"}}
2026-03-06 11:32:21 ERROR root remotelib error:LobbyPanel:4678:{"property": "init", "value": "device does not exist", "qualifier": {"alias": "LobbyPanel:4678", "code": "missing device"}}
2026-03-06 11:32:21 ERROR root remotelib error:HallPanel:14660:{"property": "init", "value": "device does not exist", "qualifier": {"alias": "HallPanel:14660", "code": "missing device"}}
2026-03-06 11:32:21 ERROR root remotelib error:IC144Panel:14658:{"property": "init", "value": "device does not exist", "qualifier": {"alias": "IC144Panel:14658", "code": "missing device"}}
2026-03-06 11:32:21 ERROR root remotelib error:BreakRmPanel:14664:{"property": "init", "value": "device does not exist", "qualifier": {"alias": "BreakRmPanel:14664", "code": "missing device"}}
2026-03-06 11:32:21 ERROR root remotelib error:HallPanel:14661:{"property": "init", "value": "device does not exist", "qualifier": {"alias": "HallPanel:14661", "code": "missing device"}}
2026-03-06 11:32:21 ERROR root remotelib error:IC142Panel:14673:{"property": "init", "value": "device does not exist", "qualifier": {"alias": "IC142Panel:14673", "code": "missing device"}}
2026-03-06 11:32:21 ERROR root remotelib error:LobbyPanel:4677:{"property": "init", "value": "device does not exist", "qualifier": {"alias": "LobbyPanel:4677", "code": "missing device"}}
2026-03-06 11:32:21 ERROR root remotelib error:BreakRmPanel:14663:{"property": "init", "value": "device does not exist", "qualifier": {"alias": "BreakRmPanel:14663", "code": "missing device"}}
2026-03-06 11:32:21 ERROR root remotelib error:IC142Panel:14672:{"property": "init", "value": "device does not exist", "qualifier": {"alias": "IC142Panel:14672", "code": "missing device"}}
2026-03-06 11:32:21 ERROR root remotelib error:IC144Panel:14659:{"property": "init", "value": "device does not exist", "qualifier": {"alias": "IC144Panel:14659", "code": "missing device"}}
2026-03-06 11:32:21 ERROR root remotelib error:BWDPanel:4672:{"property": "init", "value": "device does not exist", "qualifier": {"alias": "BWDPanel:4672", "code": "missing device"}}
2026-03-06 11:32:21 ERROR root remotelib error:BWDPanel:4673:{"property": "init", "value": "device does not exist", "qualifier": {"alias": "BWDPanel:4673", "code": "missing device"}}
2026-03-06 11:32:21 ERROR root remotelib error:BreakRmPanel:14665:{"property": "init", "value": "device does not exist", "qualifier": {"alias": "BreakRmPanel:14665", "code": "missing device"}}
2026-03-06 11:32:21 ERROR root remotelib error:HallPanel:14662:{"property": "init", "value": "device does not exist", "qualifier": {"alias": "HallPanel:14662", "code": "missing device"}}
2026-03-06 11:32:21 ERROR root remotelib error:LobbyPanel:4679:{"property": "init", "value": "device does not exist", "qualifier": {"alias": "LobbyPanel:4679", "code": "missing device"}}
2026-03-06 11:32:21 ERROR root remotelib error:IC143Panel:14674:{"property": "init", "value": "device does not exist", "qualifier": {"alias": "IC143Panel:14674", "code": "missing device"}}
2026-03-06 11:32:21 ERROR root remotelib error:LobbyPanel:4680:{"property": "init", "value": "device does not exist", "qualifier": {"alias": "LobbyPanel:4680", "code": "missing device"}}
2026-03-06 11:32:21 ERROR root remotelib error:BWDPanel:4674:{"property": "init", "value": "device does not exist", "qualifier": {"alias": "BWDPanel:4674", "code": "missing device"}}
2026-03-06 11:32:21 ERROR root remotelib error:IC143Panel:14673:{"property": "init", "value": "device does not exist", "qualifier": {"alias": "IC143Panel:14673", "code": "missing device"}}
2026-03-06 11:32:21 ERROR root remotelib error:LobbyPanel:4681:{"property": "init", "value": "device does not exist", "qualifier": {"alias": "LobbyPanel:4681", "code": "missing device"}}
2026-03-06 11:32:21 ERROR root remotelib error:IC144Panel:14661:{"property": "init", "value": "device does not exist", "qualifier": {"alias": "IC144Panel:14661", "code": "missing device"}}
2026-03-06 11:32:21 ERROR root remotelib error:BreakRmPanel:14666:{"property": "init", "value": "device does not exist", "qualifier": {"alias": "BreakRmPanel:14666", "code": "missing device"}}
2026-03-06 11:32:21 ERROR root remotelib error:BreakRmPanel:14667:{"property": "init", "value": "device does not exist", "qualifier": {"alias": "BreakRmPanel:14667", "code": "missing device"}}
2026-03-06 11:32:21 ERROR root remotelib error:BWDPanel:4675:{"property": "init", "value": "device does not exist", "qualifier": {"alias": "BWDPanel:4675", "code": "missing device"}}
2026-03-06 11:32:21 ERROR root remotelib error:IC143Panel:14675:{"property": "init", "value": "device does not exist", "qualifier": {"alias": "IC143Panel:14675", "code": "missing device"}}
2026-03-06 11:32:21 ERROR root remotelib error:HallPanel:14664:{"property": "init", "value": "device does not exist", "qualifier": {"alias": "HallPanel:14664", "code": "missing device"}}
2026-03-06 11:32:21 ERROR root remotelib error:IC142Panel:14675:{"property": "init", "value": "device does not exist", "qualifier": {"alias": "IC142Panel:14675", "code": "missing device"}}
2026-03-06 11:32:21 ERROR root remotelib error:LobbyPanel:4682:{"property": "init", "value": "device does not exist", "qualifier": {"alias": "LobbyPanel:4682", "code": "missing device"}}
2026-03-06 11:32:21 ERROR root remotelib error:BWDPanel:4676:{"property": "init", "value": "device does not exist", "qualifier": {"alias": "BWDPanel:4676", "code": "missing device"}}
2026-03-06 11:32:21 ERROR root remotelib error:IC142Panel:14674:{"property": "init", "value": "device does not exist", "qualifier": {"alias": "IC142Panel:14674", "code": "missing device"}}
2026-03-06 11:32:21 ERROR root remotelib error:IC144Panel:14660:{"property": "init", "value": "device does not exist", "qualifier": {"alias": "IC144Panel:14660", "code": "missing device"}}
2026-03-06 11:32:21 ERROR root remotelib error:HallPanel:14663:{"property": "init", "value": "device does not exist", "qualifier": {"alias": "HallPanel:14663", "code": "missing device"}}
2026-03-06 11:32:21 ERROR root remotelib error:IC143Panel:14676:{"property": "init", "value": "device does not exist", "qualifier": {"alias": "IC143Panel:14676", "code": "missing device"}}
2026-03-06 11:32:21 ERROR root remotelib error:IC144Panel:14662:{"property": "init", "value": "device does not exist", "qualifier": {"alias": "IC144Panel:14662", "code": "missing device"}}
2026-03-06 11:32:21 ERROR root remotelib error:BreakRmPanel:14668:{"property": "init", "value": "device does not exist", "qualifier": {"alias": "BreakRmPanel:14668", "code": "missing device"}}
2026-03-06 11:32:21 ERROR root remotelib error:HallPanel:14666:{"property": "init", "value": "device does not exist", "qualifier": {"alias": "HallPanel:14666", "code": "missing device"}}
2026-03-06 11:32:21 ERROR root remotelib error:LobbyPanel:14652:{"property": "init", "value": "device does not exist", "qualifier": {"alias": "LobbyPanel:14652", "code": "missing device"}}
2026-03-06 11:32:21 ERROR root remotelib error:IC144Panel:14663:{"property": "init", "value": "device does not exist", "qualifier": {"alias": "IC144Panel:14663", "code": "missing device"}}
2026-03-06 11:32:21 ERROR root remotelib error:BWDPanel:4679:{"property": "init", "value": "device does not exist", "qualifier": {"alias": "BWDPanel:4679", "code": "missing device"}}
2026-03-06 11:32:21 ERROR root remotelib error:BWDPanel:4677:{"property": "init", "value": "device does not exist", "qualifier": {"alias": "BWDPanel:4677", "code": "missing device"}}
2026-03-06 11:32:21 ERROR root remotelib error:IC142Panel:14677:{"property": "init", "value": "device does not exist", "qualifier": {"alias": "IC142Panel:14677", "code": "missing device"}}
2026-03-06 11:32:21 ERROR root remotelib error:BreakRmPanel:14669:{"property": "init", "value": "device does not exist", "qualifier": {"alias": "BreakRmPanel:14669", "code": "missing device"}}
2026-03-06 11:32:21 ERROR root remotelib error:IC142Panel:14678:{"property": "init", "value": "device does not exist", "qualifier": {"alias": "IC142Panel:14678", "code": "missing device"}}
2026-03-06 11:32:21 ERROR root remotelib error:IC143Panel:14677:{"property": "init", "value": "device does not exist", "qualifier": {"alias": "IC143Panel:14677", "code": "missing device"}}
2026-03-06 11:32:21 ERROR root remotelib error:HallPanel:14667:{"property": "init", "value": "device does not exist", "qualifier": {"alias": "HallPanel:14667", "code": "missing device"}}
2026-03-06 11:32:21 ERROR root remotelib error:IC142Panel:14676:{"property": "init", "value": "device does not exist", "qualifier": {"alias": "IC142Panel:14676", "code": "missing device"}}
2026-03-06 11:32:21 ERROR root remotelib error:HallPanel:14665:{"property": "init", "value": "device does not exist", "qualifier": {"alias": "HallPanel:14665", "code": "missing device"}}
2026-03-06 11:32:21 ERROR root remotelib error:BWDPanel:4678:{"property": "init", "value": "device does not exist", "qualifier": {"alias": "BWDPanel:4678", "code": "missing device"}}
2026-03-06 11:32:21 ERROR root remotelib error:BreakRmPanel:14670:{"property": "init", "value": "device does not exist", "qualifier": {"alias": "BreakRmPanel:14670", "code": "missing device"}}
2026-03-06 11:32:21 ERROR root remotelib error:LobbyPanel:14653:{"property": "init", "value": "device does not exist", "qualifier": {"alias": "LobbyPanel:14653", "code": "missing device"}}
2026-03-06 11:32:21 ERROR root remotelib error:IC144Panel:14664:{"property": "init", "value": "device does not exist", "qualifier": {"alias": "IC144Panel:14664", "code": "missing device"}}
2026-03-06 11:32:21 ERROR root remotelib error:HallPanel:14668:{"property": "init", "value": "device does not exist", "qualifier": {"alias": "HallPanel:14668", "code": "missing device"}}
2026-03-06 11:32:21 ERROR root remotelib error:BWDPanel:4680:{"property": "init", "value": "device does not exist", "qualifier": {"alias": "BWDPanel:4680", "code": "missing device"}}
2026-03-06 11:32:21 ERROR root remotelib error:IC142Panel:14679:{"property": "init", "value": "device does not exist", "qualifier": {"alias": "IC142Panel:14679", "code": "missing device"}}
2026-03-06 11:32:21 ERROR root remotelib error:IC143Panel:14678:{"property": "init", "value": "device does not exist", "qualifier": {"alias": "IC143Panel:14678", "code": "missing device"}}
2026-03-06 11:32:21 ERROR root remotelib error:LobbyPanel:14654:{"property": "init", "value": "device does not exist", "qualifier": {"alias": "LobbyPanel:14654", "code": "missing device"}}
2026-03-06 11:32:21 ERROR root remotelib error:HallPanel:14669:{"property": "init", "value": "device does not exist", "qualifier": {"alias": "HallPanel:14669", "code": "missing device"}}
2026-03-06 11:32:21 ERROR root remotelib error:IC144Panel:14666:{"property": "init", "value": "device does not exist", "qualifier": {"alias": "IC144Panel:14666", "code": "missing device"}}
2026-03-06 11:32:21 ERROR root remotelib error:LobbyPanel:14655:{"property": "init", "value": "device does not exist", "qualifier": {"alias": "LobbyPanel:14655", "code": "missing device"}}
2026-03-06 11:32:21 ERROR root remotelib error:BreakRmPanel:14671:{"property": "init", "value": "device does not exist", "qualifier": {"alias": "BreakRmPanel:14671", "code": "missing device"}}
2026-03-06 11:32:21 ERROR root remotelib error:IC142Panel:14680:{"property": "init", "value": "device does not exist", "qualifier": {"alias": "IC142Panel:14680", "code": "missing device"}}
2026-03-06 11:32:21 ERROR root remotelib error:IC144Panel:14665:{"property": "init", "value": "device does not exist", "qualifier": {"alias": "IC144Panel:14665", "code": "missing device"}}
2026-03-06 11:32:21 ERROR root remotelib error:BreakRmPanel:14672:{"property": "init", "value": "device does not exist", "qualifier": {"alias": "BreakRmPanel:14672", "code": "missing device"}}
2026-03-06 11:32:21 ERROR root remotelib error:IC142Panel:14681:{"property": "init", "value": "device does not exist", "qualifier": {"alias": "IC142Panel:14681", "code": "missing device"}}
2026-03-06 11:32:21 ERROR root remotelib error:IC143Panel:14680:{"property": "init", "value": "device does not exist", "qualifier": {"alias": "IC143Panel:14680", "code": "missing device"}}
2026-03-06 11:32:21 ERROR root remotelib error:LobbyPanel:14656:{"property": "init", "value": "device does not exist", "qualifier": {"alias": "LobbyPanel:14656", "code": "missing device"}}
2026-03-06 11:32:21 ERROR root remotelib error:IC143Panel:14679:{"property": "init", "value": "device does not exist", "qualifier": {"alias": "IC143Panel:14679", "code": "missing device"}}
2026-03-06 11:32:21 ERROR root remotelib error:BWDPanel:4681:{"property": "init", "value": "device does not exist", "qualifier": {"alias": "BWDPanel:4681", "code": "missing device"}}
2026-03-06 11:32:21 ERROR root remotelib error:BreakRmPanel:14673:{"property": "init", "value": "device does not exist", "qualifier": {"alias": "BreakRmPanel:14673", "code": "missing device"}}
2026-03-06 11:32:22 ERROR root remotelib error:IC142Panel:14682:{"property": "init", "value": "device does not exist", "qualifier": {"alias": "IC142Panel:14682", "code": "missing device"}}
2026-03-06 11:32:22 ERROR root remotelib error:HallPanel:14670:{"property": "init", "value": "device does not exist", "qualifier": {"alias": "HallPanel:14670", "code": "missing device"}}
2026-03-06 11:32:22 ERROR root remotelib error:LobbyPanel:14657:{"property": "init", "value": "device does not exist", "qualifier": {"alias": "LobbyPanel:14657", "code": "missing device"}}
2026-03-06 11:32:22 ERROR root remotelib error:IC143Panel:14681:{"property": "init", "value": "device does not exist", "qualifier": {"alias": "IC143Panel:14681", "code": "missing device"}}
2026-03-06 11:32:22 ERROR root remotelib error:IC144Panel:14667:{"property": "init", "value": "device does not exist", "qualifier": {"alias": "IC144Panel:14667", "code": "missing device"}}
2026-03-06 11:32:22 ERROR root remotelib error:BWDPanel:14652:{"property": "init", "value": "device does not exist", "qualifier": {"alias": "BWDPanel:14652", "code": "missing device"}}
2026-03-06 11:32:22 ERROR root remotelib error:IC143Panel:14682:{"property": "init", "value": "device does not exist", "qualifier": {"alias": "IC143Panel:14682", "code": "missing device"}}
2026-03-06 11:32:22 ERROR root remotelib error:BreakRmPanel:14675:{"property": "init", "value": "device does not exist", "qualifier": {"alias": "BreakRmPanel:14675", "code": "missing device"}}
2026-03-06 11:32:22 ERROR root remotelib error:IC144Panel:14669:{"property": "init", "value": "device does not exist", "qualifier": {"alias": "IC144Panel:14669", "code": "missing device"}}
2026-03-06 11:32:22 ERROR root remotelib error:BWDPanel:4682:{"property": "init", "value": "device does not exist", "qualifier": {"alias": "BWDPanel:4682", "code": "missing device"}}
2026-03-06 11:32:22 ERROR root remotelib error:IC142Panel:14651:{"property": "init", "value": "device does not exist", "qualifier": {"alias": "IC142Panel:14651", "code": "missing device"}}
2026-03-06 11:32:22 ERROR root remotelib error:BreakRmPanel:14674:{"property": "init", "value": "device does not exist", "qualifier": {"alias": "BreakRmPanel:14674", "code": "missing device"}}
2026-03-06 11:32:22 ERROR root remotelib error:HallPanel:14671:{"property": "init", "value": "device does not exist", "qualifier": {"alias": "HallPanel:14671", "code": "missing device"}}
2026-03-06 11:32:22 ERROR root remotelib error:IC144Panel:14668:{"property": "init", "value": "device does not exist", "qualifier": {"alias": "IC144Panel:14668", "code": "missing device"}}
2026-03-06 11:32:22 ERROR root remotelib error:LobbyPanel:14659:{"property": "init", "value": "device does not exist", "qualifier": {"alias": "LobbyPanel:14659", "code": "missing device"}}
2026-03-06 11:32:22 ERROR root remotelib error:LobbyPanel:14658:{"property": "init", "value": "device does not exist", "qualifier": {"alias": "LobbyPanel:14658", "code": "missing device"}}
2026-03-06 11:32:22 ERROR root remotelib error:BreakRmPanel:14676:{"property": "init", "value": "device does not exist", "qualifier": {"alias": "BreakRmPanel:14676", "code": "missing device"}}
2026-03-06 11:32:22 ERROR root remotelib error:BWDPanel:14653:{"property": "init", "value": "device does not exist", "qualifier": {"alias": "BWDPanel:14653", "code": "missing device"}}
2026-03-06 11:32:22 ERROR root remotelib error:IC143Panel:14651:{"property": "init", "value": "device does not exist", "qualifier": {"alias": "IC143Panel:14651", "code": "missing device"}}
2026-03-06 11:32:22 ERROR root remotelib error:HallPanel:14672:{"property": "init", "value": "device does not exist", "qualifier": {"alias": "HallPanel:14672", "code": "missing device"}}
2026-03-06 11:32:22 ERROR root remotelib error:LobbyPanel:14660:{"property": "init", "value": "device does not exist", "qualifier": {"alias": "LobbyPanel:14660", "code": "missing device"}}
2026-03-06 11:32:22 ERROR root remotelib error:IC144Panel:14671:{"property": "init", "value": "device does not exist", "qualifier": {"alias": "IC144Panel:14671", "code": "missing device"}}
2026-03-06 11:32:22 ERROR root remotelib error:LobbyPanel:14661:{"property": "init", "value": "device does not exist", "qualifier": {"alias": "LobbyPanel:14661", "code": "missing device"}}
2026-03-06 11:32:22 ERROR root remotelib error:BreakRmPanel:14677:{"property": "init", "value": "device does not exist", "qualifier": {"alias": "BreakRmPanel:14677", "code": "missing device"}}
2026-03-06 11:32:22 ERROR root remotelib error:IC144Panel:14670:{"property": "init", "value": "device does not exist", "qualifier": {"alias": "IC144Panel:14670", "code": "missing device"}}
2026-03-06 11:32:22 ERROR root remotelib error:BWDPanel:14654:{"property": "init", "value": "device does not exist", "qualifier": {"alias": "BWDPanel:14654", "code": "missing device"}}
2026-03-06 11:32:22 ERROR root remotelib error:HallPanel:14673:{"property": "init", "value": "device does not exist", "qualifier": {"alias": "HallPanel:14673", "code": "missing device"}}
2026-03-06 11:32:22 ERROR root remotelib error:LobbyPanel:14662:{"property": "init", "value": "device does not exist", "qualifier": {"alias": "LobbyPanel:14662", "code": "missing device"}}
2026-03-06 11:32:22 ERROR root remotelib error:BreakRmPanel:14678:{"property": "init", "value": "device does not exist", "qualifier": {"alias": "BreakRmPanel:14678", "code": "missing device"}}
2026-03-06 11:32:22 ERROR root remotelib error:HallPanel:14674:{"property": "init", "value": "device does not exist", "qualifier": {"alias": "HallPanel:14674", "code": "missing device"}}
2026-03-06 11:32:22 ERROR root remotelib error:IC144Panel:14672:{"property": "init", "value": "device does not exist", "qualifier": {"alias": "IC144Panel:14672", "code": "missing device"}}
2026-03-06 11:32:22 ERROR root remotelib error:HallPanel:14676:{"property": "init", "value": "device does not exist", "qualifier": {"alias": "HallPanel:14676", "code": "missing device"}}
2026-03-06 11:32:22 ERROR root remotelib error:IC142Panel:4708:{"property": "init", "value": "device does not exist", "qualifier": {"alias": "IC142Panel:4708", "code": "missing device"}}
2026-03-06 11:32:22 ERROR root remotelib error:BWDPanel:14655:{"property": "init", "value": "device does not exist", "qualifier": {"alias": "BWDPanel:14655", "code": "missing device"}}
2026-03-06 11:32:22 ERROR root remotelib error:LobbyPanel:14663:{"property": "init", "value": "device does not exist", "qualifier": {"alias": "LobbyPanel:14663", "code": "missing device"}}
2026-03-06 11:32:22 ERROR root remotelib error:BreakRmPanel:14679:{"property": "init", "value": "device does not exist", "qualifier": {"alias": "BreakRmPanel:14679", "code": "missing device"}}
2026-03-06 11:32:22 ERROR root remotelib error:HallPanel:14675:{"property": "init", "value": "device does not exist", "qualifier": {"alias": "HallPanel:14675", "code": "missing device"}}
2026-03-06 11:32:22 ERROR root remotelib error:LobbyPanel:14664:{"property": "init", "value": "device does not exist", "qualifier": {"alias": "LobbyPanel:14664", "code": "missing device"}}
2026-03-06 11:32:22 ERROR root remotelib error:BWDPanel:14656:{"property": "init", "value": "device does not exist", "qualifier": {"alias": "BWDPanel:14656", "code": "missing device"}}
2026-03-06 11:32:22 ERROR root remotelib error:BreakRmPanel:14680:{"property": "init", "value": "device does not exist", "qualifier": {"alias": "BreakRmPanel:14680", "code": "missing device"}}
2026-03-06 11:32:22 ERROR root remotelib error:IC142Panel:4707:{"property": "init", "value": "device does not exist", "qualifier": {"alias": "IC142Panel:4707", "code": "missing device"}}
2026-03-06 11:32:22 ERROR root remotelib error:LobbyPanel:14665:{"property": "init", "value": "device does not exist", "qualifier": {"alias": "LobbyPanel:14665", "code": "missing device"}}
2026-03-06 11:32:22 ERROR root remotelib error:BWDPanel:14657:{"property": "init", "value": "device does not exist", "qualifier": {"alias": "BWDPanel:14657", "code": "missing device"}}
2026-03-06 11:32:22 ERROR root remotelib error:IC144Panel:14673:{"property": "init", "value": "device does not exist", "qualifier": {"alias": "IC144Panel:14673", "code": "missing device"}}
2026-03-06 11:32:22 ERROR root remotelib error:BreakRmPanel:14681:{"property": "init", "value": "device does not exist", "qualifier": {"alias": "BreakRmPanel:14681", "code": "missing device"}}
2026-03-06 11:32:22 ERROR root remotelib error:BWDPanel:14658:{"property": "init", "value": "device does not exist", "qualifier": {"alias": "BWDPanel:14658", "code": "missing device"}}
2026-03-06 11:32:22 ERROR root remotelib error:HallPanel:14678:{"property": "init", "value": "device does not exist", "qualifier": {"alias": "HallPanel:14678", "code": "missing device"}}
2026-03-06 11:32:22 ERROR root remotelib error:LobbyPanel:14666:{"property": "init", "value": "device does not exist", "qualifier": {"alias": "LobbyPanel:14666", "code": "missing device"}}
2026-03-06 11:32:22 ERROR root remotelib error:IC144Panel:14674:{"property": "init", "value": "device does not exist", "qualifier": {"alias": "IC144Panel:14674", "code": "missing device"}}
2026-03-06 11:32:22 ERROR root remotelib error:IC142Panel:4710:{"property": "init", "value": "device does not exist", "qualifier": {"alias": "IC142Panel:4710", "code": "missing device"}}
2026-03-06 11:32:22 ERROR root remotelib error:LobbyPanel:14667:{"property": "init", "value": "device does not exist", "qualifier": {"alias": "LobbyPanel:14667", "code": "missing device"}}
2026-03-06 11:32:22 ERROR root remotelib error:IC144Panel:14675:{"property": "init", "value": "device does not exist", "qualifier": {"alias": "IC144Panel:14675", "code": "missing device"}}
2026-03-06 11:32:22 ERROR root remotelib error:HallPanel:14677:{"property": "init", "value": "device does not exist", "qualifier": {"alias": "HallPanel:14677", "code": "missing device"}}
2026-03-06 11:32:22 ERROR root remotelib error:IC144Panel:14676:{"property": "init", "value": "device does not exist", "qualifier": {"alias": "IC144Panel:14676", "code": "missing device"}}
2026-03-06 11:32:22 ERROR root remotelib error:BreakRmPanel:14682:{"property": "init", "value": "device does not exist", "qualifier": {"alias": "BreakRmPanel:14682", "code": "missing device"}}
2026-03-06 11:32:22 ERROR root remotelib error:HallPanel:14679:{"property": "init", "value": "device does not exist", "qualifier": {"alias": "HallPanel:14679", "code": "missing device"}}
2026-03-06 11:32:22 ERROR root remotelib error:IC143Panel:4708:{"property": "init", "value": "device does not exist", "qualifier": {"alias": "IC143Panel:4708", "code": "missing device"}}
2026-03-06 11:32:22 ERROR root remotelib error:BreakRmPanel:14651:{"property": "init", "value": "device does not exist", "qualifier": {"alias": "BreakRmPanel:14651", "code": "missing device"}}
2026-03-06 11:32:22 ERROR root remotelib error:LobbyPanel:14669:{"property": "init", "value": "device does not exist", "qualifier": {"alias": "LobbyPanel:14669", "code": "missing device"}}
2026-03-06 11:32:22 ERROR root remotelib error:BWDPanel:14660:{"property": "init", "value": "device does not exist", "qualifier": {"alias": "BWDPanel:14660", "code": "missing device"}}
2026-03-06 11:32:22 ERROR root remotelib error:IC144Panel:14677:{"property": "init", "value": "device does not exist", "qualifier": {"alias": "IC144Panel:14677", "code": "missing device"}}
2026-03-06 11:32:22 ERROR root remotelib error:IC143Panel:4707:{"property": "init", "value": "device does not exist", "qualifier": {"alias": "IC143Panel:4707", "code": "missing device"}}
2026-03-06 11:32:22 ERROR root remotelib error:LobbyPanel:14668:{"property": "init", "value": "device does not exist", "qualifier": {"alias": "LobbyPanel:14668", "code": "missing device"}}
2026-03-06 11:32:22 ERROR root remotelib error:IC142Panel:4712:{"property": "init", "value": "device does not exist", "qualifier": {"alias": "IC142Panel:4712", "code": "missing device"}}
2026-03-06 11:32:22 ERROR root remotelib error:HallPanel:14680:{"property": "init", "value": "device does not exist", "qualifier": {"alias": "HallPanel:14680", "code": "missing device"}}
2026-03-06 11:32:22 ERROR root remotelib error:IC142Panel:4711:{"property": "init", "value": "device does not exist", "qualifier": {"alias": "IC142Panel:4711", "code": "missing device"}}
2026-03-06 11:32:22 ERROR root remotelib error:BWDPanel:14659:{"property": "init", "value": "device does not exist", "qualifier": {"alias": "BWDPanel:14659", "code": "missing device"}}
2026-03-06 11:32:22 ERROR root remotelib error:BWDPanel:14661:{"property": "init", "value": "device does not exist", "qualifier": {"alias": "BWDPanel:14661", "code": "missing device"}}
2026-03-06 11:32:22 ERROR root remotelib error:BWDPanel:14662:{"property": "init", "value": "device does not exist", "qualifier": {"alias": "BWDPanel:14662", "code": "missing device"}}
2026-03-06 11:32:22 ERROR root remotelib error:IC144Panel:14679:{"property": "init", "value": "device does not exist", "qualifier": {"alias": "IC144Panel:14679", "code": "missing device"}}
2026-03-06 11:32:22 ERROR root remotelib error:IC144Panel:14678:{"property": "init", "value": "device does not exist", "qualifier": {"alias": "IC144Panel:14678", "code": "missing device"}}
2026-03-06 11:32:22 ERROR root remotelib error:LobbyPanel:14671:{"property": "init", "value": "device does not exist", "qualifier": {"alias": "LobbyPanel:14671", "code": "missing device"}}
2026-03-06 11:32:22 ERROR root remotelib error:IC143Panel:4711:{"property": "init", "value": "device does not exist", "qualifier": {"alias": "IC143Panel:4711", "code": "missing device"}}
2026-03-06 11:32:22 ERROR root remotelib error:BWDPanel:14663:{"property": "init", "value": "device does not exist", "qualifier": {"alias": "BWDPanel:14663", "code": "missing device"}}
2026-03-06 11:32:22 ERROR root remotelib error:IC143Panel:4710:{"property": "init", "value": "device does not exist", "qualifier": {"alias": "IC143Panel:4710", "code": "missing device"}}
2026-03-06 11:32:22 ERROR root remotelib error:HallPanel:14681:{"property": "init", "value": "device does not exist", "qualifier": {"alias": "HallPanel:14681", "code": "missing device"}}
2026-03-06 11:32:22 ERROR root remotelib error:HallPanel:14682:{"property": "init", "value": "device does not exist", "qualifier": {"alias": "HallPanel:14682", "code": "missing device"}}
2026-03-06 11:32:22 ERROR root remotelib error:LobbyPanel:14670:{"property": "init", "value": "device does not exist", "qualifier": {"alias": "LobbyPanel:14670", "code": "missing device"}}
2026-03-06 11:32:22 ERROR root remotelib error:IC142Panel:4713:{"property": "init", "value": "device does not exist", "qualifier": {"alias": "IC142Panel:4713", "code": "missing device"}}
2026-03-06 11:32:22 ERROR root remotelib error:LobbyPanel:14673:{"property": "init", "value": "device does not exist", "qualifier": {"alias": "LobbyPanel:14673", "code": "missing device"}}
2026-03-06 11:32:22 ERROR root remotelib error:IC143Panel:4712:{"property": "init", "value": "device does not exist", "qualifier": {"alias": "IC143Panel:4712", "code": "missing device"}}
2026-03-06 11:32:22 ERROR root remotelib error:IC142Panel:4715:{"property": "init", "value": "device does not exist", "qualifier": {"alias": "IC142Panel:4715", "code": "missing device"}}
2026-03-06 11:32:22 ERROR root remotelib error:BWDPanel:14665:{"property": "init", "value": "device does not exist", "qualifier": {"alias": "BWDPanel:14665", "code": "missing device"}}
2026-03-06 11:32:22 ERROR root remotelib error:IC143Panel:4713:{"property": "init", "value": "device does not exist", "qualifier": {"alias": "IC143Panel:4713", "code": "missing device"}}
2026-03-06 11:32:22 ERROR root remotelib error:LobbyPanel:14672:{"property": "init", "value": "device does not exist", "qualifier": {"alias": "LobbyPanel:14672", "code": "missing device"}}
2026-03-06 11:32:22 ERROR root remotelib error:BWDPanel:14664:{"property": "init", "value": "device does not exist", "qualifier": {"alias": "BWDPanel:14664", "code": "missing device"}}
2026-03-06 11:32:22 ERROR root remotelib error:IC144Panel:14680:{"property": "init", "value": "device does not exist", "qualifier": {"alias": "IC144Panel:14680", "code": "missing device"}}
2026-03-06 11:32:22 ERROR root remotelib error:IC143Panel:4714:{"property": "init", "value": "device does not exist", "qualifier": {"alias": "IC143Panel:4714", "code": "missing device"}}
2026-03-06 11:32:22 ERROR root remotelib error:IC142Panel:4716:{"property": "init", "value": "device does not exist", "qualifier": {"alias": "IC142Panel:4716", "code": "missing device"}}
2026-03-06 11:32:22 ERROR root remotelib error:LobbyPanel:14674:{"property": "init", "value": "device does not exist", "qualifier": {"alias": "LobbyPanel:14674", "code": "missing device"}}
2026-03-06 11:32:22 ERROR root remotelib error:BWDPanel:14666:{"property": "init", "value": "device does not exist", "qualifier": {"alias": "BWDPanel:14666", "code": "missing device"}}
2026-03-06 11:32:22 ERROR root remotelib error:IC144Panel:14681:{"property": "init", "value": "device does not exist", "qualifier": {"alias": "IC144Panel:14681", "code": "missing device"}}
2026-03-06 11:32:22 ERROR root remotelib error:IC142Panel:4714:{"property": "init", "value": "device does not exist", "qualifier": {"alias": "IC142Panel:4714", "code": "missing device"}}
2026-03-06 11:32:22 ERROR root remotelib error:HallPanel:14651:{"property": "init", "value": "device does not exist", "qualifier": {"alias": "HallPanel:14651", "code": "missing device"}}
2026-03-06 11:32:22 ERROR root remotelib error:BreakRmPanel:4707:{"property": "init", "value": "device does not exist", "qualifier": {"alias": "BreakRmPanel:4707", "code": "missing device"}}
2026-03-06 11:32:22 ERROR root remotelib error:LobbyPanel:14675:{"property": "init", "value": "device does not exist", "qualifier": {"alias": "LobbyPanel:14675", "code": "missing device"}}
2026-03-06 11:32:22 ERROR root remotelib error:LobbyPanel:14676:{"property": "init", "value": "device does not exist", "qualifier": {"alias": "LobbyPanel:14676", "code": "missing device"}}
2026-03-06 11:32:22 ERROR root remotelib error:IC143Panel:4715:{"property": "init", "value": "device does not exist", "qualifier": {"alias": "IC143Panel:4715", "code": "missing device"}}
2026-03-06 11:32:22 ERROR root remotelib error:IC142Panel:4717:{"property": "init", "value": "device does not exist", "qualifier": {"alias": "IC142Panel:4717", "code": "missing device"}}
2026-03-06 11:32:22 ERROR root remotelib error:BWDPanel:14667:{"property": "init", "value": "device does not exist", "qualifier": {"alias": "BWDPanel:14667", "code": "missing device"}}
2026-03-06 11:32:22 ERROR root remotelib error:IC144Panel:14682:{"property": "init", "value": "device does not exist", "qualifier": {"alias": "IC144Panel:14682", "code": "missing device"}}
2026-03-06 11:32:22 ERROR root remotelib error:IC142Panel:4718:{"property": "init", "value": "device does not exist", "qualifier": {"alias": "IC142Panel:4718", "code": "missing device"}}
2026-03-06 11:32:22 ERROR root remotelib error:IC143Panel:4716:{"property": "init", "value": "device does not exist", "qualifier": {"alias": "IC143Panel:4716", "code": "missing device"}}
2026-03-06 11:32:22 ERROR root remotelib error:BreakRmPanel:4708:{"property": "init", "value": "device does not exist", "qualifier": {"alias": "BreakRmPanel:4708", "code": "missing device"}}
2026-03-06 11:32:22 ERROR root remotelib error:IC144Panel:14651:{"property": "init", "value": "device does not exist", "qualifier": {"alias": "IC144Panel:14651", "code": "missing device"}}
2026-03-06 11:32:22 ERROR root remotelib error:LobbyPanel:14677:{"property": "init", "value": "device does not exist", "qualifier": {"alias": "LobbyPanel:14677", "code": "missing device"}}
2026-03-06 11:32:23 ERROR root remotelib error:BWDPanel:14668:{"property": "init", "value": "device does not exist", "qualifier": {"alias": "BWDPanel:14668", "code": "missing device"}}
2026-03-06 11:32:23 ERROR root remotelib error:IC142Panel:4719:{"property": "init", "value": "device does not exist", "qualifier": {"alias": "IC142Panel:4719", "code": "missing device"}}
2026-03-06 11:32:23 ERROR root remotelib error:LobbyPanel:14678:{"property": "init", "value": "device does not exist", "qualifier": {"alias": "LobbyPanel:14678", "code": "missing device"}}
2026-03-06 11:32:23 ERROR root remotelib error:BWDPanel:14669:{"property": "init", "value": "device does not exist", "qualifier": {"alias": "BWDPanel:14669", "code": "missing device"}}
2026-03-06 11:32:23 ERROR root remotelib error:IC142Panel:4720:{"property": "init", "value": "device does not exist", "qualifier": {"alias": "IC142Panel:4720", "code": "missing device"}}
2026-03-06 11:32:23 ERROR root remotelib error:LobbyPanel:14679:{"property": "init", "value": "device does not exist", "qualifier": {"alias": "LobbyPanel:14679", "code": "missing device"}}
2026-03-06 11:32:23 ERROR root remotelib error:IC143Panel:4718:{"property": "init", "value": "device does not exist", "qualifier": {"alias": "IC143Panel:4718", "code": "missing device"}}
2026-03-06 11:32:23 ERROR root remotelib error:BreakRmPanel:4710:{"property": "init", "value": "device does not exist", "qualifier": {"alias": "BreakRmPanel:4710", "code": "missing device"}}
2026-03-06 11:32:23 ERROR root remotelib error:BWDPanel:14670:{"property": "init", "value": "device does not exist", "qualifier": {"alias": "BWDPanel:14670", "code": "missing device"}}
2026-03-06 11:32:23 ERROR root remotelib error:HallPanel:4707:{"property": "init", "value": "device does not exist", "qualifier": {"alias": "HallPanel:4707", "code": "missing device"}}
2026-03-06 11:32:23 ERROR root remotelib error:IC142Panel:4721:{"property": "init", "value": "device does not exist", "qualifier": {"alias": "IC142Panel:4721", "code": "missing device"}}
2026-03-06 11:32:23 ERROR root remotelib error:IC143Panel:4717:{"property": "init", "value": "device does not exist", "qualifier": {"alias": "IC143Panel:4717", "code": "missing device"}}
2026-03-06 11:32:23 ERROR root remotelib error:LobbyPanel:14680:{"property": "init", "value": "device does not exist", "qualifier": {"alias": "LobbyPanel:14680", "code": "missing device"}}
2026-03-06 11:32:23 ERROR root remotelib error:IC143Panel:4719:{"property": "init", "value": "device does not exist", "qualifier": {"alias": "IC143Panel:4719", "code": "missing device"}}
2026-03-06 11:32:23 ERROR root remotelib error:BreakRmPanel:4711:{"property": "init", "value": "device does not exist", "qualifier": {"alias": "BreakRmPanel:4711", "code": "missing device"}}
2026-03-06 11:32:23 ERROR root remotelib error:LobbyPanel:14682:{"property": "init", "value": "device does not exist", "qualifier": {"alias": "LobbyPanel:14682", "code": "missing device"}}
2026-03-06 11:32:23 ERROR root remotelib error:BreakRmPanel:4712:{"property": "init", "value": "device does not exist", "qualifier": {"alias": "BreakRmPanel:4712", "code": "missing device"}}
2026-03-06 11:32:23 ERROR root remotelib error:LobbyPanel:14681:{"property": "init", "value": "device does not exist", "qualifier": {"alias": "LobbyPanel:14681", "code": "missing device"}}
2026-03-06 11:32:23 ERROR root remotelib error:HallPanel:4708:{"property": "init", "value": "device does not exist", "qualifier": {"alias": "HallPanel:4708", "code": "missing device"}}
2026-03-06 11:32:23 ERROR root remotelib error:BWDPanel:14671:{"property": "init", "value": "device does not exist", "qualifier": {"alias": "BWDPanel:14671", "code": "missing device"}}
2026-03-06 11:32:23 ERROR root remotelib error:BWDPanel:14673:{"property": "init", "value": "device does not exist", "qualifier": {"alias": "BWDPanel:14673", "code": "missing device"}}
2026-03-06 11:32:23 ERROR root remotelib error:IC142Panel:4723:{"property": "init", "value": "device does not exist", "qualifier": {"alias": "IC142Panel:4723", "code": "missing device"}}
2026-03-06 11:32:23 ERROR root remotelib error:IC143Panel:4722:{"property": "init", "value": "device does not exist", "qualifier": {"alias": "IC143Panel:4722", "code": "missing device"}}
2026-03-06 11:32:23 ERROR root remotelib error:IC142Panel:4722:{"property": "init", "value": "device does not exist", "qualifier": {"alias": "IC142Panel:4722", "code": "missing device"}}
2026-03-06 11:32:23 ERROR root remotelib error:IC143Panel:4721:{"property": "init", "value": "device does not exist", "qualifier": {"alias": "IC143Panel:4721", "code": "missing device"}}
2026-03-06 11:32:23 ERROR root remotelib error:BreakRmPanel:4713:{"property": "init", "value": "device does not exist", "qualifier": {"alias": "BreakRmPanel:4713", "code": "missing device"}}
2026-03-06 11:32:23 ERROR root remotelib error:IC143Panel:4720:{"property": "init", "value": "device does not exist", "qualifier": {"alias": "IC143Panel:4720", "code": "missing device"}}
2026-03-06 11:32:23 ERROR root remotelib error:BWDPanel:14672:{"property": "init", "value": "device does not exist", "qualifier": {"alias": "BWDPanel:14672", "code": "missing device"}}
2026-03-06 11:32:23 ERROR root remotelib error:BWDPanel:14674:{"property": "init", "value": "device does not exist", "qualifier": {"alias": "BWDPanel:14674", "code": "missing device"}}
2026-03-06 11:32:23 ERROR root remotelib error:IC143Panel:4724:{"property": "init", "value": "device does not exist", "qualifier": {"alias": "IC143Panel:4724", "code": "missing device"}}
2026-03-06 11:32:23 ERROR root remotelib error:HallPanel:4712:{"property": "init", "value": "device does not exist", "qualifier": {"alias": "HallPanel:4712", "code": "missing device"}}
2026-03-06 11:32:23 ERROR root remotelib error:IC143Panel:4725:{"property": "init", "value": "device does not exist", "qualifier": {"alias": "IC143Panel:4725", "code": "missing device"}}
2026-03-06 11:32:23 ERROR root remotelib error:IC144Panel:4710:{"property": "init", "value": "device does not exist", "qualifier": {"alias": "IC144Panel:4710", "code": "missing device"}}
2026-03-06 11:32:23 ERROR root remotelib error:IC142Panel:4726:{"property": "init", "value": "device does not exist", "qualifier": {"alias": "IC142Panel:4726", "code": "missing device"}}
2026-03-06 11:32:23 ERROR root remotelib error:IC144Panel:4707:{"property": "init", "value": "device does not exist", "qualifier": {"alias": "IC144Panel:4707", "code": "missing device"}}
2026-03-06 11:32:23 ERROR root remotelib error:LobbyPanel:14651:{"property": "init", "value": "device does not exist", "qualifier": {"alias": "LobbyPanel:14651", "code": "missing device"}}
2026-03-06 11:32:23 ERROR root remotelib error:BreakRmPanel:4714:{"property": "init", "value": "device does not exist", "qualifier": {"alias": "BreakRmPanel:4714", "code": "missing device"}}
2026-03-06 11:32:23 ERROR root remotelib error:IC144Panel:4708:{"property": "init", "value": "device does not exist", "qualifier": {"alias": "IC144Panel:4708", "code": "missing device"}}
2026-03-06 11:32:23 ERROR root remotelib error:IC142Panel:4724:{"property": "init", "value": "device does not exist", "qualifier": {"alias": "IC142Panel:4724", "code": "missing device"}}
2026-03-06 11:32:23 ERROR root remotelib error:HallPanel:4710:{"property": "init", "value": "device does not exist", "qualifier": {"alias": "HallPanel:4710", "code": "missing device"}}
2026-03-06 11:32:23 ERROR root remotelib error:BreakRmPanel:4715:{"property": "init", "value": "device does not exist", "qualifier": {"alias": "BreakRmPanel:4715", "code": "missing device"}}
2026-03-06 11:32:23 ERROR root remotelib error:HallPanel:4711:{"property": "init", "value": "device does not exist", "qualifier": {"alias": "HallPanel:4711", "code": "missing device"}}
2026-03-06 11:32:23 ERROR root remotelib error:BWDPanel:14675:{"property": "init", "value": "device does not exist", "qualifier": {"alias": "BWDPanel:14675", "code": "missing device"}}
2026-03-06 11:32:23 ERROR root remotelib error:IC142Panel:4725:{"property": "init", "value": "device does not exist", "qualifier": {"alias": "IC142Panel:4725", "code": "missing device"}}
2026-03-06 11:32:23 ERROR root remotelib error:BreakRmPanel:4716:{"property": "init", "value": "device does not exist", "qualifier": {"alias": "BreakRmPanel:4716", "code": "missing device"}}
2026-03-06 11:32:23 ERROR root remotelib error:BWDPanel:14676:{"property": "init", "value": "device does not exist", "qualifier": {"alias": "BWDPanel:14676", "code": "missing device"}}
2026-03-06 11:32:23 ERROR root remotelib error:IC144Panel:4711:{"property": "init", "value": "device does not exist", "qualifier": {"alias": "IC144Panel:4711", "code": "missing device"}}
2026-03-06 11:32:23 ERROR root remotelib error:IC143Panel:4723:{"property": "init", "value": "device does not exist", "qualifier": {"alias": "IC143Panel:4723", "code": "missing device"}}
2026-03-06 11:32:23 ERROR root remotelib error:BWDPanel:14677:{"property": "init", "value": "device does not exist", "qualifier": {"alias": "BWDPanel:14677", "code": "missing device"}}
2026-03-06 11:32:23 ERROR root remotelib error:HallPanel:4713:{"property": "init", "value": "device does not exist", "qualifier": {"alias": "HallPanel:4713", "code": "missing device"}}
2026-03-06 11:32:23 ERROR root remotelib error:IC144Panel:4713:{"property": "init", "value": "device does not exist", "qualifier": {"alias": "IC144Panel:4713", "code": "missing device"}}
2026-03-06 11:32:23 ERROR root remotelib error:BWDPanel:14679:{"property": "init", "value": "device does not exist", "qualifier": {"alias": "BWDPanel:14679", "code": "missing device"}}
2026-03-06 11:32:23 ERROR root remotelib error:IC142Panel:4729:{"property": "init", "value": "device does not exist", "qualifier": {"alias": "IC142Panel:4729", "code": "missing device"}}
2026-03-06 11:32:23 ERROR root remotelib error:IC143Panel:4726:{"property": "init", "value": "device does not exist", "qualifier": {"alias": "IC143Panel:4726", "code": "missing device"}}
2026-03-06 11:32:23 ERROR root remotelib error:BreakRmPanel:4718:{"property": "init", "value": "device does not exist", "qualifier": {"alias": "BreakRmPanel:4718", "code": "missing device"}}
2026-03-06 11:32:23 ERROR root remotelib error:IC142Panel:4728:{"property": "init", "value": "device does not exist", "qualifier": {"alias": "IC142Panel:4728", "code": "missing device"}}
2026-03-06 11:32:23 ERROR root remotelib error:BWDPanel:14678:{"property": "init", "value": "device does not exist", "qualifier": {"alias": "BWDPanel:14678", "code": "missing device"}}
2026-03-06 11:32:23 ERROR root remotelib error:IC143Panel:4727:{"property": "init", "value": "device does not exist", "qualifier": {"alias": "IC143Panel:4727", "code": "missing device"}}
2026-03-06 11:32:23 ERROR root remotelib error:BreakRmPanel:4719:{"property": "init", "value": "device does not exist", "qualifier": {"alias": "BreakRmPanel:4719", "code": "missing device"}}
2026-03-06 11:32:23 ERROR root remotelib error:IC144Panel:4712:{"property": "init", "value": "device does not exist", "qualifier": {"alias": "IC144Panel:4712", "code": "missing device"}}
2026-03-06 11:32:23 ERROR root remotelib error:HallPanel:4716:{"property": "init", "value": "device does not exist", "qualifier": {"alias": "HallPanel:4716", "code": "missing device"}}
2026-03-06 11:32:23 ERROR root remotelib error:HallPanel:4714:{"property": "init", "value": "device does not exist", "qualifier": {"alias": "HallPanel:4714", "code": "missing device"}}
2026-03-06 11:32:23 ERROR root remotelib error:IC142Panel:4727:{"property": "init", "value": "device does not exist", "qualifier": {"alias": "IC142Panel:4727", "code": "missing device"}}
2026-03-06 11:32:23 ERROR root remotelib error:BreakRmPanel:4717:{"property": "init", "value": "device does not exist", "qualifier": {"alias": "BreakRmPanel:4717", "code": "missing device"}}
2026-03-06 11:32:23 ERROR root remotelib error:HallPanel:4715:{"property": "init", "value": "device does not exist", "qualifier": {"alias": "HallPanel:4715", "code": "missing device"}}
2026-03-06 11:32:23 ERROR root remotelib error:BreakRmPanel:4720:{"property": "init", "value": "device does not exist", "qualifier": {"alias": "BreakRmPanel:4720", "code": "missing device"}}
2026-03-06 11:32:23 ERROR root remotelib error:HallPanel:4721:{"property": "init", "value": "device does not exist", "qualifier": {"alias": "HallPanel:4721", "code": "missing device"}}
2026-03-06 11:32:23 ERROR root remotelib error:HallPanel:4717:{"property": "init", "value": "device does not exist", "qualifier": {"alias": "HallPanel:4717", "code": "missing device"}}
2026-03-06 11:32:23 ERROR root remotelib error:IC143Panel:4728:{"property": "init", "value": "device does not exist", "qualifier": {"alias": "IC143Panel:4728", "code": "missing device"}}
2026-03-06 11:32:23 ERROR root remotelib error:BreakRmPanel:4723:{"property": "init", "value": "device does not exist", "qualifier": {"alias": "BreakRmPanel:4723", "code": "missing device"}}
2026-03-06 11:32:23 ERROR root remotelib error:BWDPanel:14681:{"property": "init", "value": "device does not exist", "qualifier": {"alias": "BWDPanel:14681", "code": "missing device"}}
2026-03-06 11:32:23 ERROR root remotelib error:HallPanel:4720:{"property": "init", "value": "device does not exist", "qualifier": {"alias": "HallPanel:4720", "code": "missing device"}}
2026-03-06 11:32:23 ERROR root remotelib error:IC143Panel:4732:{"property": "init", "value": "device does not exist", "qualifier": {"alias": "IC143Panel:4732", "code": "missing device"}}
2026-03-06 11:32:23 ERROR root remotelib error:HallPanel:4718:{"property": "init", "value": "device does not exist", "qualifier": {"alias": "HallPanel:4718", "code": "missing device"}}
2026-03-06 11:32:23 ERROR root remotelib error:IC142Panel:4731:{"property": "init", "value": "device does not exist", "qualifier": {"alias": "IC142Panel:4731", "code": "missing device"}}
2026-03-06 11:32:23 ERROR root remotelib error:IC144Panel:4717:{"property": "init", "value": "device does not exist", "qualifier": {"alias": "IC144Panel:4717", "code": "missing device"}}
2026-03-06 11:32:23 ERROR root remotelib error:IC142Panel:4732:{"property": "init", "value": "device does not exist", "qualifier": {"alias": "IC142Panel:4732", "code": "missing device"}}
2026-03-06 11:32:23 ERROR root remotelib error:BreakRmPanel:4724:{"property": "init", "value": "device does not exist", "qualifier": {"alias": "BreakRmPanel:4724", "code": "missing device"}}
2026-03-06 11:32:23 ERROR root remotelib error:BreakRmPanel:4726:{"property": "init", "value": "device does not exist", "qualifier": {"alias": "BreakRmPanel:4726", "code": "missing device"}}
2026-03-06 11:32:23 ERROR root remotelib error:BWDPanel:14651:{"property": "init", "value": "device does not exist", "qualifier": {"alias": "BWDPanel:14651", "code": "missing device"}}
2026-03-06 11:32:23 ERROR root remotelib error:LobbyPanel:4711:{"property": "init", "value": "device does not exist", "qualifier": {"alias": "LobbyPanel:4711", "code": "missing device"}}
2026-03-06 11:32:23 ERROR root remotelib error:IC143Panel:4729:{"property": "init", "value": "device does not exist", "qualifier": {"alias": "IC143Panel:4729", "code": "missing device"}}
2026-03-06 11:32:23 ERROR root remotelib error:IC144Panel:4714:{"property": "init", "value": "device does not exist", "qualifier": {"alias": "IC144Panel:4714", "code": "missing device"}}
2026-03-06 11:32:23 ERROR root remotelib error:BWDPanel:14680:{"property": "init", "value": "device does not exist", "qualifier": {"alias": "BWDPanel:14680", "code": "missing device"}}
2026-03-06 11:32:23 ERROR root remotelib error:BreakRmPanel:4722:{"property": "init", "value": "device does not exist", "qualifier": {"alias": "BreakRmPanel:4722", "code": "missing device"}}
2026-03-06 11:32:23 ERROR root remotelib error:LobbyPanel:4708:{"property": "init", "value": "device does not exist", "qualifier": {"alias": "LobbyPanel:4708", "code": "missing device"}}
2026-03-06 11:32:23 ERROR root remotelib error:IC144Panel:4715:{"property": "init", "value": "device does not exist", "qualifier": {"alias": "IC144Panel:4715", "code": "missing device"}}
2026-03-06 11:32:23 ERROR root remotelib error:IC144Panel:4716:{"property": "init", "value": "device does not exist", "qualifier": {"alias": "IC144Panel:4716", "code": "missing device"}}
2026-03-06 11:32:23 ERROR root remotelib error:IC144Panel:4718:{"property": "init", "value": "device does not exist", "qualifier": {"alias": "IC144Panel:4718", "code": "missing device"}}
2026-03-06 11:32:23 ERROR root remotelib error:LobbyPanel:4710:{"property": "init", "value": "device does not exist", "qualifier": {"alias": "LobbyPanel:4710", "code": "missing device"}}
2026-03-06 11:32:23 ERROR root remotelib error:IC144Panel:4719:{"property": "init", "value": "device does not exist", "qualifier": {"alias": "IC144Panel:4719", "code": "missing device"}}
2026-03-06 11:32:23 ERROR root remotelib error:HallPanel:4722:{"property": "init", "value": "device does not exist", "qualifier": {"alias": "HallPanel:4722", "code": "missing device"}}
2026-03-06 11:32:23 ERROR root remotelib error:IC143Panel:4730:{"property": "init", "value": "device does not exist", "qualifier": {"alias": "IC143Panel:4730", "code": "missing device"}}
2026-03-06 11:32:23 ERROR root remotelib error:IC142Panel:4730:{"property": "init", "value": "device does not exist", "qualifier": {"alias": "IC142Panel:4730", "code": "missing device"}}
2026-03-06 11:32:23 ERROR root remotelib error:HallPanel:4719:{"property": "init", "value": "device does not exist", "qualifier": {"alias": "HallPanel:4719", "code": "missing device"}}
2026-03-06 11:32:23 ERROR root remotelib error:IC143Panel:4731:{"property": "init", "value": "device does not exist", "qualifier": {"alias": "IC143Panel:4731", "code": "missing device"}}
2026-03-06 11:32:23 ERROR root remotelib error:BWDPanel:14682:{"property": "init", "value": "device does not exist", "qualifier": {"alias": "BWDPanel:14682", "code": "missing device"}}
2026-03-06 11:32:23 ERROR root remotelib error:BreakRmPanel:4725:{"property": "init", "value": "device does not exist", "qualifier": {"alias": "BreakRmPanel:4725", "code": "missing device"}}
2026-03-06 11:32:23 ERROR root remotelib error:LobbyPanel:4707:{"property": "init", "value": "device does not exist", "qualifier": {"alias": "LobbyPanel:4707", "code": "missing device"}}
2026-03-06 11:32:23 ERROR root remotelib error:BreakRmPanel:4721:{"property": "init", "value": "device does not exist", "qualifier": {"alias": "BreakRmPanel:4721", "code": "missing device"}}
2026-03-06 11:32:23 ERROR root remotelib error:HallPanel:4724:{"property": "init", "value": "device does not exist", "qualifier": {"alias": "HallPanel:4724", "code": "missing device"}}
2026-03-06 11:32:23 ERROR root remotelib error:IC144Panel:4720:{"property": "init", "value": "device does not exist", "qualifier": {"alias": "IC144Panel:4720", "code": "missing device"}}
2026-03-06 11:32:23 ERROR root remotelib error:BreakRmPanel:4727:{"property": "init", "value": "device does not exist", "qualifier": {"alias": "BreakRmPanel:4727", "code": "missing device"}}
2026-03-06 11:32:23 ERROR root remotelib error:HallPanel:4723:{"property": "init", "value": "device does not exist", "qualifier": {"alias": "HallPanel:4723", "code": "missing device"}}
2026-03-06 11:32:23 ERROR root remotelib error:LobbyPanel:4712:{"property": "init", "value": "device does not exist", "qualifier": {"alias": "LobbyPanel:4712", "code": "missing device"}}
2026-03-06 11:32:23 ERROR root remotelib error:BreakRmPanel:4728:{"property": "init", "value": "device does not exist", "qualifier": {"alias": "BreakRmPanel:4728", "code": "missing device"}}
2026-03-06 11:32:23 ERROR root remotelib error:IC144Panel:4722:{"property": "init", "value": "device does not exist", "qualifier": {"alias": "IC144Panel:4722", "code": "missing device"}}
2026-03-06 11:32:23 ERROR root remotelib error:HallPanel:4725:{"property": "init", "value": "device does not exist", "qualifier": {"alias": "HallPanel:4725", "code": "missing device"}}
2026-03-06 11:32:23 ERROR root remotelib error:IC144Panel:4721:{"property": "init", "value": "device does not exist", "qualifier": {"alias": "IC144Panel:4721", "code": "missing device"}}
2026-03-06 11:32:23 ERROR root remotelib error:IC143Panel:4801:{"property": "init", "value": "device does not exist", "qualifier": {"alias": "IC143Panel:4801", "code": "missing device"}}
2026-03-06 11:32:23 ERROR root remotelib error:BreakRmPanel:4729:{"property": "init", "value": "device does not exist", "qualifier": {"alias": "BreakRmPanel:4729", "code": "missing device"}}
2026-03-06 11:32:24 ERROR root remotelib error:LobbyPanel:4713:{"property": "init", "value": "device does not exist", "qualifier": {"alias": "LobbyPanel:4713", "code": "missing device"}}
2026-03-06 11:32:24 ERROR root remotelib error:IC142Panel:4801:{"property": "init", "value": "device does not exist", "qualifier": {"alias": "IC142Panel:4801", "code": "missing device"}}
2026-03-06 11:32:24 ERROR root remotelib error:BreakRmPanel:4730:{"property": "init", "value": "device does not exist", "qualifier": {"alias": "BreakRmPanel:4730", "code": "missing device"}}
2026-03-06 11:32:24 ERROR root remotelib error:HallPanel:4727:{"property": "init", "value": "device does not exist", "qualifier": {"alias": "HallPanel:4727", "code": "missing device"}}
2026-03-06 11:32:24 ERROR root remotelib error:BreakRmPanel:4731:{"property": "init", "value": "device does not exist", "qualifier": {"alias": "BreakRmPanel:4731", "code": "missing device"}}
2026-03-06 11:32:24 ERROR root remotelib error:IC144Panel:4723:{"property": "init", "value": "device does not exist", "qualifier": {"alias": "IC144Panel:4723", "code": "missing device"}}
2026-03-06 11:32:24 ERROR root remotelib error:HallPanel:4728:{"property": "init", "value": "device does not exist", "qualifier": {"alias": "HallPanel:4728", "code": "missing device"}}
2026-03-06 11:32:24 ERROR root remotelib error:LobbyPanel:4714:{"property": "init", "value": "device does not exist", "qualifier": {"alias": "LobbyPanel:4714", "code": "missing device"}}
2026-03-06 11:32:24 ERROR root remotelib error:IC144Panel:4724:{"property": "init", "value": "device does not exist", "qualifier": {"alias": "IC144Panel:4724", "code": "missing device"}}
2026-03-06 11:32:24 ERROR root remotelib error:LobbyPanel:4715:{"property": "init", "value": "device does not exist", "qualifier": {"alias": "LobbyPanel:4715", "code": "missing device"}}
2026-03-06 11:32:24 ERROR root remotelib error:IC142Panel:14651:{"property": "init", "value": "device does not exist", "qualifier": {"alias": "IC142Panel:14651", "code": "missing device"}}
2026-03-06 11:32:24 ERROR root remotelib error:HallPanel:4726:{"property": "init", "value": "device does not exist", "qualifier": {"alias": "HallPanel:4726", "code": "missing device"}}
2026-03-06 11:32:24 ERROR root remotelib error:IC144Panel:4725:{"property": "init", "value": "device does not exist", "qualifier": {"alias": "IC144Panel:4725", "code": "missing device"}}
2026-03-06 11:32:24 ERROR root remotelib error:HallPanel:4729:{"property": "init", "value": "device does not exist", "qualifier": {"alias": "HallPanel:4729", "code": "missing device"}}
2026-03-06 11:32:24 ERROR root remotelib error:IC143Panel:14651:{"property": "init", "value": "device does not exist", "qualifier": {"alias": "IC143Panel:14651", "code": "missing device"}}
2026-03-06 11:32:24 ERROR root remotelib error:LobbyPanel:4716:{"property": "init", "value": "device does not exist", "qualifier": {"alias": "LobbyPanel:4716", "code": "missing device"}}
2026-03-06 11:32:24 ERROR root remotelib error:IC144Panel:4726:{"property": "init", "value": "device does not exist", "qualifier": {"alias": "IC144Panel:4726", "code": "missing device"}}
2026-03-06 11:32:24 ERROR root remotelib error:BWDPanel:4708:{"property": "init", "value": "device does not exist", "qualifier": {"alias": "BWDPanel:4708", "code": "missing device"}}
2026-03-06 11:32:24 ERROR root remotelib error:BWDPanel:4707:{"property": "init", "value": "device does not exist", "qualifier": {"alias": "BWDPanel:4707", "code": "missing device"}}
2026-03-06 11:32:24 ERROR root remotelib error:IC144Panel:4729:{"property": "init", "value": "device does not exist", "qualifier": {"alias": "IC144Panel:4729", "code": "missing device"}}
2026-03-06 11:32:24 ERROR root remotelib error:LobbyPanel:4718:{"property": "init", "value": "device does not exist", "qualifier": {"alias": "LobbyPanel:4718", "code": "missing device"}}
2026-03-06 11:32:24 ERROR root remotelib error:HallPanel:4731:{"property": "init", "value": "device does not exist", "qualifier": {"alias": "HallPanel:4731", "code": "missing device"}}
2026-03-06 11:32:24 ERROR root remotelib error:IC144Panel:4727:{"property": "init", "value": "device does not exist", "qualifier": {"alias": "IC144Panel:4727", "code": "missing device"}}
2026-03-06 11:32:24 ERROR root remotelib error:LobbyPanel:4717:{"property": "init", "value": "device does not exist", "qualifier": {"alias": "LobbyPanel:4717", "code": "missing device"}}
2026-03-06 11:32:24 ERROR root remotelib error:BreakRmPanel:4732:{"property": "init", "value": "device does not exist", "qualifier": {"alias": "BreakRmPanel:4732", "code": "missing device"}}
2026-03-06 11:32:24 ERROR root remotelib error:HallPanel:4730:{"property": "init", "value": "device does not exist", "qualifier": {"alias": "HallPanel:4730", "code": "missing device"}}
2026-03-06 11:32:24 ERROR root remotelib error:IC142Panel:917:{"property": "init", "value": "device does not exist", "qualifier": {"alias": "IC142Panel:917", "code": "missing device"}}
2026-03-06 11:32:24 ERROR root remotelib error:IC143Panel:917:{"property": "init", "value": "device does not exist", "qualifier": {"alias": "IC143Panel:917", "code": "missing device"}}
2026-03-06 11:32:24 ERROR root remotelib error:IC144Panel:4728:{"property": "init", "value": "device does not exist", "qualifier": {"alias": "IC144Panel:4728", "code": "missing device"}}
2026-03-06 11:32:24 ERROR root remotelib error:BWDPanel:4710:{"property": "init", "value": "device does not exist", "qualifier": {"alias": "BWDPanel:4710", "code": "missing device"}}
2026-03-06 11:32:24 ERROR root remotelib error:IC143Panel:4851:{"property": "init", "value": "device does not exist", "qualifier": {"alias": "IC143Panel:4851", "code": "missing device"}}
2026-03-06 11:32:24 ERROR root remotelib error:IC142Panel:4851:{"property": "init", "value": "device does not exist", "qualifier": {"alias": "IC142Panel:4851", "code": "missing device"}}
2026-03-06 11:32:24 ERROR root remotelib error:LobbyPanel:4720:{"property": "init", "value": "device does not exist", "qualifier": {"alias": "LobbyPanel:4720", "code": "missing device"}}
2026-03-06 11:32:24 ERROR root remotelib error:BWDPanel:4712:{"property": "init", "value": "device does not exist", "qualifier": {"alias": "BWDPanel:4712", "code": "missing device"}}
2026-03-06 11:32:24 ERROR root remotelib error:IC144Panel:4731:{"property": "init", "value": "device does not exist", "qualifier": {"alias": "IC144Panel:4731", "code": "missing device"}}
2026-03-06 11:32:24 ERROR root remotelib error:BWDPanel:4711:{"property": "init", "value": "device does not exist", "qualifier": {"alias": "BWDPanel:4711", "code": "missing device"}}
2026-03-06 11:32:24 ERROR root remotelib error:IC144Panel:4730:{"property": "init", "value": "device does not exist", "qualifier": {"alias": "IC144Panel:4730", "code": "missing device"}}
2026-03-06 11:32:24 ERROR root remotelib error:HallPanel:4732:{"property": "init", "value": "device does not exist", "qualifier": {"alias": "HallPanel:4732", "code": "missing device"}}
2026-03-06 11:32:24 ERROR root remotelib error:IC143Panel:4852:{"property": "init", "value": "device does not exist", "qualifier": {"alias": "IC143Panel:4852", "code": "missing device"}}
2026-03-06 11:32:24 ERROR root remotelib error:IC142Panel:4852:{"property": "init", "value": "device does not exist", "qualifier": {"alias": "IC142Panel:4852", "code": "missing device"}}
2026-03-06 11:32:24 ERROR root remotelib error:LobbyPanel:4719:{"property": "init", "value": "device does not exist", "qualifier": {"alias": "LobbyPanel:4719", "code": "missing device"}}
2026-03-06 11:32:24 ERROR root remotelib error:BreakRmPanel:4801:{"property": "init", "value": "device does not exist", "qualifier": {"alias": "BreakRmPanel:4801", "code": "missing device"}}
2026-03-06 11:32:24 ERROR root remotelib error:IC144Panel:4732:{"property": "init", "value": "device does not exist", "qualifier": {"alias": "IC144Panel:4732", "code": "missing device"}}
2026-03-06 11:32:24 ERROR root remotelib error:IC142Panel:4853:{"property": "init", "value": "device does not exist", "qualifier": {"alias": "IC142Panel:4853", "code": "missing device"}}
2026-03-06 11:32:24 ERROR root remotelib error:BWDPanel:4714:{"property": "init", "value": "device does not exist", "qualifier": {"alias": "BWDPanel:4714", "code": "missing device"}}
2026-03-06 11:32:24 ERROR root remotelib error:IC142Panel:4854:{"property": "init", "value": "device does not exist", "qualifier": {"alias": "IC142Panel:4854", "code": "missing device"}}
2026-03-06 11:32:24 ERROR root remotelib error:IC143Panel:4854:{"property": "init", "value": "device does not exist", "qualifier": {"alias": "IC143Panel:4854", "code": "missing device"}}
2026-03-06 11:32:24 ERROR root remotelib error:LobbyPanel:4722:{"property": "init", "value": "device does not exist", "qualifier": {"alias": "LobbyPanel:4722", "code": "missing device"}}
2026-03-06 11:32:24 ERROR root remotelib error:LobbyPanel:4723:{"property": "init", "value": "device does not exist", "qualifier": {"alias": "LobbyPanel:4723", "code": "missing device"}}
2026-03-06 11:32:24 ERROR root remotelib error:IC143Panel:4853:{"property": "init", "value": "device does not exist", "qualifier": {"alias": "IC143Panel:4853", "code": "missing device"}}
2026-03-06 11:32:24 ERROR root remotelib error:LobbyPanel:4721:{"property": "init", "value": "device does not exist", "qualifier": {"alias": "LobbyPanel:4721", "code": "missing device"}}
2026-03-06 11:32:24 ERROR root remotelib error:BWDPanel:4713:{"property": "init", "value": "device does not exist", "qualifier": {"alias": "BWDPanel:4713", "code": "missing device"}}
2026-03-06 11:32:24 ERROR root remotelib error:IC143Panel:4856:{"property": "init", "value": "device does not exist", "qualifier": {"alias": "IC143Panel:4856", "code": "missing device"}}
2026-03-06 11:32:24 ERROR root remotelib error:BreakRmPanel:14651:{"property": "init", "value": "device does not exist", "qualifier": {"alias": "BreakRmPanel:14651", "code": "missing device"}}
2026-03-06 11:32:24 ERROR root remotelib error:IC143Panel:4855:{"property": "init", "value": "device does not exist", "qualifier": {"alias": "IC143Panel:4855", "code": "missing device"}}
2026-03-06 11:32:24 ERROR root remotelib error:HallPanel:14651:{"property": "init", "value": "device does not exist", "qualifier": {"alias": "HallPanel:14651", "code": "missing device"}}
2026-03-06 11:32:24 ERROR root remotelib error:IC142Panel:4855:{"property": "init", "value": "device does not exist", "qualifier": {"alias": "IC142Panel:4855", "code": "missing device"}}
2026-03-06 11:32:24 ERROR root remotelib error:IC142Panel:4856:{"property": "init", "value": "device does not exist", "qualifier": {"alias": "IC142Panel:4856", "code": "missing device"}}
2026-03-06 11:32:24 ERROR root remotelib error:LobbyPanel:4725:{"property": "init", "value": "device does not exist", "qualifier": {"alias": "LobbyPanel:4725", "code": "missing device"}}
2026-03-06 11:32:24 ERROR root remotelib error:LobbyPanel:4726:{"property": "init", "value": "device does not exist", "qualifier": {"alias": "LobbyPanel:4726", "code": "missing device"}}
2026-03-06 11:32:24 ERROR root remotelib error:BWDPanel:4715:{"property": "init", "value": "device does not exist", "qualifier": {"alias": "BWDPanel:4715", "code": "missing device"}}
2026-03-06 11:32:24 ERROR root remotelib error:LobbyPanel:4724:{"property": "init", "value": "device does not exist", "qualifier": {"alias": "LobbyPanel:4724", "code": "missing device"}}
2026-03-06 11:32:24 ERROR root remotelib error:HallPanel:4851:{"property": "init", "value": "device does not exist", "qualifier": {"alias": "HallPanel:4851", "code": "missing device"}}
2026-03-06 11:32:24 ERROR root remotelib error:BWDPanel:4716:{"property": "init", "value": "device does not exist", "qualifier": {"alias": "BWDPanel:4716", "code": "missing device"}}
2026-03-06 11:32:24 ERROR root remotelib error:BWDPanel:4719:{"property": "init", "value": "device does not exist", "qualifier": {"alias": "BWDPanel:4719", "code": "missing device"}}
2026-03-06 11:32:24 ERROR root remotelib error:HallPanel:917:{"property": "init", "value": "device does not exist", "qualifier": {"alias": "HallPanel:917", "code": "missing device"}}
2026-03-06 11:32:24 ERROR root remotelib error:LobbyPanel:4728:{"property": "init", "value": "device does not exist", "qualifier": {"alias": "LobbyPanel:4728", "code": "missing device"}}
2026-03-06 11:32:24 ERROR root remotelib error:LobbyPanel:4727:{"property": "init", "value": "device does not exist", "qualifier": {"alias": "LobbyPanel:4727", "code": "missing device"}}
2026-03-06 11:32:24 ERROR root remotelib error:BWDPanel:4718:{"property": "init", "value": "device does not exist", "qualifier": {"alias": "BWDPanel:4718", "code": "missing device"}}
2026-03-06 11:32:24 ERROR root remotelib error:HallPanel:4801:{"property": "init", "value": "device does not exist", "qualifier": {"alias": "HallPanel:4801", "code": "missing device"}}
2026-03-06 11:32:24 ERROR root remotelib error:IC144Panel:4801:{"property": "init", "value": "device does not exist", "qualifier": {"alias": "IC144Panel:4801", "code": "missing device"}}
2026-03-06 11:32:24 ERROR root remotelib error:BWDPanel:4717:{"property": "init", "value": "device does not exist", "qualifier": {"alias": "BWDPanel:4717", "code": "missing device"}}
2026-03-06 11:32:24 ERROR root remotelib error:LobbyPanel:4729:{"property": "init", "value": "device does not exist", "qualifier": {"alias": "LobbyPanel:4729", "code": "missing device"}}
2026-03-06 11:32:24 ERROR root remotelib error:HallPanel:4852:{"property": "init", "value": "device does not exist", "qualifier": {"alias": "HallPanel:4852", "code": "missing device"}}
2026-03-06 11:32:24 ERROR root remotelib error:BreakRmPanel:4851:{"property": "init", "value": "device does not exist", "qualifier": {"alias": "BreakRmPanel:4851", "code": "missing device"}}
2026-03-06 11:32:24 ERROR root remotelib error:BreakRmPanel:917:{"property": "init", "value": "device does not exist", "qualifier": {"alias": "BreakRmPanel:917", "code": "missing device"}}
2026-03-06 11:32:24 ERROR root remotelib error:IC143Panel:4857:{"property": "init", "value": "device does not exist", "qualifier": {"alias": "IC143Panel:4857", "code": "missing device"}}
2026-03-06 11:32:24 ERROR root remotelib error:IC144Panel:14651:{"property": "init", "value": "device does not exist", "qualifier": {"alias": "IC144Panel:14651", "code": "missing device"}}
2026-03-06 11:32:24 ERROR root remotelib error:BWDPanel:4720:{"property": "init", "value": "device does not exist", "qualifier": {"alias": "BWDPanel:4720", "code": "missing device"}}
2026-03-06 11:32:24 ERROR root remotelib error:IC142Panel:4857:{"property": "init", "value": "device does not exist", "qualifier": {"alias": "IC142Panel:4857", "code": "missing device"}}
2026-03-06 11:32:24 ERROR root remotelib error:LobbyPanel:4730:{"property": "init", "value": "device does not exist", "qualifier": {"alias": "LobbyPanel:4730", "code": "missing device"}}
2026-03-06 11:32:24 ERROR root remotelib error:BWDPanel:4721:{"property": "init", "value": "device does not exist", "qualifier": {"alias": "BWDPanel:4721", "code": "missing device"}}
2026-03-06 11:32:24 ERROR root remotelib error:BWDPanel:4722:{"property": "init", "value": "device does not exist", "qualifier": {"alias": "BWDPanel:4722", "code": "missing device"}}
2026-03-06 11:32:24 ERROR root remotelib error:BreakRmPanel:4852:{"property": "init", "value": "device does not exist", "qualifier": {"alias": "BreakRmPanel:4852", "code": "missing device"}}
2026-03-06 11:32:24 ERROR root remotelib error:IC144Panel:917:{"property": "init", "value": "device does not exist", "qualifier": {"alias": "IC144Panel:917", "code": "missing device"}}
2026-03-06 11:32:24 ERROR root remotelib error:LobbyPanel:4731:{"property": "init", "value": "device does not exist", "qualifier": {"alias": "LobbyPanel:4731", "code": "missing device"}}
2026-03-06 11:32:24 ERROR root remotelib error:BreakRmPanel:4853:{"property": "init", "value": "device does not exist", "qualifier": {"alias": "BreakRmPanel:4853", "code": "missing device"}}
2026-03-06 11:32:24 ERROR root remotelib error:HallPanel:4853:{"property": "init", "value": "device does not exist", "qualifier": {"alias": "HallPanel:4853", "code": "missing device"}}
2026-03-06 11:32:24 ERROR root remotelib error:IC143Panel:4957:{"property": "init", "value": "device does not exist", "qualifier": {"alias": "IC143Panel:4957", "code": "missing device"}}
2026-03-06 11:32:24 ERROR root remotelib error:IC143Panel:4859:{"property": "init", "value": "device does not exist", "qualifier": {"alias": "IC143Panel:4859", "code": "missing device"}}
2026-03-06 11:32:24 ERROR root remotelib error:BWDPanel:4723:{"property": "init", "value": "device does not exist", "qualifier": {"alias": "BWDPanel:4723", "code": "missing device"}}
2026-03-06 11:32:24 ERROR root remotelib error:IC143Panel:4958:{"property": "init", "value": "device does not exist", "qualifier": {"alias": "IC143Panel:4958", "code": "missing device"}}
2026-03-06 11:32:24 ERROR root remotelib error:IC144Panel:4851:{"property": "init", "value": "device does not exist", "qualifier": {"alias": "IC144Panel:4851", "code": "missing device"}}
2026-03-06 11:32:24 ERROR root remotelib error:IC142Panel:4859:{"property": "init", "value": "device does not exist", "qualifier": {"alias": "IC142Panel:4859", "code": "missing device"}}
2026-03-06 11:32:24 ERROR root remotelib error:LobbyPanel:4732:{"property": "init", "value": "device does not exist", "qualifier": {"alias": "LobbyPanel:4732", "code": "missing device"}}
2026-03-06 11:32:24 ERROR root remotelib error:IC143Panel:4860:{"property": "init", "value": "device does not exist", "qualifier": {"alias": "IC143Panel:4860", "code": "missing device"}}
2026-03-06 11:32:24 ERROR root remotelib error:BWDPanel:4725:{"property": "init", "value": "device does not exist", "qualifier": {"alias": "BWDPanel:4725", "code": "missing device"}}
2026-03-06 11:32:24 ERROR root remotelib error:BreakRmPanel:4854:{"property": "init", "value": "device does not exist", "qualifier": {"alias": "BreakRmPanel:4854", "code": "missing device"}}
2026-03-06 11:32:24 ERROR root remotelib error:HallPanel:4854:{"property": "init", "value": "device does not exist", "qualifier": {"alias": "HallPanel:4854", "code": "missing device"}}
2026-03-06 11:32:24 ERROR root remotelib error:BWDPanel:4724:{"property": "init", "value": "device does not exist", "qualifier": {"alias": "BWDPanel:4724", "code": "missing device"}}
2026-03-06 11:32:25 ERROR root remotelib error:IC142Panel:4957:{"property": "init", "value": "device does not exist", "qualifier": {"alias": "IC142Panel:4957", "code": "missing device"}}
2026-03-06 11:32:25 ERROR root remotelib error:IC144Panel:4852:{"property": "init", "value": "device does not exist", "qualifier": {"alias": "IC144Panel:4852", "code": "missing device"}}
2026-03-06 11:32:25 ERROR root remotelib error:BreakRmPanel:4855:{"property": "init", "value": "device does not exist", "qualifier": {"alias": "BreakRmPanel:4855", "code": "missing device"}}
2026-03-06 11:32:25 ERROR root remotelib error:IC142Panel:4958:{"property": "init", "value": "device does not exist", "qualifier": {"alias": "IC142Panel:4958", "code": "missing device"}}
2026-03-06 11:32:25 ERROR root remotelib error:BWDPanel:4726:{"property": "init", "value": "device does not exist", "qualifier": {"alias": "BWDPanel:4726", "code": "missing device"}}
2026-03-06 11:32:25 ERROR root remotelib error:BWDPanel:4727:{"property": "init", "value": "device does not exist", "qualifier": {"alias": "BWDPanel:4727", "code": "missing device"}}
2026-03-06 11:32:25 ERROR root remotelib error:IC142Panel:4861:{"property": "init", "value": "device does not exist", "qualifier": {"alias": "IC142Panel:4861", "code": "missing device"}}
2026-03-06 11:32:25 ERROR root remotelib error:BreakRmPanel:4857:{"property": "init", "value": "device does not exist", "qualifier": {"alias": "BreakRmPanel:4857", "code": "missing device"}}
2026-03-06 11:32:25 ERROR root remotelib error:HallPanel:4855:{"property": "init", "value": "device does not exist", "qualifier": {"alias": "HallPanel:4855", "code": "missing device"}}
2026-03-06 11:32:25 ERROR root remotelib error:IC143Panel:4861:{"property": "init", "value": "device does not exist", "qualifier": {"alias": "IC143Panel:4861", "code": "missing device"}}
2026-03-06 11:32:25 ERROR root remotelib error:IC142Panel:4860:{"property": "init", "value": "device does not exist", "qualifier": {"alias": "IC142Panel:4860", "code": "missing device"}}
2026-03-06 11:32:25 ERROR root remotelib error:BreakRmPanel:4856:{"property": "init", "value": "device does not exist", "qualifier": {"alias": "BreakRmPanel:4856", "code": "missing device"}}
2026-03-06 11:32:25 ERROR root remotelib error:IC144Panel:4853:{"property": "init", "value": "device does not exist", "qualifier": {"alias": "IC144Panel:4853", "code": "missing device"}}
2026-03-06 11:32:25 ERROR root remotelib error:HallPanel:4856:{"property": "init", "value": "device does not exist", "qualifier": {"alias": "HallPanel:4856", "code": "missing device"}}
2026-03-06 11:32:25 ERROR root remotelib error:IC144Panel:4854:{"property": "init", "value": "device does not exist", "qualifier": {"alias": "IC144Panel:4854", "code": "missing device"}}
2026-03-06 11:32:25 ERROR root remotelib error:IC143Panel:4863:{"property": "init", "value": "device does not exist", "qualifier": {"alias": "IC143Panel:4863", "code": "missing device"}}
2026-03-06 11:32:25 ERROR root remotelib error:BWDPanel:4728:{"property": "init", "value": "device does not exist", "qualifier": {"alias": "BWDPanel:4728", "code": "missing device"}}
2026-03-06 11:32:25 ERROR root remotelib error:IC143Panel:4960:{"property": "init", "value": "device does not exist", "qualifier": {"alias": "IC143Panel:4960", "code": "missing device"}}
2026-03-06 11:32:25 ERROR root remotelib error:LobbyPanel:14651:{"property": "init", "value": "device does not exist", "qualifier": {"alias": "LobbyPanel:14651", "code": "missing device"}}
2026-03-06 11:32:25 ERROR root remotelib error:BWDPanel:4729:{"property": "init", "value": "device does not exist", "qualifier": {"alias": "BWDPanel:4729", "code": "missing device"}}
2026-03-06 11:32:25 ERROR root remotelib error:BWDPanel:4730:{"property": "init", "value": "device does not exist", "qualifier": {"alias": "BWDPanel:4730", "code": "missing device"}}
2026-03-06 11:32:25 ERROR root remotelib error:IC143Panel:4961:{"property": "init", "value": "device does not exist", "qualifier": {"alias": "IC143Panel:4961", "code": "missing device"}}
2026-03-06 11:32:25 ERROR root remotelib error:LobbyPanel:4801:{"property": "init", "value": "device does not exist", "qualifier": {"alias": "LobbyPanel:4801", "code": "missing device"}}
2026-03-06 11:32:25 ERROR root remotelib error:HallPanel:4857:{"property": "init", "value": "device does not exist", "qualifier": {"alias": "HallPanel:4857", "code": "missing device"}}
2026-03-06 11:32:25 ERROR root remotelib error:BWDPanel:4731:{"property": "init", "value": "device does not exist", "qualifier": {"alias": "BWDPanel:4731", "code": "missing device"}}
2026-03-06 11:32:25 ERROR root remotelib error:IC143Panel:4962:{"property": "init", "value": "device does not exist", "qualifier": {"alias": "IC143Panel:4962", "code": "missing device"}}
2026-03-06 11:32:25 ERROR root remotelib error:LobbyPanel:917:{"property": "init", "value": "device does not exist", "qualifier": {"alias": "LobbyPanel:917", "code": "missing device"}}
2026-03-06 11:32:25 ERROR root remotelib error:BWDPanel:4732:{"property": "init", "value": "device does not exist", "qualifier": {"alias": "BWDPanel:4732", "code": "missing device"}}
2026-03-06 11:32:25 ERROR root remotelib error:IC142Panel:4961:{"property": "init", "value": "device does not exist", "qualifier": {"alias": "IC142Panel:4961", "code": "missing device"}}
2026-03-06 11:32:25 ERROR root remotelib error:BreakRmPanel:4957:{"property": "init", "value": "device does not exist", "qualifier": {"alias": "BreakRmPanel:4957", "code": "missing device"}}
2026-03-06 11:32:25 ERROR root remotelib error:IC143Panel:4963:{"property": "init", "value": "device does not exist", "qualifier": {"alias": "IC143Panel:4963", "code": "missing device"}}
2026-03-06 11:32:25 ERROR root remotelib error:IC144Panel:4855:{"property": "init", "value": "device does not exist", "qualifier": {"alias": "IC144Panel:4855", "code": "missing device"}}
2026-03-06 11:32:25 ERROR root remotelib error:IC142Panel:4960:{"property": "init", "value": "device does not exist", "qualifier": {"alias": "IC142Panel:4960", "code": "missing device"}}
2026-03-06 11:32:25 ERROR root remotelib error:LobbyPanel:4851:{"property": "init", "value": "device does not exist", "qualifier": {"alias": "LobbyPanel:4851", "code": "missing device"}}
2026-03-06 11:32:25 ERROR root remotelib error:IC142Panel:4962:{"property": "init", "value": "device does not exist", "qualifier": {"alias": "IC142Panel:4962", "code": "missing device"}}
2026-03-06 11:32:25 ERROR root remotelib error:LobbyPanel:4852:{"property": "init", "value": "device does not exist", "qualifier": {"alias": "LobbyPanel:4852", "code": "missing device"}}
2026-03-06 11:32:25 ERROR root remotelib error:IC143Panel:4865:{"property": "init", "value": "device does not exist", "qualifier": {"alias": "IC143Panel:4865", "code": "missing device"}}
2026-03-06 11:32:25 ERROR root remotelib error:IC144Panel:4856:{"property": "init", "value": "device does not exist", "qualifier": {"alias": "IC144Panel:4856", "code": "missing device"}}
2026-03-06 11:32:25 ERROR root remotelib error:IC143Panel:4864:{"property": "init", "value": "device does not exist", "qualifier": {"alias": "IC143Panel:4864", "code": "missing device"}}
2026-03-06 11:32:25 ERROR root remotelib error:IC142Panel:4863:{"property": "init", "value": "device does not exist", "qualifier": {"alias": "IC142Panel:4863", "code": "missing device"}}
2026-03-06 11:32:25 ERROR root remotelib error:HallPanel:4860:{"property": "init", "value": "device does not exist", "qualifier": {"alias": "HallPanel:4860", "code": "missing device"}}
2026-03-06 11:32:25 ERROR root remotelib error:IC144Panel:4857:{"property": "init", "value": "device does not exist", "qualifier": {"alias": "IC144Panel:4857", "code": "missing device"}}
2026-03-06 11:32:25 ERROR root remotelib error:BreakRmPanel:4859:{"property": "init", "value": "device does not exist", "qualifier": {"alias": "BreakRmPanel:4859", "code": "missing device"}}
2026-03-06 11:32:25 ERROR root remotelib error:HallPanel:4859:{"property": "init", "value": "device does not exist", "qualifier": {"alias": "HallPanel:4859", "code": "missing device"}}
2026-03-06 11:32:25 ERROR root remotelib error:IC142Panel:4864:{"property": "init", "value": "device does not exist", "qualifier": {"alias": "IC142Panel:4864", "code": "missing device"}}
2026-03-06 11:32:25 ERROR root remotelib error:IC143Panel:4964:{"property": "init", "value": "device does not exist", "qualifier": {"alias": "IC143Panel:4964", "code": "missing device"}}
2026-03-06 11:32:25 ERROR root remotelib error:IC142Panel:4963:{"property": "init", "value": "device does not exist", "qualifier": {"alias": "IC142Panel:4963", "code": "missing device"}}
2026-03-06 11:32:25 ERROR root remotelib error:BWDPanel:4801:{"property": "init", "value": "device does not exist", "qualifier": {"alias": "BWDPanel:4801", "code": "missing device"}}
2026-03-06 11:32:25 ERROR root remotelib error:LobbyPanel:4853:{"property": "init", "value": "device does not exist", "qualifier": {"alias": "LobbyPanel:4853", "code": "missing device"}}
2026-03-06 11:32:25 ERROR root remotelib error:HallPanel:4959:{"property": "init", "value": "device does not exist", "qualifier": {"alias": "HallPanel:4959", "code": "missing device"}}
2026-03-06 11:32:25 ERROR root remotelib error:BreakRmPanel:4958:{"property": "init", "value": "device does not exist", "qualifier": {"alias": "BreakRmPanel:4958", "code": "missing device"}}
2026-03-06 11:32:25 ERROR root remotelib error:HallPanel:4957:{"property": "init", "value": "device does not exist", "qualifier": {"alias": "HallPanel:4957", "code": "missing device"}}
2026-03-06 11:32:25 ERROR root remotelib error:HallPanel:4958:{"property": "init", "value": "device does not exist", "qualifier": {"alias": "HallPanel:4958", "code": "missing device"}}
2026-03-06 11:32:25 ERROR root remotelib error:BreakRmPanel:4860:{"property": "init", "value": "device does not exist", "qualifier": {"alias": "BreakRmPanel:4860", "code": "missing device"}}
2026-03-06 11:32:25 ERROR root remotelib error:IC142Panel:4964:{"property": "init", "value": "device does not exist", "qualifier": {"alias": "IC142Panel:4964", "code": "missing device"}}
2026-03-06 11:32:25 ERROR root remotelib error:IC142Panel:4865:{"property": "init", "value": "device does not exist", "qualifier": {"alias": "IC142Panel:4865", "code": "missing device"}}
2026-03-06 11:32:25 ERROR root remotelib error:IC143Panel:4866:{"property": "init", "value": "device does not exist", "qualifier": {"alias": "IC143Panel:4866", "code": "missing device"}}
2026-03-06 11:32:25 ERROR root remotelib error:HallPanel:4861:{"property": "init", "value": "device does not exist", "qualifier": {"alias": "HallPanel:4861", "code": "missing device"}}
2026-03-06 11:32:25 ERROR root remotelib error:IC143Panel:4965:{"property": "init", "value": "device does not exist", "qualifier": {"alias": "IC143Panel:4965", "code": "missing device"}}
2026-03-06 11:32:25 ERROR root remotelib error:BWDPanel:14651:{"property": "init", "value": "device does not exist", "qualifier": {"alias": "BWDPanel:14651", "code": "missing device"}}
2026-03-06 11:32:25 ERROR root remotelib error:LobbyPanel:4854:{"property": "init", "value": "device does not exist", "qualifier": {"alias": "LobbyPanel:4854", "code": "missing device"}}
2026-03-06 11:32:25 ERROR root remotelib error:BreakRmPanel:4861:{"property": "init", "value": "device does not exist", "qualifier": {"alias": "BreakRmPanel:4861", "code": "missing device"}}
2026-03-06 11:32:25 ERROR root remotelib error:IC142Panel:4866:{"property": "init", "value": "device does not exist", "qualifier": {"alias": "IC142Panel:4866", "code": "missing device"}}
2026-03-06 11:32:25 ERROR root remotelib error:IC143Panel:4867:{"property": "init", "value": "device does not exist", "qualifier": {"alias": "IC143Panel:4867", "code": "missing device"}}
2026-03-06 11:32:25 ERROR root remotelib error:IC144Panel:4957:{"property": "init", "value": "device does not exist", "qualifier": {"alias": "IC144Panel:4957", "code": "missing device"}}
2026-03-06 11:32:25 ERROR root remotelib error:IC143Panel:4966:{"property": "init", "value": "device does not exist", "qualifier": {"alias": "IC143Panel:4966", "code": "missing device"}}
2026-03-06 11:32:25 ERROR root remotelib error:IC144Panel:4958:{"property": "init", "value": "device does not exist", "qualifier": {"alias": "IC144Panel:4958", "code": "missing device"}}
2026-03-06 11:32:25 ERROR root remotelib error:IC142Panel:4965:{"property": "init", "value": "device does not exist", "qualifier": {"alias": "IC142Panel:4965", "code": "missing device"}}
2026-03-06 11:32:25 ERROR root remotelib error:HallPanel:4961:{"property": "init", "value": "device does not exist", "qualifier": {"alias": "HallPanel:4961", "code": "missing device"}}
2026-03-06 11:32:25 ERROR root remotelib error:BreakRmPanel:4961:{"property": "init", "value": "device does not exist", "qualifier": {"alias": "BreakRmPanel:4961", "code": "missing device"}}
2026-03-06 11:32:25 ERROR root remotelib error:IC144Panel:4859:{"property": "init", "value": "device does not exist", "qualifier": {"alias": "IC144Panel:4859", "code": "missing device"}}
2026-03-06 11:32:25 ERROR root remotelib error:LobbyPanel:4855:{"property": "init", "value": "device does not exist", "qualifier": {"alias": "LobbyPanel:4855", "code": "missing device"}}
2026-03-06 11:32:25 ERROR root remotelib error:IC142Panel:4867:{"property": "init", "value": "device does not exist", "qualifier": {"alias": "IC142Panel:4867", "code": "missing device"}}
2026-03-06 11:32:25 ERROR root remotelib error:HallPanel:4962:{"property": "init", "value": "device does not exist", "qualifier": {"alias": "HallPanel:4962", "code": "missing device"}}
2026-03-06 11:32:25 ERROR root remotelib error:BWDPanel:917:{"property": "init", "value": "device does not exist", "qualifier": {"alias": "BWDPanel:917", "code": "missing device"}}
2026-03-06 11:32:25 ERROR root remotelib error:IC143Panel:4868:{"property": "init", "value": "device does not exist", "qualifier": {"alias": "IC143Panel:4868", "code": "missing device"}}
2026-03-06 11:32:25 ERROR root remotelib error:IC142Panel:4966:{"property": "init", "value": "device does not exist", "qualifier": {"alias": "IC142Panel:4966", "code": "missing device"}}
2026-03-06 11:32:25 ERROR root remotelib error:IC144Panel:4860:{"property": "init", "value": "device does not exist", "qualifier": {"alias": "IC144Panel:4860", "code": "missing device"}}
2026-03-06 11:32:25 ERROR root remotelib error:LobbyPanel:4856:{"property": "init", "value": "device does not exist", "qualifier": {"alias": "LobbyPanel:4856", "code": "missing device"}}
2026-03-06 11:32:25 ERROR root remotelib error:HallPanel:4863:{"property": "init", "value": "device does not exist", "qualifier": {"alias": "HallPanel:4863", "code": "missing device"}}
2026-03-06 11:32:25 ERROR root remotelib error:IC143Panel:4869:{"property": "init", "value": "device does not exist", "qualifier": {"alias": "IC143Panel:4869", "code": "missing device"}}
2026-03-06 11:32:25 ERROR root remotelib error:BreakRmPanel:4863:{"property": "init", "value": "device does not exist", "qualifier": {"alias": "BreakRmPanel:4863", "code": "missing device"}}
2026-03-06 11:32:25 ERROR root remotelib error:BWDPanel:4851:{"property": "init", "value": "device does not exist", "qualifier": {"alias": "BWDPanel:4851", "code": "missing device"}}
2026-03-06 11:32:25 ERROR root remotelib error:IC144Panel:4861:{"property": "init", "value": "device does not exist", "qualifier": {"alias": "IC144Panel:4861", "code": "missing device"}}
2026-03-06 11:32:25 ERROR root remotelib error:BreakRmPanel:4864:{"property": "init", "value": "device does not exist", "qualifier": {"alias": "BreakRmPanel:4864", "code": "missing device"}}
2026-03-06 11:32:25 ERROR root remotelib error:BreakRmPanel:4962:{"property": "init", "value": "device does not exist", "qualifier": {"alias": "BreakRmPanel:4962", "code": "missing device"}}
2026-03-06 11:32:25 ERROR root remotelib error:BreakRmPanel:4963:{"property": "init", "value": "device does not exist", "qualifier": {"alias": "BreakRmPanel:4963", "code": "missing device"}}
2026-03-06 11:32:25 ERROR root remotelib error:IC144Panel:4960:{"property": "init", "value": "device does not exist", "qualifier": {"alias": "IC144Panel:4960", "code": "missing device"}}
2026-03-06 11:32:25 ERROR root remotelib error:HallPanel:4963:{"property": "init", "value": "device does not exist", "qualifier": {"alias": "HallPanel:4963", "code": "missing device"}}
2026-03-06 11:32:25 ERROR root remotelib error:IC142Panel:4868:{"property": "init", "value": "device does not exist", "qualifier": {"alias": "IC142Panel:4868", "code": "missing device"}}
2026-03-06 11:32:25 ERROR root remotelib error:LobbyPanel:4857:{"property": "init", "value": "device does not exist", "qualifier": {"alias": "LobbyPanel:4857", "code": "missing device"}}
2026-03-06 11:32:25 ERROR root remotelib error:HallPanel:4864:{"property": "init", "value": "device does not exist", "qualifier": {"alias": "HallPanel:4864", "code": "missing device"}}
2026-03-06 11:32:25 ERROR root remotelib error:IC143Panel:4870:{"property": "init", "value": "device does not exist", "qualifier": {"alias": "IC143Panel:4870", "code": "missing device"}}
2026-03-06 11:32:25 ERROR root remotelib error:IC142Panel:4869:{"property": "init", "value": "device does not exist", "qualifier": {"alias": "IC142Panel:4869", "code": "missing device"}}
2026-03-06 11:32:25 ERROR root remotelib error:LobbyPanel:4957:{"property": "init", "value": "device does not exist", "qualifier": {"alias": "LobbyPanel:4957", "code": "missing device"}}
2026-03-06 11:32:25 ERROR root remotelib error:HallPanel:4865:{"property": "init", "value": "device does not exist", "qualifier": {"alias": "HallPanel:4865", "code": "missing device"}}
2026-03-06 11:32:25 ERROR root remotelib error:IC144Panel:4961:{"property": "init", "value": "device does not exist", "qualifier": {"alias": "IC144Panel:4961", "code": "missing device"}}
2026-03-06 11:32:25 ERROR root remotelib error:BreakRmPanel:4964:{"property": "init", "value": "device does not exist", "qualifier": {"alias": "BreakRmPanel:4964", "code": "missing device"}}
2026-03-06 11:32:25 ERROR root remotelib error:HallPanel:4964:{"property": "init", "value": "device does not exist", "qualifier": {"alias": "HallPanel:4964", "code": "missing device"}}
2026-03-06 11:32:25 ERROR root remotelib error:BWDPanel:4852:{"property": "init", "value": "device does not exist", "qualifier": {"alias": "BWDPanel:4852", "code": "missing device"}}
2026-03-06 11:32:25 ERROR root remotelib error:BreakRmPanel:4866:{"property": "init", "value": "device does not exist", "qualifier": {"alias": "BreakRmPanel:4866", "code": "missing device"}}
2026-03-06 11:32:25 ERROR root remotelib error:BreakRmPanel:4865:{"property": "init", "value": "device does not exist", "qualifier": {"alias": "BreakRmPanel:4865", "code": "missing device"}}
2026-03-06 11:32:25 ERROR root remotelib error:IC143Panel:4871:{"property": "init", "value": "device does not exist", "qualifier": {"alias": "IC143Panel:4871", "code": "missing device"}}
2026-03-06 11:32:25 ERROR root remotelib error:IC144Panel:4863:{"property": "init", "value": "device does not exist", "qualifier": {"alias": "IC144Panel:4863", "code": "missing device"}}
2026-03-06 11:32:25 ERROR root remotelib error:IC143Panel:4872:{"property": "init", "value": "device does not exist", "qualifier": {"alias": "IC143Panel:4872", "code": "missing device"}}
2026-03-06 11:32:25 ERROR root remotelib error:IC142Panel:4870:{"property": "init", "value": "device does not exist", "qualifier": {"alias": "IC142Panel:4870", "code": "missing device"}}
2026-03-06 11:32:25 ERROR root remotelib error:HallPanel:4866:{"property": "init", "value": "device does not exist", "qualifier": {"alias": "HallPanel:4866", "code": "missing device"}}
2026-03-06 11:32:25 ERROR root remotelib error:IC144Panel:4864:{"property": "init", "value": "device does not exist", "qualifier": {"alias": "IC144Panel:4864", "code": "missing device"}}
2026-03-06 11:32:25 ERROR root remotelib error:BreakRmPanel:4867:{"property": "init", "value": "device does not exist", "qualifier": {"alias": "BreakRmPanel:4867", "code": "missing device"}}
2026-03-06 11:32:25 ERROR root remotelib error:LobbyPanel:4859:{"property": "init", "value": "device does not exist", "qualifier": {"alias": "LobbyPanel:4859", "code": "missing device"}}
2026-03-06 11:32:25 ERROR root remotelib error:IC144Panel:4962:{"property": "init", "value": "device does not exist", "qualifier": {"alias": "IC144Panel:4962", "code": "missing device"}}
2026-03-06 11:32:25 ERROR root remotelib error:BWDPanel:4853:{"property": "init", "value": "device does not exist", "qualifier": {"alias": "BWDPanel:4853", "code": "missing device"}}
2026-03-06 11:32:25 ERROR root remotelib error:BreakRmPanel:4965:{"property": "init", "value": "device does not exist", "qualifier": {"alias": "BreakRmPanel:4965", "code": "missing device"}}
2026-03-06 11:32:25 ERROR root remotelib error:BreakRmPanel:4966:{"property": "init", "value": "device does not exist", "qualifier": {"alias": "BreakRmPanel:4966", "code": "missing device"}}
2026-03-06 11:32:25 ERROR root remotelib error:LobbyPanel:4958:{"property": "init", "value": "device does not exist", "qualifier": {"alias": "LobbyPanel:4958", "code": "missing device"}}
2026-03-06 11:32:25 ERROR root remotelib error:HallPanel:4965:{"property": "init", "value": "device does not exist", "qualifier": {"alias": "HallPanel:4965", "code": "missing device"}}
2026-03-06 11:32:26 ERROR root remotelib error:IC144Panel:4963:{"property": "init", "value": "device does not exist", "qualifier": {"alias": "IC144Panel:4963", "code": "missing device"}}
2026-03-06 11:32:26 ERROR root remotelib error:LobbyPanel:4959:{"property": "init", "value": "device does not exist", "qualifier": {"alias": "LobbyPanel:4959", "code": "missing device"}}
2026-03-06 11:32:26 ERROR root remotelib error:IC144Panel:4964:{"property": "init", "value": "device does not exist", "qualifier": {"alias": "IC144Panel:4964", "code": "missing device"}}
2026-03-06 11:32:26 ERROR root remotelib error:IC142Panel:4871:{"property": "init", "value": "device does not exist", "qualifier": {"alias": "IC142Panel:4871", "code": "missing device"}}
2026-03-06 11:32:26 ERROR root remotelib error:LobbyPanel:4860:{"property": "init", "value": "device does not exist", "qualifier": {"alias": "LobbyPanel:4860", "code": "missing device"}}
2026-03-06 11:32:26 ERROR root remotelib error:IC144Panel:4865:{"property": "init", "value": "device does not exist", "qualifier": {"alias": "IC144Panel:4865", "code": "missing device"}}
2026-03-06 11:32:26 ERROR root remotelib error:IC143Panel:4873:{"property": "init", "value": "device does not exist", "qualifier": {"alias": "IC143Panel:4873", "code": "missing device"}}
2026-03-06 11:32:26 ERROR root remotelib error:HallPanel:4867:{"property": "init", "value": "device does not exist", "qualifier": {"alias": "HallPanel:4867", "code": "missing device"}}
2026-03-06 11:32:26 ERROR root remotelib error:BreakRmPanel:4868:{"property": "init", "value": "device does not exist", "qualifier": {"alias": "BreakRmPanel:4868", "code": "missing device"}}
2026-03-06 11:32:26 ERROR root remotelib error:HallPanel:4966:{"property": "init", "value": "device does not exist", "qualifier": {"alias": "HallPanel:4966", "code": "missing device"}}
2026-03-06 11:32:26 ERROR root remotelib error:BreakRmPanel:4967:{"property": "init", "value": "device does not exist", "qualifier": {"alias": "BreakRmPanel:4967", "code": "missing device"}}
2026-03-06 11:32:26 ERROR root remotelib error:BWDPanel:4854:{"property": "init", "value": "device does not exist", "qualifier": {"alias": "BWDPanel:4854", "code": "missing device"}}
2026-03-06 11:32:26 ERROR root remotelib error:IC142Panel:4872:{"property": "init", "value": "device does not exist", "qualifier": {"alias": "IC142Panel:4872", "code": "missing device"}}
2026-03-06 11:32:26 ERROR root remotelib error:LobbyPanel:4861:{"property": "init", "value": "device does not exist", "qualifier": {"alias": "LobbyPanel:4861", "code": "missing device"}}
2026-03-06 11:32:26 ERROR root remotelib error:HallPanel:4868:{"property": "init", "value": "device does not exist", "qualifier": {"alias": "HallPanel:4868", "code": "missing device"}}
2026-03-06 11:32:26 ERROR root remotelib error:BreakRmPanel:4869:{"property": "init", "value": "device does not exist", "qualifier": {"alias": "BreakRmPanel:4869", "code": "missing device"}}
2026-03-06 11:32:26 ERROR root remotelib error:IC144Panel:4866:{"property": "init", "value": "device does not exist", "qualifier": {"alias": "IC144Panel:4866", "code": "missing device"}}
2026-03-06 11:32:26 ERROR root remotelib error:HallPanel:4967:{"property": "init", "value": "device does not exist", "qualifier": {"alias": "HallPanel:4967", "code": "missing device"}}
2026-03-06 11:32:26 ERROR root remotelib error:IC144Panel:4867:{"property": "init", "value": "device does not exist", "qualifier": {"alias": "IC144Panel:4867", "code": "missing device"}}
2026-03-06 11:32:26 ERROR root remotelib error:IC144Panel:4965:{"property": "init", "value": "device does not exist", "qualifier": {"alias": "IC144Panel:4965", "code": "missing device"}}
2026-03-06 11:32:26 ERROR root remotelib error:HallPanel:4869:{"property": "init", "value": "device does not exist", "qualifier": {"alias": "HallPanel:4869", "code": "missing device"}}
2026-03-06 11:32:26 ERROR root remotelib error:BreakRmPanel:4968:{"property": "init", "value": "device does not exist", "qualifier": {"alias": "BreakRmPanel:4968", "code": "missing device"}}
2026-03-06 11:32:26 ERROR root remotelib error:IC144Panel:4868:{"property": "init", "value": "device does not exist", "qualifier": {"alias": "IC144Panel:4868", "code": "missing device"}}
2026-03-06 11:32:26 ERROR root remotelib error:HallPanel:4870:{"property": "init", "value": "device does not exist", "qualifier": {"alias": "HallPanel:4870", "code": "missing device"}}
2026-03-06 11:32:26 ERROR root remotelib error:LobbyPanel:4961:{"property": "init", "value": "device does not exist", "qualifier": {"alias": "LobbyPanel:4961", "code": "missing device"}}
2026-03-06 11:32:26 ERROR root remotelib error:BWDPanel:4856:{"property": "init", "value": "device does not exist", "qualifier": {"alias": "BWDPanel:4856", "code": "missing device"}}
2026-03-06 11:32:26 ERROR root remotelib error:IC144Panel:4966:{"property": "init", "value": "device does not exist", "qualifier": {"alias": "IC144Panel:4966", "code": "missing device"}}
2026-03-06 11:32:26 ERROR root remotelib error:BreakRmPanel:4870:{"property": "init", "value": "device does not exist", "qualifier": {"alias": "BreakRmPanel:4870", "code": "missing device"}}
2026-03-06 11:32:26 ERROR root remotelib error:BWDPanel:4855:{"property": "init", "value": "device does not exist", "qualifier": {"alias": "BWDPanel:4855", "code": "missing device"}}
2026-03-06 11:32:26 ERROR root remotelib error:IC142Panel:4873:{"property": "init", "value": "device does not exist", "qualifier": {"alias": "IC142Panel:4873", "code": "missing device"}}
2026-03-06 11:32:26 ERROR root remotelib error:BreakRmPanel:4969:{"property": "init", "value": "device does not exist", "qualifier": {"alias": "BreakRmPanel:4969", "code": "missing device"}}
2026-03-06 11:32:26 ERROR root remotelib error:IC144Panel:4869:{"property": "init", "value": "device does not exist", "qualifier": {"alias": "IC144Panel:4869", "code": "missing device"}}
2026-03-06 11:32:26 ERROR root remotelib error:LobbyPanel:4962:{"property": "init", "value": "device does not exist", "qualifier": {"alias": "LobbyPanel:4962", "code": "missing device"}}
2026-03-06 11:32:26 ERROR root remotelib error:HallPanel:4968:{"property": "init", "value": "device does not exist", "qualifier": {"alias": "HallPanel:4968", "code": "missing device"}}
2026-03-06 11:32:26 ERROR root remotelib error:LobbyPanel:4863:{"property": "init", "value": "device does not exist", "qualifier": {"alias": "LobbyPanel:4863", "code": "missing device"}}
2026-03-06 11:32:26 ERROR root remotelib error:HallPanel:4969:{"property": "init", "value": "device does not exist", "qualifier": {"alias": "HallPanel:4969", "code": "missing device"}}
2026-03-06 11:32:26 ERROR root remotelib error:BWDPanel:4857:{"property": "init", "value": "device does not exist", "qualifier": {"alias": "BWDPanel:4857", "code": "missing device"}}
2026-03-06 11:32:26 ERROR root remotelib error:BreakRmPanel:4872:{"property": "init", "value": "device does not exist", "qualifier": {"alias": "BreakRmPanel:4872", "code": "missing device"}}
2026-03-06 11:32:26 ERROR root remotelib error:IC144Panel:4870:{"property": "init", "value": "device does not exist", "qualifier": {"alias": "IC144Panel:4870", "code": "missing device"}}
2026-03-06 11:32:26 ERROR root remotelib error:BreakRmPanel:4871:{"property": "init", "value": "device does not exist", "qualifier": {"alias": "BreakRmPanel:4871", "code": "missing device"}}
2026-03-06 11:32:26 ERROR root remotelib error:HallPanel:4871:{"property": "init", "value": "device does not exist", "qualifier": {"alias": "HallPanel:4871", "code": "missing device"}}
2026-03-06 11:32:26 ERROR root remotelib error:LobbyPanel:4864:{"property": "init", "value": "device does not exist", "qualifier": {"alias": "LobbyPanel:4864", "code": "missing device"}}
2026-03-06 11:32:26 ERROR root remotelib error:BreakRmPanel:4972:{"property": "init", "value": "device does not exist", "qualifier": {"alias": "BreakRmPanel:4972", "code": "missing device"}}
2026-03-06 11:32:26 ERROR root remotelib error:BreakRmPanel:4970:{"property": "init", "value": "device does not exist", "qualifier": {"alias": "BreakRmPanel:4970", "code": "missing device"}}
2026-03-06 11:32:26 ERROR root remotelib error:HallPanel:4872:{"property": "init", "value": "device does not exist", "qualifier": {"alias": "HallPanel:4872", "code": "missing device"}}
2026-03-06 11:32:26 ERROR root remotelib error:LobbyPanel:4963:{"property": "init", "value": "device does not exist", "qualifier": {"alias": "LobbyPanel:4963", "code": "missing device"}}
2026-03-06 11:32:26 ERROR root remotelib error:HallPanel:4971:{"property": "init", "value": "device does not exist", "qualifier": {"alias": "HallPanel:4971", "code": "missing device"}}
2026-03-06 11:32:26 ERROR root remotelib error:LobbyPanel:4964:{"property": "init", "value": "device does not exist", "qualifier": {"alias": "LobbyPanel:4964", "code": "missing device"}}
2026-03-06 11:32:26 ERROR root remotelib error:BWDPanel:4859:{"property": "init", "value": "device does not exist", "qualifier": {"alias": "BWDPanel:4859", "code": "missing device"}}
2026-03-06 11:32:26 ERROR root remotelib error:LobbyPanel:4865:{"property": "init", "value": "device does not exist", "qualifier": {"alias": "LobbyPanel:4865", "code": "missing device"}}
2026-03-06 11:32:26 ERROR root remotelib error:HallPanel:4970:{"property": "init", "value": "device does not exist", "qualifier": {"alias": "HallPanel:4970", "code": "missing device"}}
2026-03-06 11:32:26 ERROR root remotelib error:BreakRmPanel:4971:{"property": "init", "value": "device does not exist", "qualifier": {"alias": "BreakRmPanel:4971", "code": "missing device"}}
2026-03-06 11:32:26 ERROR root remotelib error:LobbyPanel:4866:{"property": "init", "value": "device does not exist", "qualifier": {"alias": "LobbyPanel:4866", "code": "missing device"}}
2026-03-06 11:32:26 ERROR root remotelib error:IC144Panel:4872:{"property": "init", "value": "device does not exist", "qualifier": {"alias": "IC144Panel:4872", "code": "missing device"}}
2026-03-06 11:32:26 ERROR root remotelib error:IC144Panel:4871:{"property": "init", "value": "device does not exist", "qualifier": {"alias": "IC144Panel:4871", "code": "missing device"}}
2026-03-06 11:32:26 ERROR root remotelib error:LobbyPanel:4867:{"property": "init", "value": "device does not exist", "qualifier": {"alias": "LobbyPanel:4867", "code": "missing device"}}
2026-03-06 11:32:26 ERROR root remotelib error:HallPanel:4873:{"property": "init", "value": "device does not exist", "qualifier": {"alias": "HallPanel:4873", "code": "missing device"}}
2026-03-06 11:32:26 ERROR root remotelib error:BreakRmPanel:4873:{"property": "init", "value": "device does not exist", "qualifier": {"alias": "BreakRmPanel:4873", "code": "missing device"}}
2026-03-06 11:32:26 ERROR root remotelib error:BWDPanel:4860:{"property": "init", "value": "device does not exist", "qualifier": {"alias": "BWDPanel:4860", "code": "missing device"}}
2026-03-06 11:32:26 ERROR root remotelib error:HallPanel:4972:{"property": "init", "value": "device does not exist", "qualifier": {"alias": "HallPanel:4972", "code": "missing device"}}
2026-03-06 11:32:26 ERROR root remotelib error:BreakRmPanel:4973:{"property": "init", "value": "device does not exist", "qualifier": {"alias": "BreakRmPanel:4973", "code": "missing device"}}
2026-03-06 11:32:26 ERROR root remotelib error:IC143Panel:6000:{"property": "init", "value": "device does not exist", "qualifier": {"alias": "IC143Panel:6000", "code": "missing device"}}
2026-03-06 11:32:26 ERROR root remotelib error:HallPanel:4973:{"property": "init", "value": "device does not exist", "qualifier": {"alias": "HallPanel:4973", "code": "missing device"}}
2026-03-06 11:32:26 ERROR root remotelib error:LobbyPanel:4966:{"property": "init", "value": "device does not exist", "qualifier": {"alias": "LobbyPanel:4966", "code": "missing device"}}
2026-03-06 11:32:26 ERROR root remotelib error:IC143Panel:462:{"property": "init", "value": "device does not exist", "qualifier": {"alias": "IC143Panel:462", "code": "missing device"}}
2026-03-06 11:32:26 ERROR root remotelib error:IC142Panel:6000:{"property": "init", "value": "device does not exist", "qualifier": {"alias": "IC142Panel:6000", "code": "missing device"}}
2026-03-06 11:32:26 ERROR root remotelib error:BWDPanel:4861:{"property": "init", "value": "device does not exist", "qualifier": {"alias": "BWDPanel:4861", "code": "missing device"}}
2026-03-06 11:32:26 ERROR root remotelib error:IC143Panel:463:{"property": "init", "value": "device does not exist", "qualifier": {"alias": "IC143Panel:463", "code": "missing device"}}
2026-03-06 11:32:26 ERROR root remotelib error:LobbyPanel:4965:{"property": "init", "value": "device does not exist", "qualifier": {"alias": "LobbyPanel:4965", "code": "missing device"}}
2026-03-06 11:32:26 ERROR root remotelib error:IC144Panel:4873:{"property": "init", "value": "device does not exist", "qualifier": {"alias": "IC144Panel:4873", "code": "missing device"}}
2026-03-06 11:32:26 ERROR root remotelib error:LobbyPanel:4868:{"property": "init", "value": "device does not exist", "qualifier": {"alias": "LobbyPanel:4868", "code": "missing device"}}
2026-03-06 11:32:26 ERROR root remotelib error:IC143Panel:465:{"property": "init", "value": "device does not exist", "qualifier": {"alias": "IC143Panel:465", "code": "missing device"}}
2026-03-06 11:32:26 ERROR root remotelib error:IC142Panel:462:{"property": "init", "value": "device does not exist", "qualifier": {"alias": "IC142Panel:462", "code": "missing device"}}
2026-03-06 11:32:26 ERROR root remotelib error:IC142Panel:463:{"property": "init", "value": "device does not exist", "qualifier": {"alias": "IC142Panel:463", "code": "missing device"}}
2026-03-06 11:32:26 ERROR root remotelib error:LobbyPanel:4967:{"property": "init", "value": "device does not exist", "qualifier": {"alias": "LobbyPanel:4967", "code": "missing device"}}
2026-03-06 11:32:26 ERROR root remotelib error:LobbyPanel:4968:{"property": "init", "value": "device does not exist", "qualifier": {"alias": "LobbyPanel:4968", "code": "missing device"}}
2026-03-06 11:32:26 ERROR root remotelib error:IC143Panel:466:{"property": "init", "value": "device does not exist", "qualifier": {"alias": "IC143Panel:466", "code": "missing device"}}
2026-03-06 11:32:26 ERROR root remotelib error:IC143Panel:464:{"property": "init", "value": "device does not exist", "qualifier": {"alias": "IC143Panel:464", "code": "missing device"}}
2026-03-06 11:32:26 ERROR root remotelib error:IC142Panel:464:{"property": "init", "value": "device does not exist", "qualifier": {"alias": "IC142Panel:464", "code": "missing device"}}
2026-03-06 11:32:26 ERROR root remotelib error:LobbyPanel:4869:{"property": "init", "value": "device does not exist", "qualifier": {"alias": "LobbyPanel:4869", "code": "missing device"}}
2026-03-06 11:32:26 ERROR root remotelib error:BWDPanel:4863:{"property": "init", "value": "device does not exist", "qualifier": {"alias": "BWDPanel:4863", "code": "missing device"}}
2026-03-06 11:32:26 ERROR root remotelib error:IC142Panel:465:{"property": "init", "value": "device does not exist", "qualifier": {"alias": "IC142Panel:465", "code": "missing device"}}
2026-03-06 11:32:26 ERROR root remotelib error:LobbyPanel:4969:{"property": "init", "value": "device does not exist", "qualifier": {"alias": "LobbyPanel:4969", "code": "missing device"}}
2026-03-06 11:32:26 ERROR root remotelib error:IC143Panel:469:{"property": "init", "value": "device does not exist", "qualifier": {"alias": "IC143Panel:469", "code": "missing device"}}
2026-03-06 11:32:26 ERROR root remotelib error:BWDPanel:4963:{"property": "init", "value": "device does not exist", "qualifier": {"alias": "BWDPanel:4963", "code": "missing device"}}
2026-03-06 11:32:26 ERROR root remotelib error:BWDPanel:4864:{"property": "init", "value": "device does not exist", "qualifier": {"alias": "BWDPanel:4864", "code": "missing device"}}
2026-03-06 11:32:26 ERROR root remotelib error:IC143Panel:467:{"property": "init", "value": "device does not exist", "qualifier": {"alias": "IC143Panel:467", "code": "missing device"}}
2026-03-06 11:32:26 ERROR root remotelib error:LobbyPanel:4870:{"property": "init", "value": "device does not exist", "qualifier": {"alias": "LobbyPanel:4870", "code": "missing device"}}
2026-03-06 11:32:26 ERROR root remotelib error:IC143Panel:468:{"property": "init", "value": "device does not exist", "qualifier": {"alias": "IC143Panel:468", "code": "missing device"}}
2026-03-06 11:32:26 ERROR root remotelib error:LobbyPanel:4970:{"property": "init", "value": "device does not exist", "qualifier": {"alias": "LobbyPanel:4970", "code": "missing device"}}
2026-03-06 11:32:26 ERROR root remotelib error:IC142Panel:467:{"property": "init", "value": "device does not exist", "qualifier": {"alias": "IC142Panel:467", "code": "missing device"}}
2026-03-06 11:32:27 ERROR root remotelib error:LobbyPanel:4872:{"property": "init", "value": "device does not exist", "qualifier": {"alias": "LobbyPanel:4872", "code": "missing device"}}
2026-03-06 11:32:27 ERROR root remotelib error:LobbyPanel:4871:{"property": "init", "value": "device does not exist", "qualifier": {"alias": "LobbyPanel:4871", "code": "missing device"}}
2026-03-06 11:32:27 ERROR root remotelib error:IC142Panel:466:{"property": "init", "value": "device does not exist", "qualifier": {"alias": "IC142Panel:466", "code": "missing device"}}
2026-03-06 11:32:27 ERROR root remotelib error:IC143Panel:470:{"property": "init", "value": "device does not exist", "qualifier": {"alias": "IC143Panel:470", "code": "missing device"}}
2026-03-06 11:32:27 ERROR root remotelib error:IC142Panel:468:{"property": "init", "value": "device does not exist", "qualifier": {"alias": "IC142Panel:468", "code": "missing device"}}
2026-03-06 11:32:27 ERROR root remotelib error:BWDPanel:4865:{"property": "init", "value": "device does not exist", "qualifier": {"alias": "BWDPanel:4865", "code": "missing device"}}
2026-03-06 11:32:27 ERROR root remotelib error:BWDPanel:4866:{"property": "init", "value": "device does not exist", "qualifier": {"alias": "BWDPanel:4866", "code": "missing device"}}
2026-03-06 11:32:27 ERROR root remotelib error:IC142Panel:469:{"property": "init", "value": "device does not exist", "qualifier": {"alias": "IC142Panel:469", "code": "missing device"}}
2026-03-06 11:32:27 ERROR root remotelib error:IC143Panel:442:{"property": "init", "value": "device does not exist", "qualifier": {"alias": "IC143Panel:442", "code": "missing device"}}
2026-03-06 11:32:27 ERROR root remotelib error:HallPanel:6000:{"property": "init", "value": "device does not exist", "qualifier": {"alias": "HallPanel:6000", "code": "missing device"}}
2026-03-06 11:32:27 ERROR root remotelib error:IC143Panel:444:{"property": "init", "value": "device does not exist", "qualifier": {"alias": "IC143Panel:444", "code": "missing device"}}
2026-03-06 11:32:27 ERROR root remotelib error:LobbyPanel:4971:{"property": "init", "value": "device does not exist", "qualifier": {"alias": "LobbyPanel:4971", "code": "missing device"}}
2026-03-06 11:32:27 ERROR root remotelib error:BWDPanel:4964:{"property": "init", "value": "device does not exist", "qualifier": {"alias": "BWDPanel:4964", "code": "missing device"}}
2026-03-06 11:32:27 ERROR root remotelib error:BreakRmPanel:6000:{"property": "init", "value": "device does not exist", "qualifier": {"alias": "BreakRmPanel:6000", "code": "missing device"}}
2026-03-06 11:32:27 ERROR root remotelib error:IC143Panel:443:{"property": "init", "value": "device does not exist", "qualifier": {"alias": "IC143Panel:443", "code": "missing device"}}
2026-03-06 11:32:27 ERROR root remotelib error:LobbyPanel:4972:{"property": "init", "value": "device does not exist", "qualifier": {"alias": "LobbyPanel:4972", "code": "missing device"}}
2026-03-06 11:32:27 ERROR root remotelib error:IC143Panel:445:{"property": "init", "value": "device does not exist", "qualifier": {"alias": "IC143Panel:445", "code": "missing device"}}
2026-03-06 11:32:27 ERROR root remotelib error:IC143Panel:446:{"property": "init", "value": "device does not exist", "qualifier": {"alias": "IC143Panel:446", "code": "missing device"}}
2026-03-06 11:32:27 ERROR root remotelib error:BWDPanel:4966:{"property": "init", "value": "device does not exist", "qualifier": {"alias": "BWDPanel:4966", "code": "missing device"}}
2026-03-06 11:32:27 ERROR root remotelib error:BWDPanel:4867:{"property": "init", "value": "device does not exist", "qualifier": {"alias": "BWDPanel:4867", "code": "missing device"}}
2026-03-06 11:32:27 ERROR root remotelib error:BreakRmPanel:462:{"property": "init", "value": "device does not exist", "qualifier": {"alias": "BreakRmPanel:462", "code": "missing device"}}
2026-03-06 11:32:27 ERROR root remotelib error:LobbyPanel:4873:{"property": "init", "value": "device does not exist", "qualifier": {"alias": "LobbyPanel:4873", "code": "missing device"}}
2026-03-06 11:32:27 ERROR root remotelib error:BWDPanel:4868:{"property": "init", "value": "device does not exist", "qualifier": {"alias": "BWDPanel:4868", "code": "missing device"}}
2026-03-06 11:32:27 ERROR root remotelib error:BWDPanel:4965:{"property": "init", "value": "device does not exist", "qualifier": {"alias": "BWDPanel:4965", "code": "missing device"}}
2026-03-06 11:32:27 ERROR root remotelib error:IC142Panel:470:{"property": "init", "value": "device does not exist", "qualifier": {"alias": "IC142Panel:470", "code": "missing device"}}
2026-03-06 11:32:27 ERROR root remotelib error:IC143Panel:447:{"property": "init", "value": "device does not exist", "qualifier": {"alias": "IC143Panel:447", "code": "missing device"}}
2026-03-06 11:32:27 ERROR root remotelib error:IC142Panel:443:{"property": "init", "value": "device does not exist", "qualifier": {"alias": "IC142Panel:443", "code": "missing device"}}
2026-03-06 11:32:27 ERROR root remotelib error:BWDPanel:4869:{"property": "init", "value": "device does not exist", "qualifier": {"alias": "BWDPanel:4869", "code": "missing device"}}
2026-03-06 11:32:27 ERROR root remotelib error:LobbyPanel:4973:{"property": "init", "value": "device does not exist", "qualifier": {"alias": "LobbyPanel:4973", "code": "missing device"}}
2026-03-06 11:32:27 ERROR root remotelib error:BreakRmPanel:464:{"property": "init", "value": "device does not exist", "qualifier": {"alias": "BreakRmPanel:464", "code": "missing device"}}
2026-03-06 11:32:27 ERROR root remotelib error:HallPanel:463:{"property": "init", "value": "device does not exist", "qualifier": {"alias": "HallPanel:463", "code": "missing device"}}
2026-03-06 11:32:27 ERROR root remotelib error:IC143Panel:448:{"property": "init", "value": "device does not exist", "qualifier": {"alias": "IC143Panel:448", "code": "missing device"}}
2026-03-06 11:32:27 ERROR root remotelib error:IC142Panel:442:{"property": "init", "value": "device does not exist", "qualifier": {"alias": "IC142Panel:442", "code": "missing device"}}
2026-03-06 11:32:27 ERROR root remotelib error:HallPanel:462:{"property": "init", "value": "device does not exist", "qualifier": {"alias": "HallPanel:462", "code": "missing device"}}
2026-03-06 11:32:27 ERROR root remotelib error:IC144Panel:6000:{"property": "init", "value": "device does not exist", "qualifier": {"alias": "IC144Panel:6000", "code": "missing device"}}
2026-03-06 11:32:27 ERROR root remotelib error:HallPanel:464:{"property": "init", "value": "device does not exist", "qualifier": {"alias": "HallPanel:464", "code": "missing device"}}
2026-03-06 11:32:27 ERROR root remotelib error:BreakRmPanel:463:{"property": "init", "value": "device does not exist", "qualifier": {"alias": "BreakRmPanel:463", "code": "missing device"}}
2026-03-06 11:32:27 ERROR root remotelib error:BreakRmPanel:466:{"property": "init", "value": "device does not exist", "qualifier": {"alias": "BreakRmPanel:466", "code": "missing device"}}
2026-03-06 11:32:27 ERROR root remotelib error:HallPanel:465:{"property": "init", "value": "device does not exist", "qualifier": {"alias": "HallPanel:465", "code": "missing device"}}
2026-03-06 11:32:27 ERROR root remotelib error:IC143Panel:449:{"property": "init", "value": "device does not exist", "qualifier": {"alias": "IC143Panel:449", "code": "missing device"}}
2026-03-06 11:32:27 ERROR root remotelib error:IC142Panel:445:{"property": "init", "value": "device does not exist", "qualifier": {"alias": "IC142Panel:445", "code": "missing device"}}
2026-03-06 11:32:27 ERROR root remotelib error:BreakRmPanel:467:{"property": "init", "value": "device does not exist", "qualifier": {"alias": "BreakRmPanel:467", "code": "missing device"}}
2026-03-06 11:32:27 ERROR root remotelib error:IC142Panel:444:{"property": "init", "value": "device does not exist", "qualifier": {"alias": "IC142Panel:444", "code": "missing device"}}
2026-03-06 11:32:27 ERROR root remotelib error:BreakRmPanel:465:{"property": "init", "value": "device does not exist", "qualifier": {"alias": "BreakRmPanel:465", "code": "missing device"}}
2026-03-06 11:32:27 ERROR root remotelib error:IC143Panel:450:{"property": "init", "value": "device does not exist", "qualifier": {"alias": "IC143Panel:450", "code": "missing device"}}
2026-03-06 11:32:27 ERROR root remotelib error:IC144Panel:462:{"property": "init", "value": "device does not exist", "qualifier": {"alias": "IC144Panel:462", "code": "missing device"}}
2026-03-06 11:32:27 ERROR root remotelib error:HallPanel:466:{"property": "init", "value": "device does not exist", "qualifier": {"alias": "HallPanel:466", "code": "missing device"}}
2026-03-06 11:32:27 ERROR root remotelib error:BWDPanel:4870:{"property": "init", "value": "device does not exist", "qualifier": {"alias": "BWDPanel:4870", "code": "missing device"}}
2026-03-06 11:32:27 ERROR root remotelib error:BreakRmPanel:469:{"property": "init", "value": "device does not exist", "qualifier": {"alias": "BreakRmPanel:469", "code": "missing device"}}
2026-03-06 11:32:27 ERROR root remotelib error:HallPanel:467:{"property": "init", "value": "device does not exist", "qualifier": {"alias": "HallPanel:467", "code": "missing device"}}
2026-03-06 11:32:27 ERROR root remotelib error:HallPanel:468:{"property": "init", "value": "device does not exist", "qualifier": {"alias": "HallPanel:468", "code": "missing device"}}
2026-03-06 11:32:27 ERROR root remotelib error:IC143Panel:422:{"property": "init", "value": "device does not exist", "qualifier": {"alias": "IC143Panel:422", "code": "missing device"}}
2026-03-06 11:32:27 ERROR root remotelib error:BreakRmPanel:470:{"property": "init", "value": "device does not exist", "qualifier": {"alias": "BreakRmPanel:470", "code": "missing device"}}
2026-03-06 11:32:27 ERROR root remotelib error:BreakRmPanel:468:{"property": "init", "value": "device does not exist", "qualifier": {"alias": "BreakRmPanel:468", "code": "missing device"}}
2026-03-06 11:32:27 ERROR root remotelib error:IC144Panel:463:{"property": "init", "value": "device does not exist", "qualifier": {"alias": "IC144Panel:463", "code": "missing device"}}
2026-03-06 11:32:27 ERROR root remotelib error:IC142Panel:446:{"property": "init", "value": "device does not exist", "qualifier": {"alias": "IC142Panel:446", "code": "missing device"}}
2026-03-06 11:32:27 ERROR root remotelib error:IC144Panel:464:{"property": "init", "value": "device does not exist", "qualifier": {"alias": "IC144Panel:464", "code": "missing device"}}
2026-03-06 11:32:27 ERROR root remotelib error:HallPanel:469:{"property": "init", "value": "device does not exist", "qualifier": {"alias": "HallPanel:469", "code": "missing device"}}
2026-03-06 11:32:27 ERROR root remotelib error:IC142Panel:447:{"property": "init", "value": "device does not exist", "qualifier": {"alias": "IC142Panel:447", "code": "missing device"}}
2026-03-06 11:32:27 ERROR root remotelib error:HallPanel:470:{"property": "init", "value": "device does not exist", "qualifier": {"alias": "HallPanel:470", "code": "missing device"}}
2026-03-06 11:32:27 ERROR root remotelib error:BWDPanel:4871:{"property": "init", "value": "device does not exist", "qualifier": {"alias": "BWDPanel:4871", "code": "missing device"}}
2026-03-06 11:32:27 ERROR root remotelib error:IC144Panel:465:{"property": "init", "value": "device does not exist", "qualifier": {"alias": "IC144Panel:465", "code": "missing device"}}
2026-03-06 11:32:27 ERROR root remotelib error:IC143Panel:423:{"property": "init", "value": "device does not exist", "qualifier": {"alias": "IC143Panel:423", "code": "missing device"}}
2026-03-06 11:32:27 ERROR root remotelib error:BreakRmPanel:442:{"property": "init", "value": "device does not exist", "qualifier": {"alias": "BreakRmPanel:442", "code": "missing device"}}
2026-03-06 11:32:27 ERROR root remotelib error:IC142Panel:448:{"property": "init", "value": "device does not exist", "qualifier": {"alias": "IC142Panel:448", "code": "missing device"}}
2026-03-06 11:32:27 ERROR root remotelib error:BreakRmPanel:443:{"property": "init", "value": "device does not exist", "qualifier": {"alias": "BreakRmPanel:443", "code": "missing device"}}
2026-03-06 11:32:27 ERROR root remotelib error:IC144Panel:466:{"property": "init", "value": "device does not exist", "qualifier": {"alias": "IC144Panel:466", "code": "missing device"}}
2026-03-06 11:32:27 ERROR root remotelib error:IC143Panel:424:{"property": "init", "value": "device does not exist", "qualifier": {"alias": "IC143Panel:424", "code": "missing device"}}
2026-03-06 11:32:27 ERROR root remotelib error:BWDPanel:4872:{"property": "init", "value": "device does not exist", "qualifier": {"alias": "BWDPanel:4872", "code": "missing device"}}
2026-03-06 11:32:27 ERROR root remotelib error:BWDPanel:4873:{"property": "init", "value": "device does not exist", "qualifier": {"alias": "BWDPanel:4873", "code": "missing device"}}
2026-03-06 11:32:27 ERROR root remotelib error:IC142Panel:449:{"property": "init", "value": "device does not exist", "qualifier": {"alias": "IC142Panel:449", "code": "missing device"}}
2026-03-06 11:32:27 ERROR root remotelib error:IC144Panel:468:{"property": "init", "value": "device does not exist", "qualifier": {"alias": "IC144Panel:468", "code": "missing device"}}
2026-03-06 11:32:27 ERROR root remotelib error:HallPanel:442:{"property": "init", "value": "device does not exist", "qualifier": {"alias": "HallPanel:442", "code": "missing device"}}
2026-03-06 11:32:27 ERROR root remotelib error:IC144Panel:469:{"property": "init", "value": "device does not exist", "qualifier": {"alias": "IC144Panel:469", "code": "missing device"}}
2026-03-06 11:32:27 ERROR root remotelib error:IC144Panel:467:{"property": "init", "value": "device does not exist", "qualifier": {"alias": "IC144Panel:467", "code": "missing device"}}
2026-03-06 11:32:27 ERROR root remotelib error:IC143Panel:425:{"property": "init", "value": "device does not exist", "qualifier": {"alias": "IC143Panel:425", "code": "missing device"}}
2026-03-06 11:32:27 ERROR root remotelib error:IC142Panel:450:{"property": "init", "value": "device does not exist", "qualifier": {"alias": "IC142Panel:450", "code": "missing device"}}
2026-03-06 11:32:27 ERROR root remotelib error:IC143Panel:426:{"property": "init", "value": "device does not exist", "qualifier": {"alias": "IC143Panel:426", "code": "missing device"}}
2026-03-06 11:32:27 ERROR root remotelib error:BreakRmPanel:444:{"property": "init", "value": "device does not exist", "qualifier": {"alias": "BreakRmPanel:444", "code": "missing device"}}
2026-03-06 11:32:27 ERROR root remotelib error:BreakRmPanel:445:{"property": "init", "value": "device does not exist", "qualifier": {"alias": "BreakRmPanel:445", "code": "missing device"}}
2026-03-06 11:32:27 ERROR root remotelib error:IC143Panel:427:{"property": "init", "value": "device does not exist", "qualifier": {"alias": "IC143Panel:427", "code": "missing device"}}
2026-03-06 11:32:27 ERROR root remotelib error:HallPanel:443:{"property": "init", "value": "device does not exist", "qualifier": {"alias": "HallPanel:443", "code": "missing device"}}
2026-03-06 11:32:27 ERROR root remotelib error:BreakRmPanel:446:{"property": "init", "value": "device does not exist", "qualifier": {"alias": "BreakRmPanel:446", "code": "missing device"}}
2026-03-06 11:32:27 ERROR root remotelib error:IC144Panel:470:{"property": "init", "value": "device does not exist", "qualifier": {"alias": "IC144Panel:470", "code": "missing device"}}
2026-03-06 11:32:27 ERROR root remotelib error:IC143Panel:428:{"property": "init", "value": "device does not exist", "qualifier": {"alias": "IC143Panel:428", "code": "missing device"}}
2026-03-06 11:32:27 ERROR root remotelib error:BreakRmPanel:447:{"property": "init", "value": "device does not exist", "qualifier": {"alias": "BreakRmPanel:447", "code": "missing device"}}
2026-03-06 11:32:27 ERROR root remotelib error:IC142Panel:423:{"property": "init", "value": "device does not exist", "qualifier": {"alias": "IC142Panel:423", "code": "missing device"}}
2026-03-06 11:32:27 ERROR root remotelib error:IC142Panel:422:{"property": "init", "value": "device does not exist", "qualifier": {"alias": "IC142Panel:422", "code": "missing device"}}
2026-03-06 11:32:27 ERROR root remotelib error:LobbyPanel:6000:{"property": "init", "value": "device does not exist", "qualifier": {"alias": "LobbyPanel:6000", "code": "missing device"}}
2026-03-06 11:32:27 ERROR root remotelib error:IC143Panel:429:{"property": "init", "value": "device does not exist", "qualifier": {"alias": "IC143Panel:429", "code": "missing device"}}
2026-03-06 11:32:27 ERROR root remotelib error:HallPanel:444:{"property": "init", "value": "device does not exist", "qualifier": {"alias": "HallPanel:444", "code": "missing device"}}
2026-03-06 11:32:27 ERROR root remotelib error:BreakRmPanel:448:{"property": "init", "value": "device does not exist", "qualifier": {"alias": "BreakRmPanel:448", "code": "missing device"}}
2026-03-06 11:32:27 ERROR root remotelib error:HallPanel:445:{"property": "init", "value": "device does not exist", "qualifier": {"alias": "HallPanel:445", "code": "missing device"}}
2026-03-06 11:32:27 ERROR root remotelib error:LobbyPanel:462:{"property": "init", "value": "device does not exist", "qualifier": {"alias": "LobbyPanel:462", "code": "missing device"}}
2026-03-06 11:32:27 ERROR root remotelib error:IC144Panel:442:{"property": "init", "value": "device does not exist", "qualifier": {"alias": "IC144Panel:442", "code": "missing device"}}
2026-03-06 11:32:27 ERROR root remotelib error:HallPanel:446:{"property": "init", "value": "device does not exist", "qualifier": {"alias": "HallPanel:446", "code": "missing device"}}
2026-03-06 11:32:27 ERROR root remotelib error:IC142Panel:424:{"property": "init", "value": "device does not exist", "qualifier": {"alias": "IC142Panel:424", "code": "missing device"}}
2026-03-06 11:32:27 ERROR root remotelib error:IC142Panel:425:{"property": "init", "value": "device does not exist", "qualifier": {"alias": "IC142Panel:425", "code": "missing device"}}
2026-03-06 11:32:27 ERROR root remotelib error:BreakRmPanel:449:{"property": "init", "value": "device does not exist", "qualifier": {"alias": "BreakRmPanel:449", "code": "missing device"}}
2026-03-06 11:32:27 ERROR root remotelib error:IC144Panel:443:{"property": "init", "value": "device does not exist", "qualifier": {"alias": "IC144Panel:443", "code": "missing device"}}
2026-03-06 11:32:27 ERROR root remotelib error:HallPanel:449:{"property": "init", "value": "device does not exist", "qualifier": {"alias": "HallPanel:449", "code": "missing device"}}
2026-03-06 11:32:27 ERROR root remotelib error:IC144Panel:444:{"property": "init", "value": "device does not exist", "qualifier": {"alias": "IC144Panel:444", "code": "missing device"}}
2026-03-06 11:32:27 ERROR root remotelib error:LobbyPanel:464:{"property": "init", "value": "device does not exist", "qualifier": {"alias": "LobbyPanel:464", "code": "missing device"}}
2026-03-06 11:32:27 ERROR root remotelib error:IC143Panel:430:{"property": "init", "value": "device does not exist", "qualifier": {"alias": "IC143Panel:430", "code": "missing device"}}
2026-03-06 11:32:27 ERROR root remotelib error:LobbyPanel:463:{"property": "init", "value": "device does not exist", "qualifier": {"alias": "LobbyPanel:463", "code": "missing device"}}
2026-03-06 11:32:27 ERROR root remotelib error:HallPanel:447:{"property": "init", "value": "device does not exist", "qualifier": {"alias": "HallPanel:447", "code": "missing device"}}
2026-03-06 11:32:28 ERROR root remotelib error:HallPanel:448:{"property": "init", "value": "device does not exist", "qualifier": {"alias": "HallPanel:448", "code": "missing device"}}
2026-03-06 11:32:28 ERROR root remotelib error:BreakRmPanel:450:{"property": "init", "value": "device does not exist", "qualifier": {"alias": "BreakRmPanel:450", "code": "missing device"}}
2026-03-06 11:32:28 ERROR root remotelib error:IC142Panel:429:{"property": "init", "value": "device does not exist", "qualifier": {"alias": "IC142Panel:429", "code": "missing device"}}
2026-03-06 11:32:28 ERROR root remotelib error:LobbyPanel:467:{"property": "init", "value": "device does not exist", "qualifier": {"alias": "LobbyPanel:467", "code": "missing device"}}
2026-03-06 11:32:28 ERROR root remotelib error:IC142Panel:426:{"property": "init", "value": "device does not exist", "qualifier": {"alias": "IC142Panel:426", "code": "missing device"}}
2026-03-06 11:32:28 ERROR root remotelib error:IC142Panel:428:{"property": "init", "value": "device does not exist", "qualifier": {"alias": "IC142Panel:428", "code": "missing device"}}
2026-03-06 11:32:28 ERROR root remotelib error:IC143Panel:3064:{"property": "init", "value": "device does not exist", "qualifier": {"alias": "IC143Panel:3064", "code": "missing device"}}
2026-03-06 11:32:28 ERROR root remotelib error:IC144Panel:445:{"property": "init", "value": "device does not exist", "qualifier": {"alias": "IC144Panel:445", "code": "missing device"}}
2026-03-06 11:32:28 ERROR root remotelib error:IC142Panel:427:{"property": "init", "value": "device does not exist", "qualifier": {"alias": "IC142Panel:427", "code": "missing device"}}
2026-03-06 11:32:28 ERROR root remotelib error:HallPanel:450:{"property": "init", "value": "device does not exist", "qualifier": {"alias": "HallPanel:450", "code": "missing device"}}
2026-03-06 11:32:28 ERROR root remotelib error:IC143Panel:3063:{"property": "init", "value": "device does not exist", "qualifier": {"alias": "IC143Panel:3063", "code": "missing device"}}
2026-03-06 11:32:28 ERROR root remotelib error:IC144Panel:446:{"property": "init", "value": "device does not exist", "qualifier": {"alias": "IC144Panel:446", "code": "missing device"}}
2026-03-06 11:32:28 ERROR root remotelib error:BreakRmPanel:423:{"property": "init", "value": "device does not exist", "qualifier": {"alias": "BreakRmPanel:423", "code": "missing device"}}
2026-03-06 11:32:28 ERROR root remotelib error:HallPanel:422:{"property": "init", "value": "device does not exist", "qualifier": {"alias": "HallPanel:422", "code": "missing device"}}
2026-03-06 11:32:28 ERROR root remotelib error:IC144Panel:447:{"property": "init", "value": "device does not exist", "qualifier": {"alias": "IC144Panel:447", "code": "missing device"}}
2026-03-06 11:32:28 ERROR root remotelib error:IC143Panel:3062:{"property": "init", "value": "device does not exist", "qualifier": {"alias": "IC143Panel:3062", "code": "missing device"}}
2026-03-06 11:32:28 ERROR root remotelib error:LobbyPanel:465:{"property": "init", "value": "device does not exist", "qualifier": {"alias": "LobbyPanel:465", "code": "missing device"}}
2026-03-06 11:32:28 ERROR root remotelib error:BreakRmPanel:424:{"property": "init", "value": "device does not exist", "qualifier": {"alias": "BreakRmPanel:424", "code": "missing device"}}
2026-03-06 11:32:28 ERROR root remotelib error:LobbyPanel:466:{"property": "init", "value": "device does not exist", "qualifier": {"alias": "LobbyPanel:466", "code": "missing device"}}
2026-03-06 11:32:28 ERROR root remotelib error:BreakRmPanel:422:{"property": "init", "value": "device does not exist", "qualifier": {"alias": "BreakRmPanel:422", "code": "missing device"}}
2026-03-06 11:32:28 ERROR root remotelib error:IC142Panel:430:{"property": "init", "value": "device does not exist", "qualifier": {"alias": "IC142Panel:430", "code": "missing device"}}
2026-03-06 11:32:28 ERROR root remotelib error:IC143Panel:3065:{"property": "init", "value": "device does not exist", "qualifier": {"alias": "IC143Panel:3065", "code": "missing device"}}
2026-03-06 11:32:28 ERROR root remotelib error:LobbyPanel:468:{"property": "init", "value": "device does not exist", "qualifier": {"alias": "LobbyPanel:468", "code": "missing device"}}
2026-03-06 11:32:28 ERROR root remotelib error:LobbyPanel:469:{"property": "init", "value": "device does not exist", "qualifier": {"alias": "LobbyPanel:469", "code": "missing device"}}
2026-03-06 11:32:28 ERROR root remotelib error:HallPanel:424:{"property": "init", "value": "device does not exist", "qualifier": {"alias": "HallPanel:424", "code": "missing device"}}
2026-03-06 11:32:28 ERROR root remotelib error:IC143Panel:3066:{"property": "init", "value": "device does not exist", "qualifier": {"alias": "IC143Panel:3066", "code": "missing device"}}
2026-03-06 11:32:28 ERROR root remotelib error:HallPanel:423:{"property": "init", "value": "device does not exist", "qualifier": {"alias": "HallPanel:423", "code": "missing device"}}
2026-03-06 11:32:28 ERROR root remotelib error:IC142Panel:3062:{"property": "init", "value": "device does not exist", "qualifier": {"alias": "IC142Panel:3062", "code": "missing device"}}
2026-03-06 11:32:28 ERROR root remotelib error:IC144Panel:448:{"property": "init", "value": "device does not exist", "qualifier": {"alias": "IC144Panel:448", "code": "missing device"}}
2026-03-06 11:32:28 ERROR root remotelib error:BreakRmPanel:425:{"property": "init", "value": "device does not exist", "qualifier": {"alias": "BreakRmPanel:425", "code": "missing device"}}
2026-03-06 11:32:28 ERROR root remotelib error:LobbyPanel:470:{"property": "init", "value": "device does not exist", "qualifier": {"alias": "LobbyPanel:470", "code": "missing device"}}
2026-03-06 11:32:28 ERROR root remotelib error:IC143Panel:3067:{"property": "init", "value": "device does not exist", "qualifier": {"alias": "IC143Panel:3067", "code": "missing device"}}
2026-03-06 11:32:28 ERROR root remotelib error:IC144Panel:449:{"property": "init", "value": "device does not exist", "qualifier": {"alias": "IC144Panel:449", "code": "missing device"}}
2026-03-06 11:32:28 ERROR root remotelib error:BreakRmPanel:426:{"property": "init", "value": "device does not exist", "qualifier": {"alias": "BreakRmPanel:426", "code": "missing device"}}
2026-03-06 11:32:28 ERROR root remotelib error:IC142Panel:3063:{"property": "init", "value": "device does not exist", "qualifier": {"alias": "IC142Panel:3063", "code": "missing device"}}
2026-03-06 11:32:28 ERROR root remotelib error:IC144Panel:450:{"property": "init", "value": "device does not exist", "qualifier": {"alias": "IC144Panel:450", "code": "missing device"}}
2026-03-06 11:32:28 ERROR root remotelib error:IC143Panel:3068:{"property": "init", "value": "device does not exist", "qualifier": {"alias": "IC143Panel:3068", "code": "missing device"}}
2026-03-06 11:32:28 ERROR root remotelib error:LobbyPanel:442:{"property": "init", "value": "device does not exist", "qualifier": {"alias": "LobbyPanel:442", "code": "missing device"}}
2026-03-06 11:32:28 ERROR root remotelib error:HallPanel:426:{"property": "init", "value": "device does not exist", "qualifier": {"alias": "HallPanel:426", "code": "missing device"}}
2026-03-06 11:32:28 ERROR root remotelib error:HallPanel:425:{"property": "init", "value": "device does not exist", "qualifier": {"alias": "HallPanel:425", "code": "missing device"}}
2026-03-06 11:32:28 ERROR root remotelib error:BreakRmPanel:430:{"property": "init", "value": "device does not exist", "qualifier": {"alias": "BreakRmPanel:430", "code": "missing device"}}
2026-03-06 11:32:28 ERROR root remotelib error:HallPanel:427:{"property": "init", "value": "device does not exist", "qualifier": {"alias": "HallPanel:427", "code": "missing device"}}
2026-03-06 11:32:28 ERROR root remotelib error:IC144Panel:423:{"property": "init", "value": "device does not exist", "qualifier": {"alias": "IC144Panel:423", "code": "missing device"}}
2026-03-06 11:32:28 ERROR root remotelib error:IC142Panel:3064:{"property": "init", "value": "device does not exist", "qualifier": {"alias": "IC142Panel:3064", "code": "missing device"}}
2026-03-06 11:32:28 ERROR root remotelib error:IC143Panel:3069:{"property": "init", "value": "device does not exist", "qualifier": {"alias": "IC143Panel:3069", "code": "missing device"}}
2026-03-06 11:32:28 ERROR root remotelib error:BreakRmPanel:429:{"property": "init", "value": "device does not exist", "qualifier": {"alias": "BreakRmPanel:429", "code": "missing device"}}
2026-03-06 11:32:28 ERROR root remotelib error:BWDPanel:6000:{"property": "init", "value": "device does not exist", "qualifier": {"alias": "BWDPanel:6000", "code": "missing device"}}
2026-03-06 11:32:28 ERROR root remotelib error:BreakRmPanel:427:{"property": "init", "value": "device does not exist", "qualifier": {"alias": "BreakRmPanel:427", "code": "missing device"}}
2026-03-06 11:32:28 ERROR root remotelib error:LobbyPanel:443:{"property": "init", "value": "device does not exist", "qualifier": {"alias": "LobbyPanel:443", "code": "missing device"}}
2026-03-06 11:32:28 ERROR root remotelib error:LobbyPanel:444:{"property": "init", "value": "device does not exist", "qualifier": {"alias": "LobbyPanel:444", "code": "missing device"}}
2026-03-06 11:32:28 ERROR root remotelib error:IC142Panel:3067:{"property": "init", "value": "device does not exist", "qualifier": {"alias": "IC142Panel:3067", "code": "missing device"}}
2026-03-06 11:32:28 ERROR root remotelib error:HallPanel:428:{"property": "init", "value": "device does not exist", "qualifier": {"alias": "HallPanel:428", "code": "missing device"}}
2026-03-06 11:32:28 ERROR root remotelib error:IC144Panel:424:{"property": "init", "value": "device does not exist", "qualifier": {"alias": "IC144Panel:424", "code": "missing device"}}
2026-03-06 11:32:28 ERROR root remotelib error:BreakRmPanel:428:{"property": "init", "value": "device does not exist", "qualifier": {"alias": "BreakRmPanel:428", "code": "missing device"}}
2026-03-06 11:32:28 ERROR root remotelib error:IC143Panel:3070:{"property": "init", "value": "device does not exist", "qualifier": {"alias": "IC143Panel:3070", "code": "missing device"}}
2026-03-06 11:32:28 ERROR root remotelib error:IC144Panel:422:{"property": "init", "value": "device does not exist", "qualifier": {"alias": "IC144Panel:422", "code": "missing device"}}
2026-03-06 11:32:28 ERROR root remotelib error:IC142Panel:3066:{"property": "init", "value": "device does not exist", "qualifier": {"alias": "IC142Panel:3066", "code": "missing device"}}
2026-03-06 11:32:28 ERROR root remotelib error:IC142Panel:3068:{"property": "init", "value": "device does not exist", "qualifier": {"alias": "IC142Panel:3068", "code": "missing device"}}
2026-03-06 11:32:28 ERROR root remotelib error:IC142Panel:3065:{"property": "init", "value": "device does not exist", "qualifier": {"alias": "IC142Panel:3065", "code": "missing device"}}
2026-03-06 11:32:28 ERROR root remotelib error:HallPanel:429:{"property": "init", "value": "device does not exist", "qualifier": {"alias": "HallPanel:429", "code": "missing device"}}
2026-03-06 11:32:28 ERROR root remotelib error:LobbyPanel:445:{"property": "init", "value": "device does not exist", "qualifier": {"alias": "LobbyPanel:445", "code": "missing device"}}
2026-03-06 11:32:28 ERROR root remotelib error:HallPanel:430:{"property": "init", "value": "device does not exist", "qualifier": {"alias": "HallPanel:430", "code": "missing device"}}
2026-03-06 11:32:28 ERROR root remotelib error:IC142Panel:3069:{"property": "init", "value": "device does not exist", "qualifier": {"alias": "IC142Panel:3069", "code": "missing device"}}
2026-03-06 11:32:28 ERROR root remotelib error:IC144Panel:425:{"property": "init", "value": "device does not exist", "qualifier": {"alias": "IC144Panel:425", "code": "missing device"}}
2026-03-06 11:32:28 ERROR root remotelib error:BreakRmPanel:3062:{"property": "init", "value": "device does not exist", "qualifier": {"alias": "BreakRmPanel:3062", "code": "missing device"}}
2026-03-06 11:32:28 ERROR root remotelib error:LobbyPanel:446:{"property": "init", "value": "device does not exist", "qualifier": {"alias": "LobbyPanel:446", "code": "missing device"}}
2026-03-06 11:32:28 ERROR root remotelib error:BreakRmPanel:3063:{"property": "init", "value": "device does not exist", "qualifier": {"alias": "BreakRmPanel:3063", "code": "missing device"}}
2026-03-06 11:32:28 ERROR root remotelib error:IC144Panel:426:{"property": "init", "value": "device does not exist", "qualifier": {"alias": "IC144Panel:426", "code": "missing device"}}
2026-03-06 11:32:28 ERROR root remotelib error:IC143Panel:295:{"property": "init", "value": "device does not exist", "qualifier": {"alias": "IC143Panel:295", "code": "missing device"}}
2026-03-06 11:32:28 ERROR root remotelib error:IC142Panel:3070:{"property": "init", "value": "device does not exist", "qualifier": {"alias": "IC142Panel:3070", "code": "missing device"}}
2026-03-06 11:32:28 ERROR root remotelib error:BreakRmPanel:3064:{"property": "init", "value": "device does not exist", "qualifier": {"alias": "BreakRmPanel:3064", "code": "missing device"}}
2026-03-06 11:32:28 ERROR root remotelib error:LobbyPanel:447:{"property": "init", "value": "device does not exist", "qualifier": {"alias": "LobbyPanel:447", "code": "missing device"}}
2026-03-06 11:32:28 ERROR root remotelib error:IC144Panel:427:{"property": "init", "value": "device does not exist", "qualifier": {"alias": "IC144Panel:427", "code": "missing device"}}
2026-03-06 11:32:28 ERROR root remotelib error:HallPanel:3062:{"property": "init", "value": "device does not exist", "qualifier": {"alias": "HallPanel:3062", "code": "missing device"}}
2026-03-06 11:32:28 ERROR root remotelib error:IC143Panel:296:{"property": "init", "value": "device does not exist", "qualifier": {"alias": "IC143Panel:296", "code": "missing device"}}
2026-03-06 11:32:28 ERROR root remotelib error:LobbyPanel:448:{"property": "init", "value": "device does not exist", "qualifier": {"alias": "LobbyPanel:448", "code": "missing device"}}
2026-03-06 11:32:28 ERROR root remotelib error:HallPanel:3063:{"property": "init", "value": "device does not exist", "qualifier": {"alias": "HallPanel:3063", "code": "missing device"}}
2026-03-06 11:32:28 ERROR root remotelib error:IC144Panel:428:{"property": "init", "value": "device does not exist", "qualifier": {"alias": "IC144Panel:428", "code": "missing device"}}
2026-03-06 11:32:28 ERROR root remotelib error:BreakRmPanel:3065:{"property": "init", "value": "device does not exist", "qualifier": {"alias": "BreakRmPanel:3065", "code": "missing device"}}
2026-03-06 11:32:28 ERROR root remotelib error:IC143Panel:297:{"property": "init", "value": "device does not exist", "qualifier": {"alias": "IC143Panel:297", "code": "missing device"}}
2026-03-06 11:32:28 ERROR root remotelib error:BreakRmPanel:3066:{"property": "init", "value": "device does not exist", "qualifier": {"alias": "BreakRmPanel:3066", "code": "missing device"}}
2026-03-06 11:32:28 ERROR root remotelib error:IC144Panel:429:{"property": "init", "value": "device does not exist", "qualifier": {"alias": "IC144Panel:429", "code": "missing device"}}
2026-03-06 11:32:28 ERROR root remotelib error:BreakRmPanel:3067:{"property": "init", "value": "device does not exist", "qualifier": {"alias": "BreakRmPanel:3067", "code": "missing device"}}
2026-03-06 11:32:28 ERROR root remotelib error:LobbyPanel:449:{"property": "init", "value": "device does not exist", "qualifier": {"alias": "LobbyPanel:449", "code": "missing device"}}
2026-03-06 11:32:28 ERROR root remotelib error:BWDPanel:469:{"property": "init", "value": "device does not exist", "qualifier": {"alias": "BWDPanel:469", "code": "missing device"}}
2026-03-06 11:32:28 ERROR root remotelib error:IC142Panel:295:{"property": "init", "value": "device does not exist", "qualifier": {"alias": "IC142Panel:295", "code": "missing device"}}
2026-03-06 11:32:28 ERROR root remotelib error:BreakRmPanel:3069:{"property": "init", "value": "device does not exist", "qualifier": {"alias": "BreakRmPanel:3069", "code": "missing device"}}
2026-03-06 11:32:28 ERROR root remotelib error:HallPanel:3064:{"property": "init", "value": "device does not exist", "qualifier": {"alias": "HallPanel:3064", "code": "missing device"}}
2026-03-06 11:32:28 ERROR root remotelib error:IC144Panel:430:{"property": "init", "value": "device does not exist", "qualifier": {"alias": "IC144Panel:430", "code": "missing device"}}
2026-03-06 11:32:28 ERROR root remotelib error:LobbyPanel:450:{"property": "init", "value": "device does not exist", "qualifier": {"alias": "LobbyPanel:450", "code": "missing device"}}
2026-03-06 11:32:28 ERROR root remotelib error:BWDPanel:470:{"property": "init", "value": "device does not exist", "qualifier": {"alias": "BWDPanel:470", "code": "missing device"}}
2026-03-06 11:32:28 ERROR root remotelib error:BreakRmPanel:3068:{"property": "init", "value": "device does not exist", "qualifier": {"alias": "BreakRmPanel:3068", "code": "missing device"}}
2026-03-06 11:32:28 ERROR root remotelib error:IC143Panel:8602:{"property": "init", "value": "device does not exist", "qualifier": {"alias": "IC143Panel:8602", "code": "missing device"}}
2026-03-06 11:32:28 ERROR root remotelib error:BreakRmPanel:3070:{"property": "init", "value": "device does not exist", "qualifier": {"alias": "BreakRmPanel:3070", "code": "missing device"}}
2026-03-06 11:32:28 ERROR root remotelib error:BWDPanel:442:{"property": "init", "value": "device does not exist", "qualifier": {"alias": "BWDPanel:442", "code": "missing device"}}
2026-03-06 11:32:28 ERROR root remotelib error:HallPanel:3066:{"property": "init", "value": "device does not exist", "qualifier": {"alias": "HallPanel:3066", "code": "missing device"}}
2026-03-06 11:32:28 ERROR root remotelib error:LobbyPanel:422:{"property": "init", "value": "device does not exist", "qualifier": {"alias": "LobbyPanel:422", "code": "missing device"}}
2026-03-06 11:32:28 ERROR root remotelib error:IC142Panel:296:{"property": "init", "value": "device does not exist", "qualifier": {"alias": "IC142Panel:296", "code": "missing device"}}
2026-03-06 11:32:28 ERROR root remotelib error:HallPanel:3065:{"property": "init", "value": "device does not exist", "qualifier": {"alias": "HallPanel:3065", "code": "missing device"}}
2026-03-06 11:32:28 ERROR root remotelib error:IC143Panel:8601:{"property": "init", "value": "device does not exist", "qualifier": {"alias": "IC143Panel:8601", "code": "missing device"}}
2026-03-06 11:32:28 ERROR root remotelib error:IC144Panel:3062:{"property": "init", "value": "device does not exist", "qualifier": {"alias": "IC144Panel:3062", "code": "missing device"}}
2026-03-06 11:32:28 ERROR root remotelib error:IC144Panel:3063:{"property": "init", "value": "device does not exist", "qualifier": {"alias": "IC144Panel:3063", "code": "missing device"}}
2026-03-06 11:32:28 ERROR root remotelib error:IC143Panel:8603:{"property": "init", "value": "device does not exist", "qualifier": {"alias": "IC143Panel:8603", "code": "missing device"}}
2026-03-06 11:32:28 ERROR root remotelib error:LobbyPanel:423:{"property": "init", "value": "device does not exist", "qualifier": {"alias": "LobbyPanel:423", "code": "missing device"}}
2026-03-06 11:32:28 ERROR root remotelib error:BWDPanel:443:{"property": "init", "value": "device does not exist", "qualifier": {"alias": "BWDPanel:443", "code": "missing device"}}
2026-03-06 11:32:28 ERROR root remotelib error:IC142Panel:297:{"property": "init", "value": "device does not exist", "qualifier": {"alias": "IC142Panel:297", "code": "missing device"}}
2026-03-06 11:32:29 ERROR root remotelib error:LobbyPanel:425:{"property": "init", "value": "device does not exist", "qualifier": {"alias": "LobbyPanel:425", "code": "missing device"}}
2026-03-06 11:32:29 ERROR root remotelib error:IC144Panel:3064:{"property": "init", "value": "device does not exist", "qualifier": {"alias": "IC144Panel:3064", "code": "missing device"}}
2026-03-06 11:32:29 ERROR root remotelib error:LobbyPanel:424:{"property": "init", "value": "device does not exist", "qualifier": {"alias": "LobbyPanel:424", "code": "missing device"}}
2026-03-06 11:32:29 ERROR root remotelib error:HallPanel:3068:{"property": "init", "value": "device does not exist", "qualifier": {"alias": "HallPanel:3068", "code": "missing device"}}
2026-03-06 11:32:29 ERROR root remotelib error:IC144Panel:3065:{"property": "init", "value": "device does not exist", "qualifier": {"alias": "IC144Panel:3065", "code": "missing device"}}
2026-03-06 11:32:29 ERROR root remotelib error:BWDPanel:445:{"property": "init", "value": "device does not exist", "qualifier": {"alias": "BWDPanel:445", "code": "missing device"}}
2026-03-06 11:32:29 ERROR root remotelib error:HallPanel:3069:{"property": "init", "value": "device does not exist", "qualifier": {"alias": "HallPanel:3069", "code": "missing device"}}
2026-03-06 11:32:29 ERROR root remotelib error:HallPanel:3067:{"property": "init", "value": "device does not exist", "qualifier": {"alias": "HallPanel:3067", "code": "missing device"}}
2026-03-06 11:32:29 ERROR root remotelib error:IC142Panel:8601:{"property": "init", "value": "device does not exist", "qualifier": {"alias": "IC142Panel:8601", "code": "missing device"}}
2026-03-06 11:32:29 ERROR root remotelib error:BWDPanel:444:{"property": "init", "value": "device does not exist", "qualifier": {"alias": "BWDPanel:444", "code": "missing device"}}
2026-03-06 11:32:29 ERROR root remotelib error:IC143Panel:8604:{"property": "init", "value": "device does not exist", "qualifier": {"alias": "IC143Panel:8604", "code": "missing device"}}
2026-03-06 11:32:29 ERROR root remotelib error:IC143Panel:8605:{"property": "init", "value": "device does not exist", "qualifier": {"alias": "IC143Panel:8605", "code": "missing device"}}
2026-03-06 11:32:29 ERROR root remotelib error:IC144Panel:3066:{"property": "init", "value": "device does not exist", "qualifier": {"alias": "IC144Panel:3066", "code": "missing device"}}
2026-03-06 11:32:29 ERROR root remotelib error:BWDPanel:446:{"property": "init", "value": "device does not exist", "qualifier": {"alias": "BWDPanel:446", "code": "missing device"}}
2026-03-06 11:32:29 ERROR root remotelib error:LobbyPanel:426:{"property": "init", "value": "device does not exist", "qualifier": {"alias": "LobbyPanel:426", "code": "missing device"}}
2026-03-06 11:32:29 ERROR root remotelib error:IC142Panel:8602:{"property": "init", "value": "device does not exist", "qualifier": {"alias": "IC142Panel:8602", "code": "missing device"}}
2026-03-06 11:32:29 ERROR root remotelib error:HallPanel:3070:{"property": "init", "value": "device does not exist", "qualifier": {"alias": "HallPanel:3070", "code": "missing device"}}
2026-03-06 11:32:29 ERROR root remotelib error:IC144Panel:3067:{"property": "init", "value": "device does not exist", "qualifier": {"alias": "IC144Panel:3067", "code": "missing device"}}
2026-03-06 11:32:29 ERROR root remotelib error:BreakRmPanel:295:{"property": "init", "value": "device does not exist", "qualifier": {"alias": "BreakRmPanel:295", "code": "missing device"}}
2026-03-06 11:32:29 ERROR root remotelib error:LobbyPanel:427:{"property": "init", "value": "device does not exist", "qualifier": {"alias": "LobbyPanel:427", "code": "missing device"}}
2026-03-06 11:32:29 ERROR root remotelib error:BWDPanel:447:{"property": "init", "value": "device does not exist", "qualifier": {"alias": "BWDPanel:447", "code": "missing device"}}
2026-03-06 11:32:29 ERROR root remotelib error:IC144Panel:3068:{"property": "init", "value": "device does not exist", "qualifier": {"alias": "IC144Panel:3068", "code": "missing device"}}
2026-03-06 11:32:29 ERROR root remotelib error:BWDPanel:448:{"property": "init", "value": "device does not exist", "qualifier": {"alias": "BWDPanel:448", "code": "missing device"}}
2026-03-06 11:32:29 ERROR root remotelib error:IC143Panel:8606:{"property": "init", "value": "device does not exist", "qualifier": {"alias": "IC143Panel:8606", "code": "missing device"}}
2026-03-06 11:32:29 ERROR root remotelib error:IC142Panel:8603:{"property": "init", "value": "device does not exist", "qualifier": {"alias": "IC142Panel:8603", "code": "missing device"}}
2026-03-06 11:32:29 ERROR root remotelib error:LobbyPanel:428:{"property": "init", "value": "device does not exist", "qualifier": {"alias": "LobbyPanel:428", "code": "missing device"}}
2026-03-06 11:32:29 ERROR root remotelib error:IC142Panel:8604:{"property": "init", "value": "device does not exist", "qualifier": {"alias": "IC142Panel:8604", "code": "missing device"}}
2026-03-06 11:32:29 ERROR root remotelib error:IC144Panel:3069:{"property": "init", "value": "device does not exist", "qualifier": {"alias": "IC144Panel:3069", "code": "missing device"}}
2026-03-06 11:32:29 ERROR root remotelib error:IC143Panel:8501:{"property": "init", "value": "device does not exist", "qualifier": {"alias": "IC143Panel:8501", "code": "missing device"}}
2026-03-06 11:32:29 ERROR root remotelib error:BreakRmPanel:296:{"property": "init", "value": "device does not exist", "qualifier": {"alias": "BreakRmPanel:296", "code": "missing device"}}
2026-03-06 11:32:29 ERROR root remotelib error:BWDPanel:449:{"property": "init", "value": "device does not exist", "qualifier": {"alias": "BWDPanel:449", "code": "missing device"}}
2026-03-06 11:32:29 ERROR root remotelib error:IC144Panel:3070:{"property": "init", "value": "device does not exist", "qualifier": {"alias": "IC144Panel:3070", "code": "missing device"}}
2026-03-06 11:32:29 ERROR root remotelib error:IC142Panel:8605:{"property": "init", "value": "device does not exist", "qualifier": {"alias": "IC142Panel:8605", "code": "missing device"}}
2026-03-06 11:32:29 ERROR root remotelib error:LobbyPanel:429:{"property": "init", "value": "device does not exist", "qualifier": {"alias": "LobbyPanel:429", "code": "missing device"}}
2026-03-06 11:32:29 ERROR root remotelib error:BreakRmPanel:297:{"property": "init", "value": "device does not exist", "qualifier": {"alias": "BreakRmPanel:297", "code": "missing device"}}
2026-03-06 11:32:29 ERROR root remotelib error:LobbyPanel:430:{"property": "init", "value": "device does not exist", "qualifier": {"alias": "LobbyPanel:430", "code": "missing device"}}
2026-03-06 11:32:29 ERROR root remotelib error:IC143Panel:8502:{"property": "init", "value": "device does not exist", "qualifier": {"alias": "IC143Panel:8502", "code": "missing device"}}
2026-03-06 11:32:29 ERROR root remotelib error:BWDPanel:450:{"property": "init", "value": "device does not exist", "qualifier": {"alias": "BWDPanel:450", "code": "missing device"}}
2026-03-06 11:32:29 ERROR root remotelib error:IC142Panel:8502:{"property": "init", "value": "device does not exist", "qualifier": {"alias": "IC142Panel:8502", "code": "missing device"}}
2026-03-06 11:32:29 ERROR root remotelib error:IC142Panel:8606:{"property": "init", "value": "device does not exist", "qualifier": {"alias": "IC142Panel:8606", "code": "missing device"}}
2026-03-06 11:32:29 ERROR root remotelib error:IC143Panel:8503:{"property": "init", "value": "device does not exist", "qualifier": {"alias": "IC143Panel:8503", "code": "missing device"}}
2026-03-06 11:32:29 ERROR root remotelib error:IC142Panel:8501:{"property": "init", "value": "device does not exist", "qualifier": {"alias": "IC142Panel:8501", "code": "missing device"}}
2026-03-06 11:32:29 ERROR root remotelib error:IC143Panel:8504:{"property": "init", "value": "device does not exist", "qualifier": {"alias": "IC143Panel:8504", "code": "missing device"}}
2026-03-06 11:32:29 ERROR root remotelib error:BreakRmPanel:8601:{"property": "init", "value": "device does not exist", "qualifier": {"alias": "BreakRmPanel:8601", "code": "missing device"}}
2026-03-06 11:32:29 ERROR root remotelib error:LobbyPanel:3063:{"property": "init", "value": "device does not exist", "qualifier": {"alias": "LobbyPanel:3063", "code": "missing device"}}
2026-03-06 11:32:29 ERROR root remotelib error:LobbyPanel:3062:{"property": "init", "value": "device does not exist", "qualifier": {"alias": "LobbyPanel:3062", "code": "missing device"}}
2026-03-06 11:32:29 ERROR root remotelib error:IC143Panel:8505:{"property": "init", "value": "device does not exist", "qualifier": {"alias": "IC143Panel:8505", "code": "missing device"}}
2026-03-06 11:32:29 ERROR root remotelib error:HallPanel:295:{"property": "init", "value": "device does not exist", "qualifier": {"alias": "HallPanel:295", "code": "missing device"}}
2026-03-06 11:32:29 ERROR root remotelib error:IC144Panel:295:{"property": "init", "value": "device does not exist", "qualifier": {"alias": "IC144Panel:295", "code": "missing device"}}
2026-03-06 11:32:29 ERROR root remotelib error:IC143Panel:8506:{"property": "init", "value": "device does not exist", "qualifier": {"alias": "IC143Panel:8506", "code": "missing device"}}
2026-03-06 11:32:29 ERROR root remotelib error:IC142Panel:8503:{"property": "init", "value": "device does not exist", "qualifier": {"alias": "IC142Panel:8503", "code": "missing device"}}
2026-03-06 11:32:29 ERROR root remotelib error:IC143Panel:8511:{"property": "init", "value": "device does not exist", "qualifier": {"alias": "IC143Panel:8511", "code": "missing device"}}
2026-03-06 11:32:29 ERROR root remotelib error:BreakRmPanel:8603:{"property": "init", "value": "device does not exist", "qualifier": {"alias": "BreakRmPanel:8603", "code": "missing device"}}
2026-03-06 11:32:29 ERROR root remotelib error:IC144Panel:296:{"property": "init", "value": "device does not exist", "qualifier": {"alias": "IC144Panel:296", "code": "missing device"}}
2026-03-06 11:32:29 ERROR root remotelib error:IC142Panel:8504:{"property": "init", "value": "device does not exist", "qualifier": {"alias": "IC142Panel:8504", "code": "missing device"}}
2026-03-06 11:32:29 ERROR root remotelib error:LobbyPanel:3065:{"property": "init", "value": "device does not exist", "qualifier": {"alias": "LobbyPanel:3065", "code": "missing device"}}
2026-03-06 11:32:29 ERROR root remotelib error:BreakRmPanel:8602:{"property": "init", "value": "device does not exist", "qualifier": {"alias": "BreakRmPanel:8602", "code": "missing device"}}
2026-03-06 11:32:29 ERROR root remotelib error:LobbyPanel:3064:{"property": "init", "value": "device does not exist", "qualifier": {"alias": "LobbyPanel:3064", "code": "missing device"}}
2026-03-06 11:32:29 ERROR root remotelib error:HallPanel:296:{"property": "init", "value": "device does not exist", "qualifier": {"alias": "HallPanel:296", "code": "missing device"}}
2026-03-06 11:32:29 ERROR root remotelib error:BreakRmPanel:8604:{"property": "init", "value": "device does not exist", "qualifier": {"alias": "BreakRmPanel:8604", "code": "missing device"}}
2026-03-06 11:32:29 ERROR root remotelib error:HallPanel:297:{"property": "init", "value": "device does not exist", "qualifier": {"alias": "HallPanel:297", "code": "missing device"}}
2026-03-06 11:32:29 ERROR root remotelib error:IC143Panel:8512:{"property": "init", "value": "device does not exist", "qualifier": {"alias": "IC143Panel:8512", "code": "missing device"}}
2026-03-06 11:32:29 ERROR root remotelib error:LobbyPanel:3066:{"property": "init", "value": "device does not exist", "qualifier": {"alias": "LobbyPanel:3066", "code": "missing device"}}
2026-03-06 11:32:29 ERROR root remotelib error:IC142Panel:8505:{"property": "init", "value": "device does not exist", "qualifier": {"alias": "IC142Panel:8505", "code": "missing device"}}
2026-03-06 11:32:29 ERROR root remotelib error:BreakRmPanel:8605:{"property": "init", "value": "device does not exist", "qualifier": {"alias": "BreakRmPanel:8605", "code": "missing device"}}
2026-03-06 11:32:29 ERROR root remotelib error:IC143Panel:8513:{"property": "init", "value": "device does not exist", "qualifier": {"alias": "IC143Panel:8513", "code": "missing device"}}
2026-03-06 11:32:29 ERROR root remotelib error:IC144Panel:297:{"property": "init", "value": "device does not exist", "qualifier": {"alias": "IC144Panel:297", "code": "missing device"}}
2026-03-06 11:32:29 ERROR root remotelib error:IC143Panel:8514:{"property": "init", "value": "device does not exist", "qualifier": {"alias": "IC143Panel:8514", "code": "missing device"}}
2026-03-06 11:32:29 ERROR root remotelib error:IC142Panel:8506:{"property": "init", "value": "device does not exist", "qualifier": {"alias": "IC142Panel:8506", "code": "missing device"}}
2026-03-06 11:32:29 ERROR root remotelib error:BreakRmPanel:8606:{"property": "init", "value": "device does not exist", "qualifier": {"alias": "BreakRmPanel:8606", "code": "missing device"}}
2026-03-06 11:32:29 ERROR root remotelib error:LobbyPanel:3067:{"property": "init", "value": "device does not exist", "qualifier": {"alias": "LobbyPanel:3067", "code": "missing device"}}
2026-03-06 11:32:29 ERROR root remotelib error:IC143Panel:8515:{"property": "init", "value": "device does not exist", "qualifier": {"alias": "IC143Panel:8515", "code": "missing device"}}
2026-03-06 11:32:29 ERROR root remotelib error:IC142Panel:8511:{"property": "init", "value": "device does not exist", "qualifier": {"alias": "IC142Panel:8511", "code": "missing device"}}
2026-03-06 11:32:29 ERROR root remotelib error:HallPanel:8602:{"property": "init", "value": "device does not exist", "qualifier": {"alias": "HallPanel:8602", "code": "missing device"}}
2026-03-06 11:32:29 ERROR root remotelib error:IC143Panel:8516:{"property": "init", "value": "device does not exist", "qualifier": {"alias": "IC143Panel:8516", "code": "missing device"}}
2026-03-06 11:32:29 ERROR root remotelib error:BWDPanel:429:{"property": "init", "value": "device does not exist", "qualifier": {"alias": "BWDPanel:429", "code": "missing device"}}
2026-03-06 11:32:29 ERROR root remotelib error:IC142Panel:8512:{"property": "init", "value": "device does not exist", "qualifier": {"alias": "IC142Panel:8512", "code": "missing device"}}
2026-03-06 11:32:29 ERROR root remotelib error:HallPanel:8601:{"property": "init", "value": "device does not exist", "qualifier": {"alias": "HallPanel:8601", "code": "missing device"}}
2026-03-06 11:32:29 ERROR root remotelib error:BreakRmPanel:8501:{"property": "init", "value": "device does not exist", "qualifier": {"alias": "BreakRmPanel:8501", "code": "missing device"}}
2026-03-06 11:32:29 ERROR root remotelib error:IC144Panel:8601:{"property": "init", "value": "device does not exist", "qualifier": {"alias": "IC144Panel:8601", "code": "missing device"}}
2026-03-06 11:32:29 ERROR root remotelib error:IC143Panel:8521:{"property": "init", "value": "device does not exist", "qualifier": {"alias": "IC143Panel:8521", "code": "missing device"}}
2026-03-06 11:32:29 ERROR root remotelib error:LobbyPanel:3068:{"property": "init", "value": "device does not exist", "qualifier": {"alias": "LobbyPanel:3068", "code": "missing device"}}
2026-03-06 11:32:29 ERROR root remotelib error:IC142Panel:8513:{"property": "init", "value": "device does not exist", "qualifier": {"alias": "IC142Panel:8513", "code": "missing device"}}
2026-03-06 11:32:29 ERROR root remotelib error:BWDPanel:430:{"property": "init", "value": "device does not exist", "qualifier": {"alias": "BWDPanel:430", "code": "missing device"}}
2026-03-06 11:32:29 ERROR root remotelib error:BreakRmPanel:8502:{"property": "init", "value": "device does not exist", "qualifier": {"alias": "BreakRmPanel:8502", "code": "missing device"}}
2026-03-06 11:32:29 ERROR root remotelib error:LobbyPanel:3069:{"property": "init", "value": "device does not exist", "qualifier": {"alias": "LobbyPanel:3069", "code": "missing device"}}
2026-03-06 11:32:29 ERROR root remotelib error:HallPanel:8603:{"property": "init", "value": "device does not exist", "qualifier": {"alias": "HallPanel:8603", "code": "missing device"}}
2026-03-06 11:32:29 ERROR root remotelib error:BreakRmPanel:8503:{"property": "init", "value": "device does not exist", "qualifier": {"alias": "BreakRmPanel:8503", "code": "missing device"}}
2026-03-06 11:32:29 ERROR root remotelib error:LobbyPanel:3070:{"property": "init", "value": "device does not exist", "qualifier": {"alias": "LobbyPanel:3070", "code": "missing device"}}
2026-03-06 11:32:29 ERROR root remotelib error:IC143Panel:8523:{"property": "init", "value": "device does not exist", "qualifier": {"alias": "IC143Panel:8523", "code": "missing device"}}
2026-03-06 11:32:29 ERROR root remotelib error:IC142Panel:8515:{"property": "init", "value": "device does not exist", "qualifier": {"alias": "IC142Panel:8515", "code": "missing device"}}
2026-03-06 11:32:29 ERROR root remotelib error:IC144Panel:8602:{"property": "init", "value": "device does not exist", "qualifier": {"alias": "IC144Panel:8602", "code": "missing device"}}
2026-03-06 11:32:29 ERROR root remotelib error:BreakRmPanel:8504:{"property": "init", "value": "device does not exist", "qualifier": {"alias": "BreakRmPanel:8504", "code": "missing device"}}
2026-03-06 11:32:29 ERROR root remotelib error:IC142Panel:8516:{"property": "init", "value": "device does not exist", "qualifier": {"alias": "IC142Panel:8516", "code": "missing device"}}
2026-03-06 11:32:29 ERROR root remotelib error:IC143Panel:8522:{"property": "init", "value": "device does not exist", "qualifier": {"alias": "IC143Panel:8522", "code": "missing device"}}
2026-03-06 11:32:29 ERROR root remotelib error:BWDPanel:3062:{"property": "init", "value": "device does not exist", "qualifier": {"alias": "BWDPanel:3062", "code": "missing device"}}
2026-03-06 11:32:29 ERROR root remotelib error:IC144Panel:8603:{"property": "init", "value": "device does not exist", "qualifier": {"alias": "IC144Panel:8603", "code": "missing device"}}
2026-03-06 11:32:29 ERROR root remotelib error:HallPanel:8604:{"property": "init", "value": "device does not exist", "qualifier": {"alias": "HallPanel:8604", "code": "missing device"}}
2026-03-06 11:32:29 ERROR root remotelib error:IC142Panel:8514:{"property": "init", "value": "device does not exist", "qualifier": {"alias": "IC142Panel:8514", "code": "missing device"}}
2026-03-06 11:32:29 ERROR root remotelib error:IC143Panel:8524:{"property": "init", "value": "device does not exist", "qualifier": {"alias": "IC143Panel:8524", "code": "missing device"}}
2026-03-06 11:32:29 ERROR root remotelib error:IC143Panel:8525:{"property": "init", "value": "device does not exist", "qualifier": {"alias": "IC143Panel:8525", "code": "missing device"}}
2026-03-06 11:32:29 ERROR root remotelib error:BWDPanel:3064:{"property": "init", "value": "device does not exist", "qualifier": {"alias": "BWDPanel:3064", "code": "missing device"}}
2026-03-06 11:32:29 ERROR root remotelib error:HallPanel:8606:{"property": "init", "value": "device does not exist", "qualifier": {"alias": "HallPanel:8606", "code": "missing device"}}
2026-03-06 11:32:29 ERROR root remotelib error:BWDPanel:3063:{"property": "init", "value": "device does not exist", "qualifier": {"alias": "BWDPanel:3063", "code": "missing device"}}
2026-03-06 11:32:29 ERROR root remotelib error:HallPanel:8605:{"property": "init", "value": "device does not exist", "qualifier": {"alias": "HallPanel:8605", "code": "missing device"}}
2026-03-06 11:32:29 ERROR root remotelib error:IC144Panel:8604:{"property": "init", "value": "device does not exist", "qualifier": {"alias": "IC144Panel:8604", "code": "missing device"}}
2026-03-06 11:32:29 ERROR root remotelib error:BreakRmPanel:8505:{"property": "init", "value": "device does not exist", "qualifier": {"alias": "BreakRmPanel:8505", "code": "missing device"}}
2026-03-06 11:32:29 ERROR root remotelib error:IC144Panel:8605:{"property": "init", "value": "device does not exist", "qualifier": {"alias": "IC144Panel:8605", "code": "missing device"}}
2026-03-06 11:32:29 ERROR root remotelib error:IC142Panel:8522:{"property": "init", "value": "device does not exist", "qualifier": {"alias": "IC142Panel:8522", "code": "missing device"}}
2026-03-06 11:32:30 ERROR root remotelib error:IC142Panel:8521:{"property": "init", "value": "device does not exist", "qualifier": {"alias": "IC142Panel:8521", "code": "missing device"}}
2026-03-06 11:32:30 ERROR root remotelib error:BreakRmPanel:8506:{"property": "init", "value": "device does not exist", "qualifier": {"alias": "BreakRmPanel:8506", "code": "missing device"}}
2026-03-06 11:32:30 ERROR root remotelib error:IC143Panel:8526:{"property": "init", "value": "device does not exist", "qualifier": {"alias": "IC143Panel:8526", "code": "missing device"}}
2026-03-06 11:32:30 ERROR root remotelib error:BWDPanel:3065:{"property": "init", "value": "device does not exist", "qualifier": {"alias": "BWDPanel:3065", "code": "missing device"}}
2026-03-06 11:32:30 ERROR root remotelib error:IC144Panel:8606:{"property": "init", "value": "device does not exist", "qualifier": {"alias": "IC144Panel:8606", "code": "missing device"}}
2026-03-06 11:32:30 ERROR root remotelib error:IC143Panel:8531:{"property": "init", "value": "device does not exist", "qualifier": {"alias": "IC143Panel:8531", "code": "missing device"}}
2026-03-06 11:32:30 ERROR root remotelib error:BWDPanel:3066:{"property": "init", "value": "device does not exist", "qualifier": {"alias": "BWDPanel:3066", "code": "missing device"}}
2026-03-06 11:32:30 ERROR root remotelib error:LobbyPanel:295:{"property": "init", "value": "device does not exist", "qualifier": {"alias": "LobbyPanel:295", "code": "missing device"}}
2026-03-06 11:32:30 ERROR root remotelib error:BreakRmPanel:8511:{"property": "init", "value": "device does not exist", "qualifier": {"alias": "BreakRmPanel:8511", "code": "missing device"}}
2026-03-06 11:32:30 ERROR root remotelib error:IC142Panel:8523:{"property": "init", "value": "device does not exist", "qualifier": {"alias": "IC142Panel:8523", "code": "missing device"}}
2026-03-06 11:32:30 ERROR root remotelib error:IC144Panel:8501:{"property": "init", "value": "device does not exist", "qualifier": {"alias": "IC144Panel:8501", "code": "missing device"}}
2026-03-06 11:32:30 ERROR root remotelib error:HallPanel:8501:{"property": "init", "value": "device does not exist", "qualifier": {"alias": "HallPanel:8501", "code": "missing device"}}
2026-03-06 11:32:30 ERROR root remotelib error:BreakRmPanel:8512:{"property": "init", "value": "device does not exist", "qualifier": {"alias": "BreakRmPanel:8512", "code": "missing device"}}
2026-03-06 11:32:30 ERROR root remotelib error:HallPanel:8502:{"property": "init", "value": "device does not exist", "qualifier": {"alias": "HallPanel:8502", "code": "missing device"}}
2026-03-06 11:32:30 ERROR root remotelib error:IC143Panel:8532:{"property": "init", "value": "device does not exist", "qualifier": {"alias": "IC143Panel:8532", "code": "missing device"}}
2026-03-06 11:32:30 ERROR root remotelib error:BWDPanel:3067:{"property": "init", "value": "device does not exist", "qualifier": {"alias": "BWDPanel:3067", "code": "missing device"}}
2026-03-06 11:32:30 ERROR root remotelib error:IC144Panel:8503:{"property": "init", "value": "device does not exist", "qualifier": {"alias": "IC144Panel:8503", "code": "missing device"}}
2026-03-06 11:32:30 ERROR root remotelib error:IC142Panel:8525:{"property": "init", "value": "device does not exist", "qualifier": {"alias": "IC142Panel:8525", "code": "missing device"}}
2026-03-06 11:32:30 ERROR root remotelib error:BWDPanel:3070:{"property": "init", "value": "device does not exist", "qualifier": {"alias": "BWDPanel:3070", "code": "missing device"}}
2026-03-06 11:32:30 ERROR root remotelib error:BWDPanel:3068:{"property": "init", "value": "device does not exist", "qualifier": {"alias": "BWDPanel:3068", "code": "missing device"}}
2026-03-06 11:32:30 ERROR root remotelib error:IC144Panel:8502:{"property": "init", "value": "device does not exist", "qualifier": {"alias": "IC144Panel:8502", "code": "missing device"}}
2026-03-06 11:32:30 ERROR root remotelib error:BreakRmPanel:8514:{"property": "init", "value": "device does not exist", "qualifier": {"alias": "BreakRmPanel:8514", "code": "missing device"}}
2026-03-06 11:32:30 ERROR root remotelib error:LobbyPanel:296:{"property": "init", "value": "device does not exist", "qualifier": {"alias": "LobbyPanel:296", "code": "missing device"}}
2026-03-06 11:32:30 ERROR root remotelib error:HallPanel:8503:{"property": "init", "value": "device does not exist", "qualifier": {"alias": "HallPanel:8503", "code": "missing device"}}
2026-03-06 11:32:30 ERROR root remotelib error:IC143Panel:8533:{"property": "init", "value": "device does not exist", "qualifier": {"alias": "IC143Panel:8533", "code": "missing device"}}
2026-03-06 11:32:30 ERROR root remotelib error:BWDPanel:3069:{"property": "init", "value": "device does not exist", "qualifier": {"alias": "BWDPanel:3069", "code": "missing device"}}
2026-03-06 11:32:30 ERROR root remotelib error:IC142Panel:8524:{"property": "init", "value": "device does not exist", "qualifier": {"alias": "IC142Panel:8524", "code": "missing device"}}
2026-03-06 11:32:30 ERROR root remotelib error:IC143Panel:8534:{"property": "init", "value": "device does not exist", "qualifier": {"alias": "IC143Panel:8534", "code": "missing device"}}
2026-03-06 11:32:30 ERROR root remotelib error:HallPanel:8504:{"property": "init", "value": "device does not exist", "qualifier": {"alias": "HallPanel:8504", "code": "missing device"}}
2026-03-06 11:32:30 ERROR root remotelib error:IC144Panel:8504:{"property": "init", "value": "device does not exist", "qualifier": {"alias": "IC144Panel:8504", "code": "missing device"}}
2026-03-06 11:32:30 ERROR root remotelib error:IC142Panel:8526:{"property": "init", "value": "device does not exist", "qualifier": {"alias": "IC142Panel:8526", "code": "missing device"}}
2026-03-06 11:32:30 ERROR root remotelib error:LobbyPanel:297:{"property": "init", "value": "device does not exist", "qualifier": {"alias": "LobbyPanel:297", "code": "missing device"}}
2026-03-06 11:32:30 ERROR root remotelib error:BreakRmPanel:8513:{"property": "init", "value": "device does not exist", "qualifier": {"alias": "BreakRmPanel:8513", "code": "missing device"}}
2026-03-06 11:32:30 ERROR root remotelib error:HallPanel:8505:{"property": "init", "value": "device does not exist", "qualifier": {"alias": "HallPanel:8505", "code": "missing device"}}
2026-03-06 11:32:30 ERROR root remotelib error:BreakRmPanel:8516:{"property": "init", "value": "device does not exist", "qualifier": {"alias": "BreakRmPanel:8516", "code": "missing device"}}
2026-03-06 11:32:30 ERROR root remotelib error:IC144Panel:8505:{"property": "init", "value": "device does not exist", "qualifier": {"alias": "IC144Panel:8505", "code": "missing device"}}
2026-03-06 11:32:30 ERROR root remotelib error:LobbyPanel:8601:{"property": "init", "value": "device does not exist", "qualifier": {"alias": "LobbyPanel:8601", "code": "missing device"}}
2026-03-06 11:32:30 ERROR root remotelib error:BWDPanel:296:{"property": "init", "value": "device does not exist", "qualifier": {"alias": "BWDPanel:296", "code": "missing device"}}
2026-03-06 11:32:30 ERROR root remotelib error:IC143Panel:8535:{"property": "init", "value": "device does not exist", "qualifier": {"alias": "IC143Panel:8535", "code": "missing device"}}
2026-03-06 11:32:30 ERROR root remotelib error:LobbyPanel:8602:{"property": "init", "value": "device does not exist", "qualifier": {"alias": "LobbyPanel:8602", "code": "missing device"}}
2026-03-06 11:32:30 ERROR root remotelib error:IC142Panel:8531:{"property": "init", "value": "device does not exist", "qualifier": {"alias": "IC142Panel:8531", "code": "missing device"}}
2026-03-06 11:32:30 ERROR root remotelib error:IC144Panel:8506:{"property": "init", "value": "device does not exist", "qualifier": {"alias": "IC144Panel:8506", "code": "missing device"}}
2026-03-06 11:32:30 ERROR root remotelib error:IC143Panel:8541:{"property": "init", "value": "device does not exist", "qualifier": {"alias": "IC143Panel:8541", "code": "missing device"}}
2026-03-06 11:32:30 ERROR root remotelib error:HallPanel:8506:{"property": "init", "value": "device does not exist", "qualifier": {"alias": "HallPanel:8506", "code": "missing device"}}
2026-03-06 11:32:30 ERROR root remotelib error:BWDPanel:297:{"property": "init", "value": "device does not exist", "qualifier": {"alias": "BWDPanel:297", "code": "missing device"}}
2026-03-06 11:32:30 ERROR root remotelib error:BWDPanel:295:{"property": "init", "value": "device does not exist", "qualifier": {"alias": "BWDPanel:295", "code": "missing device"}}
2026-03-06 11:32:30 ERROR root remotelib error:LobbyPanel:8603:{"property": "init", "value": "device does not exist", "qualifier": {"alias": "LobbyPanel:8603", "code": "missing device"}}
2026-03-06 11:32:30 ERROR root remotelib error:IC142Panel:8532:{"property": "init", "value": "device does not exist", "qualifier": {"alias": "IC142Panel:8532", "code": "missing device"}}
2026-03-06 11:32:30 ERROR root remotelib error:LobbyPanel:8604:{"property": "init", "value": "device does not exist", "qualifier": {"alias": "LobbyPanel:8604", "code": "missing device"}}
2026-03-06 11:32:30 ERROR root remotelib error:BreakRmPanel:8515:{"property": "init", "value": "device does not exist", "qualifier": {"alias": "BreakRmPanel:8515", "code": "missing device"}}
2026-03-06 11:32:30 ERROR root remotelib error:IC144Panel:8511:{"property": "init", "value": "device does not exist", "qualifier": {"alias": "IC144Panel:8511", "code": "missing device"}}
2026-03-06 11:32:30 ERROR root remotelib error:IC143Panel:8536:{"property": "init", "value": "device does not exist", "qualifier": {"alias": "IC143Panel:8536", "code": "missing device"}}
2026-03-06 11:32:30 ERROR root remotelib error:BreakRmPanel:8521:{"property": "init", "value": "device does not exist", "qualifier": {"alias": "BreakRmPanel:8521", "code": "missing device"}}
2026-03-06 11:32:30 ERROR root remotelib error:HallPanel:8512:{"property": "init", "value": "device does not exist", "qualifier": {"alias": "HallPanel:8512", "code": "missing device"}}
2026-03-06 11:32:30 ERROR root remotelib error:IC143Panel:8543:{"property": "init", "value": "device does not exist", "qualifier": {"alias": "IC143Panel:8543", "code": "missing device"}}
2026-03-06 11:32:30 ERROR root remotelib error:BWDPanel:8601:{"property": "init", "value": "device does not exist", "qualifier": {"alias": "BWDPanel:8601", "code": "missing device"}}
2026-03-06 11:32:30 ERROR root remotelib error:IC143Panel:8544:{"property": "init", "value": "device does not exist", "qualifier": {"alias": "IC143Panel:8544", "code": "missing device"}}
2026-03-06 11:32:30 ERROR root remotelib error:IC144Panel:8513:{"property": "init", "value": "device does not exist", "qualifier": {"alias": "IC144Panel:8513", "code": "missing device"}}
2026-03-06 11:32:30 ERROR root remotelib error:IC142Panel:8533:{"property": "init", "value": "device does not exist", "qualifier": {"alias": "IC142Panel:8533", "code": "missing device"}}
2026-03-06 11:32:30 ERROR root remotelib error:BreakRmPanel:8523:{"property": "init", "value": "device does not exist", "qualifier": {"alias": "BreakRmPanel:8523", "code": "missing device"}}
2026-03-06 11:32:30 ERROR root remotelib error:HallPanel:8513:{"property": "init", "value": "device does not exist", "qualifier": {"alias": "HallPanel:8513", "code": "missing device"}}
2026-03-06 11:32:30 ERROR root remotelib error:LobbyPanel:8606:{"property": "init", "value": "device does not exist", "qualifier": {"alias": "LobbyPanel:8606", "code": "missing device"}}
2026-03-06 11:32:30 ERROR root remotelib error:IC144Panel:8512:{"property": "init", "value": "device does not exist", "qualifier": {"alias": "IC144Panel:8512", "code": "missing device"}}
2026-03-06 11:32:30 ERROR root remotelib error:HallPanel:8511:{"property": "init", "value": "device does not exist", "qualifier": {"alias": "HallPanel:8511", "code": "missing device"}}
2026-03-06 11:32:30 ERROR root remotelib error:IC143Panel:8542:{"property": "init", "value": "device does not exist", "qualifier": {"alias": "IC143Panel:8542", "code": "missing device"}}
2026-03-06 11:32:30 ERROR root remotelib error:BreakRmPanel:8522:{"property": "init", "value": "device does not exist", "qualifier": {"alias": "BreakRmPanel:8522", "code": "missing device"}}
2026-03-06 11:32:30 ERROR root remotelib error:LobbyPanel:8605:{"property": "init", "value": "device does not exist", "qualifier": {"alias": "LobbyPanel:8605", "code": "missing device"}}
2026-03-06 11:32:30 ERROR root remotelib error:IC142Panel:8534:{"property": "init", "value": "device does not exist", "qualifier": {"alias": "IC142Panel:8534", "code": "missing device"}}
2026-03-06 11:32:30 ERROR root remotelib error:HallPanel:8514:{"property": "init", "value": "device does not exist", "qualifier": {"alias": "HallPanel:8514", "code": "missing device"}}
2026-03-06 11:32:30 ERROR root remotelib error:BreakRmPanel:8524:{"property": "init", "value": "device does not exist", "qualifier": {"alias": "BreakRmPanel:8524", "code": "missing device"}}
2026-03-06 11:32:30 ERROR root remotelib error:IC144Panel:8514:{"property": "init", "value": "device does not exist", "qualifier": {"alias": "IC144Panel:8514", "code": "missing device"}}
2026-03-06 11:32:30 ERROR root remotelib error:BreakRmPanel:8525:{"property": "init", "value": "device does not exist", "qualifier": {"alias": "BreakRmPanel:8525", "code": "missing device"}}
2026-03-06 11:32:30 ERROR root remotelib error:BWDPanel:8602:{"property": "init", "value": "device does not exist", "qualifier": {"alias": "BWDPanel:8602", "code": "missing device"}}
2026-03-06 11:32:30 ERROR root remotelib error:IC142Panel:8536:{"property": "init", "value": "device does not exist", "qualifier": {"alias": "IC142Panel:8536", "code": "missing device"}}
2026-03-06 11:32:30 ERROR root remotelib error:IC143Panel:8545:{"property": "init", "value": "device does not exist", "qualifier": {"alias": "IC143Panel:8545", "code": "missing device"}}
2026-03-06 11:32:30 ERROR root remotelib error:HallPanel:8515:{"property": "init", "value": "device does not exist", "qualifier": {"alias": "HallPanel:8515", "code": "missing device"}}
2026-03-06 11:32:30 ERROR root remotelib error:IC144Panel:8515:{"property": "init", "value": "device does not exist", "qualifier": {"alias": "IC144Panel:8515", "code": "missing device"}}
2026-03-06 11:32:30 ERROR root remotelib error:BWDPanel:8603:{"property": "init", "value": "device does not exist", "qualifier": {"alias": "BWDPanel:8603", "code": "missing device"}}
2026-03-06 11:32:30 ERROR root remotelib error:LobbyPanel:8502:{"property": "init", "value": "device does not exist", "qualifier": {"alias": "LobbyPanel:8502", "code": "missing device"}}
2026-03-06 11:32:30 ERROR root remotelib error:LobbyPanel:8501:{"property": "init", "value": "device does not exist", "qualifier": {"alias": "LobbyPanel:8501", "code": "missing device"}}
2026-03-06 11:32:30 ERROR root remotelib error:IC142Panel:8535:{"property": "init", "value": "device does not exist", "qualifier": {"alias": "IC142Panel:8535", "code": "missing device"}}
2026-03-06 11:32:30 ERROR root remotelib error:IC143Panel:8546:{"property": "init", "value": "device does not exist", "qualifier": {"alias": "IC143Panel:8546", "code": "missing device"}}
2026-03-06 11:32:30 ERROR root remotelib error:IC144Panel:8516:{"property": "init", "value": "device does not exist", "qualifier": {"alias": "IC144Panel:8516", "code": "missing device"}}
2026-03-06 11:32:30 ERROR root remotelib error:BreakRmPanel:8526:{"property": "init", "value": "device does not exist", "qualifier": {"alias": "BreakRmPanel:8526", "code": "missing device"}}
2026-03-06 11:32:30 ERROR root remotelib error:HallPanel:8516:{"property": "init", "value": "device does not exist", "qualifier": {"alias": "HallPanel:8516", "code": "missing device"}}
2026-03-06 11:32:30 ERROR root remotelib error:BWDPanel:8604:{"property": "init", "value": "device does not exist", "qualifier": {"alias": "BWDPanel:8604", "code": "missing device"}}
2026-03-06 11:32:30 ERROR root remotelib error:IC144Panel:8521:{"property": "init", "value": "device does not exist", "qualifier": {"alias": "IC144Panel:8521", "code": "missing device"}}
2026-03-06 11:32:30 ERROR root remotelib error:LobbyPanel:8503:{"property": "init", "value": "device does not exist", "qualifier": {"alias": "LobbyPanel:8503", "code": "missing device"}}
2026-03-06 11:32:30 ERROR root remotelib error:BreakRmPanel:8531:{"property": "init", "value": "device does not exist", "qualifier": {"alias": "BreakRmPanel:8531", "code": "missing device"}}
2026-03-06 11:32:30 ERROR root remotelib error:BWDPanel:8605:{"property": "init", "value": "device does not exist", "qualifier": {"alias": "BWDPanel:8605", "code": "missing device"}}
2026-03-06 11:32:30 ERROR root remotelib error:HallPanel:8521:{"property": "init", "value": "device does not exist", "qualifier": {"alias": "HallPanel:8521", "code": "missing device"}}
2026-03-06 11:32:30 ERROR root remotelib error:LobbyPanel:8504:{"property": "init", "value": "device does not exist", "qualifier": {"alias": "LobbyPanel:8504", "code": "missing device"}}
2026-03-06 11:32:30 ERROR root remotelib error:BWDPanel:8606:{"property": "init", "value": "device does not exist", "qualifier": {"alias": "BWDPanel:8606", "code": "missing device"}}
2026-03-06 11:32:30 ERROR root remotelib error:IC144Panel:8522:{"property": "init", "value": "device does not exist", "qualifier": {"alias": "IC144Panel:8522", "code": "missing device"}}
2026-03-06 11:32:30 ERROR root remotelib error:BreakRmPanel:8532:{"property": "init", "value": "device does not exist", "qualifier": {"alias": "BreakRmPanel:8532", "code": "missing device"}}
2026-03-06 11:32:30 ERROR root remotelib error:BWDPanel:8501:{"property": "init", "value": "device does not exist", "qualifier": {"alias": "BWDPanel:8501", "code": "missing device"}}
2026-03-06 11:32:30 ERROR root remotelib error:LobbyPanel:8505:{"property": "init", "value": "device does not exist", "qualifier": {"alias": "LobbyPanel:8505", "code": "missing device"}}
2026-03-06 11:32:30 ERROR root remotelib error:BreakRmPanel:8533:{"property": "init", "value": "device does not exist", "qualifier": {"alias": "BreakRmPanel:8533", "code": "missing device"}}
2026-03-06 11:32:30 ERROR root remotelib error:IC144Panel:8523:{"property": "init", "value": "device does not exist", "qualifier": {"alias": "IC144Panel:8523", "code": "missing device"}}
2026-03-06 11:32:30 ERROR root remotelib error:IC142Panel:8541:{"property": "init", "value": "device does not exist", "qualifier": {"alias": "IC142Panel:8541", "code": "missing device"}}
2026-03-06 11:32:30 ERROR root remotelib error:HallPanel:8522:{"property": "init", "value": "device does not exist", "qualifier": {"alias": "HallPanel:8522", "code": "missing device"}}
2026-03-06 11:32:30 ERROR root remotelib error:IC143Panel:944:{"property": "init", "value": "device does not exist", "qualifier": {"alias": "IC143Panel:944", "code": "missing device"}}
2026-03-06 11:32:30 ERROR root remotelib error:IC142Panel:8542:{"property": "init", "value": "device does not exist", "qualifier": {"alias": "IC142Panel:8542", "code": "missing device"}}
2026-03-06 11:32:30 ERROR root remotelib error:BWDPanel:8502:{"property": "init", "value": "device does not exist", "qualifier": {"alias": "BWDPanel:8502", "code": "missing device"}}
2026-03-06 11:32:30 ERROR root remotelib error:IC142Panel:8543:{"property": "init", "value": "device does not exist", "qualifier": {"alias": "IC142Panel:8543", "code": "missing device"}}
2026-03-06 11:32:30 ERROR root remotelib error:BreakRmPanel:8535:{"property": "init", "value": "device does not exist", "qualifier": {"alias": "BreakRmPanel:8535", "code": "missing device"}}
2026-03-06 11:32:31 ERROR root remotelib error:IC144Panel:8524:{"property": "init", "value": "device does not exist", "qualifier": {"alias": "IC144Panel:8524", "code": "missing device"}}
2026-03-06 11:32:31 ERROR root remotelib error:BWDPanel:8503:{"property": "init", "value": "device does not exist", "qualifier": {"alias": "BWDPanel:8503", "code": "missing device"}}
2026-03-06 11:32:31 ERROR root remotelib error:IC143Panel:945:{"property": "init", "value": "device does not exist", "qualifier": {"alias": "IC143Panel:945", "code": "missing device"}}
2026-03-06 11:32:31 ERROR root remotelib error:IC142Panel:8544:{"property": "init", "value": "device does not exist", "qualifier": {"alias": "IC142Panel:8544", "code": "missing device"}}
2026-03-06 11:32:31 ERROR root remotelib error:HallPanel:8523:{"property": "init", "value": "device does not exist", "qualifier": {"alias": "HallPanel:8523", "code": "missing device"}}
2026-03-06 11:32:31 ERROR root remotelib error:LobbyPanel:8506:{"property": "init", "value": "device does not exist", "qualifier": {"alias": "LobbyPanel:8506", "code": "missing device"}}
2026-03-06 11:32:31 ERROR root remotelib error:BreakRmPanel:8534:{"property": "init", "value": "device does not exist", "qualifier": {"alias": "BreakRmPanel:8534", "code": "missing device"}}
2026-03-06 11:32:31 ERROR root remotelib error:LobbyPanel:8511:{"property": "init", "value": "device does not exist", "qualifier": {"alias": "LobbyPanel:8511", "code": "missing device"}}
2026-03-06 11:32:31 ERROR root remotelib error:HallPanel:8524:{"property": "init", "value": "device does not exist", "qualifier": {"alias": "HallPanel:8524", "code": "missing device"}}
2026-03-06 11:32:31 ERROR root remotelib error:BWDPanel:8504:{"property": "init", "value": "device does not exist", "qualifier": {"alias": "BWDPanel:8504", "code": "missing device"}}
2026-03-06 11:32:31 ERROR root remotelib error:IC143Panel:943:{"property": "init", "value": "device does not exist", "qualifier": {"alias": "IC143Panel:943", "code": "missing device"}}
2026-03-06 11:32:31 ERROR root remotelib error:LobbyPanel:8512:{"property": "init", "value": "device does not exist", "qualifier": {"alias": "LobbyPanel:8512", "code": "missing device"}}
2026-03-06 11:32:31 ERROR root remotelib error:HallPanel:8525:{"property": "init", "value": "device does not exist", "qualifier": {"alias": "HallPanel:8525", "code": "missing device"}}
2026-03-06 11:32:31 ERROR root remotelib error:BreakRmPanel:8536:{"property": "init", "value": "device does not exist", "qualifier": {"alias": "BreakRmPanel:8536", "code": "missing device"}}
2026-03-06 11:32:31 ERROR root remotelib error:HallPanel:8526:{"property": "init", "value": "device does not exist", "qualifier": {"alias": "HallPanel:8526", "code": "missing device"}}
2026-03-06 11:32:31 ERROR root remotelib error:BreakRmPanel:8541:{"property": "init", "value": "device does not exist", "qualifier": {"alias": "BreakRmPanel:8541", "code": "missing device"}}
2026-03-06 11:32:31 ERROR root remotelib error:LobbyPanel:8513:{"property": "init", "value": "device does not exist", "qualifier": {"alias": "LobbyPanel:8513", "code": "missing device"}}
2026-03-06 11:32:31 ERROR root remotelib error:IC144Panel:8532:{"property": "init", "value": "device does not exist", "qualifier": {"alias": "IC144Panel:8532", "code": "missing device"}}
2026-03-06 11:32:31 ERROR root remotelib error:IC144Panel:8525:{"property": "init", "value": "device does not exist", "qualifier": {"alias": "IC144Panel:8525", "code": "missing device"}}
2026-03-06 11:32:31 ERROR root remotelib error:BWDPanel:8505:{"property": "init", "value": "device does not exist", "qualifier": {"alias": "BWDPanel:8505", "code": "missing device"}}
2026-03-06 11:32:31 ERROR root remotelib error:IC144Panel:8526:{"property": "init", "value": "device does not exist", "qualifier": {"alias": "IC144Panel:8526", "code": "missing device"}}
2026-03-06 11:32:31 ERROR root remotelib error:BreakRmPanel:8542:{"property": "init", "value": "device does not exist", "qualifier": {"alias": "BreakRmPanel:8542", "code": "missing device"}}
2026-03-06 11:32:31 ERROR root remotelib error:IC142Panel:8545:{"property": "init", "value": "device does not exist", "qualifier": {"alias": "IC142Panel:8545", "code": "missing device"}}
2026-03-06 11:32:31 ERROR root remotelib error:BWDPanel:8506:{"property": "init", "value": "device does not exist", "qualifier": {"alias": "BWDPanel:8506", "code": "missing device"}}
2026-03-06 11:32:31 ERROR root remotelib error:IC142Panel:8546:{"property": "init", "value": "device does not exist", "qualifier": {"alias": "IC142Panel:8546", "code": "missing device"}}
2026-03-06 11:32:31 ERROR root remotelib error:HallPanel:8531:{"property": "init", "value": "device does not exist", "qualifier": {"alias": "HallPanel:8531", "code": "missing device"}}
2026-03-06 11:32:31 ERROR root remotelib error:BreakRmPanel:8543:{"property": "init", "value": "device does not exist", "qualifier": {"alias": "BreakRmPanel:8543", "code": "missing device"}}
2026-03-06 11:32:31 ERROR root remotelib error:IC144Panel:8531:{"property": "init", "value": "device does not exist", "qualifier": {"alias": "IC144Panel:8531", "code": "missing device"}}
2026-03-06 11:32:31 ERROR root remotelib error:LobbyPanel:8514:{"property": "init", "value": "device does not exist", "qualifier": {"alias": "LobbyPanel:8514", "code": "missing device"}}
2026-03-06 11:32:31 ERROR root remotelib error:BWDPanel:8511:{"property": "init", "value": "device does not exist", "qualifier": {"alias": "BWDPanel:8511", "code": "missing device"}}
2026-03-06 11:32:31 ERROR root remotelib error:HallPanel:8532:{"property": "init", "value": "device does not exist", "qualifier": {"alias": "HallPanel:8532", "code": "missing device"}}
2026-03-06 11:32:31 ERROR root remotelib error:HallPanel:8533:{"property": "init", "value": "device does not exist", "qualifier": {"alias": "HallPanel:8533", "code": "missing device"}}
2026-03-06 11:32:31 ERROR root remotelib error:BreakRmPanel:8545:{"property": "init", "value": "device does not exist", "qualifier": {"alias": "BreakRmPanel:8545", "code": "missing device"}}
2026-03-06 11:32:31 ERROR root remotelib error:IC144Panel:8534:{"property": "init", "value": "device does not exist", "qualifier": {"alias": "IC144Panel:8534", "code": "missing device"}}
2026-03-06 11:32:31 ERROR root remotelib error:BWDPanel:8512:{"property": "init", "value": "device does not exist", "qualifier": {"alias": "BWDPanel:8512", "code": "missing device"}}
2026-03-06 11:32:31 ERROR root remotelib error:IC142Panel:944:{"property": "init", "value": "device does not exist", "qualifier": {"alias": "IC142Panel:944", "code": "missing device"}}
2026-03-06 11:32:31 ERROR root remotelib error:HallPanel:8534:{"property": "init", "value": "device does not exist", "qualifier": {"alias": "HallPanel:8534", "code": "missing device"}}
2026-03-06 11:32:31 ERROR root remotelib error:IC144Panel:8533:{"property": "init", "value": "device does not exist", "qualifier": {"alias": "IC144Panel:8533", "code": "missing device"}}
2026-03-06 11:32:31 ERROR root remotelib error:BreakRmPanel:8544:{"property": "init", "value": "device does not exist", "qualifier": {"alias": "BreakRmPanel:8544", "code": "missing device"}}
2026-03-06 11:32:31 ERROR root remotelib error:LobbyPanel:8515:{"property": "init", "value": "device does not exist", "qualifier": {"alias": "LobbyPanel:8515", "code": "missing device"}}
2026-03-06 11:32:31 ERROR root remotelib error:BreakRmPanel:8546:{"property": "init", "value": "device does not exist", "qualifier": {"alias": "BreakRmPanel:8546", "code": "missing device"}}
2026-03-06 11:32:31 ERROR root remotelib error:BWDPanel:8513:{"property": "init", "value": "device does not exist", "qualifier": {"alias": "BWDPanel:8513", "code": "missing device"}}
2026-03-06 11:32:31 ERROR root remotelib error:HallPanel:8535:{"property": "init", "value": "device does not exist", "qualifier": {"alias": "HallPanel:8535", "code": "missing device"}}
2026-03-06 11:32:31 ERROR root remotelib error:IC144Panel:8535:{"property": "init", "value": "device does not exist", "qualifier": {"alias": "IC144Panel:8535", "code": "missing device"}}
2026-03-06 11:32:31 ERROR root remotelib error:IC144Panel:8536:{"property": "init", "value": "device does not exist", "qualifier": {"alias": "IC144Panel:8536", "code": "missing device"}}
2026-03-06 11:32:31 ERROR root remotelib error:BWDPanel:8514:{"property": "init", "value": "device does not exist", "qualifier": {"alias": "BWDPanel:8514", "code": "missing device"}}
2026-03-06 11:32:31 ERROR root remotelib error:HallPanel:8536:{"property": "init", "value": "device does not exist", "qualifier": {"alias": "HallPanel:8536", "code": "missing device"}}
2026-03-06 11:32:31 ERROR root remotelib error:BWDPanel:8515:{"property": "init", "value": "device does not exist", "qualifier": {"alias": "BWDPanel:8515", "code": "missing device"}}
2026-03-06 11:32:31 ERROR root remotelib error:IC142Panel:943:{"property": "init", "value": "device does not exist", "qualifier": {"alias": "IC142Panel:943", "code": "missing device"}}
2026-03-06 11:32:31 ERROR root remotelib error:HallPanel:8541:{"property": "init", "value": "device does not exist", "qualifier": {"alias": "HallPanel:8541", "code": "missing device"}}
2026-03-06 11:32:31 ERROR root remotelib error:IC142Panel:945:{"property": "init", "value": "device does not exist", "qualifier": {"alias": "IC142Panel:945", "code": "missing device"}}
2026-03-06 11:32:31 ERROR root remotelib error:LobbyPanel:8516:{"property": "init", "value": "device does not exist", "qualifier": {"alias": "LobbyPanel:8516", "code": "missing device"}}
2026-03-06 11:32:31 ERROR root remotelib error:LobbyPanel:8521:{"property": "init", "value": "device does not exist", "qualifier": {"alias": "LobbyPanel:8521", "code": "missing device"}}
2026-03-06 11:32:31 ERROR root remotelib error:IC144Panel:8541:{"property": "init", "value": "device does not exist", "qualifier": {"alias": "IC144Panel:8541", "code": "missing device"}}
2026-03-06 11:32:31 ERROR root remotelib error:IC144Panel:8542:{"property": "init", "value": "device does not exist", "qualifier": {"alias": "IC144Panel:8542", "code": "missing device"}}
2026-03-06 11:32:31 ERROR root remotelib error:HallPanel:8542:{"property": "init", "value": "device does not exist", "qualifier": {"alias": "HallPanel:8542", "code": "missing device"}}
2026-03-06 11:32:31 ERROR root remotelib error:LobbyPanel:8523:{"property": "init", "value": "device does not exist", "qualifier": {"alias": "LobbyPanel:8523", "code": "missing device"}}
2026-03-06 11:32:31 ERROR root remotelib error:HallPanel:8543:{"property": "init", "value": "device does not exist", "qualifier": {"alias": "HallPanel:8543", "code": "missing device"}}
2026-03-06 11:32:31 ERROR root remotelib error:HallPanel:8544:{"property": "init", "value": "device does not exist", "qualifier": {"alias": "HallPanel:8544", "code": "missing device"}}
2026-03-06 11:32:31 ERROR root remotelib error:BWDPanel:8516:{"property": "init", "value": "device does not exist", "qualifier": {"alias": "BWDPanel:8516", "code": "missing device"}}
2026-03-06 11:32:31 ERROR root remotelib error:LobbyPanel:8522:{"property": "init", "value": "device does not exist", "qualifier": {"alias": "LobbyPanel:8522", "code": "missing device"}}
2026-03-06 11:32:31 ERROR root remotelib error:BreakRmPanel:945:{"property": "init", "value": "device does not exist", "qualifier": {"alias": "BreakRmPanel:945", "code": "missing device"}}
2026-03-06 11:32:31 ERROR root remotelib error:BreakRmPanel:944:{"property": "init", "value": "device does not exist", "qualifier": {"alias": "BreakRmPanel:944", "code": "missing device"}}
2026-03-06 11:32:31 ERROR root remotelib error:LobbyPanel:8524:{"property": "init", "value": "device does not exist", "qualifier": {"alias": "LobbyPanel:8524", "code": "missing device"}}
2026-03-06 11:32:31 ERROR root remotelib error:HallPanel:8545:{"property": "init", "value": "device does not exist", "qualifier": {"alias": "HallPanel:8545", "code": "missing device"}}
2026-03-06 11:32:31 ERROR root remotelib error:IC144Panel:8543:{"property": "init", "value": "device does not exist", "qualifier": {"alias": "IC144Panel:8543", "code": "missing device"}}
2026-03-06 11:32:31 ERROR root remotelib error:BWDPanel:8521:{"property": "init", "value": "device does not exist", "qualifier": {"alias": "BWDPanel:8521", "code": "missing device"}}
2026-03-06 11:32:31 ERROR root remotelib error:BreakRmPanel:943:{"property": "init", "value": "device does not exist", "qualifier": {"alias": "BreakRmPanel:943", "code": "missing device"}}
2026-03-06 11:32:31 ERROR root remotelib error:IC144Panel:8544:{"property": "init", "value": "device does not exist", "qualifier": {"alias": "IC144Panel:8544", "code": "missing device"}}
2026-03-06 11:32:31 ERROR root remotelib error:HallPanel:8546:{"property": "init", "value": "device does not exist", "qualifier": {"alias": "HallPanel:8546", "code": "missing device"}}
2026-03-06 11:32:31 ERROR root remotelib error:LobbyPanel:8525:{"property": "init", "value": "device does not exist", "qualifier": {"alias": "LobbyPanel:8525", "code": "missing device"}}
2026-03-06 11:32:31 ERROR root remotelib error:BWDPanel:8522:{"property": "init", "value": "device does not exist", "qualifier": {"alias": "BWDPanel:8522", "code": "missing device"}}
2026-03-06 11:32:31 ERROR root remotelib error:IC144Panel:8546:{"property": "init", "value": "device does not exist", "qualifier": {"alias": "IC144Panel:8546", "code": "missing device"}}
2026-03-06 11:32:31 ERROR root remotelib error:IC144Panel:8545:{"property": "init", "value": "device does not exist", "qualifier": {"alias": "IC144Panel:8545", "code": "missing device"}}
2026-03-06 11:32:31 ERROR root remotelib error:LobbyPanel:8526:{"property": "init", "value": "device does not exist", "qualifier": {"alias": "LobbyPanel:8526", "code": "missing device"}}
2026-03-06 11:32:31 ERROR root remotelib error:BWDPanel:8523:{"property": "init", "value": "device does not exist", "qualifier": {"alias": "BWDPanel:8523", "code": "missing device"}}
2026-03-06 11:32:31 ERROR root remotelib error:BWDPanel:8524:{"property": "init", "value": "device does not exist", "qualifier": {"alias": "BWDPanel:8524", "code": "missing device"}}
2026-03-06 11:32:31 ERROR root remotelib error:LobbyPanel:8531:{"property": "init", "value": "device does not exist", "qualifier": {"alias": "LobbyPanel:8531", "code": "missing device"}}
2026-03-06 11:32:31 ERROR root remotelib error:HallPanel:944:{"property": "init", "value": "device does not exist", "qualifier": {"alias": "HallPanel:944", "code": "missing device"}}
2026-03-06 11:32:31 ERROR root remotelib error:BWDPanel:8525:{"property": "init", "value": "device does not exist", "qualifier": {"alias": "BWDPanel:8525", "code": "missing device"}}
2026-03-06 11:32:31 ERROR root remotelib error:LobbyPanel:8532:{"property": "init", "value": "device does not exist", "qualifier": {"alias": "LobbyPanel:8532", "code": "missing device"}}
2026-03-06 11:32:31 ERROR root remotelib error:HallPanel:945:{"property": "init", "value": "device does not exist", "qualifier": {"alias": "HallPanel:945", "code": "missing device"}}
2026-03-06 11:32:31 ERROR root remotelib error:BWDPanel:8526:{"property": "init", "value": "device does not exist", "qualifier": {"alias": "BWDPanel:8526", "code": "missing device"}}
2026-03-06 11:32:31 ERROR root remotelib error:LobbyPanel:8533:{"property": "init", "value": "device does not exist", "qualifier": {"alias": "LobbyPanel:8533", "code": "missing device"}}
2026-03-06 11:32:31 ERROR root remotelib error:IC144Panel:944:{"property": "init", "value": "device does not exist", "qualifier": {"alias": "IC144Panel:944", "code": "missing device"}}
2026-03-06 11:32:31 ERROR root remotelib error:BWDPanel:8531:{"property": "init", "value": "device does not exist", "qualifier": {"alias": "BWDPanel:8531", "code": "missing device"}}
2026-03-06 11:32:31 ERROR root remotelib error:IC144Panel:945:{"property": "init", "value": "device does not exist", "qualifier": {"alias": "IC144Panel:945", "code": "missing device"}}
2026-03-06 11:32:31 ERROR root remotelib error:LobbyPanel:8534:{"property": "init", "value": "device does not exist", "qualifier": {"alias": "LobbyPanel:8534", "code": "missing device"}}
2026-03-06 11:32:31 ERROR root remotelib error:HallPanel:943:{"property": "init", "value": "device does not exist", "qualifier": {"alias": "HallPanel:943", "code": "missing device"}}
2026-03-06 11:32:31 ERROR root remotelib error:IC144Panel:943:{"property": "init", "value": "device does not exist", "qualifier": {"alias": "IC144Panel:943", "code": "missing device"}}
2026-03-06 11:32:31 ERROR root remotelib error:LobbyPanel:8535:{"property": "init", "value": "device does not exist", "qualifier": {"alias": "LobbyPanel:8535", "code": "missing device"}}
2026-03-06 11:32:31 ERROR root remotelib error:BWDPanel:8532:{"property": "init", "value": "device does not exist", "qualifier": {"alias": "BWDPanel:8532", "code": "missing device"}}
2026-03-06 11:32:31 ERROR root remotelib error:LobbyPanel:8536:{"property": "init", "value": "device does not exist", "qualifier": {"alias": "LobbyPanel:8536", "code": "missing device"}}
2026-03-06 11:32:31 ERROR root remotelib error:BWDPanel:8533:{"property": "init", "value": "device does not exist", "qualifier": {"alias": "BWDPanel:8533", "code": "missing device"}}
2026-03-06 11:32:31 ERROR root remotelib error:LobbyPanel:8541:{"property": "init", "value": "device does not exist", "qualifier": {"alias": "LobbyPanel:8541", "code": "missing device"}}
2026-03-06 11:32:31 ERROR root remotelib error:BWDPanel:8534:{"property": "init", "value": "device does not exist", "qualifier": {"alias": "BWDPanel:8534", "code": "missing device"}}
2026-03-06 11:32:31 ERROR root remotelib error:BWDPanel:8535:{"property": "init", "value": "device does not exist", "qualifier": {"alias": "BWDPanel:8535", "code": "missing device"}}
2026-03-06 11:32:32 ERROR root remotelib error:LobbyPanel:8542:{"property": "init", "value": "device does not exist", "qualifier": {"alias": "LobbyPanel:8542", "code": "missing device"}}
2026-03-06 11:32:32 ERROR root remotelib error:LobbyPanel:8543:{"property": "init", "value": "device does not exist", "qualifier": {"alias": "LobbyPanel:8543", "code": "missing device"}}
2026-03-06 11:32:32 ERROR root remotelib error:BWDPanel:8536:{"property": "init", "value": "device does not exist", "qualifier": {"alias": "BWDPanel:8536", "code": "missing device"}}
2026-03-06 11:32:32 ERROR root remotelib error:LobbyPanel:8544:{"property": "init", "value": "device does not exist", "qualifier": {"alias": "LobbyPanel:8544", "code": "missing device"}}
2026-03-06 11:32:32 ERROR root remotelib error:LobbyPanel:8545:{"property": "init", "value": "device does not exist", "qualifier": {"alias": "LobbyPanel:8545", "code": "missing device"}}
2026-03-06 11:32:32 ERROR root remotelib error:BWDPanel:8541:{"property": "init", "value": "device does not exist", "qualifier": {"alias": "BWDPanel:8541", "code": "missing device"}}
2026-03-06 11:32:32 ERROR root remotelib error:LobbyPanel:8546:{"property": "init", "value": "device does not exist", "qualifier": {"alias": "LobbyPanel:8546", "code": "missing device"}}
2026-03-06 11:32:32 ERROR root remotelib error:BWDPanel:8542:{"property": "init", "value": "device does not exist", "qualifier": {"alias": "BWDPanel:8542", "code": "missing device"}}
2026-03-06 11:32:32 ERROR root remotelib error:BWDPanel:8543:{"property": "init", "value": "device does not exist", "qualifier": {"alias": "BWDPanel:8543", "code": "missing device"}}
2026-03-06 11:32:32 ERROR root remotelib error:LobbyPanel:944:{"property": "init", "value": "device does not exist", "qualifier": {"alias": "LobbyPanel:944", "code": "missing device"}}
2026-03-06 11:32:32 ERROR root remotelib error:BWDPanel:8544:{"property": "init", "value": "device does not exist", "qualifier": {"alias": "BWDPanel:8544", "code": "missing device"}}
2026-03-06 11:32:32 ERROR root remotelib error:LobbyPanel:945:{"property": "init", "value": "device does not exist", "qualifier": {"alias": "LobbyPanel:945", "code": "missing device"}}
2026-03-06 11:32:32 ERROR root remotelib error:LobbyPanel:943:{"property": "init", "value": "device does not exist", "qualifier": {"alias": "LobbyPanel:943", "code": "missing device"}}
2026-03-06 11:32:32 ERROR root remotelib error:BWDPanel:8545:{"property": "init", "value": "device does not exist", "qualifier": {"alias": "BWDPanel:8545", "code": "missing device"}}
2026-03-06 11:32:32 ERROR root remotelib error:BWDPanel:8546:{"property": "init", "value": "device does not exist", "qualifier": {"alias": "BWDPanel:8546", "code": "missing device"}}
2026-03-06 11:32:32 ERROR root remotelib error:BWDPanel:944:{"property": "init", "value": "device does not exist", "qualifier": {"alias": "BWDPanel:944", "code": "missing device"}}
2026-03-06 11:32:32 ERROR root remotelib error:BWDPanel:945:{"property": "init", "value": "device does not exist", "qualifier": {"alias": "BWDPanel:945", "code": "missing device"}}
2026-03-06 11:32:34 ERROR root SerialInterface spd5:COM1SendAndWait: Port COM1 not open
2026-03-06 11:32:34 ERROR root SerialInterface spd1:COM1SendAndWait: Port COM1 not open
2026-03-06 11:32:34 ERROR root SerialInterface spd4:COM1SendAndWait: Port COM1 not open
2026-03-06 11:32:34 ERROR root SerialInterface spd3:COM1SendAndWait: Port COM1 not open
2026-03-06 11:32:34 ERROR root SerialInterface spd6:COM1SendAndWait: Port COM1 not open
2026-03-06 11:32:34 ERROR root SerialInterface spd2:COM1SendAndWait: Port COM1 not open
2026-03-06 11:32:34 ERROR root Debug Server restarted:Listening
2026-03-06 11:32:37 ERROR root Debug Server restarted:Listening
2026-03-06 11:32:44 ERROR root SerialInterface spd5:COM1SendAndWait: Port COM1 not open
2026-03-06 11:32:44 ERROR root SerialInterface spd4:COM1SendAndWait: Port COM1 not open
2026-03-06 11:32:44 ERROR root SerialInterface spd1:COM1SendAndWait: Port COM1 not open
2026-03-06 11:32:44 ERROR root SerialInterface spd3:COM1SendAndWait: Port COM1 not open
2026-03-06 11:32:44 ERROR root SerialInterface spd2:COM1SendAndWait: Port COM1 not open
2026-03-06 11:32:44 ERROR root SerialInterface spd6:COM1SendAndWait: Port COM1 not open
2026-03-06 11:32:58 ERROR root SerialInterface spd4:COM1SendAndWait: Port COM1 not open
2026-03-06 11:32:58 ERROR root SerialInterface spd5:COM1SendAndWait: Port COM1 not open
2026-03-06 11:32:58 ERROR root SerialInterface spd1:COM1SendAndWait: Port COM1 not open
2026-03-06 11:32:58 ERROR root SerialInterface spd3:COM1SendAndWait: Port COM1 not open
2026-03-06 11:32:58 ERROR root SerialInterface spd2:COM1SendAndWait: Port COM1 not open
2026-03-06 11:32:58 ERROR root SerialInterface spd6:COM1SendAndWait: Port COM1 not open
2026-03-06 11:33:07 ERROR root Debug Server restarted:Listening
2026-03-06 11:33:09 ERROR root SerialInterface spd3:COM1SendAndWait: Port COM1 not open
2026-03-06 11:33:09 ERROR root SerialInterface spd1:COM1SendAndWait: Port COM1 not open
2026-03-06 11:33:09 ERROR root SerialInterface spd5:COM1SendAndWait: Port COM1 not open
2026-03-06 11:33:09 ERROR root SerialInterface spd2:COM1SendAndWait: Port COM1 not open
2026-03-06 11:33:09 ERROR root SerialInterface spd4:COM1SendAndWait: Port COM1 not open
2026-03-06 11:33:09 ERROR root SerialInterface spd6:COM1SendAndWait: Port COM1 not open
2026-03-06 11:33:19 ERROR root SerialInterface spd3:COM1SendAndWait: Port COM1 not open
2026-03-06 11:33:19 ERROR root SerialInterface spd1:COM1SendAndWait: Port COM1 not open
2026-03-06 11:33:19 ERROR root SerialInterface spd4:COM1SendAndWait: Port COM1 not open
2026-03-06 11:33:19 ERROR root SerialInterface spd5:COM1SendAndWait: Port COM1 not open
2026-03-06 11:33:19 ERROR root SerialInterface spd2:COM1SendAndWait: Port COM1 not open
2026-03-06 11:33:19 ERROR root SerialInterface spd6:COM1SendAndWait: Port COM1 not open
2026-03-06 11:33:29 ERROR root SerialInterface spd3:COM1SendAndWait: Port COM1 not open
2026-03-06 11:33:29 ERROR root SerialInterface spd1:COM1SendAndWait: Port COM1 not open
2026-03-06 11:33:29 ERROR root SerialInterface spd5:COM1SendAndWait: Port COM1 not open
2026-03-06 11:33:29 ERROR root SerialInterface spd4:COM1SendAndWait: Port COM1 not open
2026-03-06 11:33:29 ERROR root SerialInterface spd2:COM1SendAndWait: Port COM1 not open
2026-03-06 11:33:29 ERROR root SerialInterface spd6:COM1SendAndWait: Port COM1 not open
2026-03-06 11:33:31 INFO root Device 22-0 VTLP sync handling began
2026-03-06 11:33:31 INFO root Device 22-0 VTLP sync handling ended
2026-03-06 11:33:31 ERROR root Control ID 0 not defined
2026-03-06 11:33:38 ERROR root Debug Server restarted:Listening
2026-03-06 11:33:39 ERROR root SerialInterface spd3:COM1SendAndWait: Port COM1 not open
2026-03-06 11:33:39 ERROR root SerialInterface spd1:COM1SendAndWait: Port COM1 not open
2026-03-06 11:33:39 ERROR root SerialInterface spd5:COM1SendAndWait: Port COM1 not open
2026-03-06 11:33:39 ERROR root SerialInterface spd4:COM1SendAndWait: Port COM1 not open
2026-03-06 11:33:39 ERROR root SerialInterface spd2:COM1SendAndWait: Port COM1 not open
2026-03-06 11:33:39 ERROR root SerialInterface spd6:COM1SendAndWait: Port COM1 not open
2026-03-06 11:33:49 ERROR root SerialInterface spd3:COM1SendAndWait: Port COM1 not open
2026-03-06 11:33:49 ERROR root SerialInterface spd1:COM1SendAndWait: Port COM1 not open
2026-03-06 11:33:49 ERROR root SerialInterface spd5:COM1SendAndWait: Port COM1 not open
2026-03-06 11:33:49 ERROR root SerialInterface spd4:COM1SendAndWait: Port COM1 not open
2026-03-06 11:33:49 ERROR root SerialInterface spd2:COM1SendAndWait: Port COM1 not open
2026-03-06 11:33:49 ERROR root SerialInterface spd6:COM1SendAndWait: Port COM1 not open
2026-03-06 11:33:59 ERROR root SerialInterface spd3:COM1SendAndWait: Port COM1 not open
2026-03-06 11:33:59 ERROR root SerialInterface spd1:COM1SendAndWait: Port COM1 not open
2026-03-06 11:33:59 ERROR root SerialInterface spd5:COM1SendAndWait: Port COM1 not open
2026-03-06 11:33:59 ERROR root SerialInterface spd4:COM1SendAndWait: Port COM1 not open
2026-03-06 11:34:00 ERROR root SerialInterface spd2:COM1SendAndWait: Port COM1 not open
2026-03-06 11:34:00 ERROR root SerialInterface spd6:COM1SendAndWait: Port COM1 not open
2026-03-06 11:34:08 ERROR root Debug Server restarted:Listening
2026-03-06 11:34:19 ERROR root SerialInterface spd3:COM1SendAndWait: Port COM1 not open
2026-03-06 11:34:19 ERROR root SerialInterface spd4:COM1SendAndWait: Port COM1 not open
2026-03-06 11:34:19 ERROR root SerialInterface spd5:COM1SendAndWait: Port COM1 not open
2026-03-06 11:34:19 ERROR root SerialInterface spd1:COM1SendAndWait: Port COM1 not open
2026-03-06 11:34:19 ERROR root SerialInterface spd6:COM1SendAndWait: Port COM1 not open
2026-03-06 11:34:19 ERROR root SerialInterface spd2:COM1SendAndWait: Port COM1 not open
2026-03-06 11:34:30 ERROR root SerialInterface spd6:COM1SendAndWait: Port COM1 not open
2026-03-06 11:34:30 ERROR root SerialInterface spd4:COM1SendAndWait: Port COM1 not open
2026-03-06 11:34:30 ERROR root SerialInterface spd5:COM1SendAndWait: Port COM1 not open
2026-03-06 11:34:30 ERROR root SerialInterface spd3:COM1SendAndWait: Port COM1 not open
2026-03-06 11:34:30 ERROR root SerialInterface spd1:COM1SendAndWait: Port COM1 not open
2026-03-06 11:34:30 ERROR root SerialInterface spd2:COM1SendAndWait: Port COM1 not open
2026-03-06 11:34:38 ERROR root Debug Server restarted:Listening
2026-03-06 11:34:40 ERROR root SerialInterface spd6:COM1SendAndWait: Port COM1 not open
2026-03-06 11:34:40 ERROR root SerialInterface spd5:COM1SendAndWait: Port COM1 not open
2026-03-06 11:34:40 ERROR root SerialInterface spd1:COM1SendAndWait: Port COM1 not open
2026-03-06 11:34:40 ERROR root SerialInterface spd4:COM1SendAndWait: Port COM1 not open
2026-03-06 11:34:40 ERROR root SerialInterface spd3:COM1SendAndWait: Port COM1 not open
2026-03-06 11:34:40 ERROR root SerialInterface spd2:COM1SendAndWait: Port COM1 not open
2026-03-06 11:34:50 ERROR root SerialInterface spd6:COM1SendAndWait: Port COM1 not open
2026-03-06 11:34:50 ERROR root SerialInterface spd5:COM1SendAndWait: Port COM1 not open
2026-03-06 11:34:50 ERROR root SerialInterface spd1:COM1SendAndWait: Port COM1 not open
2026-03-06 11:34:50 ERROR root SerialInterface spd4:COM1SendAndWait: Port COM1 not open
2026-03-06 11:34:50 ERROR root SerialInterface spd3:COM1SendAndWait: Port COM1 not open
2026-03-06 11:34:50 ERROR root SerialInterface spd2:COM1SendAndWait: Port COM1 not open
2026-03-06 11:35:00 ERROR root SerialInterface spd6:COM1SendAndWait: Port COM1 not open
2026-03-06 11:35:00 ERROR root SerialInterface spd5:COM1SendAndWait: Port COM1 not open
2026-03-06 11:35:01 ERROR root SerialInterface spd1:COM1SendAndWait: Port COM1 not open
2026-03-06 11:35:01 ERROR root SerialInterface spd4:COM1SendAndWait: Port COM1 not open
2026-03-06 11:35:01 ERROR root SerialInterface spd3:COM1SendAndWait: Port COM1 not open
2026-03-06 11:35:01 ERROR root SerialInterface spd2:COM1SendAndWait: Port COM1 not open
2026-03-06 11:35:08 ERROR root Debug Server restarted:Listening
2026-03-06 11:35:11 ERROR root SerialInterface spd6:COM1SendAndWait: Port COM1 not open
2026-03-06 11:35:11 ERROR root SerialInterface spd5:COM1SendAndWait: Port COM1 not open
2026-03-06 11:35:11 ERROR root SerialInterface spd1:COM1SendAndWait: Port COM1 not open
2026-03-06 11:35:11 ERROR root SerialInterface spd4:COM1SendAndWait: Port COM1 not open
2026-03-06 11:35:11 ERROR root SerialInterface spd3:COM1SendAndWait: Port COM1 not open
2026-03-06 11:35:11 ERROR root SerialInterface spd2:COM1SendAndWait: Port COM1 not open
2026-03-06 11:35:21 ERROR root SerialInterface spd6:COM1SendAndWait: Port COM1 not open
2026-03-06 11:35:21 ERROR root SerialInterface spd5:COM1SendAndWait: Port COM1 not open
2026-03-06 11:35:21 ERROR root SerialInterface spd1:COM1SendAndWait: Port COM1 not open
2026-03-06 11:35:21 ERROR root SerialInterface spd4:COM1SendAndWait: Port COM1 not open
2026-03-06 11:35:21 ERROR root SerialInterface spd3:COM1SendAndWait: Port COM1 not open
2026-03-06 11:35:21 ERROR root SerialInterface spd2:COM1SendAndWait: Port COM1 not open
