2026-03-05 15:09:31 INFO root Start primary API version 1.8.21
2026-03-05 15:09:31 INFO root loading script: main
2026-03-05 15:09:32 ERROR root [Errno 99] Cannot assign requested address
2026-03-05 15:09:33 INFO root successfully loaded script: main
2026-03-05 15:10:03 ERROR root [Errno 99] Cannot assign requested address
2026-03-05 15:10:03 INFO root Error Starting Remote Server:InterfaceUnavailable: AVLAN
2026-03-05 15:12:38 ERROR root remotelib error:IC142Panel:50000:{"property": "init", "value": "device does not exist", "qualifier": {"alias": "IC142Panel:50000", "code": "missing device"}}
2026-03-05 15:12:38 ERROR root remotelib error:IC142Panel:50001:{"property": "init", "value": "device does not exist", "qualifier": {"alias": "IC142Panel:50001", "code": "missing device"}}
2026-03-05 15:12:38 ERROR root remotelib error:IC142Panel:50000:{"property": "init", "value": "device does not exist", "qualifier": {"alias": "IC142Panel:50000", "code": "missing device"}}
2026-03-05 15:12:38 ERROR root remotelib error:IC142Panel:50001:{"property": "init", "value": "device does not exist", "qualifier": {"alias": "IC142Panel:50001", "code": "missing device"}}
2026-03-05 15:12:52 ERROR root Debug Server restarted:Listening
2026-03-05 15:12:54 ERROR root remotelib error:IC143Panel:50000:{"property": "init", "value": "device does not exist", "qualifier": {"alias": "IC143Panel:50000", "code": "missing device"}}
2026-03-05 15:12:54 ERROR root remotelib error:IC143Panel:50001:{"property": "init", "value": "device does not exist", "qualifier": {"alias": "IC143Panel:50001", "code": "missing device"}}
2026-03-05 15:12:54 ERROR root remotelib error:IC143Panel:50000:{"property": "init", "value": "device does not exist", "qualifier": {"alias": "IC143Panel:50000", "code": "missing device"}}
2026-03-05 15:12:54 ERROR root remotelib error:IC143Panel:50001:{"property": "init", "value": "device does not exist", "qualifier": {"alias": "IC143Panel:50001", "code": "missing device"}}
2026-03-05 15:13:07 INFO root Device 16-0 VTLP sync handling began
2026-03-05 15:13:07 INFO root Device 16-0 VTLP sync handling ended
2026-03-05 15:13:07 INFO root Device 17-0 VTLP sync handling began
2026-03-05 15:13:07 INFO root Device 16-0 VTLP sync handling began
2026-03-05 15:13:07 INFO root Device 17-0 VTLP sync handling ended
2026-03-05 15:13:07 INFO root Device 16-0 VTLP sync handling ended
2026-03-05 15:13:07 INFO root Device 17-0 VTLP sync handling began
2026-03-05 15:13:07 INFO root Device 18-0 VTLP sync handling began
2026-03-05 15:13:07 INFO root Device 16-0 VTLP sync handling began
2026-03-05 15:13:07 INFO root Device 18-0 VTLP sync handling ended
2026-03-05 15:13:07 INFO root Device 16-0 VTLP sync handling ended
2026-03-05 15:13:07 INFO root Device 17-0 VTLP sync handling ended
2026-03-05 15:13:07 INFO root Device 16-0 VTLP sync handling began
2026-03-05 15:13:07 INFO root Device 18-0 VTLP sync handling began
2026-03-05 15:13:07 INFO root Device 17-0 VTLP sync handling began
2026-03-05 15:13:07 INFO root Device 18-0 VTLP sync handling ended
2026-03-05 15:13:07 INFO root Device 16-0 VTLP sync handling ended
2026-03-05 15:13:07 INFO root Device 18-0 VTLP sync handling began
2026-03-05 15:13:07 INFO root Device 17-0 VTLP sync handling ended
2026-03-05 15:13:07 INFO root Device 18-0 VTLP sync handling ended
2026-03-05 15:13:07 INFO root Device 17-0 VTLP sync handling began
2026-03-05 15:13:07 INFO root Device 18-0 VTLP sync handling began
2026-03-05 15:13:07 INFO root Device 17-0 VTLP sync handling ended
2026-03-05 15:13:07 INFO root Device 18-0 VTLP sync handling ended
2026-03-05 15:13:07 INFO root Device 17-0 VTLP sync handling began
2026-03-05 15:13:07 INFO root Device 17-0 VTLP sync handling ended
2026-03-05 15:13:07 INFO root Device 18-0 VTLP sync handling began
2026-03-05 15:13:07 INFO root Device 18-0 VTLP sync handling ended
2026-03-05 15:13:07 INFO root Device 17-0 VTLP sync handling began
2026-03-05 15:13:07 INFO root Device 17-0 VTLP sync handling ended
2026-03-05 15:13:07 INFO root Device 17-0 VTLP sync handling began
2026-03-05 15:13:07 INFO root Device 17-0 VTLP sync handling ended
2026-03-05 15:13:10 ERROR root remotelib error:IC144Panel:50000:{"property": "init", "value": "device does not exist", "qualifier": {"alias": "IC144Panel:50000", "code": "missing device"}}
2026-03-05 15:13:10 ERROR root remotelib error:IC144Panel:50001:{"property": "init", "value": "device does not exist", "qualifier": {"alias": "IC144Panel:50001", "code": "missing device"}}
2026-03-05 15:13:10 ERROR root remotelib error:IC144Panel:50000:{"property": "init", "value": "device does not exist", "qualifier": {"alias": "IC144Panel:50000", "code": "missing device"}}
2026-03-05 15:13:10 ERROR root remotelib error:IC144Panel:50001:{"property": "init", "value": "device does not exist", "qualifier": {"alias": "IC144Panel:50001", "code": "missing device"}}
2026-03-05 15:13:22 ERROR root Debug Server restarted:Listening
2026-03-05 15:13:27 ERROR root remotelib error:BreakRmPanel:50000:{"property": "init", "value": "device does not exist", "qualifier": {"alias": "BreakRmPanel:50000", "code": "missing device"}}
2026-03-05 15:13:27 ERROR root remotelib error:BreakRmPanel:50001:{"property": "init", "value": "device does not exist", "qualifier": {"alias": "BreakRmPanel:50001", "code": "missing device"}}
2026-03-05 15:13:27 ERROR root remotelib error:BreakRmPanel:50000:{"property": "init", "value": "device does not exist", "qualifier": {"alias": "BreakRmPanel:50000", "code": "missing device"}}
2026-03-05 15:13:27 ERROR root remotelib error:BreakRmPanel:50001:{"property": "init", "value": "device does not exist", "qualifier": {"alias": "BreakRmPanel:50001", "code": "missing device"}}
2026-03-05 15:13:43 ERROR root remotelib error:LobbyPanel:50000:{"property": "init", "value": "device does not exist", "qualifier": {"alias": "LobbyPanel:50000", "code": "missing device"}}
2026-03-05 15:13:43 ERROR root remotelib error:LobbyPanel:50001:{"property": "init", "value": "device does not exist", "qualifier": {"alias": "LobbyPanel:50001", "code": "missing device"}}
2026-03-05 15:13:43 ERROR root remotelib error:LobbyPanel:50000:{"property": "init", "value": "device does not exist", "qualifier": {"alias": "LobbyPanel:50000", "code": "missing device"}}
2026-03-05 15:13:43 ERROR root remotelib error:LobbyPanel:50001:{"property": "init", "value": "device does not exist", "qualifier": {"alias": "LobbyPanel:50001", "code": "missing device"}}
2026-03-05 15:13:52 ERROR root Debug Server restarted:Listening
2026-03-05 15:13:59 ERROR root remotelib error:HallPanel:50000:{"property": "init", "value": "device does not exist", "qualifier": {"alias": "HallPanel:50000", "code": "missing device"}}
2026-03-05 15:13:59 ERROR root remotelib error:HallPanel:50001:{"property": "init", "value": "device does not exist", "qualifier": {"alias": "HallPanel:50001", "code": "missing device"}}
2026-03-05 15:13:59 ERROR root remotelib error:HallPanel:50000:{"property": "init", "value": "device does not exist", "qualifier": {"alias": "HallPanel:50000", "code": "missing device"}}
2026-03-05 15:13:59 ERROR root remotelib error:HallPanel:50001:{"property": "init", "value": "device does not exist", "qualifier": {"alias": "HallPanel:50001", "code": "missing device"}}
2026-03-05 15:14:07 INFO root Device 17-0 VTLP sync handling began
2026-03-05 15:14:07 INFO root Device 17-0 VTLP sync handling ended
2026-03-05 15:14:07 INFO root Device 20-0 VTLP sync handling began
2026-03-05 15:14:07 INFO root Device 19-0 VTLP sync handling began
2026-03-05 15:14:07 INFO root Device 20-0 VTLP sync handling ended
2026-03-05 15:14:07 INFO root Device 19-0 VTLP sync handling ended
2026-03-05 15:14:07 INFO root Device 17-0 VTLP sync handling began
2026-03-05 15:14:07 INFO root Device 20-0 VTLP sync handling began
2026-03-05 15:14:07 INFO root Device 17-0 VTLP sync handling ended
2026-03-05 15:14:07 INFO root Device 16-0 VTLP sync handling began
2026-03-05 15:14:07 INFO root Device 19-0 VTLP sync handling began
2026-03-05 15:14:07 INFO root Device 20-0 VTLP sync handling ended
2026-03-05 15:14:07 INFO root Device 18-0 VTLP sync handling began
2026-03-05 15:14:07 INFO root Device 19-0 VTLP sync handling ended
2026-03-05 15:14:07 INFO root Device 16-0 VTLP sync handling ended
2026-03-05 15:14:07 INFO root Device 19-0 VTLP sync handling began
2026-03-05 15:14:07 INFO root Device 16-0 VTLP sync handling began
2026-03-05 15:14:07 INFO root Device 17-0 VTLP sync handling began
2026-03-05 15:14:07 INFO root Device 21-0 VTLP sync handling began
2026-03-05 15:14:07 INFO root Device 18-0 VTLP sync handling ended
2026-03-05 15:14:07 INFO root Device 20-0 VTLP sync handling began
2026-03-05 15:14:07 INFO root Device 16-0 VTLP sync handling ended
2026-03-05 15:14:07 INFO root Device 21-0 VTLP sync handling ended
2026-03-05 15:14:07 INFO root Device 19-0 VTLP sync handling ended
2026-03-05 15:14:07 INFO root Device 17-0 VTLP sync handling ended
2026-03-05 15:14:07 INFO root Device 20-0 VTLP sync handling ended
2026-03-05 15:14:07 INFO root Device 21-0 VTLP sync handling began
2026-03-05 15:14:07 INFO root Device 19-0 VTLP sync handling began
2026-03-05 15:14:07 INFO root Device 16-0 VTLP sync handling began
2026-03-05 15:14:07 INFO root Device 18-0 VTLP sync handling began
2026-03-05 15:14:07 INFO root Device 21-0 VTLP sync handling ended
2026-03-05 15:14:07 INFO root Device 16-0 VTLP sync handling ended
2026-03-05 15:14:07 INFO root Device 17-0 VTLP sync handling began
2026-03-05 15:14:07 INFO root Device 20-0 VTLP sync handling began
2026-03-05 15:14:07 INFO root Device 17-0 VTLP sync handling ended
2026-03-05 15:14:07 INFO root Device 20-0 VTLP sync handling ended
2026-03-05 15:14:07 INFO root Device 18-0 VTLP sync handling ended
2026-03-05 15:14:07 INFO root Device 19-0 VTLP sync handling ended
2026-03-05 15:14:07 INFO root Device 21-0 VTLP sync handling began
2026-03-05 15:14:07 INFO root Device 20-0 VTLP sync handling began
2026-03-05 15:14:07 INFO root Device 17-0 VTLP sync handling began
2026-03-05 15:14:07 INFO root Device 21-0 VTLP sync handling ended
2026-03-05 15:14:07 INFO root Device 19-0 VTLP sync handling began
2026-03-05 15:14:07 INFO root Device 18-0 VTLP sync handling began
2026-03-05 15:14:07 INFO root Device 20-0 VTLP sync handling ended
2026-03-05 15:14:07 INFO root Device 17-0 VTLP sync handling ended
2026-03-05 15:14:07 INFO root Device 18-0 VTLP sync handling ended
2026-03-05 15:14:07 INFO root Device 19-0 VTLP sync handling ended
2026-03-05 15:14:07 INFO root Device 21-0 VTLP sync handling began
2026-03-05 15:14:07 INFO root Device 17-0 VTLP sync handling began
2026-03-05 15:14:07 INFO root Device 20-0 VTLP sync handling began
2026-03-05 15:14:07 INFO root Device 19-0 VTLP sync handling began
2026-03-05 15:14:07 INFO root Device 18-0 VTLP sync handling began
2026-03-05 15:14:07 INFO root Device 20-0 VTLP sync handling ended
2026-03-05 15:14:07 INFO root Device 17-0 VTLP sync handling ended
2026-03-05 15:14:07 INFO root Device 21-0 VTLP sync handling ended
2026-03-05 15:14:07 INFO root Device 18-0 VTLP sync handling ended
2026-03-05 15:14:07 INFO root Device 19-0 VTLP sync handling ended
2026-03-05 15:14:07 INFO root Device 21-0 VTLP sync handling began
2026-03-05 15:14:07 INFO root Device 19-0 VTLP sync handling began
2026-03-05 15:14:07 INFO root Device 21-0 VTLP sync handling ended
2026-03-05 15:14:07 INFO root Device 19-0 VTLP sync handling ended
2026-03-05 15:14:16 ERROR root remotelib error:BWDPanel:50000:{"property": "init", "value": "device does not exist", "qualifier": {"alias": "BWDPanel:50000", "code": "missing device"}}
2026-03-05 15:14:16 ERROR root remotelib error:BWDPanel:50001:{"property": "init", "value": "device does not exist", "qualifier": {"alias": "BWDPanel:50001", "code": "missing device"}}
2026-03-05 15:14:16 ERROR root remotelib error:BWDPanel:50001:{"property": "init", "value": "device does not exist", "qualifier": {"alias": "BWDPanel:50001", "code": "missing device"}}
2026-03-05 15:14:16 ERROR root remotelib error:BWDPanel:50001:{"property": "init", "value": "device does not exist", "qualifier": {"alias": "BWDPanel:50001", "code": "missing device"}}
2026-03-05 15:14:16 ERROR root remotelib error:BWDPanel:50001:{"property": "init", "value": "device does not exist", "qualifier": {"alias": "BWDPanel:50001", "code": "missing device"}}
2026-03-05 15:14:22 ERROR root Debug Server restarted:Listening
2026-03-05 15:14:25 ERROR root Device 2-0 (None)  SPInterface Operable Unavailable port :AVI1 , connections status: Offline
2026-03-05 15:14:37 ERROR root SerialInterface spd1:COM1 Unavailable Port: COM1
2026-03-05 15:14:37 ERROR root SerialInterface spd1:COM1Device 3-0 (None)  Unavailable Port: COM1 , connections status Offline
2026-03-05 15:14:50 ERROR root SerialInterface spd2:COM1 Unavailable Port: COM1
2026-03-05 15:14:50 ERROR root SerialInterface spd2:COM1Device 4-0 (None)  Unavailable Port: COM1 , connections status Offline
2026-03-05 15:14:52 ERROR root Debug Server restarted:Listening
2026-03-05 15:15:02 ERROR root SerialInterface spd3:COM1 Unavailable Port: COM1
2026-03-05 15:15:02 ERROR root SerialInterface spd3:COM1Device 5-0 (None)  Unavailable Port: COM1 , connections status Offline
2026-03-05 15:15:07 INFO root Device 21-0 VTLP sync handling began
2026-03-05 15:15:07 INFO root Device 18-0 VTLP sync handling began
2026-03-05 15:15:07 INFO root Device 16-0 VTLP sync handling began
2026-03-05 15:15:07 INFO root Device 18-0 VTLP sync handling ended
2026-03-05 15:15:07 INFO root Device 21-0 VTLP sync handling ended
2026-03-05 15:15:07 INFO root Device 16-0 VTLP sync handling ended
2026-03-05 15:15:07 INFO root Device 18-0 VTLP sync handling began
2026-03-05 15:15:07 INFO root Device 20-0 VTLP sync handling began
2026-03-05 15:15:07 INFO root Device 21-0 VTLP sync handling began
2026-03-05 15:15:07 INFO root Device 20-0 VTLP sync handling ended
2026-03-05 15:15:07 INFO root Device 18-0 VTLP sync handling ended
2026-03-05 15:15:07 INFO root Device 19-0 VTLP sync handling began
2026-03-05 15:15:07 INFO root Device 20-0 VTLP sync handling began
2026-03-05 15:15:07 INFO root Device 16-0 VTLP sync handling began
2026-03-05 15:15:07 INFO root Device 18-0 VTLP sync handling began
2026-03-05 15:15:07 INFO root Device 21-0 VTLP sync handling ended
2026-03-05 15:15:07 INFO root Device 22-0 VTLP sync handling began
2026-03-05 15:15:07 INFO root Device 19-0 VTLP sync handling ended
2026-03-05 15:15:07 INFO root Device 16-0 VTLP sync handling ended
2026-03-05 15:15:07 INFO root Device 19-0 VTLP sync handling began
2026-03-05 15:15:07 INFO root Device 18-0 VTLP sync handling ended
2026-03-05 15:15:07 INFO root Device 21-0 VTLP sync handling began
2026-03-05 15:15:07 INFO root Device 20-0 VTLP sync handling ended
2026-03-05 15:15:07 INFO root Device 22-0 VTLP sync handling ended
2026-03-05 15:15:07 INFO root Device 17-0 VTLP sync handling began
2026-03-05 15:15:07 INFO root Device 19-0 VTLP sync handling ended
2026-03-05 15:15:07 INFO root Device 18-0 VTLP sync handling began
2026-03-05 15:15:07 INFO root Device 17-0 VTLP sync handling ended
2026-03-05 15:15:07 INFO root Device 21-0 VTLP sync handling ended
2026-03-05 15:15:07 INFO root Device 16-0 VTLP sync handling began
2026-03-05 15:15:07 INFO root Device 20-0 VTLP sync handling began
2026-03-05 15:15:07 INFO root Device 19-0 VTLP sync handling began
2026-03-05 15:15:07 INFO root Device 22-0 VTLP sync handling began
2026-03-05 15:15:07 INFO root Device 16-0 VTLP sync handling ended
2026-03-05 15:15:07 INFO root Device 20-0 VTLP sync handling ended
2026-03-05 15:15:07 INFO root Device 17-0 VTLP sync handling began
2026-03-05 15:15:07 INFO root Device 21-0 VTLP sync handling began
2026-03-05 15:15:07 INFO root Device 22-0 VTLP sync handling ended
2026-03-05 15:15:07 INFO root Device 19-0 VTLP sync handling ended
2026-03-05 15:15:07 INFO root Device 18-0 VTLP sync handling ended
2026-03-05 15:15:07 INFO root Device 20-0 VTLP sync handling began
2026-03-05 15:15:07 INFO root Device 22-0 VTLP sync handling began
2026-03-05 15:15:07 INFO root Device 17-0 VTLP sync handling ended
2026-03-05 15:15:07 INFO root Device 21-0 VTLP sync handling ended
2026-03-05 15:15:07 INFO root Device 20-0 VTLP sync handling ended
2026-03-05 15:15:07 INFO root Device 22-0 VTLP sync handling ended
2026-03-05 15:15:07 INFO root Device 19-0 VTLP sync handling began
2026-03-05 15:15:07 INFO root Device 17-0 VTLP sync handling began
2026-03-05 15:15:07 INFO root Device 19-0 VTLP sync handling ended
2026-03-05 15:15:07 INFO root Device 20-0 VTLP sync handling began
2026-03-05 15:15:07 INFO root Device 17-0 VTLP sync handling ended
2026-03-05 15:15:07 INFO root Device 19-0 VTLP sync handling began
2026-03-05 15:15:07 INFO root Device 17-0 VTLP sync handling began
2026-03-05 15:15:07 INFO root Device 20-0 VTLP sync handling ended
2026-03-05 15:15:07 INFO root Device 19-0 VTLP sync handling ended
2026-03-05 15:15:07 INFO root Device 17-0 VTLP sync handling ended
2026-03-05 15:15:07 INFO root Device 19-0 VTLP sync handling began
2026-03-05 15:15:07 INFO root Device 17-0 VTLP sync handling began
2026-03-05 15:15:07 INFO root Device 19-0 VTLP sync handling ended
2026-03-05 15:15:07 INFO root Device 17-0 VTLP sync handling ended
2026-03-05 15:15:07 INFO root Device 17-0 VTLP sync handling began
2026-03-05 15:15:07 INFO root Device 17-0 VTLP sync handling ended
2026-03-05 15:15:14 ERROR root SerialInterface spd4:COM1 Unavailable Port: COM1
2026-03-05 15:15:14 ERROR root SerialInterface spd4:COM1Device 6-0 (None)  Unavailable Port: COM1 , connections status Offline
2026-03-05 15:15:22 ERROR root Debug Server restarted:Listening
2026-03-05 15:15:27 ERROR root SerialInterface spd5:COM1 Unavailable Port: COM1
2026-03-05 15:15:27 ERROR root SerialInterface spd5:COM1Device 7-0 (None)  Unavailable Port: COM1 , connections status Offline
2026-03-05 15:15:39 ERROR root SerialInterface spd6:COM1 Unavailable Port: COM1
2026-03-05 15:15:39 ERROR root SerialInterface spd6:COM1Device 8-0 (None)  Unavailable Port: COM1 , connections status Offline
2026-03-05 15:15:48 ERROR root Device 10-0 (None)  Unavailable Port: IRS1 , connections status Offline
2026-03-05 15:15:52 ERROR root Debug Server restarted:Listening
2026-03-05 15:15:58 ERROR root Device 11-0 (None)  Unavailable Port: IRS1 , connections status Offline
2026-03-05 15:16:07 INFO root Device 22-0 VTLP sync handling began
2026-03-05 15:16:07 INFO root Device 22-0 VTLP sync handling ended
2026-03-05 15:16:07 INFO root Device 18-0 VTLP sync handling began
2026-03-05 15:16:07 INFO root Device 22-0 VTLP sync handling began
2026-03-05 15:16:07 INFO root Device 17-0 VTLP sync handling began
2026-03-05 15:16:07 INFO root Device 18-0 VTLP sync handling ended
2026-03-05 15:16:07 INFO root Device 17-0 VTLP sync handling ended
2026-03-05 15:16:07 INFO root Device 22-0 VTLP sync handling ended
2026-03-05 15:16:07 INFO root Device 18-0 VTLP sync handling began
2026-03-05 15:16:07 INFO root Device 16-0 VTLP sync handling began
2026-03-05 15:16:07 INFO root Device 17-0 VTLP sync handling began
2026-03-05 15:16:07 INFO root Device 20-0 VTLP sync handling began
2026-03-05 15:16:07 INFO root Device 18-0 VTLP sync handling ended
2026-03-05 15:16:07 INFO root Device 19-0 VTLP sync handling began
2026-03-05 15:16:07 INFO root Device 16-0 VTLP sync handling ended
2026-03-05 15:16:07 INFO root Device 20-0 VTLP sync handling ended
2026-03-05 15:16:07 INFO root Device 19-0 VTLP sync handling ended
2026-03-05 15:16:07 INFO root Device 17-0 VTLP sync handling ended
2026-03-05 15:16:07 INFO root Device 18-0 VTLP sync handling began
2026-03-05 15:16:07 INFO root Device 16-0 VTLP sync handling began
2026-03-05 15:16:07 INFO root Device 17-0 VTLP sync handling began
2026-03-05 15:16:07 INFO root Device 19-0 VTLP sync handling began
2026-03-05 15:16:07 INFO root Device 20-0 VTLP sync handling began
2026-03-05 15:16:07 INFO root Device 21-0 VTLP sync handling began
2026-03-05 15:16:07 INFO root Device 18-0 VTLP sync handling ended
2026-03-05 15:16:07 INFO root Device 16-0 VTLP sync handling ended
2026-03-05 15:16:07 INFO root Device 20-0 VTLP sync handling ended
2026-03-05 15:16:07 INFO root Device 18-0 VTLP sync handling began
2026-03-05 15:16:07 INFO root Device 17-0 VTLP sync handling ended
2026-03-05 15:16:07 INFO root Device 16-0 VTLP sync handling began
2026-03-05 15:16:07 INFO root Device 19-0 VTLP sync handling ended
2026-03-05 15:16:07 INFO root Device 21-0 VTLP sync handling ended
2026-03-05 15:16:07 INFO root Device 18-0 VTLP sync handling ended
2026-03-05 15:16:07 INFO root Device 20-0 VTLP sync handling began
2026-03-05 15:16:07 INFO root Device 21-0 VTLP sync handling began
2026-03-05 15:16:07 INFO root Device 17-0 VTLP sync handling began
2026-03-05 15:16:07 INFO root Device 19-0 VTLP sync handling began
2026-03-05 15:16:07 INFO root Device 21-0 VTLP sync handling ended
2026-03-05 15:16:07 INFO root Device 20-0 VTLP sync handling ended
2026-03-05 15:16:07 INFO root Device 19-0 VTLP sync handling ended
2026-03-05 15:16:07 INFO root Device 16-0 VTLP sync handling ended
2026-03-05 15:16:07 INFO root Device 20-0 VTLP sync handling began
2026-03-05 15:16:07 INFO root Device 19-0 VTLP sync handling began
2026-03-05 15:16:07 INFO root Device 17-0 VTLP sync handling ended
2026-03-05 15:16:07 INFO root Device 21-0 VTLP sync handling began
2026-03-05 15:16:07 INFO root Device 21-0 VTLP sync handling ended
2026-03-05 15:16:07 INFO root Device 19-0 VTLP sync handling ended
2026-03-05 15:16:07 INFO root Device 20-0 VTLP sync handling ended
2026-03-05 15:16:07 INFO root Device 17-0 VTLP sync handling began
2026-03-05 15:16:07 INFO root Device 20-0 VTLP sync handling began
2026-03-05 15:16:07 INFO root Device 21-0 VTLP sync handling began
2026-03-05 15:16:07 INFO root Device 17-0 VTLP sync handling ended
2026-03-05 15:16:07 INFO root Device 19-0 VTLP sync handling began
2026-03-05 15:16:07 INFO root Device 17-0 VTLP sync handling began
2026-03-05 15:16:07 INFO root Device 20-0 VTLP sync handling ended
2026-03-05 15:16:07 INFO root Device 21-0 VTLP sync handling ended
2026-03-05 15:16:07 INFO root Device 19-0 VTLP sync handling ended
2026-03-05 15:16:07 INFO root Device 17-0 VTLP sync handling ended
2026-03-05 15:16:07 ERROR root Device 12-0 (None)  Unavailable Port: IRS1 , connections status Offline
2026-03-05 15:16:07 INFO root Device 19-0 VTLP sync handling began
2026-03-05 15:16:07 INFO root Device 19-0 VTLP sync handling ended
2026-03-05 15:16:17 ERROR root Device 13-0 (None)  Unavailable Port: IRS1 , connections status Offline
2026-03-05 15:16:22 ERROR root Debug Server restarted:Listening
2026-03-05 15:16:26 ERROR root Device 14-0 (None)  Unavailable Port: IRS1 , connections status Offline
2026-03-05 15:16:35 ERROR root Device 15-0 (None)  Unavailable Port: IRS1 , connections status Offline
2026-03-05 15:16:37 ERROR root SerialInterface spd1:COM1SendAndWait: Port COM1 not open
2026-03-05 15:16:37 ERROR root SerialInterface spd2:COM1SendAndWait: Port COM1 not open
2026-03-05 15:16:37 ERROR root SerialInterface spd3:COM1SendAndWait: Port COM1 not open
2026-03-05 15:16:37 ERROR root SerialInterface spd4:COM1SendAndWait: Port COM1 not open
2026-03-05 15:16:37 ERROR root SerialInterface spd6:COM1SendAndWait: Port COM1 not open
2026-03-05 15:16:37 ERROR root SerialInterface spd5:COM1SendAndWait: Port COM1 not open
2026-03-05 15:16:47 ERROR root Invalid Parameter in Button: Invalid ID=3
2026-03-05 15:16:47 ERROR root Invalid Parameter in Button: Invalid ID=6
2026-03-05 15:16:47 ERROR root Invalid Parameter in Button: Invalid ID=5
2026-03-05 15:16:48 ERROR root Invalid Parameter in Button: Invalid ID=62
2026-03-05 15:16:48 ERROR root Invalid Parameter in Button: Invalid ID=66
2026-03-05 15:16:48 ERROR root Invalid Parameter in Button: Invalid ID=67
2026-03-05 15:16:49 ERROR root Invalid Parameter in Button: Invalid ID=68
2026-03-05 15:16:50 ERROR root Invalid Parameter in Button: Invalid ID=8103
2026-03-05 15:16:55 ERROR root Invalid Parameter in Button: Invalid ID=89
2026-03-05 15:16:56 ERROR root Invalid Parameter in Button: Invalid ID=11027
2026-03-05 15:16:56 ERROR root Invalid Parameter in Button: Invalid ID=11028
2026-03-05 15:16:56 ERROR root Invalid Parameter in Button: Invalid ID=5440
2026-03-05 15:16:56 ERROR root Invalid Parameter in Button: Invalid ID=5441
2026-03-05 15:16:57 ERROR root Invalid Parameter in Button: Invalid ID=5442
2026-03-05 15:16:57 ERROR root Invalid Parameter in Button: Invalid ID=5443
2026-03-05 15:16:57 ERROR root Invalid Parameter in Button: Invalid ID=5444
2026-03-05 15:16:57 ERROR root Invalid Parameter in Button: Invalid ID=5445
2026-03-05 15:16:57 ERROR root Invalid Parameter in Button: Invalid ID=5446
2026-03-05 15:16:57 ERROR root Invalid Parameter in Button: Invalid ID=5447
2026-03-05 15:16:57 ERROR root Invalid Parameter in Button: Invalid ID=5448
2026-03-05 15:16:58 ERROR root Invalid Parameter in Button: Invalid ID=5449
2026-03-05 15:16:58 ERROR root Invalid Parameter in Button: Invalid ID=3
2026-03-05 15:16:58 ERROR root Invalid Parameter in Button: Invalid ID=5450
2026-03-05 15:16:58 ERROR root Invalid Parameter in Button: Invalid ID=5451
2026-03-05 15:16:59 ERROR root Invalid Parameter in Button: Invalid ID=5452
2026-03-05 15:16:59 ERROR root Invalid Parameter in Button: Invalid ID=6
2026-03-05 15:16:59 ERROR root Invalid Parameter in Button: Invalid ID=5
2026-03-05 15:17:00 ERROR root Invalid Parameter in Button: Invalid ID=62
2026-03-05 15:17:00 ERROR root Invalid Parameter in Button: Invalid ID=5453
2026-03-05 15:17:00 ERROR root Invalid Parameter in Button: Invalid ID=5454
2026-03-05 15:17:00 ERROR root Invalid Parameter in Button: Invalid ID=5455
2026-03-05 15:17:00 ERROR root Invalid Parameter in Button: Invalid ID=5456
2026-03-05 15:17:01 ERROR root Invalid Parameter in Button: Invalid ID=66
2026-03-05 15:17:01 ERROR root Invalid Parameter in Button: Invalid ID=5457
2026-03-05 15:17:01 ERROR root Invalid Parameter in Button: Invalid ID=5458
2026-03-05 15:17:01 ERROR root Invalid Parameter in Button: Invalid ID=5459
2026-03-05 15:17:01 ERROR root Invalid Parameter in Button: Invalid ID=67
2026-03-05 15:17:02 ERROR root Invalid Parameter in Button: Invalid ID=5460
2026-03-05 15:17:02 ERROR root Invalid Parameter in Button: Invalid ID=5461
2026-03-05 15:17:02 ERROR root Invalid Parameter in Button: Invalid ID=5462
2026-03-05 15:17:02 ERROR root Invalid Parameter in Button: Invalid ID=68
2026-03-05 15:17:03 ERROR root Invalid Parameter in Button: Invalid ID=8103
2026-03-05 15:17:04 ERROR root Invalid Parameter in Button: Invalid ID=5463
2026-03-05 15:17:05 INFO root Device 22-0 VTLP sync handling began
2026-03-05 15:17:05 INFO root Device 22-0 VTLP sync handling ended
2026-03-05 15:17:05 INFO root Device 22-0 VTLP sync handling began
2026-03-05 15:17:05 INFO root Device 22-0 VTLP sync handling ended
2026-03-05 15:17:05 ERROR root Invalid Parameter in Button: Invalid ID=5464
2026-03-05 15:17:06 ERROR root Invalid Parameter in Button: Invalid ID=5465
2026-03-05 15:17:06 ERROR root Invalid Parameter in Button: Invalid ID=5466
2026-03-05 15:17:07 ERROR root Invalid Parameter in Button: Invalid ID=5467
2026-03-05 15:17:07 INFO root Device 19-0 VTLP sync handling began
2026-03-05 15:17:07 INFO root Device 18-0 VTLP sync handling began
2026-03-05 15:17:07 INFO root Device 16-0 VTLP sync handling began
2026-03-05 15:17:07 INFO root Device 16-0 VTLP sync handling ended
2026-03-05 15:17:07 INFO root Device 19-0 VTLP sync handling ended
2026-03-05 15:17:07 INFO root Device 17-0 VTLP sync handling began
2026-03-05 15:17:07 INFO root Device 20-0 VTLP sync handling began
2026-03-05 15:17:07 INFO root Device 18-0 VTLP sync handling ended
2026-03-05 15:17:07 INFO root Device 16-0 VTLP sync handling began
2026-03-05 15:17:07 INFO root Device 17-0 VTLP sync handling ended
2026-03-05 15:17:07 INFO root Device 19-0 VTLP sync handling began
2026-03-05 15:17:07 INFO root Device 20-0 VTLP sync handling ended
2026-03-05 15:17:07 INFO root Device 18-0 VTLP sync handling began
2026-03-05 15:17:07 INFO root Device 19-0 VTLP sync handling ended
2026-03-05 15:17:07 INFO root Device 18-0 VTLP sync handling ended
2026-03-05 15:17:07 INFO root Device 17-0 VTLP sync handling began
2026-03-05 15:17:07 INFO root Device 16-0 VTLP sync handling ended
2026-03-05 15:17:07 INFO root Device 18-0 VTLP sync handling began
2026-03-05 15:17:07 INFO root Device 17-0 VTLP sync handling ended
2026-03-05 15:17:07 INFO root Device 20-0 VTLP sync handling began
2026-03-05 15:17:07 INFO root Device 16-0 VTLP sync handling began
2026-03-05 15:17:07 INFO root Device 18-0 VTLP sync handling ended
2026-03-05 15:17:07 INFO root Device 20-0 VTLP sync handling ended
2026-03-05 15:17:07 INFO root Device 21-0 VTLP sync handling began
2026-03-05 15:17:07 INFO root Device 17-0 VTLP sync handling began
2026-03-05 15:17:07 INFO root Device 19-0 VTLP sync handling began
2026-03-05 15:17:07 INFO root Device 19-0 VTLP sync handling ended
2026-03-05 15:17:07 INFO root Device 17-0 VTLP sync handling ended
2026-03-05 15:17:07 INFO root Device 20-0 VTLP sync handling began
2026-03-05 15:17:07 INFO root Device 16-0 VTLP sync handling ended
2026-03-05 15:17:07 INFO root Device 21-0 VTLP sync handling ended
2026-03-05 15:17:07 INFO root Device 19-0 VTLP sync handling began
2026-03-05 15:17:07 INFO root Device 18-0 VTLP sync handling began
2026-03-05 15:17:07 INFO root Device 17-0 VTLP sync handling began
2026-03-05 15:17:07 INFO root Device 18-0 VTLP sync handling ended
2026-03-05 15:17:07 INFO root Device 21-0 VTLP sync handling began
2026-03-05 15:17:07 INFO root Device 19-0 VTLP sync handling ended
2026-03-05 15:17:07 INFO root Device 20-0 VTLP sync handling ended
2026-03-05 15:17:07 INFO root Device 21-0 VTLP sync handling ended
2026-03-05 15:17:07 INFO root Device 17-0 VTLP sync handling ended
2026-03-05 15:17:07 INFO root Device 19-0 VTLP sync handling began
2026-03-05 15:17:07 INFO root Device 20-0 VTLP sync handling began
2026-03-05 15:17:07 INFO root Device 19-0 VTLP sync handling ended
2026-03-05 15:17:07 INFO root Device 17-0 VTLP sync handling began
2026-03-05 15:17:07 INFO root Device 21-0 VTLP sync handling began
2026-03-05 15:17:07 INFO root Device 20-0 VTLP sync handling ended
2026-03-05 15:17:07 INFO root Device 17-0 VTLP sync handling ended
2026-03-05 15:17:07 INFO root Device 19-0 VTLP sync handling began
2026-03-05 15:17:07 INFO root Device 17-0 VTLP sync handling began
2026-03-05 15:17:07 INFO root Device 19-0 VTLP sync handling ended
2026-03-05 15:17:07 INFO root Device 20-0 VTLP sync handling began
2026-03-05 15:17:07 INFO root Device 21-0 VTLP sync handling ended
2026-03-05 15:17:07 INFO root Device 20-0 VTLP sync handling ended
2026-03-05 15:17:07 INFO root Device 21-0 VTLP sync handling began
2026-03-05 15:17:07 INFO root Device 17-0 VTLP sync handling ended
2026-03-05 15:17:07 INFO root Device 21-0 VTLP sync handling ended
2026-03-05 15:17:08 ERROR root Invalid Parameter in Button: Invalid ID=5468
2026-03-05 15:17:09 ERROR root Invalid Parameter in Button: Invalid ID=5469
2026-03-05 15:17:09 ERROR root Invalid Parameter in Button: Invalid ID=5470
2026-03-05 15:17:10 ERROR root Invalid Parameter in Button: Invalid ID=5471
2026-03-05 15:17:11 ERROR root Invalid Parameter in Button: Invalid ID=5481
2026-03-05 15:17:12 ERROR root Invalid Parameter in Button: Invalid ID=5482
2026-03-05 15:17:12 INFO root Device 22-0 VTLP sync handling began
2026-03-05 15:17:12 INFO root Device 22-0 VTLP sync handling ended
2026-03-05 15:17:12 INFO root Device 22-0 VTLP sync handling began
2026-03-05 15:17:12 INFO root Device 22-0 VTLP sync handling ended
2026-03-05 15:17:12 ERROR root Invalid Parameter in Button: Invalid ID=5483
2026-03-05 15:17:12 ERROR root Invalid Parameter in Button: Invalid ID=89
2026-03-05 15:17:12 ERROR root Invalid Parameter in Button: Invalid ID=5484
2026-03-05 15:17:13 INFO root Device 16-0 VTLP sync handling began
2026-03-05 15:17:13 INFO root Device 16-0 VTLP sync handling ended
2026-03-05 15:17:14 ERROR root Invalid Parameter in Button: Invalid ID=11027
2026-03-05 15:17:14 ERROR root Invalid Parameter in Button: Invalid ID=11028
2026-03-05 15:17:14 ERROR root Invalid Parameter in Button: Invalid ID=5440
2026-03-05 15:17:14 ERROR root Invalid Parameter in Button: Invalid ID=5441
2026-03-05 15:17:14 ERROR root Invalid Parameter in Button: Invalid ID=5485
2026-03-05 15:17:15 ERROR root Invalid Parameter in Button: Invalid ID=5442
2026-03-05 15:17:15 ERROR root Invalid Parameter in Button: Invalid ID=5443
2026-03-05 15:17:15 ERROR root Invalid Parameter in Button: Invalid ID=5486
2026-03-05 15:17:15 ERROR root Invalid Parameter in Button: Invalid ID=5487
2026-03-05 15:17:15 ERROR root Invalid Parameter in Button: Invalid ID=5444
2026-03-05 15:17:15 ERROR root Invalid Parameter in Button: Invalid ID=5445
2026-03-05 15:17:16 ERROR root Invalid Parameter in Button: Invalid ID=5446
2026-03-05 15:17:16 ERROR root Invalid Parameter in Button: Invalid ID=3
2026-03-05 15:17:16 ERROR root Invalid Parameter in Button: Invalid ID=5488
2026-03-05 15:17:17 ERROR root Invalid Parameter in Button: Invalid ID=5447
2026-03-05 15:17:17 INFO root Device 16-0 VTLP sync handling began
2026-03-05 15:17:17 INFO root Device 16-0 VTLP sync handling ended
2026-03-05 15:17:17 INFO root Device 16-0 VTLP sync handling began
2026-03-05 15:17:17 INFO root Device 16-0 VTLP sync handling ended
2026-03-05 15:17:17 ERROR root Invalid Parameter in Button: Invalid ID=5489
2026-03-05 15:17:17 ERROR root Invalid Parameter in Button: Invalid ID=6
2026-03-05 15:17:18 ERROR root Invalid Parameter in Button: Invalid ID=5
2026-03-05 15:17:18 ERROR root Invalid Parameter in Button: Invalid ID=5448
2026-03-05 15:17:18 ERROR root Invalid Parameter in Button: Invalid ID=5449
2026-03-05 15:17:18 ERROR root Invalid Parameter in Button: Invalid ID=5450
2026-03-05 15:17:19 ERROR root Invalid Parameter in Button: Invalid ID=5490
2026-03-05 15:17:19 ERROR root Invalid Parameter in Button: Invalid ID=5451
2026-03-05 15:17:19 ERROR root Invalid Parameter in Button: Invalid ID=11001
2026-03-05 15:17:19 ERROR root Invalid Parameter in Button: Invalid ID=5452
2026-03-05 15:17:19 ERROR root Invalid Parameter in Button: Invalid ID=11002
2026-03-05 15:17:19 ERROR root Invalid Parameter in Button: Invalid ID=62
2026-03-05 15:17:20 ERROR root Invalid Parameter in Button: Invalid ID=11003
2026-03-05 15:17:20 ERROR root Invalid Parameter in Button: Invalid ID=5453
2026-03-05 15:17:21 ERROR root Invalid Parameter in Button: Invalid ID=97
2026-03-05 15:17:21 ERROR root Invalid Parameter in Button: Invalid ID=5454
2026-03-05 15:17:21 ERROR root Invalid Parameter in Button: Invalid ID=98
2026-03-05 15:17:21 ERROR root Invalid Parameter in Button: Invalid ID=66
2026-03-05 15:17:21 ERROR root Invalid Parameter in Button: Invalid ID=5455
2026-03-05 15:17:21 ERROR root Invalid Parameter in Button: Invalid ID=67
2026-03-05 15:17:22 ERROR root Invalid Parameter in Button: Invalid ID=151
2026-03-05 15:17:22 ERROR root Invalid Parameter in Button: Invalid ID=5456
2026-03-05 15:17:22 ERROR root Invalid Parameter in Button: Invalid ID=68
2026-03-05 15:17:22 ERROR root Invalid Parameter in Button: Invalid ID=5457
2026-03-05 15:17:22 ERROR root Invalid Parameter in Button: Invalid ID=161
2026-03-05 15:17:23 ERROR root Invalid Parameter in Button: Invalid ID=5458
2026-03-05 15:17:23 ERROR root Invalid Parameter in Button: Invalid ID=5459
2026-03-05 15:17:24 ERROR root Invalid Parameter in Button: Invalid ID=5460
2026-03-05 15:17:24 ERROR root Invalid Parameter in Button: Invalid ID=152
2026-03-05 15:17:24 ERROR root Invalid Parameter in Button: Invalid ID=5461
2026-03-05 15:17:25 ERROR root Invalid Parameter in Button: Invalid ID=162
2026-03-05 15:17:25 ERROR root Invalid Parameter in Button: Invalid ID=5462
2026-03-05 15:17:25 ERROR root Invalid Parameter in Button: Invalid ID=5463
2026-03-05 15:17:26 ERROR root Invalid Parameter in Button: Invalid ID=172
2026-03-05 15:17:26 ERROR root Invalid Parameter in Button: Invalid ID=5464
2026-03-05 15:17:26 ERROR root Invalid Parameter in Button: Invalid ID=5465
2026-03-05 15:17:26 ERROR root Invalid Parameter in Button: Invalid ID=153
2026-03-05 15:17:26 ERROR root Invalid Parameter in Button: Invalid ID=8103
2026-03-05 15:17:27 INFO root Device 22-0 VTLP sync handling began
2026-03-05 15:17:27 INFO root Device 22-0 VTLP sync handling ended
2026-03-05 15:17:27 INFO root Device 22-0 VTLP sync handling began
2026-03-05 15:17:27 INFO root Device 22-0 VTLP sync handling ended
2026-03-05 15:17:27 ERROR root Invalid Parameter in Button: Invalid ID=5466
2026-03-05 15:17:27 ERROR root Invalid Parameter in Button: Invalid ID=163
2026-03-05 15:17:27 ERROR root Invalid Parameter in Button: Invalid ID=5467
2026-03-05 15:17:28 ERROR root Invalid Parameter in Button: Invalid ID=173
2026-03-05 15:17:28 INFO root Device 16-0 VTLP sync handling began
2026-03-05 15:17:28 INFO root Device 16-0 VTLP sync handling ended
2026-03-05 15:17:28 ERROR root Invalid Parameter in Button: Invalid ID=5468
2026-03-05 15:17:28 ERROR root Invalid Parameter in Button: Invalid ID=192
2026-03-05 15:17:29 ERROR root Invalid Parameter in Button: Invalid ID=5469
2026-03-05 15:17:29 ERROR root Invalid Parameter in Button: Invalid ID=5470
2026-03-05 15:17:29 ERROR root Invalid Parameter in Button: Invalid ID=251
2026-03-05 15:17:29 ERROR root Invalid Parameter in Button: Invalid ID=252
2026-03-05 15:17:30 ERROR root Invalid Parameter in Button: Invalid ID=5471
2026-03-05 15:17:30 ERROR root Invalid Parameter in Button: Invalid ID=5481
2026-03-05 15:17:30 ERROR root Invalid Parameter in Button: Invalid ID=5482
2026-03-05 15:17:30 ERROR root Invalid Parameter in Button: Invalid ID=5483
2026-03-05 15:17:31 ERROR root Invalid Parameter in Button: Invalid ID=5484
2026-03-05 15:17:31 ERROR root Invalid Parameter in Button: Invalid ID=253
2026-03-05 15:17:32 ERROR root Invalid Parameter in Button: Invalid ID=5485
2026-03-05 15:17:32 INFO root Device 16-0 VTLP sync handling began
2026-03-05 15:17:32 INFO root Device 16-0 VTLP sync handling ended
2026-03-05 15:17:32 INFO root Device 16-0 VTLP sync handling began
2026-03-05 15:17:32 INFO root Device 16-0 VTLP sync handling ended
2026-03-05 15:17:33 ERROR root Invalid Parameter in Button: Invalid ID=5486
2026-03-05 15:17:33 ERROR root Invalid Parameter in Button: Invalid ID=254
2026-03-05 15:17:33 ERROR root Invalid Parameter in Button: Invalid ID=5487
2026-03-05 15:17:33 ERROR root Invalid Parameter in Button: Invalid ID=3
2026-03-05 15:17:34 ERROR root Invalid Parameter in Button: Invalid ID=5488
2026-03-05 15:17:35 ERROR root Invalid Parameter in Button: Invalid ID=255
2026-03-05 15:17:35 ERROR root Invalid Parameter in Button: Invalid ID=5489
2026-03-05 15:17:35 INFO root Device 21-0 VTLP sync handling began
2026-03-05 15:17:35 INFO root Device 21-0 VTLP sync handling ended
2026-03-05 15:17:35 INFO root Device 21-0 VTLP sync handling began
2026-03-05 15:17:35 INFO root Device 21-0 VTLP sync handling ended
2026-03-05 15:17:35 INFO root Device 21-0 VTLP sync handling began
2026-03-05 15:17:35 INFO root Device 21-0 VTLP sync handling ended
2026-03-05 15:17:35 INFO root Device 21-0 VTLP sync handling began
2026-03-05 15:17:35 INFO root Device 21-0 VTLP sync handling ended
2026-03-05 15:17:35 ERROR root Invalid Parameter in Button: Invalid ID=256
2026-03-05 15:17:36 ERROR root Invalid Parameter in Button: Invalid ID=5490
2026-03-05 15:17:36 ERROR root Invalid Parameter in Button: Invalid ID=257
2026-03-05 15:17:36 ERROR root Invalid Parameter in Button: Invalid ID=11001
2026-03-05 15:17:37 ERROR root Invalid Parameter in Button: Invalid ID=258
2026-03-05 15:17:37 ERROR root Invalid Parameter in Button: Invalid ID=11002
2026-03-05 15:17:38 ERROR root Invalid Parameter in Button: Invalid ID=259
2026-03-05 15:17:38 ERROR root Invalid Parameter in Button: Invalid ID=6
2026-03-05 15:17:38 ERROR root Invalid Parameter in Button: Invalid ID=5
2026-03-05 15:17:38 INFO root Device 19-0 VTLP sync handling began
2026-03-05 15:17:38 INFO root Device 19-0 VTLP sync handling ended
2026-03-05 15:17:38 INFO root Device 19-0 VTLP sync handling began
2026-03-05 15:17:38 INFO root Device 19-0 VTLP sync handling ended
2026-03-05 15:17:38 INFO root Device 19-0 VTLP sync handling began
2026-03-05 15:17:38 INFO root Device 19-0 VTLP sync handling ended
2026-03-05 15:17:38 INFO root Device 19-0 VTLP sync handling began
2026-03-05 15:17:38 INFO root Device 19-0 VTLP sync handling ended
2026-03-05 15:17:38 INFO root Device 19-0 VTLP sync handling began
2026-03-05 15:17:38 INFO root Device 19-0 VTLP sync handling ended
2026-03-05 15:17:38 ERROR root Invalid Parameter in Button: Invalid ID=11003
2026-03-05 15:17:38 INFO root Device 19-0 VTLP sync handling began
2026-03-05 15:17:39 INFO root Device 19-0 VTLP sync handling ended
2026-03-05 15:17:39 ERROR root Invalid Parameter in Button: Invalid ID=260
2026-03-05 15:17:39 ERROR root Invalid Parameter in Button: Invalid ID=97
2026-03-05 15:17:40 ERROR root remotelib error:IC143Panel:2:{"property": "init", "value": "device does not exist", "qualifier": {"alias": "IC143Panel:2", "code": "missing device"}}
2026-03-05 15:17:40 ERROR root Invalid Parameter in Button: Invalid ID=98
2026-03-05 15:17:40 ERROR root Invalid Parameter in Button: Invalid ID=151
2026-03-05 15:17:41 ERROR root Invalid Parameter in Button: Invalid ID=62
2026-03-05 15:17:41 ERROR root Invalid Parameter in Button: Invalid ID=2201
2026-03-05 15:17:41 ERROR root Invalid Parameter in Button: Invalid ID=161
2026-03-05 15:17:42 ERROR root remotelib error:IC143Panel:4:{"property": "init", "value": "device does not exist", "qualifier": {"alias": "IC143Panel:4", "code": "missing device"}}
2026-03-05 15:17:42 ERROR root Invalid Parameter in Button: Invalid ID=2202
2026-03-05 15:17:42 INFO root Device 22-0 VTLP sync handling began
2026-03-05 15:17:42 INFO root Device 22-0 VTLP sync handling ended
2026-03-05 15:17:42 INFO root Device 22-0 VTLP sync handling began
2026-03-05 15:17:42 INFO root Device 22-0 VTLP sync handling ended
2026-03-05 15:17:42 ERROR root Invalid Parameter in Button: Invalid ID=2203
2026-03-05 15:17:42 INFO root Device 19-0 VTLP sync handling began
2026-03-05 15:17:42 INFO root Device 19-0 VTLP sync handling ended
2026-03-05 15:17:42 INFO root Device 19-0 VTLP sync handling began
2026-03-05 15:17:42 INFO root Device 19-0 VTLP sync handling ended
2026-03-05 15:17:42 ERROR root Invalid Parameter in Button: Invalid ID=2204
2026-03-05 15:17:42 ERROR root remotelib error:IC143Panel:1281:{"property": "init", "value": "device does not exist", "qualifier": {"alias": "IC143Panel:1281", "code": "missing device"}}
2026-03-05 15:17:42 ERROR root Invalid Parameter in Button: Invalid ID=2205
2026-03-05 15:17:43 ERROR root remotelib error:IC143Panel:1282:{"property": "init", "value": "device does not exist", "qualifier": {"alias": "IC143Panel:1282", "code": "missing device"}}
2026-03-05 15:17:43 ERROR root remotelib error:IC143Panel:1283:{"property": "init", "value": "device does not exist", "qualifier": {"alias": "IC143Panel:1283", "code": "missing device"}}
2026-03-05 15:17:43 ERROR root remotelib error:IC143Panel:1284:{"property": "init", "value": "device does not exist", "qualifier": {"alias": "IC143Panel:1284", "code": "missing device"}}
2026-03-05 15:17:43 INFO root Device 16-0 VTLP sync handling began
2026-03-05 15:17:43 INFO root Device 16-0 VTLP sync handling ended
2026-03-05 15:17:43 ERROR root Invalid Parameter in Button: Invalid ID=3
2026-03-05 15:17:43 ERROR root remotelib error:IC143Panel:1285:{"property": "init", "value": "device does not exist", "qualifier": {"alias": "IC143Panel:1285", "code": "missing device"}}
2026-03-05 15:17:43 ERROR root remotelib error:HallPanel:2:{"property": "init", "value": "device does not exist", "qualifier": {"alias": "HallPanel:2", "code": "missing device"}}
2026-03-05 15:17:44 ERROR root remotelib error:IC143Panel:1286:{"property": "init", "value": "device does not exist", "qualifier": {"alias": "IC143Panel:1286", "code": "missing device"}}
2026-03-05 15:17:44 ERROR root remotelib error:HallPanel:4:{"property": "init", "value": "device does not exist", "qualifier": {"alias": "HallPanel:4", "code": "missing device"}}
2026-03-05 15:17:44 ERROR root Invalid Parameter in Button: Invalid ID=2206
2026-03-05 15:17:44 ERROR root remotelib error:IC143Panel:1287:{"property": "init", "value": "device does not exist", "qualifier": {"alias": "IC143Panel:1287", "code": "missing device"}}
2026-03-05 15:17:45 ERROR root Invalid Parameter in Button: Invalid ID=66
2026-03-05 15:17:45 INFO root Device 19-0 VTLP sync handling began
2026-03-05 15:17:45 INFO root Device 19-0 VTLP sync handling ended
2026-03-05 15:17:45 INFO root Device 21-0 VTLP sync handling began
2026-03-05 15:17:45 INFO root Device 19-0 VTLP sync handling began
2026-03-05 15:17:45 INFO root Device 21-0 VTLP sync handling ended
2026-03-05 15:17:45 ERROR root Invalid Parameter in Button: Invalid ID=152
2026-03-05 15:17:45 INFO root Device 19-0 VTLP sync handling ended
2026-03-05 15:17:45 INFO root Device 21-0 VTLP sync handling began
2026-03-05 15:17:45 INFO root Device 21-0 VTLP sync handling ended
2026-03-05 15:17:46 ERROR root remotelib error:LobbyPanel:2:{"property": "init", "value": "device does not exist", "qualifier": {"alias": "LobbyPanel:2", "code": "missing device"}}
2026-03-05 15:17:46 ERROR root remotelib error:HallPanel:85:{"property": "init", "value": "device does not exist", "qualifier": {"alias": "HallPanel:85", "code": "missing device"}}
2026-03-05 15:17:46 ERROR root Invalid Parameter in Button: Invalid ID=67
2026-03-05 15:17:46 ERROR root remotelib error:IC143Panel:1288:{"property": "init", "value": "device does not exist", "qualifier": {"alias": "IC143Panel:1288", "code": "missing device"}}
2026-03-05 15:17:46 ERROR root remotelib error:LobbyPanel:4:{"property": "init", "value": "device does not exist", "qualifier": {"alias": "LobbyPanel:4", "code": "missing device"}}
2026-03-05 15:17:46 ERROR root remotelib error:IC143Panel:1289:{"property": "init", "value": "device does not exist", "qualifier": {"alias": "IC143Panel:1289", "code": "missing device"}}
2026-03-05 15:17:46 INFO root Device 21-0 VTLP sync handling began
2026-03-05 15:17:46 INFO root Device 21-0 VTLP sync handling ended
2026-03-05 15:17:46 INFO root Device 21-0 VTLP sync handling began
2026-03-05 15:17:46 INFO root Device 21-0 VTLP sync handling ended
2026-03-05 15:17:46 ERROR root Invalid Parameter in Button: Invalid ID=6
2026-03-05 15:17:46 ERROR root Invalid Parameter in Button: Invalid ID=2207
2026-03-05 15:17:46 ERROR root remotelib error:HallPanel:1281:{"property": "init", "value": "device does not exist", "qualifier": {"alias": "HallPanel:1281", "code": "missing device"}}
2026-03-05 15:17:46 ERROR root Invalid Parameter in Button: Invalid ID=68
2026-03-05 15:17:47 ERROR root Invalid Parameter in Button: Invalid ID=5
2026-03-05 15:17:47 ERROR root remotelib error:IC143Panel:1290:{"property": "init", "value": "device does not exist", "qualifier": {"alias": "IC143Panel:1290", "code": "missing device"}}
2026-03-05 15:17:47 INFO root Device 16-0 VTLP sync handling began
2026-03-05 15:17:47 INFO root Device 16-0 VTLP sync handling ended
2026-03-05 15:17:47 INFO root Device 16-0 VTLP sync handling began
2026-03-05 15:17:47 INFO root Device 16-0 VTLP sync handling ended
2026-03-05 15:17:47 ERROR root remotelib error:BreakRmPanel:2:{"property": "init", "value": "device does not exist", "qualifier": {"alias": "BreakRmPanel:2", "code": "missing device"}}
2026-03-05 15:17:47 ERROR root Invalid Parameter in Button: Invalid ID=2208
2026-03-05 15:17:48 ERROR root Invalid Parameter in Button: Invalid ID=162
2026-03-05 15:17:48 ERROR root remotelib error:IC142Panel:2:{"property": "init", "value": "device does not exist", "qualifier": {"alias": "IC142Panel:2", "code": "missing device"}}
2026-03-05 15:17:48 ERROR root remotelib error:IC144Panel:2:{"property": "init", "value": "device does not exist", "qualifier": {"alias": "IC144Panel:2", "code": "missing device"}}
2026-03-05 15:17:48 ERROR root Invalid Parameter in Button: Invalid ID=172
2026-03-05 15:17:48 ERROR root Invalid Parameter in Button: Invalid ID=2209
2026-03-05 15:17:49 ERROR root Invalid Parameter in Button: Invalid ID=62
2026-03-05 15:17:49 INFO root Device 19-0 VTLP sync handling began
2026-03-05 15:17:49 INFO root Device 19-0 VTLP sync handling ended
2026-03-05 15:17:49 INFO root Device 19-0 VTLP sync handling began
2026-03-05 15:17:49 INFO root Device 19-0 VTLP sync handling ended
2026-03-05 15:17:49 ERROR root remotelib error:LobbyPanel:85:{"property": "init", "value": "device does not exist", "qualifier": {"alias": "LobbyPanel:85", "code": "missing device"}}
2026-03-05 15:17:49 ERROR root remotelib error:BWDPanel:2:{"property": "init", "value": "device does not exist", "qualifier": {"alias": "BWDPanel:2", "code": "missing device"}}
2026-03-05 15:17:49 ERROR root remotelib error:BreakRmPanel:4:{"property": "init", "value": "device does not exist", "qualifier": {"alias": "BreakRmPanel:4", "code": "missing device"}}
2026-03-05 15:17:49 ERROR root remotelib error:IC143Panel:2301:{"property": "init", "value": "device does not exist", "qualifier": {"alias": "IC143Panel:2301", "code": "missing device"}}
2026-03-05 15:17:49 ERROR root remotelib error:IC144Panel:4:{"property": "init", "value": "device does not exist", "qualifier": {"alias": "IC144Panel:4", "code": "missing device"}}
2026-03-05 15:17:49 ERROR root remotelib error:LobbyPanel:1281:{"property": "init", "value": "device does not exist", "qualifier": {"alias": "LobbyPanel:1281", "code": "missing device"}}
2026-03-05 15:17:49 ERROR root remotelib error:IC142Panel:4:{"property": "init", "value": "device does not exist", "qualifier": {"alias": "IC142Panel:4", "code": "missing device"}}
2026-03-05 15:17:49 ERROR root Invalid Parameter in Button: Invalid ID=153
2026-03-05 15:17:49 ERROR root remotelib error:BWDPanel:4:{"property": "init", "value": "device does not exist", "qualifier": {"alias": "BWDPanel:4", "code": "missing device"}}
2026-03-05 15:17:49 ERROR root remotelib error:BWDPanel:85:{"property": "init", "value": "device does not exist", "qualifier": {"alias": "BWDPanel:85", "code": "missing device"}}
2026-03-05 15:17:49 ERROR root remotelib error:HallPanel:1282:{"property": "init", "value": "device does not exist", "qualifier": {"alias": "HallPanel:1282", "code": "missing device"}}
2026-03-05 15:17:49 ERROR root remotelib error:BreakRmPanel:85:{"property": "init", "value": "device does not exist", "qualifier": {"alias": "BreakRmPanel:85", "code": "missing device"}}
2026-03-05 15:17:49 ERROR root remotelib error:IC143Panel:2302:{"property": "init", "value": "device does not exist", "qualifier": {"alias": "IC143Panel:2302", "code": "missing device"}}
2026-03-05 15:17:49 ERROR root remotelib error:BWDPanel:1281:{"property": "init", "value": "device does not exist", "qualifier": {"alias": "BWDPanel:1281", "code": "missing device"}}
2026-03-05 15:17:49 ERROR root remotelib error:HallPanel:1283:{"property": "init", "value": "device does not exist", "qualifier": {"alias": "HallPanel:1283", "code": "missing device"}}
2026-03-05 15:17:49 ERROR root remotelib error:IC143Panel:2303:{"property": "init", "value": "device does not exist", "qualifier": {"alias": "IC143Panel:2303", "code": "missing device"}}
2026-03-05 15:17:49 ERROR root remotelib error:LobbyPanel:1282:{"property": "init", "value": "device does not exist", "qualifier": {"alias": "LobbyPanel:1282", "code": "missing device"}}
2026-03-05 15:17:49 ERROR root remotelib error:IC142Panel:1281:{"property": "init", "value": "device does not exist", "qualifier": {"alias": "IC142Panel:1281", "code": "missing device"}}
2026-03-05 15:17:49 ERROR root remotelib error:BWDPanel:1282:{"property": "init", "value": "device does not exist", "qualifier": {"alias": "BWDPanel:1282", "code": "missing device"}}
2026-03-05 15:17:49 ERROR root remotelib error:BreakRmPanel:1281:{"property": "init", "value": "device does not exist", "qualifier": {"alias": "BreakRmPanel:1281", "code": "missing device"}}
2026-03-05 15:17:49 ERROR root remotelib error:IC144Panel:85:{"property": "init", "value": "device does not exist", "qualifier": {"alias": "IC144Panel:85", "code": "missing device"}}
2026-03-05 15:17:49 ERROR root remotelib error:BreakRmPanel:1282:{"property": "init", "value": "device does not exist", "qualifier": {"alias": "BreakRmPanel:1282", "code": "missing device"}}
2026-03-05 15:17:49 ERROR root remotelib error:IC142Panel:1282:{"property": "init", "value": "device does not exist", "qualifier": {"alias": "IC142Panel:1282", "code": "missing device"}}
2026-03-05 15:17:49 ERROR root remotelib error:IC143Panel:2304:{"property": "init", "value": "device does not exist", "qualifier": {"alias": "IC143Panel:2304", "code": "missing device"}}
2026-03-05 15:17:49 ERROR root remotelib error:HallPanel:1284:{"property": "init", "value": "device does not exist", "qualifier": {"alias": "HallPanel:1284", "code": "missing device"}}
2026-03-05 15:17:49 ERROR root remotelib error:BWDPanel:1283:{"property": "init", "value": "device does not exist", "qualifier": {"alias": "BWDPanel:1283", "code": "missing device"}}
2026-03-05 15:17:49 ERROR root remotelib error:LobbyPanel:1283:{"property": "init", "value": "device does not exist", "qualifier": {"alias": "LobbyPanel:1283", "code": "missing device"}}
2026-03-05 15:17:50 ERROR root remotelib error:IC143Panel:2305:{"property": "init", "value": "device does not exist", "qualifier": {"alias": "IC143Panel:2305", "code": "missing device"}}
2026-03-05 15:17:50 ERROR root remotelib error:IC144Panel:1281:{"property": "init", "value": "device does not exist", "qualifier": {"alias": "IC144Panel:1281", "code": "missing device"}}
2026-03-05 15:17:50 ERROR root remotelib error:IC144Panel:1282:{"property": "init", "value": "device does not exist", "qualifier": {"alias": "IC144Panel:1282", "code": "missing device"}}
2026-03-05 15:17:50 ERROR root remotelib error:BWDPanel:1284:{"property": "init", "value": "device does not exist", "qualifier": {"alias": "BWDPanel:1284", "code": "missing device"}}
2026-03-05 15:17:50 ERROR root remotelib error:IC143Panel:2306:{"property": "init", "value": "device does not exist", "qualifier": {"alias": "IC143Panel:2306", "code": "missing device"}}
2026-03-05 15:17:50 ERROR root remotelib error:HallPanel:1285:{"property": "init", "value": "device does not exist", "qualifier": {"alias": "HallPanel:1285", "code": "missing device"}}
2026-03-05 15:17:50 ERROR root remotelib error:LobbyPanel:1284:{"property": "init", "value": "device does not exist", "qualifier": {"alias": "LobbyPanel:1284", "code": "missing device"}}
2026-03-05 15:17:50 ERROR root remotelib error:IC142Panel:1283:{"property": "init", "value": "device does not exist", "qualifier": {"alias": "IC142Panel:1283", "code": "missing device"}}
2026-03-05 15:17:50 ERROR root remotelib error:BreakRmPanel:1283:{"property": "init", "value": "device does not exist", "qualifier": {"alias": "BreakRmPanel:1283", "code": "missing device"}}
2026-03-05 15:17:50 ERROR root remotelib error:IC144Panel:1283:{"property": "init", "value": "device does not exist", "qualifier": {"alias": "IC144Panel:1283", "code": "missing device"}}
2026-03-05 15:17:50 ERROR root remotelib error:BWDPanel:1285:{"property": "init", "value": "device does not exist", "qualifier": {"alias": "BWDPanel:1285", "code": "missing device"}}
2026-03-05 15:17:50 ERROR root remotelib error:IC143Panel:2307:{"property": "init", "value": "device does not exist", "qualifier": {"alias": "IC143Panel:2307", "code": "missing device"}}
2026-03-05 15:17:50 ERROR root remotelib error:LobbyPanel:1285:{"property": "init", "value": "device does not exist", "qualifier": {"alias": "LobbyPanel:1285", "code": "missing device"}}
2026-03-05 15:17:50 ERROR root remotelib error:HallPanel:1286:{"property": "init", "value": "device does not exist", "qualifier": {"alias": "HallPanel:1286", "code": "missing device"}}
2026-03-05 15:17:50 ERROR root Invalid Parameter in Button: Invalid ID=2210
2026-03-05 15:17:50 ERROR root remotelib error:BWDPanel:1286:{"property": "init", "value": "device does not exist", "qualifier": {"alias": "BWDPanel:1286", "code": "missing device"}}
2026-03-05 15:17:50 ERROR root remotelib error:BreakRmPanel:1284:{"property": "init", "value": "device does not exist", "qualifier": {"alias": "BreakRmPanel:1284", "code": "missing device"}}
2026-03-05 15:17:50 ERROR root remotelib error:HallPanel:1287:{"property": "init", "value": "device does not exist", "qualifier": {"alias": "HallPanel:1287", "code": "missing device"}}
2026-03-05 15:17:50 ERROR root remotelib error:LobbyPanel:1286:{"property": "init", "value": "device does not exist", "qualifier": {"alias": "LobbyPanel:1286", "code": "missing device"}}
2026-03-05 15:17:50 ERROR root remotelib error:IC143Panel:2308:{"property": "init", "value": "device does not exist", "qualifier": {"alias": "IC143Panel:2308", "code": "missing device"}}
2026-03-05 15:17:50 ERROR root remotelib error:IC144Panel:1284:{"property": "init", "value": "device does not exist", "qualifier": {"alias": "IC144Panel:1284", "code": "missing device"}}
2026-03-05 15:17:50 ERROR root remotelib error:BWDPanel:1287:{"property": "init", "value": "device does not exist", "qualifier": {"alias": "BWDPanel:1287", "code": "missing device"}}
2026-03-05 15:17:50 ERROR root remotelib error:IC142Panel:1284:{"property": "init", "value": "device does not exist", "qualifier": {"alias": "IC142Panel:1284", "code": "missing device"}}
2026-03-05 15:17:50 ERROR root remotelib error:BreakRmPanel:1285:{"property": "init", "value": "device does not exist", "qualifier": {"alias": "BreakRmPanel:1285", "code": "missing device"}}
2026-03-05 15:17:50 ERROR root remotelib error:HallPanel:1288:{"property": "init", "value": "device does not exist", "qualifier": {"alias": "HallPanel:1288", "code": "missing device"}}
2026-03-05 15:17:50 ERROR root remotelib error:LobbyPanel:1287:{"property": "init", "value": "device does not exist", "qualifier": {"alias": "LobbyPanel:1287", "code": "missing device"}}
2026-03-05 15:17:50 ERROR root remotelib error:IC143Panel:2309:{"property": "init", "value": "device does not exist", "qualifier": {"alias": "IC143Panel:2309", "code": "missing device"}}
2026-03-05 15:17:50 ERROR root remotelib error:IC144Panel:1285:{"property": "init", "value": "device does not exist", "qualifier": {"alias": "IC144Panel:1285", "code": "missing device"}}
2026-03-05 15:17:50 ERROR root remotelib error:BWDPanel:1288:{"property": "init", "value": "device does not exist", "qualifier": {"alias": "BWDPanel:1288", "code": "missing device"}}
2026-03-05 15:17:50 ERROR root remotelib error:IC142Panel:1285:{"property": "init", "value": "device does not exist", "qualifier": {"alias": "IC142Panel:1285", "code": "missing device"}}
2026-03-05 15:17:50 ERROR root remotelib error:BreakRmPanel:1286:{"property": "init", "value": "device does not exist", "qualifier": {"alias": "BreakRmPanel:1286", "code": "missing device"}}
2026-03-05 15:17:50 ERROR root remotelib error:HallPanel:1289:{"property": "init", "value": "device does not exist", "qualifier": {"alias": "HallPanel:1289", "code": "missing device"}}
2026-03-05 15:17:50 ERROR root remotelib error:LobbyPanel:1288:{"property": "init", "value": "device does not exist", "qualifier": {"alias": "LobbyPanel:1288", "code": "missing device"}}
2026-03-05 15:17:50 ERROR root remotelib error:IC143Panel:2310:{"property": "init", "value": "device does not exist", "qualifier": {"alias": "IC143Panel:2310", "code": "missing device"}}
2026-03-05 15:17:50 ERROR root remotelib error:BreakRmPanel:1287:{"property": "init", "value": "device does not exist", "qualifier": {"alias": "BreakRmPanel:1287", "code": "missing device"}}
2026-03-05 15:17:50 ERROR root remotelib error:IC142Panel:1286:{"property": "init", "value": "device does not exist", "qualifier": {"alias": "IC142Panel:1286", "code": "missing device"}}
2026-03-05 15:17:50 ERROR root remotelib error:BWDPanel:1289:{"property": "init", "value": "device does not exist", "qualifier": {"alias": "BWDPanel:1289", "code": "missing device"}}
2026-03-05 15:17:50 ERROR root remotelib error:IC144Panel:1286:{"property": "init", "value": "device does not exist", "qualifier": {"alias": "IC144Panel:1286", "code": "missing device"}}
2026-03-05 15:17:50 ERROR root remotelib error:IC144Panel:1287:{"property": "init", "value": "device does not exist", "qualifier": {"alias": "IC144Panel:1287", "code": "missing device"}}
2026-03-05 15:17:50 ERROR root remotelib error:IC143Panel:2311:{"property": "init", "value": "device does not exist", "qualifier": {"alias": "IC143Panel:2311", "code": "missing device"}}
2026-03-05 15:17:50 ERROR root remotelib error:BWDPanel:1290:{"property": "init", "value": "device does not exist", "qualifier": {"alias": "BWDPanel:1290", "code": "missing device"}}
2026-03-05 15:17:50 ERROR root remotelib error:BWDPanel:2301:{"property": "init", "value": "device does not exist", "qualifier": {"alias": "BWDPanel:2301", "code": "missing device"}}
2026-03-05 15:17:50 ERROR root remotelib error:IC142Panel:1287:{"property": "init", "value": "device does not exist", "qualifier": {"alias": "IC142Panel:1287", "code": "missing device"}}
2026-03-05 15:17:50 ERROR root remotelib error:LobbyPanel:1289:{"property": "init", "value": "device does not exist", "qualifier": {"alias": "LobbyPanel:1289", "code": "missing device"}}
2026-03-05 15:17:50 ERROR root remotelib error:BreakRmPanel:1288:{"property": "init", "value": "device does not exist", "qualifier": {"alias": "BreakRmPanel:1288", "code": "missing device"}}
2026-03-05 15:17:50 ERROR root remotelib error:IC144Panel:1288:{"property": "init", "value": "device does not exist", "qualifier": {"alias": "IC144Panel:1288", "code": "missing device"}}
2026-03-05 15:17:50 ERROR root remotelib error:IC143Panel:2312:{"property": "init", "value": "device does not exist", "qualifier": {"alias": "IC143Panel:2312", "code": "missing device"}}
2026-03-05 15:17:50 ERROR root remotelib error:BWDPanel:2302:{"property": "init", "value": "device does not exist", "qualifier": {"alias": "BWDPanel:2302", "code": "missing device"}}
2026-03-05 15:17:50 ERROR root remotelib error:HallPanel:1290:{"property": "init", "value": "device does not exist", "qualifier": {"alias": "HallPanel:1290", "code": "missing device"}}
2026-03-05 15:17:50 ERROR root remotelib error:IC144Panel:1289:{"property": "init", "value": "device does not exist", "qualifier": {"alias": "IC144Panel:1289", "code": "missing device"}}
2026-03-05 15:17:50 ERROR root remotelib error:HallPanel:2301:{"property": "init", "value": "device does not exist", "qualifier": {"alias": "HallPanel:2301", "code": "missing device"}}
2026-03-05 15:17:50 ERROR root remotelib error:IC142Panel:1288:{"property": "init", "value": "device does not exist", "qualifier": {"alias": "IC142Panel:1288", "code": "missing device"}}
2026-03-05 15:17:50 ERROR root remotelib error:BreakRmPanel:1289:{"property": "init", "value": "device does not exist", "qualifier": {"alias": "BreakRmPanel:1289", "code": "missing device"}}
2026-03-05 15:17:50 ERROR root remotelib error:IC144Panel:1290:{"property": "init", "value": "device does not exist", "qualifier": {"alias": "IC144Panel:1290", "code": "missing device"}}
2026-03-05 15:17:50 ERROR root remotelib error:HallPanel:2302:{"property": "init", "value": "device does not exist", "qualifier": {"alias": "HallPanel:2302", "code": "missing device"}}
2026-03-05 15:17:50 ERROR root remotelib error:BWDPanel:2303:{"property": "init", "value": "device does not exist", "qualifier": {"alias": "BWDPanel:2303", "code": "missing device"}}
2026-03-05 15:17:50 ERROR root remotelib error:IC142Panel:1289:{"property": "init", "value": "device does not exist", "qualifier": {"alias": "IC142Panel:1289", "code": "missing device"}}
2026-03-05 15:17:50 ERROR root remotelib error:IC143Panel:2313:{"property": "init", "value": "device does not exist", "qualifier": {"alias": "IC143Panel:2313", "code": "missing device"}}
2026-03-05 15:17:50 ERROR root remotelib error:BreakRmPanel:1290:{"property": "init", "value": "device does not exist", "qualifier": {"alias": "BreakRmPanel:1290", "code": "missing device"}}
2026-03-05 15:17:50 ERROR root remotelib error:BWDPanel:2304:{"property": "init", "value": "device does not exist", "qualifier": {"alias": "BWDPanel:2304", "code": "missing device"}}
2026-03-05 15:17:50 ERROR root remotelib error:IC144Panel:2301:{"property": "init", "value": "device does not exist", "qualifier": {"alias": "IC144Panel:2301", "code": "missing device"}}
2026-03-05 15:17:50 ERROR root remotelib error:HallPanel:2303:{"property": "init", "value": "device does not exist", "qualifier": {"alias": "HallPanel:2303", "code": "missing device"}}
2026-03-05 15:17:50 ERROR root remotelib error:BreakRmPanel:2301:{"property": "init", "value": "device does not exist", "qualifier": {"alias": "BreakRmPanel:2301", "code": "missing device"}}
2026-03-05 15:17:50 ERROR root remotelib error:BWDPanel:2305:{"property": "init", "value": "device does not exist", "qualifier": {"alias": "BWDPanel:2305", "code": "missing device"}}
2026-03-05 15:17:50 ERROR root remotelib error:IC144Panel:2302:{"property": "init", "value": "device does not exist", "qualifier": {"alias": "IC144Panel:2302", "code": "missing device"}}
2026-03-05 15:17:50 ERROR root remotelib error:HallPanel:2304:{"property": "init", "value": "device does not exist", "qualifier": {"alias": "HallPanel:2304", "code": "missing device"}}
2026-03-05 15:17:50 ERROR root remotelib error:IC142Panel:1290:{"property": "init", "value": "device does not exist", "qualifier": {"alias": "IC142Panel:1290", "code": "missing device"}}
2026-03-05 15:17:50 ERROR root remotelib error:BreakRmPanel:2302:{"property": "init", "value": "device does not exist", "qualifier": {"alias": "BreakRmPanel:2302", "code": "missing device"}}
2026-03-05 15:17:50 ERROR root remotelib error:LobbyPanel:1290:{"property": "init", "value": "device does not exist", "qualifier": {"alias": "LobbyPanel:1290", "code": "missing device"}}
2026-03-05 15:17:50 ERROR root remotelib error:IC143Panel:2314:{"property": "init", "value": "device does not exist", "qualifier": {"alias": "IC143Panel:2314", "code": "missing device"}}
2026-03-05 15:17:50 ERROR root remotelib error:BWDPanel:2306:{"property": "init", "value": "device does not exist", "qualifier": {"alias": "BWDPanel:2306", "code": "missing device"}}
2026-03-05 15:17:50 ERROR root remotelib error:IC144Panel:2303:{"property": "init", "value": "device does not exist", "qualifier": {"alias": "IC144Panel:2303", "code": "missing device"}}
2026-03-05 15:17:50 ERROR root remotelib error:HallPanel:2305:{"property": "init", "value": "device does not exist", "qualifier": {"alias": "HallPanel:2305", "code": "missing device"}}
2026-03-05 15:17:50 ERROR root remotelib error:IC143Panel:2315:{"property": "init", "value": "device does not exist", "qualifier": {"alias": "IC143Panel:2315", "code": "missing device"}}
2026-03-05 15:17:50 ERROR root remotelib error:BreakRmPanel:2303:{"property": "init", "value": "device does not exist", "qualifier": {"alias": "BreakRmPanel:2303", "code": "missing device"}}
2026-03-05 15:17:50 ERROR root remotelib error:LobbyPanel:2301:{"property": "init", "value": "device does not exist", "qualifier": {"alias": "LobbyPanel:2301", "code": "missing device"}}
2026-03-05 15:17:50 ERROR root remotelib error:IC142Panel:2301:{"property": "init", "value": "device does not exist", "qualifier": {"alias": "IC142Panel:2301", "code": "missing device"}}
2026-03-05 15:17:50 ERROR root remotelib error:IC143Panel:2316:{"property": "init", "value": "device does not exist", "qualifier": {"alias": "IC143Panel:2316", "code": "missing device"}}
2026-03-05 15:17:50 ERROR root remotelib error:IC144Panel:2304:{"property": "init", "value": "device does not exist", "qualifier": {"alias": "IC144Panel:2304", "code": "missing device"}}
2026-03-05 15:17:50 ERROR root remotelib error:HallPanel:2306:{"property": "init", "value": "device does not exist", "qualifier": {"alias": "HallPanel:2306", "code": "missing device"}}
2026-03-05 15:17:50 ERROR root remotelib error:BWDPanel:2307:{"property": "init", "value": "device does not exist", "qualifier": {"alias": "BWDPanel:2307", "code": "missing device"}}
2026-03-05 15:17:51 ERROR root remotelib error:BreakRmPanel:2304:{"property": "init", "value": "device does not exist", "qualifier": {"alias": "BreakRmPanel:2304", "code": "missing device"}}
2026-03-05 15:17:51 ERROR root remotelib error:LobbyPanel:2302:{"property": "init", "value": "device does not exist", "qualifier": {"alias": "LobbyPanel:2302", "code": "missing device"}}
2026-03-05 15:17:51 ERROR root remotelib error:IC143Panel:2317:{"property": "init", "value": "device does not exist", "qualifier": {"alias": "IC143Panel:2317", "code": "missing device"}}
2026-03-05 15:17:51 ERROR root remotelib error:IC142Panel:2302:{"property": "init", "value": "device does not exist", "qualifier": {"alias": "IC142Panel:2302", "code": "missing device"}}
2026-03-05 15:17:51 ERROR root remotelib error:IC144Panel:2305:{"property": "init", "value": "device does not exist", "qualifier": {"alias": "IC144Panel:2305", "code": "missing device"}}
2026-03-05 15:17:51 ERROR root remotelib error:HallPanel:2307:{"property": "init", "value": "device does not exist", "qualifier": {"alias": "HallPanel:2307", "code": "missing device"}}
2026-03-05 15:17:51 ERROR root remotelib error:BWDPanel:2308:{"property": "init", "value": "device does not exist", "qualifier": {"alias": "BWDPanel:2308", "code": "missing device"}}
2026-03-05 15:17:51 ERROR root remotelib error:IC144Panel:2306:{"property": "init", "value": "device does not exist", "qualifier": {"alias": "IC144Panel:2306", "code": "missing device"}}
2026-03-05 15:17:51 ERROR root remotelib error:IC143Panel:2318:{"property": "init", "value": "device does not exist", "qualifier": {"alias": "IC143Panel:2318", "code": "missing device"}}
2026-03-05 15:17:51 ERROR root remotelib error:BreakRmPanel:2305:{"property": "init", "value": "device does not exist", "qualifier": {"alias": "BreakRmPanel:2305", "code": "missing device"}}
2026-03-05 15:17:51 ERROR root remotelib error:HallPanel:2308:{"property": "init", "value": "device does not exist", "qualifier": {"alias": "HallPanel:2308", "code": "missing device"}}
2026-03-05 15:17:51 ERROR root remotelib error:IC143Panel:2319:{"property": "init", "value": "device does not exist", "qualifier": {"alias": "IC143Panel:2319", "code": "missing device"}}
2026-03-05 15:17:51 ERROR root remotelib error:IC142Panel:2303:{"property": "init", "value": "device does not exist", "qualifier": {"alias": "IC142Panel:2303", "code": "missing device"}}
2026-03-05 15:17:51 ERROR root remotelib error:LobbyPanel:2303:{"property": "init", "value": "device does not exist", "qualifier": {"alias": "LobbyPanel:2303", "code": "missing device"}}
2026-03-05 15:17:51 ERROR root remotelib error:HallPanel:2309:{"property": "init", "value": "device does not exist", "qualifier": {"alias": "HallPanel:2309", "code": "missing device"}}
2026-03-05 15:17:51 ERROR root remotelib error:BWDPanel:2309:{"property": "init", "value": "device does not exist", "qualifier": {"alias": "BWDPanel:2309", "code": "missing device"}}
2026-03-05 15:17:51 ERROR root remotelib error:IC143Panel:793:{"property": "init", "value": "device does not exist", "qualifier": {"alias": "IC143Panel:793", "code": "missing device"}}
2026-03-05 15:17:51 ERROR root remotelib error:IC144Panel:2307:{"property": "init", "value": "device does not exist", "qualifier": {"alias": "IC144Panel:2307", "code": "missing device"}}
2026-03-05 15:17:51 ERROR root remotelib error:BreakRmPanel:2306:{"property": "init", "value": "device does not exist", "qualifier": {"alias": "BreakRmPanel:2306", "code": "missing device"}}
2026-03-05 15:17:51 ERROR root remotelib error:IC142Panel:2304:{"property": "init", "value": "device does not exist", "qualifier": {"alias": "IC142Panel:2304", "code": "missing device"}}
2026-03-05 15:17:51 ERROR root remotelib error:BWDPanel:2310:{"property": "init", "value": "device does not exist", "qualifier": {"alias": "BWDPanel:2310", "code": "missing device"}}
2026-03-05 15:17:51 ERROR root remotelib error:LobbyPanel:2304:{"property": "init", "value": "device does not exist", "qualifier": {"alias": "LobbyPanel:2304", "code": "missing device"}}
2026-03-05 15:17:51 ERROR root remotelib error:IC144Panel:2308:{"property": "init", "value": "device does not exist", "qualifier": {"alias": "IC144Panel:2308", "code": "missing device"}}
2026-03-05 15:17:51 ERROR root remotelib error:HallPanel:2310:{"property": "init", "value": "device does not exist", "qualifier": {"alias": "HallPanel:2310", "code": "missing device"}}
2026-03-05 15:17:51 ERROR root remotelib error:BreakRmPanel:2307:{"property": "init", "value": "device does not exist", "qualifier": {"alias": "BreakRmPanel:2307", "code": "missing device"}}
2026-03-05 15:17:51 ERROR root remotelib error:IC143Panel:4925:{"property": "init", "value": "device does not exist", "qualifier": {"alias": "IC143Panel:4925", "code": "missing device"}}
2026-03-05 15:17:51 ERROR root remotelib error:BWDPanel:2311:{"property": "init", "value": "device does not exist", "qualifier": {"alias": "BWDPanel:2311", "code": "missing device"}}
2026-03-05 15:17:51 ERROR root remotelib error:IC142Panel:2305:{"property": "init", "value": "device does not exist", "qualifier": {"alias": "IC142Panel:2305", "code": "missing device"}}
2026-03-05 15:17:51 ERROR root remotelib error:LobbyPanel:2305:{"property": "init", "value": "device does not exist", "qualifier": {"alias": "LobbyPanel:2305", "code": "missing device"}}
2026-03-05 15:17:51 ERROR root remotelib error:IC144Panel:2309:{"property": "init", "value": "device does not exist", "qualifier": {"alias": "IC144Panel:2309", "code": "missing device"}}
2026-03-05 15:17:51 ERROR root remotelib error:BreakRmPanel:2308:{"property": "init", "value": "device does not exist", "qualifier": {"alias": "BreakRmPanel:2308", "code": "missing device"}}
2026-03-05 15:17:51 ERROR root remotelib error:HallPanel:2311:{"property": "init", "value": "device does not exist", "qualifier": {"alias": "HallPanel:2311", "code": "missing device"}}
2026-03-05 15:17:51 ERROR root remotelib error:IC143Panel:4926:{"property": "init", "value": "device does not exist", "qualifier": {"alias": "IC143Panel:4926", "code": "missing device"}}
2026-03-05 15:17:51 ERROR root remotelib error:IC142Panel:2306:{"property": "init", "value": "device does not exist", "qualifier": {"alias": "IC142Panel:2306", "code": "missing device"}}
2026-03-05 15:17:51 ERROR root Invalid Parameter in Button: Invalid ID=163
2026-03-05 15:17:51 ERROR root remotelib error:LobbyPanel:2306:{"property": "init", "value": "device does not exist", "qualifier": {"alias": "LobbyPanel:2306", "code": "missing device"}}
2026-03-05 15:17:51 ERROR root remotelib error:BWDPanel:2312:{"property": "init", "value": "device does not exist", "qualifier": {"alias": "BWDPanel:2312", "code": "missing device"}}
2026-03-05 15:17:51 ERROR root remotelib error:IC144Panel:2310:{"property": "init", "value": "device does not exist", "qualifier": {"alias": "IC144Panel:2310", "code": "missing device"}}
2026-03-05 15:17:51 ERROR root remotelib error:HallPanel:2312:{"property": "init", "value": "device does not exist", "qualifier": {"alias": "HallPanel:2312", "code": "missing device"}}
2026-03-05 15:17:51 ERROR root remotelib error:BreakRmPanel:2309:{"property": "init", "value": "device does not exist", "qualifier": {"alias": "BreakRmPanel:2309", "code": "missing device"}}
2026-03-05 15:17:51 ERROR root remotelib error:IC143Panel:4927:{"property": "init", "value": "device does not exist", "qualifier": {"alias": "IC143Panel:4927", "code": "missing device"}}
2026-03-05 15:17:51 ERROR root remotelib error:IC142Panel:2307:{"property": "init", "value": "device does not exist", "qualifier": {"alias": "IC142Panel:2307", "code": "missing device"}}
2026-03-05 15:17:51 ERROR root remotelib error:BWDPanel:2313:{"property": "init", "value": "device does not exist", "qualifier": {"alias": "BWDPanel:2313", "code": "missing device"}}
2026-03-05 15:17:51 ERROR root remotelib error:LobbyPanel:2307:{"property": "init", "value": "device does not exist", "qualifier": {"alias": "LobbyPanel:2307", "code": "missing device"}}
2026-03-05 15:17:51 ERROR root remotelib error:IC144Panel:2311:{"property": "init", "value": "device does not exist", "qualifier": {"alias": "IC144Panel:2311", "code": "missing device"}}
2026-03-05 15:17:51 ERROR root remotelib error:HallPanel:2313:{"property": "init", "value": "device does not exist", "qualifier": {"alias": "HallPanel:2313", "code": "missing device"}}
2026-03-05 15:17:51 ERROR root remotelib error:BreakRmPanel:2310:{"property": "init", "value": "device does not exist", "qualifier": {"alias": "BreakRmPanel:2310", "code": "missing device"}}
2026-03-05 15:17:51 ERROR root remotelib error:IC143Panel:4928:{"property": "init", "value": "device does not exist", "qualifier": {"alias": "IC143Panel:4928", "code": "missing device"}}
2026-03-05 15:17:51 ERROR root remotelib error:IC142Panel:2308:{"property": "init", "value": "device does not exist", "qualifier": {"alias": "IC142Panel:2308", "code": "missing device"}}
2026-03-05 15:17:51 ERROR root remotelib error:BWDPanel:2314:{"property": "init", "value": "device does not exist", "qualifier": {"alias": "BWDPanel:2314", "code": "missing device"}}
2026-03-05 15:17:51 ERROR root remotelib error:LobbyPanel:2308:{"property": "init", "value": "device does not exist", "qualifier": {"alias": "LobbyPanel:2308", "code": "missing device"}}
2026-03-05 15:17:51 ERROR root remotelib error:IC144Panel:2312:{"property": "init", "value": "device does not exist", "qualifier": {"alias": "IC144Panel:2312", "code": "missing device"}}
2026-03-05 15:17:51 ERROR root remotelib error:HallPanel:2314:{"property": "init", "value": "device does not exist", "qualifier": {"alias": "HallPanel:2314", "code": "missing device"}}
2026-03-05 15:17:51 ERROR root remotelib error:IC143Panel:4929:{"property": "init", "value": "device does not exist", "qualifier": {"alias": "IC143Panel:4929", "code": "missing device"}}
2026-03-05 15:17:51 ERROR root remotelib error:BreakRmPanel:2311:{"property": "init", "value": "device does not exist", "qualifier": {"alias": "BreakRmPanel:2311", "code": "missing device"}}
2026-03-05 15:17:51 ERROR root remotelib error:IC142Panel:2309:{"property": "init", "value": "device does not exist", "qualifier": {"alias": "IC142Panel:2309", "code": "missing device"}}
2026-03-05 15:17:51 ERROR root remotelib error:BWDPanel:2315:{"property": "init", "value": "device does not exist", "qualifier": {"alias": "BWDPanel:2315", "code": "missing device"}}
2026-03-05 15:17:51 ERROR root remotelib error:BreakRmPanel:2312:{"property": "init", "value": "device does not exist", "qualifier": {"alias": "BreakRmPanel:2312", "code": "missing device"}}
2026-03-05 15:17:51 ERROR root remotelib error:IC144Panel:2313:{"property": "init", "value": "device does not exist", "qualifier": {"alias": "IC144Panel:2313", "code": "missing device"}}
2026-03-05 15:17:51 ERROR root remotelib error:HallPanel:2315:{"property": "init", "value": "device does not exist", "qualifier": {"alias": "HallPanel:2315", "code": "missing device"}}
2026-03-05 15:17:51 ERROR root remotelib error:BWDPanel:2316:{"property": "init", "value": "device does not exist", "qualifier": {"alias": "BWDPanel:2316", "code": "missing device"}}
2026-03-05 15:17:51 ERROR root remotelib error:IC143Panel:4930:{"property": "init", "value": "device does not exist", "qualifier": {"alias": "IC143Panel:4930", "code": "missing device"}}
2026-03-05 15:17:51 ERROR root remotelib error:LobbyPanel:2309:{"property": "init", "value": "device does not exist", "qualifier": {"alias": "LobbyPanel:2309", "code": "missing device"}}
2026-03-05 15:17:51 ERROR root remotelib error:IC142Panel:2310:{"property": "init", "value": "device does not exist", "qualifier": {"alias": "IC142Panel:2310", "code": "missing device"}}
2026-03-05 15:17:51 ERROR root remotelib error:BreakRmPanel:2313:{"property": "init", "value": "device does not exist", "qualifier": {"alias": "BreakRmPanel:2313", "code": "missing device"}}
2026-03-05 15:17:51 ERROR root remotelib error:IC144Panel:2314:{"property": "init", "value": "device does not exist", "qualifier": {"alias": "IC144Panel:2314", "code": "missing device"}}
2026-03-05 15:17:51 ERROR root remotelib error:HallPanel:2316:{"property": "init", "value": "device does not exist", "qualifier": {"alias": "HallPanel:2316", "code": "missing device"}}
2026-03-05 15:17:51 ERROR root remotelib error:BWDPanel:2317:{"property": "init", "value": "device does not exist", "qualifier": {"alias": "BWDPanel:2317", "code": "missing device"}}
2026-03-05 15:17:51 ERROR root remotelib error:IC143Panel:4931:{"property": "init", "value": "device does not exist", "qualifier": {"alias": "IC143Panel:4931", "code": "missing device"}}
2026-03-05 15:17:51 ERROR root remotelib error:IC142Panel:2311:{"property": "init", "value": "device does not exist", "qualifier": {"alias": "IC142Panel:2311", "code": "missing device"}}
2026-03-05 15:17:51 ERROR root remotelib error:BreakRmPanel:2314:{"property": "init", "value": "device does not exist", "qualifier": {"alias": "BreakRmPanel:2314", "code": "missing device"}}
2026-03-05 15:17:51 ERROR root remotelib error:LobbyPanel:2310:{"property": "init", "value": "device does not exist", "qualifier": {"alias": "LobbyPanel:2310", "code": "missing device"}}
2026-03-05 15:17:51 ERROR root remotelib error:IC144Panel:2315:{"property": "init", "value": "device does not exist", "qualifier": {"alias": "IC144Panel:2315", "code": "missing device"}}
2026-03-05 15:17:51 ERROR root remotelib error:BWDPanel:2318:{"property": "init", "value": "device does not exist", "qualifier": {"alias": "BWDPanel:2318", "code": "missing device"}}
2026-03-05 15:17:51 ERROR root remotelib error:HallPanel:2317:{"property": "init", "value": "device does not exist", "qualifier": {"alias": "HallPanel:2317", "code": "missing device"}}
2026-03-05 15:17:51 ERROR root remotelib error:IC143Panel:4932:{"property": "init", "value": "device does not exist", "qualifier": {"alias": "IC143Panel:4932", "code": "missing device"}}
2026-03-05 15:17:51 ERROR root remotelib error:IC142Panel:2312:{"property": "init", "value": "device does not exist", "qualifier": {"alias": "IC142Panel:2312", "code": "missing device"}}
2026-03-05 15:17:51 ERROR root remotelib error:HallPanel:2318:{"property": "init", "value": "device does not exist", "qualifier": {"alias": "HallPanel:2318", "code": "missing device"}}
2026-03-05 15:17:51 ERROR root remotelib error:BWDPanel:2319:{"property": "init", "value": "device does not exist", "qualifier": {"alias": "BWDPanel:2319", "code": "missing device"}}
2026-03-05 15:17:51 ERROR root remotelib error:IC144Panel:2316:{"property": "init", "value": "device does not exist", "qualifier": {"alias": "IC144Panel:2316", "code": "missing device"}}
2026-03-05 15:17:51 ERROR root remotelib error:LobbyPanel:2311:{"property": "init", "value": "device does not exist", "qualifier": {"alias": "LobbyPanel:2311", "code": "missing device"}}
2026-03-05 15:17:51 ERROR root remotelib error:BWDPanel:793:{"property": "init", "value": "device does not exist", "qualifier": {"alias": "BWDPanel:793", "code": "missing device"}}
2026-03-05 15:17:51 ERROR root remotelib error:IC143Panel:4900:{"property": "init", "value": "device does not exist", "qualifier": {"alias": "IC143Panel:4900", "code": "missing device"}}
2026-03-05 15:17:51 ERROR root remotelib error:HallPanel:2319:{"property": "init", "value": "device does not exist", "qualifier": {"alias": "HallPanel:2319", "code": "missing device"}}
2026-03-05 15:17:51 ERROR root remotelib error:IC144Panel:2317:{"property": "init", "value": "device does not exist", "qualifier": {"alias": "IC144Panel:2317", "code": "missing device"}}
2026-03-05 15:17:51 ERROR root remotelib error:BreakRmPanel:2315:{"property": "init", "value": "device does not exist", "qualifier": {"alias": "BreakRmPanel:2315", "code": "missing device"}}
2026-03-05 15:17:51 ERROR root remotelib error:IC142Panel:2313:{"property": "init", "value": "device does not exist", "qualifier": {"alias": "IC142Panel:2313", "code": "missing device"}}
2026-03-05 15:17:51 ERROR root remotelib error:IC144Panel:2318:{"property": "init", "value": "device does not exist", "qualifier": {"alias": "IC144Panel:2318", "code": "missing device"}}
2026-03-05 15:17:51 ERROR root remotelib error:BWDPanel:4925:{"property": "init", "value": "device does not exist", "qualifier": {"alias": "BWDPanel:4925", "code": "missing device"}}
2026-03-05 15:17:51 ERROR root remotelib error:IC143Panel:4901:{"property": "init", "value": "device does not exist", "qualifier": {"alias": "IC143Panel:4901", "code": "missing device"}}
2026-03-05 15:17:52 ERROR root remotelib error:IC142Panel:2314:{"property": "init", "value": "device does not exist", "qualifier": {"alias": "IC142Panel:2314", "code": "missing device"}}
2026-03-05 15:17:52 ERROR root remotelib error:HallPanel:793:{"property": "init", "value": "device does not exist", "qualifier": {"alias": "HallPanel:793", "code": "missing device"}}
2026-03-05 15:17:52 ERROR root remotelib error:LobbyPanel:2312:{"property": "init", "value": "device does not exist", "qualifier": {"alias": "LobbyPanel:2312", "code": "missing device"}}
2026-03-05 15:17:52 ERROR root remotelib error:BreakRmPanel:2316:{"property": "init", "value": "device does not exist", "qualifier": {"alias": "BreakRmPanel:2316", "code": "missing device"}}
2026-03-05 15:17:52 ERROR root remotelib error:BWDPanel:4926:{"property": "init", "value": "device does not exist", "qualifier": {"alias": "BWDPanel:4926", "code": "missing device"}}
2026-03-05 15:17:52 ERROR root remotelib error:IC144Panel:2319:{"property": "init", "value": "device does not exist", "qualifier": {"alias": "IC144Panel:2319", "code": "missing device"}}
2026-03-05 15:17:52 ERROR root remotelib error:IC143Panel:4902:{"property": "init", "value": "device does not exist", "qualifier": {"alias": "IC143Panel:4902", "code": "missing device"}}
2026-03-05 15:17:52 ERROR root remotelib error:IC142Panel:2315:{"property": "init", "value": "device does not exist", "qualifier": {"alias": "IC142Panel:2315", "code": "missing device"}}
2026-03-05 15:17:52 ERROR root remotelib error:HallPanel:4925:{"property": "init", "value": "device does not exist", "qualifier": {"alias": "HallPanel:4925", "code": "missing device"}}
2026-03-05 15:17:52 ERROR root remotelib error:LobbyPanel:2313:{"property": "init", "value": "device does not exist", "qualifier": {"alias": "LobbyPanel:2313", "code": "missing device"}}
2026-03-05 15:17:52 ERROR root remotelib error:BWDPanel:4927:{"property": "init", "value": "device does not exist", "qualifier": {"alias": "BWDPanel:4927", "code": "missing device"}}
2026-03-05 15:17:52 ERROR root remotelib error:BreakRmPanel:2317:{"property": "init", "value": "device does not exist", "qualifier": {"alias": "BreakRmPanel:2317", "code": "missing device"}}
2026-03-05 15:17:52 ERROR root remotelib error:IC144Panel:793:{"property": "init", "value": "device does not exist", "qualifier": {"alias": "IC144Panel:793", "code": "missing device"}}
2026-03-05 15:17:52 ERROR root remotelib error:IC142Panel:2316:{"property": "init", "value": "device does not exist", "qualifier": {"alias": "IC142Panel:2316", "code": "missing device"}}
2026-03-05 15:17:52 ERROR root remotelib error:IC143Panel:4903:{"property": "init", "value": "device does not exist", "qualifier": {"alias": "IC143Panel:4903", "code": "missing device"}}
2026-03-05 15:17:52 ERROR root remotelib error:HallPanel:4926:{"property": "init", "value": "device does not exist", "qualifier": {"alias": "HallPanel:4926", "code": "missing device"}}
2026-03-05 15:17:52 ERROR root remotelib error:LobbyPanel:2314:{"property": "init", "value": "device does not exist", "qualifier": {"alias": "LobbyPanel:2314", "code": "missing device"}}
2026-03-05 15:17:52 ERROR root remotelib error:BreakRmPanel:2318:{"property": "init", "value": "device does not exist", "qualifier": {"alias": "BreakRmPanel:2318", "code": "missing device"}}
2026-03-05 15:17:52 ERROR root remotelib error:BWDPanel:4928:{"property": "init", "value": "device does not exist", "qualifier": {"alias": "BWDPanel:4928", "code": "missing device"}}
2026-03-05 15:17:52 ERROR root remotelib error:IC144Panel:4925:{"property": "init", "value": "device does not exist", "qualifier": {"alias": "IC144Panel:4925", "code": "missing device"}}
2026-03-05 15:17:52 ERROR root remotelib error:IC143Panel:4904:{"property": "init", "value": "device does not exist", "qualifier": {"alias": "IC143Panel:4904", "code": "missing device"}}
2026-03-05 15:17:52 ERROR root remotelib error:IC142Panel:2317:{"property": "init", "value": "device does not exist", "qualifier": {"alias": "IC142Panel:2317", "code": "missing device"}}
2026-03-05 15:17:52 ERROR root remotelib error:HallPanel:4927:{"property": "init", "value": "device does not exist", "qualifier": {"alias": "HallPanel:4927", "code": "missing device"}}
2026-03-05 15:17:52 ERROR root remotelib error:BreakRmPanel:2319:{"property": "init", "value": "device does not exist", "qualifier": {"alias": "BreakRmPanel:2319", "code": "missing device"}}
2026-03-05 15:17:52 ERROR root remotelib error:IC144Panel:4926:{"property": "init", "value": "device does not exist", "qualifier": {"alias": "IC144Panel:4926", "code": "missing device"}}
2026-03-05 15:17:52 ERROR root remotelib error:BWDPanel:4929:{"property": "init", "value": "device does not exist", "qualifier": {"alias": "BWDPanel:4929", "code": "missing device"}}
2026-03-05 15:17:52 ERROR root remotelib error:IC143Panel:4905:{"property": "init", "value": "device does not exist", "qualifier": {"alias": "IC143Panel:4905", "code": "missing device"}}
2026-03-05 15:17:52 ERROR root remotelib error:LobbyPanel:2315:{"property": "init", "value": "device does not exist", "qualifier": {"alias": "LobbyPanel:2315", "code": "missing device"}}
2026-03-05 15:17:52 ERROR root remotelib error:HallPanel:4928:{"property": "init", "value": "device does not exist", "qualifier": {"alias": "HallPanel:4928", "code": "missing device"}}
2026-03-05 15:17:52 ERROR root remotelib error:IC142Panel:2318:{"property": "init", "value": "device does not exist", "qualifier": {"alias": "IC142Panel:2318", "code": "missing device"}}
2026-03-05 15:17:52 ERROR root remotelib error:IC144Panel:4927:{"property": "init", "value": "device does not exist", "qualifier": {"alias": "IC144Panel:4927", "code": "missing device"}}
2026-03-05 15:17:52 ERROR root remotelib error:BreakRmPanel:793:{"property": "init", "value": "device does not exist", "qualifier": {"alias": "BreakRmPanel:793", "code": "missing device"}}
2026-03-05 15:17:52 ERROR root remotelib error:IC142Panel:2319:{"property": "init", "value": "device does not exist", "qualifier": {"alias": "IC142Panel:2319", "code": "missing device"}}
2026-03-05 15:17:52 ERROR root remotelib error:LobbyPanel:2316:{"property": "init", "value": "device does not exist", "qualifier": {"alias": "LobbyPanel:2316", "code": "missing device"}}
2026-03-05 15:17:52 ERROR root remotelib error:IC144Panel:4928:{"property": "init", "value": "device does not exist", "qualifier": {"alias": "IC144Panel:4928", "code": "missing device"}}
2026-03-05 15:17:52 ERROR root remotelib error:BWDPanel:4930:{"property": "init", "value": "device does not exist", "qualifier": {"alias": "BWDPanel:4930", "code": "missing device"}}
2026-03-05 15:17:52 ERROR root remotelib error:HallPanel:4929:{"property": "init", "value": "device does not exist", "qualifier": {"alias": "HallPanel:4929", "code": "missing device"}}
2026-03-05 15:17:52 ERROR root remotelib error:LobbyPanel:2317:{"property": "init", "value": "device does not exist", "qualifier": {"alias": "LobbyPanel:2317", "code": "missing device"}}
2026-03-05 15:17:52 ERROR root remotelib error:IC144Panel:4929:{"property": "init", "value": "device does not exist", "qualifier": {"alias": "IC144Panel:4929", "code": "missing device"}}
2026-03-05 15:17:52 ERROR root remotelib error:IC143Panel:4906:{"property": "init", "value": "device does not exist", "qualifier": {"alias": "IC143Panel:4906", "code": "missing device"}}
2026-03-05 15:17:52 ERROR root remotelib error:IC142Panel:793:{"property": "init", "value": "device does not exist", "qualifier": {"alias": "IC142Panel:793", "code": "missing device"}}
2026-03-05 15:17:52 ERROR root remotelib error:BreakRmPanel:4925:{"property": "init", "value": "device does not exist", "qualifier": {"alias": "BreakRmPanel:4925", "code": "missing device"}}
2026-03-05 15:17:52 ERROR root remotelib error:HallPanel:4930:{"property": "init", "value": "device does not exist", "qualifier": {"alias": "HallPanel:4930", "code": "missing device"}}
2026-03-05 15:17:52 ERROR root remotelib error:BWDPanel:4931:{"property": "init", "value": "device does not exist", "qualifier": {"alias": "BWDPanel:4931", "code": "missing device"}}
2026-03-05 15:17:52 ERROR root remotelib error:IC144Panel:4930:{"property": "init", "value": "device does not exist", "qualifier": {"alias": "IC144Panel:4930", "code": "missing device"}}
2026-03-05 15:17:52 ERROR root remotelib error:IC142Panel:4925:{"property": "init", "value": "device does not exist", "qualifier": {"alias": "IC142Panel:4925", "code": "missing device"}}
2026-03-05 15:17:52 ERROR root remotelib error:LobbyPanel:2318:{"property": "init", "value": "device does not exist", "qualifier": {"alias": "LobbyPanel:2318", "code": "missing device"}}
2026-03-05 15:17:52 ERROR root remotelib error:IC143Panel:4907:{"property": "init", "value": "device does not exist", "qualifier": {"alias": "IC143Panel:4907", "code": "missing device"}}
2026-03-05 15:17:52 ERROR root remotelib error:BreakRmPanel:4926:{"property": "init", "value": "device does not exist", "qualifier": {"alias": "BreakRmPanel:4926", "code": "missing device"}}
2026-03-05 15:17:52 ERROR root remotelib error:IC144Panel:4931:{"property": "init", "value": "device does not exist", "qualifier": {"alias": "IC144Panel:4931", "code": "missing device"}}
2026-03-05 15:17:52 ERROR root remotelib error:LobbyPanel:2319:{"property": "init", "value": "device does not exist", "qualifier": {"alias": "LobbyPanel:2319", "code": "missing device"}}
2026-03-05 15:17:52 ERROR root remotelib error:HallPanel:4931:{"property": "init", "value": "device does not exist", "qualifier": {"alias": "HallPanel:4931", "code": "missing device"}}
2026-03-05 15:17:52 ERROR root remotelib error:BWDPanel:4932:{"property": "init", "value": "device does not exist", "qualifier": {"alias": "BWDPanel:4932", "code": "missing device"}}
2026-03-05 15:17:52 ERROR root remotelib error:IC142Panel:4926:{"property": "init", "value": "device does not exist", "qualifier": {"alias": "IC142Panel:4926", "code": "missing device"}}
2026-03-05 15:17:52 ERROR root remotelib error:IC143Panel:4908:{"property": "init", "value": "device does not exist", "qualifier": {"alias": "IC143Panel:4908", "code": "missing device"}}
2026-03-05 15:17:52 ERROR root remotelib error:LobbyPanel:793:{"property": "init", "value": "device does not exist", "qualifier": {"alias": "LobbyPanel:793", "code": "missing device"}}
2026-03-05 15:17:52 ERROR root remotelib error:IC144Panel:4932:{"property": "init", "value": "device does not exist", "qualifier": {"alias": "IC144Panel:4932", "code": "missing device"}}
2026-03-05 15:17:52 ERROR root remotelib error:HallPanel:4932:{"property": "init", "value": "device does not exist", "qualifier": {"alias": "HallPanel:4932", "code": "missing device"}}
2026-03-05 15:17:52 ERROR root remotelib error:IC142Panel:4927:{"property": "init", "value": "device does not exist", "qualifier": {"alias": "IC142Panel:4927", "code": "missing device"}}
2026-03-05 15:17:52 ERROR root remotelib error:IC143Panel:4909:{"property": "init", "value": "device does not exist", "qualifier": {"alias": "IC143Panel:4909", "code": "missing device"}}
2026-03-05 15:17:52 ERROR root remotelib error:BWDPanel:4900:{"property": "init", "value": "device does not exist", "qualifier": {"alias": "BWDPanel:4900", "code": "missing device"}}
2026-03-05 15:17:52 ERROR root remotelib error:HallPanel:4900:{"property": "init", "value": "device does not exist", "qualifier": {"alias": "HallPanel:4900", "code": "missing device"}}
2026-03-05 15:17:52 ERROR root remotelib error:BWDPanel:4901:{"property": "init", "value": "device does not exist", "qualifier": {"alias": "BWDPanel:4901", "code": "missing device"}}
2026-03-05 15:17:52 ERROR root remotelib error:IC143Panel:4910:{"property": "init", "value": "device does not exist", "qualifier": {"alias": "IC143Panel:4910", "code": "missing device"}}
2026-03-05 15:17:52 ERROR root remotelib error:IC142Panel:4928:{"property": "init", "value": "device does not exist", "qualifier": {"alias": "IC142Panel:4928", "code": "missing device"}}
2026-03-05 15:17:52 ERROR root remotelib error:LobbyPanel:4925:{"property": "init", "value": "device does not exist", "qualifier": {"alias": "LobbyPanel:4925", "code": "missing device"}}
2026-03-05 15:17:52 ERROR root remotelib error:IC143Panel:4911:{"property": "init", "value": "device does not exist", "qualifier": {"alias": "IC143Panel:4911", "code": "missing device"}}
2026-03-05 15:17:52 ERROR root remotelib error:BreakRmPanel:4927:{"property": "init", "value": "device does not exist", "qualifier": {"alias": "BreakRmPanel:4927", "code": "missing device"}}
2026-03-05 15:17:52 ERROR root remotelib error:HallPanel:4901:{"property": "init", "value": "device does not exist", "qualifier": {"alias": "HallPanel:4901", "code": "missing device"}}
2026-03-05 15:17:52 ERROR root remotelib error:LobbyPanel:4926:{"property": "init", "value": "device does not exist", "qualifier": {"alias": "LobbyPanel:4926", "code": "missing device"}}
2026-03-05 15:17:52 ERROR root remotelib error:IC142Panel:4929:{"property": "init", "value": "device does not exist", "qualifier": {"alias": "IC142Panel:4929", "code": "missing device"}}
2026-03-05 15:17:52 ERROR root remotelib error:BWDPanel:4902:{"property": "init", "value": "device does not exist", "qualifier": {"alias": "BWDPanel:4902", "code": "missing device"}}
2026-03-05 15:17:52 ERROR root remotelib error:IC144Panel:4900:{"property": "init", "value": "device does not exist", "qualifier": {"alias": "IC144Panel:4900", "code": "missing device"}}
2026-03-05 15:17:52 ERROR root remotelib error:IC143Panel:4912:{"property": "init", "value": "device does not exist", "qualifier": {"alias": "IC143Panel:4912", "code": "missing device"}}
2026-03-05 15:17:52 ERROR root remotelib error:BreakRmPanel:4928:{"property": "init", "value": "device does not exist", "qualifier": {"alias": "BreakRmPanel:4928", "code": "missing device"}}
2026-03-05 15:17:52 ERROR root remotelib error:HallPanel:4902:{"property": "init", "value": "device does not exist", "qualifier": {"alias": "HallPanel:4902", "code": "missing device"}}
2026-03-05 15:17:52 ERROR root remotelib error:IC144Panel:4901:{"property": "init", "value": "device does not exist", "qualifier": {"alias": "IC144Panel:4901", "code": "missing device"}}
2026-03-05 15:17:52 ERROR root remotelib error:BWDPanel:4903:{"property": "init", "value": "device does not exist", "qualifier": {"alias": "BWDPanel:4903", "code": "missing device"}}
2026-03-05 15:17:52 ERROR root remotelib error:IC142Panel:4930:{"property": "init", "value": "device does not exist", "qualifier": {"alias": "IC142Panel:4930", "code": "missing device"}}
2026-03-05 15:17:52 ERROR root remotelib error:LobbyPanel:4927:{"property": "init", "value": "device does not exist", "qualifier": {"alias": "LobbyPanel:4927", "code": "missing device"}}
2026-03-05 15:17:52 ERROR root remotelib error:IC143Panel:4913:{"property": "init", "value": "device does not exist", "qualifier": {"alias": "IC143Panel:4913", "code": "missing device"}}
2026-03-05 15:17:52 ERROR root remotelib error:BreakRmPanel:4929:{"property": "init", "value": "device does not exist", "qualifier": {"alias": "BreakRmPanel:4929", "code": "missing device"}}
2026-03-05 15:17:52 ERROR root remotelib error:HallPanel:4903:{"property": "init", "value": "device does not exist", "qualifier": {"alias": "HallPanel:4903", "code": "missing device"}}
2026-03-05 15:17:52 ERROR root remotelib error:IC144Panel:4902:{"property": "init", "value": "device does not exist", "qualifier": {"alias": "IC144Panel:4902", "code": "missing device"}}
2026-03-05 15:17:52 ERROR root remotelib error:IC142Panel:4931:{"property": "init", "value": "device does not exist", "qualifier": {"alias": "IC142Panel:4931", "code": "missing device"}}
2026-03-05 15:17:52 ERROR root remotelib error:BWDPanel:4904:{"property": "init", "value": "device does not exist", "qualifier": {"alias": "BWDPanel:4904", "code": "missing device"}}
2026-03-05 15:17:52 ERROR root remotelib error:LobbyPanel:4928:{"property": "init", "value": "device does not exist", "qualifier": {"alias": "LobbyPanel:4928", "code": "missing device"}}
2026-03-05 15:17:52 ERROR root Invalid Parameter in Button: Invalid ID=2211
2026-03-05 15:17:52 ERROR root remotelib error:BreakRmPanel:4930:{"property": "init", "value": "device does not exist", "qualifier": {"alias": "BreakRmPanel:4930", "code": "missing device"}}
2026-03-05 15:17:52 ERROR root remotelib error:IC143Panel:4914:{"property": "init", "value": "device does not exist", "qualifier": {"alias": "IC143Panel:4914", "code": "missing device"}}
2026-03-05 15:17:52 ERROR root remotelib error:HallPanel:4904:{"property": "init", "value": "device does not exist", "qualifier": {"alias": "HallPanel:4904", "code": "missing device"}}
2026-03-05 15:17:52 ERROR root remotelib error:IC144Panel:4903:{"property": "init", "value": "device does not exist", "qualifier": {"alias": "IC144Panel:4903", "code": "missing device"}}
2026-03-05 15:17:52 ERROR root remotelib error:BWDPanel:4905:{"property": "init", "value": "device does not exist", "qualifier": {"alias": "BWDPanel:4905", "code": "missing device"}}
2026-03-05 15:17:52 ERROR root remotelib error:IC142Panel:4932:{"property": "init", "value": "device does not exist", "qualifier": {"alias": "IC142Panel:4932", "code": "missing device"}}
2026-03-05 15:17:52 ERROR root remotelib error:LobbyPanel:4929:{"property": "init", "value": "device does not exist", "qualifier": {"alias": "LobbyPanel:4929", "code": "missing device"}}
2026-03-05 15:17:52 ERROR root remotelib error:IC144Panel:4904:{"property": "init", "value": "device does not exist", "qualifier": {"alias": "IC144Panel:4904", "code": "missing device"}}
2026-03-05 15:17:52 ERROR root remotelib error:BreakRmPanel:4931:{"property": "init", "value": "device does not exist", "qualifier": {"alias": "BreakRmPanel:4931", "code": "missing device"}}
2026-03-05 15:17:52 ERROR root remotelib error:HallPanel:4905:{"property": "init", "value": "device does not exist", "qualifier": {"alias": "HallPanel:4905", "code": "missing device"}}
2026-03-05 15:17:52 ERROR root remotelib error:IC143Panel:4915:{"property": "init", "value": "device does not exist", "qualifier": {"alias": "IC143Panel:4915", "code": "missing device"}}
2026-03-05 15:17:52 ERROR root remotelib error:BWDPanel:4906:{"property": "init", "value": "device does not exist", "qualifier": {"alias": "BWDPanel:4906", "code": "missing device"}}
2026-03-05 15:17:52 ERROR root remotelib error:IC142Panel:4900:{"property": "init", "value": "device does not exist", "qualifier": {"alias": "IC142Panel:4900", "code": "missing device"}}
2026-03-05 15:17:52 ERROR root remotelib error:LobbyPanel:4930:{"property": "init", "value": "device does not exist", "qualifier": {"alias": "LobbyPanel:4930", "code": "missing device"}}
2026-03-05 15:17:52 ERROR root remotelib error:IC144Panel:4905:{"property": "init", "value": "device does not exist", "qualifier": {"alias": "IC144Panel:4905", "code": "missing device"}}
2026-03-05 15:17:52 ERROR root remotelib error:BreakRmPanel:4932:{"property": "init", "value": "device does not exist", "qualifier": {"alias": "BreakRmPanel:4932", "code": "missing device"}}
2026-03-05 15:17:52 ERROR root remotelib error:HallPanel:4906:{"property": "init", "value": "device does not exist", "qualifier": {"alias": "HallPanel:4906", "code": "missing device"}}
2026-03-05 15:17:52 ERROR root remotelib error:IC143Panel:4916:{"property": "init", "value": "device does not exist", "qualifier": {"alias": "IC143Panel:4916", "code": "missing device"}}
2026-03-05 15:17:52 ERROR root remotelib error:BWDPanel:4907:{"property": "init", "value": "device does not exist", "qualifier": {"alias": "BWDPanel:4907", "code": "missing device"}}
2026-03-05 15:17:52 ERROR root remotelib error:IC142Panel:4901:{"property": "init", "value": "device does not exist", "qualifier": {"alias": "IC142Panel:4901", "code": "missing device"}}
2026-03-05 15:17:52 ERROR root remotelib error:LobbyPanel:4931:{"property": "init", "value": "device does not exist", "qualifier": {"alias": "LobbyPanel:4931", "code": "missing device"}}
2026-03-05 15:17:52 ERROR root remotelib error:IC144Panel:4906:{"property": "init", "value": "device does not exist", "qualifier": {"alias": "IC144Panel:4906", "code": "missing device"}}
2026-03-05 15:17:52 ERROR root remotelib error:BreakRmPanel:4900:{"property": "init", "value": "device does not exist", "qualifier": {"alias": "BreakRmPanel:4900", "code": "missing device"}}
2026-03-05 15:17:52 ERROR root remotelib error:HallPanel:4907:{"property": "init", "value": "device does not exist", "qualifier": {"alias": "HallPanel:4907", "code": "missing device"}}
2026-03-05 15:17:52 ERROR root remotelib error:IC143Panel:4917:{"property": "init", "value": "device does not exist", "qualifier": {"alias": "IC143Panel:4917", "code": "missing device"}}
2026-03-05 15:17:52 ERROR root remotelib error:BWDPanel:4908:{"property": "init", "value": "device does not exist", "qualifier": {"alias": "BWDPanel:4908", "code": "missing device"}}
2026-03-05 15:17:52 ERROR root remotelib error:IC142Panel:4902:{"property": "init", "value": "device does not exist", "qualifier": {"alias": "IC142Panel:4902", "code": "missing device"}}
2026-03-05 15:17:52 ERROR root remotelib error:LobbyPanel:4932:{"property": "init", "value": "device does not exist", "qualifier": {"alias": "LobbyPanel:4932", "code": "missing device"}}
2026-03-05 15:17:52 ERROR root remotelib error:IC144Panel:4907:{"property": "init", "value": "device does not exist", "qualifier": {"alias": "IC144Panel:4907", "code": "missing device"}}
2026-03-05 15:17:52 ERROR root remotelib error:BreakRmPanel:4901:{"property": "init", "value": "device does not exist", "qualifier": {"alias": "BreakRmPanel:4901", "code": "missing device"}}
2026-03-05 15:17:52 ERROR root remotelib error:HallPanel:4908:{"property": "init", "value": "device does not exist", "qualifier": {"alias": "HallPanel:4908", "code": "missing device"}}
2026-03-05 15:17:52 ERROR root remotelib error:IC143Panel:4918:{"property": "init", "value": "device does not exist", "qualifier": {"alias": "IC143Panel:4918", "code": "missing device"}}
2026-03-05 15:17:52 ERROR root remotelib error:BWDPanel:4909:{"property": "init", "value": "device does not exist", "qualifier": {"alias": "BWDPanel:4909", "code": "missing device"}}
2026-03-05 15:17:52 ERROR root remotelib error:LobbyPanel:4900:{"property": "init", "value": "device does not exist", "qualifier": {"alias": "LobbyPanel:4900", "code": "missing device"}}
2026-03-05 15:17:52 ERROR root remotelib error:HallPanel:4909:{"property": "init", "value": "device does not exist", "qualifier": {"alias": "HallPanel:4909", "code": "missing device"}}
2026-03-05 15:17:52 ERROR root remotelib error:BreakRmPanel:4902:{"property": "init", "value": "device does not exist", "qualifier": {"alias": "BreakRmPanel:4902", "code": "missing device"}}
2026-03-05 15:17:52 ERROR root remotelib error:IC144Panel:4908:{"property": "init", "value": "device does not exist", "qualifier": {"alias": "IC144Panel:4908", "code": "missing device"}}
2026-03-05 15:17:52 ERROR root can't start new thread
2026-03-05 15:17:53 ERROR root remotelib error:BreakRmPanel:4903:{"property": "init", "value": "device does not exist", "qualifier": {"alias": "BreakRmPanel:4903", "code": "missing device"}}
2026-03-05 15:17:53 ERROR root remotelib error:IC144Panel:4909:{"property": "init", "value": "device does not exist", "qualifier": {"alias": "IC144Panel:4909", "code": "missing device"}}
2026-03-05 15:17:53 ERROR root remotelib error:HallPanel:4910:{"property": "init", "value": "device does not exist", "qualifier": {"alias": "HallPanel:4910", "code": "missing device"}}
2026-03-05 15:17:53 ERROR root remotelib error:BWDPanel:4910:{"property": "init", "value": "device does not exist", "qualifier": {"alias": "BWDPanel:4910", "code": "missing device"}}
2026-03-05 15:17:53 ERROR root remotelib error:IC142Panel:4903:{"property": "init", "value": "device does not exist", "qualifier": {"alias": "IC142Panel:4903", "code": "missing device"}}
2026-03-05 15:17:53 ERROR root remotelib error:IC143Panel:4919:{"property": "init", "value": "device does not exist", "qualifier": {"alias": "IC143Panel:4919", "code": "missing device"}}
2026-03-05 15:17:53 ERROR root remotelib error:LobbyPanel:4902:{"property": "init", "value": "device does not exist", "qualifier": {"alias": "LobbyPanel:4902", "code": "missing device"}}
2026-03-05 15:17:53 ERROR root remotelib error:HallPanel:4911:{"property": "init", "value": "device does not exist", "qualifier": {"alias": "HallPanel:4911", "code": "missing device"}}
2026-03-05 15:17:53 ERROR root remotelib error:BWDPanel:4911:{"property": "init", "value": "device does not exist", "qualifier": {"alias": "BWDPanel:4911", "code": "missing device"}}
2026-03-05 15:17:53 ERROR root remotelib error:BreakRmPanel:4904:{"property": "init", "value": "device does not exist", "qualifier": {"alias": "BreakRmPanel:4904", "code": "missing device"}}
2026-03-05 15:17:53 ERROR root remotelib error:IC144Panel:4910:{"property": "init", "value": "device does not exist", "qualifier": {"alias": "IC144Panel:4910", "code": "missing device"}}
2026-03-05 15:17:53 ERROR root remotelib error:IC142Panel:4904:{"property": "init", "value": "device does not exist", "qualifier": {"alias": "IC142Panel:4904", "code": "missing device"}}
2026-03-05 15:17:53 ERROR root remotelib error:LobbyPanel:4903:{"property": "init", "value": "device does not exist", "qualifier": {"alias": "LobbyPanel:4903", "code": "missing device"}}
2026-03-05 15:17:53 ERROR root remotelib error:IC143Panel:4920:{"property": "init", "value": "device does not exist", "qualifier": {"alias": "IC143Panel:4920", "code": "missing device"}}
2026-03-05 15:17:53 ERROR root remotelib error:HallPanel:4912:{"property": "init", "value": "device does not exist", "qualifier": {"alias": "HallPanel:4912", "code": "missing device"}}
2026-03-05 15:17:53 ERROR root remotelib error:BreakRmPanel:4905:{"property": "init", "value": "device does not exist", "qualifier": {"alias": "BreakRmPanel:4905", "code": "missing device"}}
2026-03-05 15:17:53 ERROR root remotelib error:BWDPanel:4912:{"property": "init", "value": "device does not exist", "qualifier": {"alias": "BWDPanel:4912", "code": "missing device"}}
2026-03-05 15:17:53 ERROR root remotelib error:LobbyPanel:4904:{"property": "init", "value": "device does not exist", "qualifier": {"alias": "LobbyPanel:4904", "code": "missing device"}}
2026-03-05 15:17:53 ERROR root remotelib error:IC144Panel:4911:{"property": "init", "value": "device does not exist", "qualifier": {"alias": "IC144Panel:4911", "code": "missing device"}}
2026-03-05 15:17:53 ERROR root remotelib error:IC144Panel:4912:{"property": "init", "value": "device does not exist", "qualifier": {"alias": "IC144Panel:4912", "code": "missing device"}}
2026-03-05 15:17:53 ERROR root remotelib error:BreakRmPanel:4906:{"property": "init", "value": "device does not exist", "qualifier": {"alias": "BreakRmPanel:4906", "code": "missing device"}}
2026-03-05 15:17:53 ERROR root remotelib error:IC142Panel:4905:{"property": "init", "value": "device does not exist", "qualifier": {"alias": "IC142Panel:4905", "code": "missing device"}}
2026-03-05 15:17:53 ERROR root remotelib error:IC143Panel:4921:{"property": "init", "value": "device does not exist", "qualifier": {"alias": "IC143Panel:4921", "code": "missing device"}}
2026-03-05 15:17:53 ERROR root remotelib error:HallPanel:4913:{"property": "init", "value": "device does not exist", "qualifier": {"alias": "HallPanel:4913", "code": "missing device"}}
2026-03-05 15:17:53 ERROR root remotelib error:BreakRmPanel:4907:{"property": "init", "value": "device does not exist", "qualifier": {"alias": "BreakRmPanel:4907", "code": "missing device"}}
2026-03-05 15:17:53 ERROR root remotelib error:BWDPanel:4913:{"property": "init", "value": "device does not exist", "qualifier": {"alias": "BWDPanel:4913", "code": "missing device"}}
2026-03-05 15:17:53 ERROR root remotelib error:LobbyPanel:4905:{"property": "init", "value": "device does not exist", "qualifier": {"alias": "LobbyPanel:4905", "code": "missing device"}}
2026-03-05 15:17:53 ERROR root remotelib error:LobbyPanel:4901:{"property": "init", "value": "device does not exist", "qualifier": {"alias": "LobbyPanel:4901", "code": "missing device"}}
2026-03-05 15:17:53 ERROR root remotelib error:IC144Panel:4913:{"property": "init", "value": "device does not exist", "qualifier": {"alias": "IC144Panel:4913", "code": "missing device"}}
2026-03-05 15:17:53 ERROR root remotelib error:BreakRmPanel:4908:{"property": "init", "value": "device does not exist", "qualifier": {"alias": "BreakRmPanel:4908", "code": "missing device"}}
2026-03-05 15:17:53 ERROR root remotelib error:BWDPanel:4914:{"property": "init", "value": "device does not exist", "qualifier": {"alias": "BWDPanel:4914", "code": "missing device"}}
2026-03-05 15:17:53 ERROR root remotelib error:IC144Panel:4914:{"property": "init", "value": "device does not exist", "qualifier": {"alias": "IC144Panel:4914", "code": "missing device"}}
2026-03-05 15:17:53 ERROR root remotelib error:LobbyPanel:4906:{"property": "init", "value": "device does not exist", "qualifier": {"alias": "LobbyPanel:4906", "code": "missing device"}}
2026-03-05 15:17:53 ERROR root remotelib error:IC143Panel:4922:{"property": "init", "value": "device does not exist", "qualifier": {"alias": "IC143Panel:4922", "code": "missing device"}}
2026-03-05 15:17:53 ERROR root remotelib error:BreakRmPanel:4909:{"property": "init", "value": "device does not exist", "qualifier": {"alias": "BreakRmPanel:4909", "code": "missing device"}}
2026-03-05 15:17:53 ERROR root remotelib error:IC142Panel:4906:{"property": "init", "value": "device does not exist", "qualifier": {"alias": "IC142Panel:4906", "code": "missing device"}}
2026-03-05 15:17:53 ERROR root remotelib error:HallPanel:4914:{"property": "init", "value": "device does not exist", "qualifier": {"alias": "HallPanel:4914", "code": "missing device"}}
2026-03-05 15:17:53 ERROR root remotelib error:BWDPanel:4915:{"property": "init", "value": "device does not exist", "qualifier": {"alias": "BWDPanel:4915", "code": "missing device"}}
2026-03-05 15:17:53 ERROR root remotelib error:IC144Panel:4915:{"property": "init", "value": "device does not exist", "qualifier": {"alias": "IC144Panel:4915", "code": "missing device"}}
2026-03-05 15:17:53 ERROR root remotelib error:HallPanel:4915:{"property": "init", "value": "device does not exist", "qualifier": {"alias": "HallPanel:4915", "code": "missing device"}}
2026-03-05 15:17:53 ERROR root remotelib error:BreakRmPanel:4910:{"property": "init", "value": "device does not exist", "qualifier": {"alias": "BreakRmPanel:4910", "code": "missing device"}}
2026-03-05 15:17:53 ERROR root remotelib error:IC143Panel:4923:{"property": "init", "value": "device does not exist", "qualifier": {"alias": "IC143Panel:4923", "code": "missing device"}}
2026-03-05 15:17:53 ERROR root remotelib error:IC142Panel:4907:{"property": "init", "value": "device does not exist", "qualifier": {"alias": "IC142Panel:4907", "code": "missing device"}}
2026-03-05 15:17:53 ERROR root remotelib error:IC144Panel:4916:{"property": "init", "value": "device does not exist", "qualifier": {"alias": "IC144Panel:4916", "code": "missing device"}}
2026-03-05 15:17:53 ERROR root remotelib error:BWDPanel:4916:{"property": "init", "value": "device does not exist", "qualifier": {"alias": "BWDPanel:4916", "code": "missing device"}}
2026-03-05 15:17:53 ERROR root remotelib error:LobbyPanel:4907:{"property": "init", "value": "device does not exist", "qualifier": {"alias": "LobbyPanel:4907", "code": "missing device"}}
2026-03-05 15:17:53 ERROR root remotelib error:HallPanel:4916:{"property": "init", "value": "device does not exist", "qualifier": {"alias": "HallPanel:4916", "code": "missing device"}}
2026-03-05 15:17:53 ERROR root remotelib error:BreakRmPanel:4911:{"property": "init", "value": "device does not exist", "qualifier": {"alias": "BreakRmPanel:4911", "code": "missing device"}}
2026-03-05 15:17:53 ERROR root remotelib error:IC143Panel:4924:{"property": "init", "value": "device does not exist", "qualifier": {"alias": "IC143Panel:4924", "code": "missing device"}}
2026-03-05 15:17:53 ERROR root remotelib error:IC144Panel:4917:{"property": "init", "value": "device does not exist", "qualifier": {"alias": "IC144Panel:4917", "code": "missing device"}}
2026-03-05 15:17:53 ERROR root remotelib error:HallPanel:4917:{"property": "init", "value": "device does not exist", "qualifier": {"alias": "HallPanel:4917", "code": "missing device"}}
2026-03-05 15:17:53 ERROR root remotelib error:BWDPanel:4917:{"property": "init", "value": "device does not exist", "qualifier": {"alias": "BWDPanel:4917", "code": "missing device"}}
2026-03-05 15:17:53 ERROR root remotelib error:IC143Panel:4625:{"property": "init", "value": "device does not exist", "qualifier": {"alias": "IC143Panel:4625", "code": "missing device"}}
2026-03-05 15:17:53 ERROR root remotelib error:IC142Panel:4908:{"property": "init", "value": "device does not exist", "qualifier": {"alias": "IC142Panel:4908", "code": "missing device"}}
2026-03-05 15:17:53 ERROR root remotelib error:IC142Panel:4909:{"property": "init", "value": "device does not exist", "qualifier": {"alias": "IC142Panel:4909", "code": "missing device"}}
2026-03-05 15:17:53 ERROR root remotelib error:LobbyPanel:4908:{"property": "init", "value": "device does not exist", "qualifier": {"alias": "LobbyPanel:4908", "code": "missing device"}}
2026-03-05 15:17:53 ERROR root remotelib error:HallPanel:4918:{"property": "init", "value": "device does not exist", "qualifier": {"alias": "HallPanel:4918", "code": "missing device"}}
2026-03-05 15:17:53 ERROR root remotelib error:BWDPanel:4918:{"property": "init", "value": "device does not exist", "qualifier": {"alias": "BWDPanel:4918", "code": "missing device"}}
2026-03-05 15:17:53 ERROR root remotelib error:IC143Panel:4626:{"property": "init", "value": "device does not exist", "qualifier": {"alias": "IC143Panel:4626", "code": "missing device"}}
2026-03-05 15:17:53 ERROR root remotelib error:IC144Panel:4918:{"property": "init", "value": "device does not exist", "qualifier": {"alias": "IC144Panel:4918", "code": "missing device"}}
2026-03-05 15:17:53 ERROR root remotelib error:BreakRmPanel:4912:{"property": "init", "value": "device does not exist", "qualifier": {"alias": "BreakRmPanel:4912", "code": "missing device"}}
2026-03-05 15:17:53 ERROR root remotelib error:IC142Panel:4910:{"property": "init", "value": "device does not exist", "qualifier": {"alias": "IC142Panel:4910", "code": "missing device"}}
2026-03-05 15:17:53 ERROR root remotelib error:IC144Panel:4919:{"property": "init", "value": "device does not exist", "qualifier": {"alias": "IC144Panel:4919", "code": "missing device"}}
2026-03-05 15:17:53 ERROR root remotelib error:BreakRmPanel:4913:{"property": "init", "value": "device does not exist", "qualifier": {"alias": "BreakRmPanel:4913", "code": "missing device"}}
2026-03-05 15:17:53 ERROR root remotelib error:IC142Panel:4911:{"property": "init", "value": "device does not exist", "qualifier": {"alias": "IC142Panel:4911", "code": "missing device"}}
2026-03-05 15:17:53 ERROR root remotelib error:LobbyPanel:4909:{"property": "init", "value": "device does not exist", "qualifier": {"alias": "LobbyPanel:4909", "code": "missing device"}}
2026-03-05 15:17:53 ERROR root remotelib error:LobbyPanel:4910:{"property": "init", "value": "device does not exist", "qualifier": {"alias": "LobbyPanel:4910", "code": "missing device"}}
2026-03-05 15:17:53 ERROR root remotelib error:IC144Panel:4920:{"property": "init", "value": "device does not exist", "qualifier": {"alias": "IC144Panel:4920", "code": "missing device"}}
2026-03-05 15:17:53 ERROR root remotelib error:IC143Panel:4627:{"property": "init", "value": "device does not exist", "qualifier": {"alias": "IC143Panel:4627", "code": "missing device"}}
2026-03-05 15:17:53 ERROR root remotelib error:BWDPanel:4919:{"property": "init", "value": "device does not exist", "qualifier": {"alias": "BWDPanel:4919", "code": "missing device"}}
2026-03-05 15:17:53 ERROR root remotelib error:HallPanel:4919:{"property": "init", "value": "device does not exist", "qualifier": {"alias": "HallPanel:4919", "code": "missing device"}}
2026-03-05 15:17:53 ERROR root remotelib error:BreakRmPanel:4914:{"property": "init", "value": "device does not exist", "qualifier": {"alias": "BreakRmPanel:4914", "code": "missing device"}}
2026-03-05 15:17:53 ERROR root Invalid Parameter in Button: Invalid ID=66
2026-03-05 15:17:53 ERROR root remotelib error:IC142Panel:4912:{"property": "init", "value": "device does not exist", "qualifier": {"alias": "IC142Panel:4912", "code": "missing device"}}
2026-03-05 15:17:53 ERROR root remotelib error:IC144Panel:4921:{"property": "init", "value": "device does not exist", "qualifier": {"alias": "IC144Panel:4921", "code": "missing device"}}
2026-03-05 15:17:53 ERROR root remotelib error:BWDPanel:4920:{"property": "init", "value": "device does not exist", "qualifier": {"alias": "BWDPanel:4920", "code": "missing device"}}
2026-03-05 15:17:53 ERROR root remotelib error:IC143Panel:4628:{"property": "init", "value": "device does not exist", "qualifier": {"alias": "IC143Panel:4628", "code": "missing device"}}
2026-03-05 15:17:53 ERROR root remotelib error:HallPanel:4920:{"property": "init", "value": "device does not exist", "qualifier": {"alias": "HallPanel:4920", "code": "missing device"}}
2026-03-05 15:17:53 ERROR root remotelib error:LobbyPanel:4911:{"property": "init", "value": "device does not exist", "qualifier": {"alias": "LobbyPanel:4911", "code": "missing device"}}
2026-03-05 15:17:53 ERROR root remotelib error:BreakRmPanel:4915:{"property": "init", "value": "device does not exist", "qualifier": {"alias": "BreakRmPanel:4915", "code": "missing device"}}
2026-03-05 15:17:53 ERROR root remotelib error:IC142Panel:4913:{"property": "init", "value": "device does not exist", "qualifier": {"alias": "IC142Panel:4913", "code": "missing device"}}
2026-03-05 15:17:53 ERROR root remotelib error:IC143Panel:4629:{"property": "init", "value": "device does not exist", "qualifier": {"alias": "IC143Panel:4629", "code": "missing device"}}
2026-03-05 15:17:53 ERROR root remotelib error:IC144Panel:4922:{"property": "init", "value": "device does not exist", "qualifier": {"alias": "IC144Panel:4922", "code": "missing device"}}
2026-03-05 15:17:53 ERROR root remotelib error:BWDPanel:4921:{"property": "init", "value": "device does not exist", "qualifier": {"alias": "BWDPanel:4921", "code": "missing device"}}
2026-03-05 15:17:53 ERROR root remotelib error:LobbyPanel:4912:{"property": "init", "value": "device does not exist", "qualifier": {"alias": "LobbyPanel:4912", "code": "missing device"}}
2026-03-05 15:17:53 ERROR root remotelib error:HallPanel:4921:{"property": "init", "value": "device does not exist", "qualifier": {"alias": "HallPanel:4921", "code": "missing device"}}
2026-03-05 15:17:53 ERROR root remotelib error:BreakRmPanel:4916:{"property": "init", "value": "device does not exist", "qualifier": {"alias": "BreakRmPanel:4916", "code": "missing device"}}
2026-03-05 15:17:53 ERROR root remotelib error:IC142Panel:4914:{"property": "init", "value": "device does not exist", "qualifier": {"alias": "IC142Panel:4914", "code": "missing device"}}
2026-03-05 15:17:53 ERROR root remotelib error:IC143Panel:4630:{"property": "init", "value": "device does not exist", "qualifier": {"alias": "IC143Panel:4630", "code": "missing device"}}
2026-03-05 15:17:53 ERROR root remotelib error:IC144Panel:4923:{"property": "init", "value": "device does not exist", "qualifier": {"alias": "IC144Panel:4923", "code": "missing device"}}
2026-03-05 15:17:54 ERROR root remotelib error:BWDPanel:4922:{"property": "init", "value": "device does not exist", "qualifier": {"alias": "BWDPanel:4922", "code": "missing device"}}
2026-03-05 15:17:54 ERROR root remotelib error:IC142Panel:4915:{"property": "init", "value": "device does not exist", "qualifier": {"alias": "IC142Panel:4915", "code": "missing device"}}
2026-03-05 15:17:54 ERROR root remotelib error:HallPanel:4922:{"property": "init", "value": "device does not exist", "qualifier": {"alias": "HallPanel:4922", "code": "missing device"}}
2026-03-05 15:17:54 ERROR root remotelib error:LobbyPanel:4913:{"property": "init", "value": "device does not exist", "qualifier": {"alias": "LobbyPanel:4913", "code": "missing device"}}
2026-03-05 15:17:54 ERROR root remotelib error:BreakRmPanel:4917:{"property": "init", "value": "device does not exist", "qualifier": {"alias": "BreakRmPanel:4917", "code": "missing device"}}
2026-03-05 15:17:54 ERROR root remotelib error:IC143Panel:4631:{"property": "init", "value": "device does not exist", "qualifier": {"alias": "IC143Panel:4631", "code": "missing device"}}
2026-03-05 15:17:54 ERROR root remotelib error:IC144Panel:4924:{"property": "init", "value": "device does not exist", "qualifier": {"alias": "IC144Panel:4924", "code": "missing device"}}
2026-03-05 15:17:54 ERROR root remotelib error:LobbyPanel:4914:{"property": "init", "value": "device does not exist", "qualifier": {"alias": "LobbyPanel:4914", "code": "missing device"}}
2026-03-05 15:17:54 ERROR root remotelib error:BWDPanel:4923:{"property": "init", "value": "device does not exist", "qualifier": {"alias": "BWDPanel:4923", "code": "missing device"}}
2026-03-05 15:17:54 ERROR root remotelib error:IC143Panel:4632:{"property": "init", "value": "device does not exist", "qualifier": {"alias": "IC143Panel:4632", "code": "missing device"}}
2026-03-05 15:17:54 ERROR root remotelib error:BWDPanel:4924:{"property": "init", "value": "device does not exist", "qualifier": {"alias": "BWDPanel:4924", "code": "missing device"}}
2026-03-05 15:17:54 ERROR root remotelib error:IC144Panel:4625:{"property": "init", "value": "device does not exist", "qualifier": {"alias": "IC144Panel:4625", "code": "missing device"}}
2026-03-05 15:17:54 ERROR root remotelib error:LobbyPanel:4915:{"property": "init", "value": "device does not exist", "qualifier": {"alias": "LobbyPanel:4915", "code": "missing device"}}
2026-03-05 15:17:54 ERROR root remotelib error:BreakRmPanel:4918:{"property": "init", "value": "device does not exist", "qualifier": {"alias": "BreakRmPanel:4918", "code": "missing device"}}
2026-03-05 15:17:54 ERROR root remotelib error:IC142Panel:4916:{"property": "init", "value": "device does not exist", "qualifier": {"alias": "IC142Panel:4916", "code": "missing device"}}
2026-03-05 15:17:54 ERROR root remotelib error:HallPanel:4923:{"property": "init", "value": "device does not exist", "qualifier": {"alias": "HallPanel:4923", "code": "missing device"}}
2026-03-05 15:17:54 ERROR root remotelib error:IC144Panel:4626:{"property": "init", "value": "device does not exist", "qualifier": {"alias": "IC144Panel:4626", "code": "missing device"}}
2026-03-05 15:17:54 ERROR root remotelib error:IC143Panel:4600:{"property": "init", "value": "device does not exist", "qualifier": {"alias": "IC143Panel:4600", "code": "missing device"}}
2026-03-05 15:17:54 ERROR root remotelib error:BWDPanel:4625:{"property": "init", "value": "device does not exist", "qualifier": {"alias": "BWDPanel:4625", "code": "missing device"}}
2026-03-05 15:17:54 ERROR root remotelib error:HallPanel:4924:{"property": "init", "value": "device does not exist", "qualifier": {"alias": "HallPanel:4924", "code": "missing device"}}
2026-03-05 15:17:54 ERROR root remotelib error:IC142Panel:4917:{"property": "init", "value": "device does not exist", "qualifier": {"alias": "IC142Panel:4917", "code": "missing device"}}
2026-03-05 15:17:54 ERROR root remotelib error:BreakRmPanel:4919:{"property": "init", "value": "device does not exist", "qualifier": {"alias": "BreakRmPanel:4919", "code": "missing device"}}
2026-03-05 15:17:54 ERROR root remotelib error:LobbyPanel:4916:{"property": "init", "value": "device does not exist", "qualifier": {"alias": "LobbyPanel:4916", "code": "missing device"}}
2026-03-05 15:17:54 ERROR root remotelib error:IC143Panel:4601:{"property": "init", "value": "device does not exist", "qualifier": {"alias": "IC143Panel:4601", "code": "missing device"}}
2026-03-05 15:17:54 ERROR root remotelib error:IC144Panel:4627:{"property": "init", "value": "device does not exist", "qualifier": {"alias": "IC144Panel:4627", "code": "missing device"}}
2026-03-05 15:17:54 ERROR root remotelib error:BWDPanel:4626:{"property": "init", "value": "device does not exist", "qualifier": {"alias": "BWDPanel:4626", "code": "missing device"}}
2026-03-05 15:17:54 ERROR root remotelib error:HallPanel:4625:{"property": "init", "value": "device does not exist", "qualifier": {"alias": "HallPanel:4625", "code": "missing device"}}
2026-03-05 15:17:54 ERROR root remotelib error:BreakRmPanel:4920:{"property": "init", "value": "device does not exist", "qualifier": {"alias": "BreakRmPanel:4920", "code": "missing device"}}
2026-03-05 15:17:54 ERROR root remotelib error:IC142Panel:4918:{"property": "init", "value": "device does not exist", "qualifier": {"alias": "IC142Panel:4918", "code": "missing device"}}
2026-03-05 15:17:54 ERROR root remotelib error:LobbyPanel:4917:{"property": "init", "value": "device does not exist", "qualifier": {"alias": "LobbyPanel:4917", "code": "missing device"}}
2026-03-05 15:17:54 ERROR root remotelib error:IC143Panel:4602:{"property": "init", "value": "device does not exist", "qualifier": {"alias": "IC143Panel:4602", "code": "missing device"}}
2026-03-05 15:17:54 ERROR root remotelib error:IC144Panel:4628:{"property": "init", "value": "device does not exist", "qualifier": {"alias": "IC144Panel:4628", "code": "missing device"}}
2026-03-05 15:17:54 ERROR root remotelib error:LobbyPanel:4918:{"property": "init", "value": "device does not exist", "qualifier": {"alias": "LobbyPanel:4918", "code": "missing device"}}
2026-03-05 15:17:54 ERROR root remotelib error:BWDPanel:4627:{"property": "init", "value": "device does not exist", "qualifier": {"alias": "BWDPanel:4627", "code": "missing device"}}
2026-03-05 15:17:54 ERROR root remotelib error:BreakRmPanel:4921:{"property": "init", "value": "device does not exist", "qualifier": {"alias": "BreakRmPanel:4921", "code": "missing device"}}
2026-03-05 15:17:54 ERROR root remotelib error:IC142Panel:4919:{"property": "init", "value": "device does not exist", "qualifier": {"alias": "IC142Panel:4919", "code": "missing device"}}
2026-03-05 15:17:54 ERROR root remotelib error:BWDPanel:4628:{"property": "init", "value": "device does not exist", "qualifier": {"alias": "BWDPanel:4628", "code": "missing device"}}
2026-03-05 15:17:54 ERROR root remotelib error:IC144Panel:4629:{"property": "init", "value": "device does not exist", "qualifier": {"alias": "IC144Panel:4629", "code": "missing device"}}
2026-03-05 15:17:54 ERROR root remotelib error:LobbyPanel:4919:{"property": "init", "value": "device does not exist", "qualifier": {"alias": "LobbyPanel:4919", "code": "missing device"}}
2026-03-05 15:17:54 ERROR root remotelib error:IC142Panel:4920:{"property": "init", "value": "device does not exist", "qualifier": {"alias": "IC142Panel:4920", "code": "missing device"}}
2026-03-05 15:17:54 ERROR root remotelib error:IC143Panel:4603:{"property": "init", "value": "device does not exist", "qualifier": {"alias": "IC143Panel:4603", "code": "missing device"}}
2026-03-05 15:17:54 ERROR root remotelib error:BreakRmPanel:4922:{"property": "init", "value": "device does not exist", "qualifier": {"alias": "BreakRmPanel:4922", "code": "missing device"}}
2026-03-05 15:17:54 ERROR root remotelib error:IC144Panel:4630:{"property": "init", "value": "device does not exist", "qualifier": {"alias": "IC144Panel:4630", "code": "missing device"}}
2026-03-05 15:17:54 ERROR root remotelib error:IC142Panel:4921:{"property": "init", "value": "device does not exist", "qualifier": {"alias": "IC142Panel:4921", "code": "missing device"}}
2026-03-05 15:17:54 ERROR root remotelib error:HallPanel:4626:{"property": "init", "value": "device does not exist", "qualifier": {"alias": "HallPanel:4626", "code": "missing device"}}
2026-03-05 15:17:54 ERROR root remotelib error:LobbyPanel:4920:{"property": "init", "value": "device does not exist", "qualifier": {"alias": "LobbyPanel:4920", "code": "missing device"}}
2026-03-05 15:17:54 ERROR root remotelib error:BWDPanel:4629:{"property": "init", "value": "device does not exist", "qualifier": {"alias": "BWDPanel:4629", "code": "missing device"}}
2026-03-05 15:17:54 ERROR root remotelib error:IC143Panel:4604:{"property": "init", "value": "device does not exist", "qualifier": {"alias": "IC143Panel:4604", "code": "missing device"}}
2026-03-05 15:17:54 ERROR root remotelib error:HallPanel:4627:{"property": "init", "value": "device does not exist", "qualifier": {"alias": "HallPanel:4627", "code": "missing device"}}
2026-03-05 15:17:54 ERROR root remotelib error:LobbyPanel:4921:{"property": "init", "value": "device does not exist", "qualifier": {"alias": "LobbyPanel:4921", "code": "missing device"}}
2026-03-05 15:17:54 ERROR root remotelib error:BreakRmPanel:4923:{"property": "init", "value": "device does not exist", "qualifier": {"alias": "BreakRmPanel:4923", "code": "missing device"}}
2026-03-05 15:17:54 ERROR root remotelib error:IC142Panel:4922:{"property": "init", "value": "device does not exist", "qualifier": {"alias": "IC142Panel:4922", "code": "missing device"}}
2026-03-05 15:17:54 ERROR root remotelib error:IC144Panel:4631:{"property": "init", "value": "device does not exist", "qualifier": {"alias": "IC144Panel:4631", "code": "missing device"}}
2026-03-05 15:17:54 ERROR root remotelib error:BWDPanel:4630:{"property": "init", "value": "device does not exist", "qualifier": {"alias": "BWDPanel:4630", "code": "missing device"}}
2026-03-05 15:17:54 ERROR root remotelib error:IC143Panel:4605:{"property": "init", "value": "device does not exist", "qualifier": {"alias": "IC143Panel:4605", "code": "missing device"}}
2026-03-05 15:17:54 ERROR root remotelib error:LobbyPanel:4922:{"property": "init", "value": "device does not exist", "qualifier": {"alias": "LobbyPanel:4922", "code": "missing device"}}
2026-03-05 15:17:54 ERROR root remotelib error:HallPanel:4628:{"property": "init", "value": "device does not exist", "qualifier": {"alias": "HallPanel:4628", "code": "missing device"}}
2026-03-05 15:17:54 ERROR root remotelib error:BreakRmPanel:4924:{"property": "init", "value": "device does not exist", "qualifier": {"alias": "BreakRmPanel:4924", "code": "missing device"}}
2026-03-05 15:17:54 ERROR root remotelib error:IC142Panel:4923:{"property": "init", "value": "device does not exist", "qualifier": {"alias": "IC142Panel:4923", "code": "missing device"}}
2026-03-05 15:17:54 ERROR root remotelib error:IC144Panel:4632:{"property": "init", "value": "device does not exist", "qualifier": {"alias": "IC144Panel:4632", "code": "missing device"}}
2026-03-05 15:17:54 ERROR root remotelib error:BWDPanel:4631:{"property": "init", "value": "device does not exist", "qualifier": {"alias": "BWDPanel:4631", "code": "missing device"}}
2026-03-05 15:17:54 ERROR root remotelib error:IC143Panel:4606:{"property": "init", "value": "device does not exist", "qualifier": {"alias": "IC143Panel:4606", "code": "missing device"}}
2026-03-05 15:17:54 ERROR root remotelib error:LobbyPanel:4923:{"property": "init", "value": "device does not exist", "qualifier": {"alias": "LobbyPanel:4923", "code": "missing device"}}
2026-03-05 15:17:54 ERROR root remotelib error:HallPanel:4629:{"property": "init", "value": "device does not exist", "qualifier": {"alias": "HallPanel:4629", "code": "missing device"}}
2026-03-05 15:17:54 ERROR root remotelib error:IC142Panel:4924:{"property": "init", "value": "device does not exist", "qualifier": {"alias": "IC142Panel:4924", "code": "missing device"}}
2026-03-05 15:17:54 ERROR root remotelib error:IC143Panel:4607:{"property": "init", "value": "device does not exist", "qualifier": {"alias": "IC143Panel:4607", "code": "missing device"}}
2026-03-05 15:17:54 ERROR root remotelib error:IC144Panel:4600:{"property": "init", "value": "device does not exist", "qualifier": {"alias": "IC144Panel:4600", "code": "missing device"}}
2026-03-05 15:17:54 ERROR root remotelib error:BreakRmPanel:4625:{"property": "init", "value": "device does not exist", "qualifier": {"alias": "BreakRmPanel:4625", "code": "missing device"}}
2026-03-05 15:17:54 ERROR root Invalid Parameter in Button: Invalid ID=67
2026-03-05 15:17:54 ERROR root remotelib error:BWDPanel:4632:{"property": "init", "value": "device does not exist", "qualifier": {"alias": "BWDPanel:4632", "code": "missing device"}}
2026-03-05 15:17:54 ERROR root remotelib error:LobbyPanel:4924:{"property": "init", "value": "device does not exist", "qualifier": {"alias": "LobbyPanel:4924", "code": "missing device"}}
2026-03-05 15:17:54 ERROR root remotelib error:IC142Panel:4625:{"property": "init", "value": "device does not exist", "qualifier": {"alias": "IC142Panel:4625", "code": "missing device"}}
2026-03-05 15:17:54 ERROR root remotelib error:IC144Panel:4601:{"property": "init", "value": "device does not exist", "qualifier": {"alias": "IC144Panel:4601", "code": "missing device"}}
2026-03-05 15:17:54 ERROR root remotelib error:IC143Panel:4608:{"property": "init", "value": "device does not exist", "qualifier": {"alias": "IC143Panel:4608", "code": "missing device"}}
2026-03-05 15:17:54 ERROR root remotelib error:HallPanel:4630:{"property": "init", "value": "device does not exist", "qualifier": {"alias": "HallPanel:4630", "code": "missing device"}}
2026-03-05 15:17:54 ERROR root remotelib error:BWDPanel:4600:{"property": "init", "value": "device does not exist", "qualifier": {"alias": "BWDPanel:4600", "code": "missing device"}}
2026-03-05 15:17:54 ERROR root remotelib error:BreakRmPanel:4626:{"property": "init", "value": "device does not exist", "qualifier": {"alias": "BreakRmPanel:4626", "code": "missing device"}}
2026-03-05 15:17:54 ERROR root remotelib error:IC143Panel:4609:{"property": "init", "value": "device does not exist", "qualifier": {"alias": "IC143Panel:4609", "code": "missing device"}}
2026-03-05 15:17:54 ERROR root remotelib error:HallPanel:4631:{"property": "init", "value": "device does not exist", "qualifier": {"alias": "HallPanel:4631", "code": "missing device"}}
2026-03-05 15:17:54 ERROR root remotelib error:BWDPanel:4601:{"property": "init", "value": "device does not exist", "qualifier": {"alias": "BWDPanel:4601", "code": "missing device"}}
2026-03-05 15:17:54 ERROR root remotelib error:BreakRmPanel:4627:{"property": "init", "value": "device does not exist", "qualifier": {"alias": "BreakRmPanel:4627", "code": "missing device"}}
2026-03-05 15:17:54 ERROR root remotelib error:IC143Panel:4610:{"property": "init", "value": "device does not exist", "qualifier": {"alias": "IC143Panel:4610", "code": "missing device"}}
2026-03-05 15:17:54 ERROR root remotelib error:IC142Panel:4626:{"property": "init", "value": "device does not exist", "qualifier": {"alias": "IC142Panel:4626", "code": "missing device"}}
2026-03-05 15:17:54 ERROR root remotelib error:BWDPanel:4602:{"property": "init", "value": "device does not exist", "qualifier": {"alias": "BWDPanel:4602", "code": "missing device"}}
2026-03-05 15:17:54 ERROR root remotelib error:HallPanel:4632:{"property": "init", "value": "device does not exist", "qualifier": {"alias": "HallPanel:4632", "code": "missing device"}}
2026-03-05 15:17:54 ERROR root remotelib error:IC144Panel:4602:{"property": "init", "value": "device does not exist", "qualifier": {"alias": "IC144Panel:4602", "code": "missing device"}}
2026-03-05 15:17:54 ERROR root remotelib error:BreakRmPanel:4628:{"property": "init", "value": "device does not exist", "qualifier": {"alias": "BreakRmPanel:4628", "code": "missing device"}}
2026-03-05 15:17:54 ERROR root remotelib error:LobbyPanel:4625:{"property": "init", "value": "device does not exist", "qualifier": {"alias": "LobbyPanel:4625", "code": "missing device"}}
2026-03-05 15:17:54 ERROR root remotelib error:IC143Panel:4611:{"property": "init", "value": "device does not exist", "qualifier": {"alias": "IC143Panel:4611", "code": "missing device"}}
2026-03-05 15:17:54 ERROR root remotelib error:IC142Panel:4627:{"property": "init", "value": "device does not exist", "qualifier": {"alias": "IC142Panel:4627", "code": "missing device"}}
2026-03-05 15:17:54 ERROR root remotelib error:BWDPanel:4603:{"property": "init", "value": "device does not exist", "qualifier": {"alias": "BWDPanel:4603", "code": "missing device"}}
2026-03-05 15:17:54 ERROR root remotelib error:IC144Panel:4603:{"property": "init", "value": "device does not exist", "qualifier": {"alias": "IC144Panel:4603", "code": "missing device"}}
2026-03-05 15:17:54 ERROR root remotelib error:BreakRmPanel:4629:{"property": "init", "value": "device does not exist", "qualifier": {"alias": "BreakRmPanel:4629", "code": "missing device"}}
2026-03-05 15:17:54 ERROR root remotelib error:LobbyPanel:4626:{"property": "init", "value": "device does not exist", "qualifier": {"alias": "LobbyPanel:4626", "code": "missing device"}}
2026-03-05 15:17:54 ERROR root remotelib error:HallPanel:4600:{"property": "init", "value": "device does not exist", "qualifier": {"alias": "HallPanel:4600", "code": "missing device"}}
2026-03-05 15:17:54 ERROR root remotelib error:IC143Panel:4612:{"property": "init", "value": "device does not exist", "qualifier": {"alias": "IC143Panel:4612", "code": "missing device"}}
2026-03-05 15:17:54 ERROR root remotelib error:IC142Panel:4628:{"property": "init", "value": "device does not exist", "qualifier": {"alias": "IC142Panel:4628", "code": "missing device"}}
2026-03-05 15:17:54 ERROR root remotelib error:BWDPanel:4604:{"property": "init", "value": "device does not exist", "qualifier": {"alias": "BWDPanel:4604", "code": "missing device"}}
2026-03-05 15:17:54 ERROR root remotelib error:IC144Panel:4604:{"property": "init", "value": "device does not exist", "qualifier": {"alias": "IC144Panel:4604", "code": "missing device"}}
2026-03-05 15:17:54 ERROR root remotelib error:IC143Panel:4613:{"property": "init", "value": "device does not exist", "qualifier": {"alias": "IC143Panel:4613", "code": "missing device"}}
2026-03-05 15:17:54 ERROR root remotelib error:LobbyPanel:4627:{"property": "init", "value": "device does not exist", "qualifier": {"alias": "LobbyPanel:4627", "code": "missing device"}}
2026-03-05 15:17:54 ERROR root remotelib error:BreakRmPanel:4630:{"property": "init", "value": "device does not exist", "qualifier": {"alias": "BreakRmPanel:4630", "code": "missing device"}}
2026-03-05 15:17:54 ERROR root remotelib error:HallPanel:4601:{"property": "init", "value": "device does not exist", "qualifier": {"alias": "HallPanel:4601", "code": "missing device"}}
2026-03-05 15:17:54 ERROR root remotelib error:IC142Panel:4629:{"property": "init", "value": "device does not exist", "qualifier": {"alias": "IC142Panel:4629", "code": "missing device"}}
2026-03-05 15:17:54 ERROR root remotelib error:BreakRmPanel:4631:{"property": "init", "value": "device does not exist", "qualifier": {"alias": "BreakRmPanel:4631", "code": "missing device"}}
2026-03-05 15:17:54 ERROR root remotelib error:BWDPanel:4605:{"property": "init", "value": "device does not exist", "qualifier": {"alias": "BWDPanel:4605", "code": "missing device"}}
2026-03-05 15:17:54 ERROR root remotelib error:HallPanel:4602:{"property": "init", "value": "device does not exist", "qualifier": {"alias": "HallPanel:4602", "code": "missing device"}}
2026-03-05 15:17:54 ERROR root remotelib error:BWDPanel:4606:{"property": "init", "value": "device does not exist", "qualifier": {"alias": "BWDPanel:4606", "code": "missing device"}}
2026-03-05 15:17:54 ERROR root remotelib error:LobbyPanel:4628:{"property": "init", "value": "device does not exist", "qualifier": {"alias": "LobbyPanel:4628", "code": "missing device"}}
2026-03-05 15:17:54 ERROR root remotelib error:IC143Panel:4614:{"property": "init", "value": "device does not exist", "qualifier": {"alias": "IC143Panel:4614", "code": "missing device"}}
2026-03-05 15:17:54 ERROR root remotelib error:HallPanel:4603:{"property": "init", "value": "device does not exist", "qualifier": {"alias": "HallPanel:4603", "code": "missing device"}}
2026-03-05 15:17:54 ERROR root remotelib error:IC144Panel:4605:{"property": "init", "value": "device does not exist", "qualifier": {"alias": "IC144Panel:4605", "code": "missing device"}}
2026-03-05 15:17:54 ERROR root remotelib error:IC143Panel:4615:{"property": "init", "value": "device does not exist", "qualifier": {"alias": "IC143Panel:4615", "code": "missing device"}}
2026-03-05 15:17:54 ERROR root remotelib error:BreakRmPanel:4632:{"property": "init", "value": "device does not exist", "qualifier": {"alias": "BreakRmPanel:4632", "code": "missing device"}}
2026-03-05 15:17:54 ERROR root remotelib error:HallPanel:4604:{"property": "init", "value": "device does not exist", "qualifier": {"alias": "HallPanel:4604", "code": "missing device"}}
2026-03-05 15:17:54 ERROR root remotelib error:IC142Panel:4630:{"property": "init", "value": "device does not exist", "qualifier": {"alias": "IC142Panel:4630", "code": "missing device"}}
2026-03-05 15:17:54 ERROR root remotelib error:IC144Panel:4606:{"property": "init", "value": "device does not exist", "qualifier": {"alias": "IC144Panel:4606", "code": "missing device"}}
2026-03-05 15:17:54 ERROR root remotelib error:LobbyPanel:4629:{"property": "init", "value": "device does not exist", "qualifier": {"alias": "LobbyPanel:4629", "code": "missing device"}}
2026-03-05 15:17:54 ERROR root remotelib error:HallPanel:4605:{"property": "init", "value": "device does not exist", "qualifier": {"alias": "HallPanel:4605", "code": "missing device"}}
2026-03-05 15:17:54 ERROR root remotelib error:BreakRmPanel:4600:{"property": "init", "value": "device does not exist", "qualifier": {"alias": "BreakRmPanel:4600", "code": "missing device"}}
2026-03-05 15:17:54 ERROR root remotelib error:IC143Panel:4616:{"property": "init", "value": "device does not exist", "qualifier": {"alias": "IC143Panel:4616", "code": "missing device"}}
2026-03-05 15:17:55 ERROR root remotelib error:BWDPanel:4607:{"property": "init", "value": "device does not exist", "qualifier": {"alias": "BWDPanel:4607", "code": "missing device"}}
2026-03-05 15:17:55 ERROR root remotelib error:IC144Panel:4607:{"property": "init", "value": "device does not exist", "qualifier": {"alias": "IC144Panel:4607", "code": "missing device"}}
2026-03-05 15:17:55 ERROR root remotelib error:IC142Panel:4631:{"property": "init", "value": "device does not exist", "qualifier": {"alias": "IC142Panel:4631", "code": "missing device"}}
2026-03-05 15:17:55 ERROR root remotelib error:LobbyPanel:4630:{"property": "init", "value": "device does not exist", "qualifier": {"alias": "LobbyPanel:4630", "code": "missing device"}}
2026-03-05 15:17:55 ERROR root remotelib error:HallPanel:4606:{"property": "init", "value": "device does not exist", "qualifier": {"alias": "HallPanel:4606", "code": "missing device"}}
2026-03-05 15:17:55 ERROR root remotelib error:BreakRmPanel:4601:{"property": "init", "value": "device does not exist", "qualifier": {"alias": "BreakRmPanel:4601", "code": "missing device"}}
2026-03-05 15:17:55 ERROR root remotelib error:IC143Panel:4617:{"property": "init", "value": "device does not exist", "qualifier": {"alias": "IC143Panel:4617", "code": "missing device"}}
2026-03-05 15:17:55 ERROR root remotelib error:IC144Panel:4608:{"property": "init", "value": "device does not exist", "qualifier": {"alias": "IC144Panel:4608", "code": "missing device"}}
2026-03-05 15:17:55 ERROR root remotelib error:BWDPanel:4608:{"property": "init", "value": "device does not exist", "qualifier": {"alias": "BWDPanel:4608", "code": "missing device"}}
2026-03-05 15:17:55 ERROR root remotelib error:IC142Panel:4632:{"property": "init", "value": "device does not exist", "qualifier": {"alias": "IC142Panel:4632", "code": "missing device"}}
2026-03-05 15:17:55 ERROR root remotelib error:HallPanel:4607:{"property": "init", "value": "device does not exist", "qualifier": {"alias": "HallPanel:4607", "code": "missing device"}}
2026-03-05 15:17:55 ERROR root remotelib error:BreakRmPanel:4602:{"property": "init", "value": "device does not exist", "qualifier": {"alias": "BreakRmPanel:4602", "code": "missing device"}}
2026-03-05 15:17:55 ERROR root remotelib error:LobbyPanel:4631:{"property": "init", "value": "device does not exist", "qualifier": {"alias": "LobbyPanel:4631", "code": "missing device"}}
2026-03-05 15:17:55 ERROR root remotelib error:IC142Panel:4600:{"property": "init", "value": "device does not exist", "qualifier": {"alias": "IC142Panel:4600", "code": "missing device"}}
2026-03-05 15:17:55 ERROR root remotelib error:BWDPanel:4609:{"property": "init", "value": "device does not exist", "qualifier": {"alias": "BWDPanel:4609", "code": "missing device"}}
2026-03-05 15:17:55 ERROR root remotelib error:IC144Panel:4609:{"property": "init", "value": "device does not exist", "qualifier": {"alias": "IC144Panel:4609", "code": "missing device"}}
2026-03-05 15:17:55 ERROR root remotelib error:IC143Panel:4618:{"property": "init", "value": "device does not exist", "qualifier": {"alias": "IC143Panel:4618", "code": "missing device"}}
2026-03-05 15:17:55 ERROR root remotelib error:IC142Panel:4601:{"property": "init", "value": "device does not exist", "qualifier": {"alias": "IC142Panel:4601", "code": "missing device"}}
2026-03-05 15:17:55 ERROR root remotelib error:BWDPanel:4610:{"property": "init", "value": "device does not exist", "qualifier": {"alias": "BWDPanel:4610", "code": "missing device"}}
2026-03-05 15:17:55 ERROR root remotelib error:BreakRmPanel:4603:{"property": "init", "value": "device does not exist", "qualifier": {"alias": "BreakRmPanel:4603", "code": "missing device"}}
2026-03-05 15:17:55 ERROR root remotelib error:LobbyPanel:4632:{"property": "init", "value": "device does not exist", "qualifier": {"alias": "LobbyPanel:4632", "code": "missing device"}}
2026-03-05 15:17:55 ERROR root remotelib error:HallPanel:4608:{"property": "init", "value": "device does not exist", "qualifier": {"alias": "HallPanel:4608", "code": "missing device"}}
2026-03-05 15:17:55 ERROR root remotelib error:BWDPanel:4611:{"property": "init", "value": "device does not exist", "qualifier": {"alias": "BWDPanel:4611", "code": "missing device"}}
2026-03-05 15:17:55 ERROR root remotelib error:BreakRmPanel:4604:{"property": "init", "value": "device does not exist", "qualifier": {"alias": "BreakRmPanel:4604", "code": "missing device"}}
2026-03-05 15:17:55 ERROR root remotelib error:LobbyPanel:4600:{"property": "init", "value": "device does not exist", "qualifier": {"alias": "LobbyPanel:4600", "code": "missing device"}}
2026-03-05 15:17:55 ERROR root remotelib error:HallPanel:4609:{"property": "init", "value": "device does not exist", "qualifier": {"alias": "HallPanel:4609", "code": "missing device"}}
2026-03-05 15:17:55 ERROR root remotelib error:BWDPanel:4612:{"property": "init", "value": "device does not exist", "qualifier": {"alias": "BWDPanel:4612", "code": "missing device"}}
2026-03-05 15:17:55 ERROR root remotelib error:BreakRmPanel:4605:{"property": "init", "value": "device does not exist", "qualifier": {"alias": "BreakRmPanel:4605", "code": "missing device"}}
2026-03-05 15:17:55 ERROR root remotelib error:IC143Panel:4619:{"property": "init", "value": "device does not exist", "qualifier": {"alias": "IC143Panel:4619", "code": "missing device"}}
2026-03-05 15:17:55 ERROR root remotelib error:IC142Panel:4602:{"property": "init", "value": "device does not exist", "qualifier": {"alias": "IC142Panel:4602", "code": "missing device"}}
2026-03-05 15:17:55 ERROR root remotelib error:IC144Panel:4610:{"property": "init", "value": "device does not exist", "qualifier": {"alias": "IC144Panel:4610", "code": "missing device"}}
2026-03-05 15:17:55 ERROR root remotelib error:BWDPanel:4613:{"property": "init", "value": "device does not exist", "qualifier": {"alias": "BWDPanel:4613", "code": "missing device"}}
2026-03-05 15:17:55 ERROR root remotelib error:BreakRmPanel:4606:{"property": "init", "value": "device does not exist", "qualifier": {"alias": "BreakRmPanel:4606", "code": "missing device"}}
2026-03-05 15:17:55 ERROR root remotelib error:IC143Panel:4620:{"property": "init", "value": "device does not exist", "qualifier": {"alias": "IC143Panel:4620", "code": "missing device"}}
2026-03-05 15:17:55 ERROR root remotelib error:IC142Panel:4603:{"property": "init", "value": "device does not exist", "qualifier": {"alias": "IC142Panel:4603", "code": "missing device"}}
2026-03-05 15:17:55 ERROR root remotelib error:LobbyPanel:4601:{"property": "init", "value": "device does not exist", "qualifier": {"alias": "LobbyPanel:4601", "code": "missing device"}}
2026-03-05 15:17:55 ERROR root remotelib error:HallPanel:4610:{"property": "init", "value": "device does not exist", "qualifier": {"alias": "HallPanel:4610", "code": "missing device"}}
2026-03-05 15:17:55 ERROR root remotelib error:IC144Panel:4611:{"property": "init", "value": "device does not exist", "qualifier": {"alias": "IC144Panel:4611", "code": "missing device"}}
2026-03-05 15:17:55 ERROR root remotelib error:BWDPanel:4614:{"property": "init", "value": "device does not exist", "qualifier": {"alias": "BWDPanel:4614", "code": "missing device"}}
2026-03-05 15:17:55 ERROR root remotelib error:BreakRmPanel:4607:{"property": "init", "value": "device does not exist", "qualifier": {"alias": "BreakRmPanel:4607", "code": "missing device"}}
2026-03-05 15:17:55 ERROR root remotelib error:IC143Panel:4621:{"property": "init", "value": "device does not exist", "qualifier": {"alias": "IC143Panel:4621", "code": "missing device"}}
2026-03-05 15:17:55 ERROR root remotelib error:IC142Panel:4604:{"property": "init", "value": "device does not exist", "qualifier": {"alias": "IC142Panel:4604", "code": "missing device"}}
2026-03-05 15:17:55 ERROR root remotelib error:BWDPanel:4615:{"property": "init", "value": "device does not exist", "qualifier": {"alias": "BWDPanel:4615", "code": "missing device"}}
2026-03-05 15:17:55 ERROR root remotelib error:LobbyPanel:4602:{"property": "init", "value": "device does not exist", "qualifier": {"alias": "LobbyPanel:4602", "code": "missing device"}}
2026-03-05 15:17:55 ERROR root remotelib error:IC144Panel:4612:{"property": "init", "value": "device does not exist", "qualifier": {"alias": "IC144Panel:4612", "code": "missing device"}}
2026-03-05 15:17:55 ERROR root remotelib error:HallPanel:4611:{"property": "init", "value": "device does not exist", "qualifier": {"alias": "HallPanel:4611", "code": "missing device"}}
2026-03-05 15:17:55 ERROR root remotelib error:BreakRmPanel:4608:{"property": "init", "value": "device does not exist", "qualifier": {"alias": "BreakRmPanel:4608", "code": "missing device"}}
2026-03-05 15:17:55 ERROR root remotelib error:IC143Panel:4622:{"property": "init", "value": "device does not exist", "qualifier": {"alias": "IC143Panel:4622", "code": "missing device"}}
2026-03-05 15:17:55 ERROR root remotelib error:IC142Panel:4605:{"property": "init", "value": "device does not exist", "qualifier": {"alias": "IC142Panel:4605", "code": "missing device"}}
2026-03-05 15:17:55 ERROR root remotelib error:BWDPanel:4616:{"property": "init", "value": "device does not exist", "qualifier": {"alias": "BWDPanel:4616", "code": "missing device"}}
2026-03-05 15:17:55 ERROR root remotelib error:LobbyPanel:4603:{"property": "init", "value": "device does not exist", "qualifier": {"alias": "LobbyPanel:4603", "code": "missing device"}}
2026-03-05 15:17:55 ERROR root remotelib error:IC144Panel:4613:{"property": "init", "value": "device does not exist", "qualifier": {"alias": "IC144Panel:4613", "code": "missing device"}}
2026-03-05 15:17:55 ERROR root remotelib error:HallPanel:4612:{"property": "init", "value": "device does not exist", "qualifier": {"alias": "HallPanel:4612", "code": "missing device"}}
2026-03-05 15:17:55 ERROR root remotelib error:BWDPanel:4617:{"property": "init", "value": "device does not exist", "qualifier": {"alias": "BWDPanel:4617", "code": "missing device"}}
2026-03-05 15:17:55 ERROR root remotelib error:IC142Panel:4606:{"property": "init", "value": "device does not exist", "qualifier": {"alias": "IC142Panel:4606", "code": "missing device"}}
2026-03-05 15:17:55 ERROR root remotelib error:IC143Panel:4623:{"property": "init", "value": "device does not exist", "qualifier": {"alias": "IC143Panel:4623", "code": "missing device"}}
2026-03-05 15:17:55 ERROR root remotelib error:HallPanel:4613:{"property": "init", "value": "device does not exist", "qualifier": {"alias": "HallPanel:4613", "code": "missing device"}}
2026-03-05 15:17:55 ERROR root remotelib error:LobbyPanel:4604:{"property": "init", "value": "device does not exist", "qualifier": {"alias": "LobbyPanel:4604", "code": "missing device"}}
2026-03-05 15:17:55 ERROR root remotelib error:IC144Panel:4614:{"property": "init", "value": "device does not exist", "qualifier": {"alias": "IC144Panel:4614", "code": "missing device"}}
2026-03-05 15:17:55 ERROR root remotelib error:BreakRmPanel:4609:{"property": "init", "value": "device does not exist", "qualifier": {"alias": "BreakRmPanel:4609", "code": "missing device"}}
2026-03-05 15:17:55 ERROR root remotelib error:LobbyPanel:4605:{"property": "init", "value": "device does not exist", "qualifier": {"alias": "LobbyPanel:4605", "code": "missing device"}}
2026-03-05 15:17:55 ERROR root remotelib error:HallPanel:4614:{"property": "init", "value": "device does not exist", "qualifier": {"alias": "HallPanel:4614", "code": "missing device"}}
2026-03-05 15:17:55 ERROR root remotelib error:IC144Panel:4615:{"property": "init", "value": "device does not exist", "qualifier": {"alias": "IC144Panel:4615", "code": "missing device"}}
2026-03-05 15:17:55 ERROR root remotelib error:IC143Panel:4624:{"property": "init", "value": "device does not exist", "qualifier": {"alias": "IC143Panel:4624", "code": "missing device"}}
2026-03-05 15:17:55 ERROR root remotelib error:IC142Panel:4607:{"property": "init", "value": "device does not exist", "qualifier": {"alias": "IC142Panel:4607", "code": "missing device"}}
2026-03-05 15:17:55 ERROR root remotelib error:BWDPanel:4618:{"property": "init", "value": "device does not exist", "qualifier": {"alias": "BWDPanel:4618", "code": "missing device"}}
2026-03-05 15:17:55 ERROR root remotelib error:LobbyPanel:4606:{"property": "init", "value": "device does not exist", "qualifier": {"alias": "LobbyPanel:4606", "code": "missing device"}}
2026-03-05 15:17:55 ERROR root remotelib error:BreakRmPanel:4610:{"property": "init", "value": "device does not exist", "qualifier": {"alias": "BreakRmPanel:4610", "code": "missing device"}}
2026-03-05 15:17:55 ERROR root remotelib error:IC143Panel:4776:{"property": "init", "value": "device does not exist", "qualifier": {"alias": "IC143Panel:4776", "code": "missing device"}}
2026-03-05 15:17:55 ERROR root remotelib error:IC142Panel:4608:{"property": "init", "value": "device does not exist", "qualifier": {"alias": "IC142Panel:4608", "code": "missing device"}}
2026-03-05 15:17:55 ERROR root remotelib error:BWDPanel:4619:{"property": "init", "value": "device does not exist", "qualifier": {"alias": "BWDPanel:4619", "code": "missing device"}}
2026-03-05 15:17:55 ERROR root remotelib error:IC144Panel:4616:{"property": "init", "value": "device does not exist", "qualifier": {"alias": "IC144Panel:4616", "code": "missing device"}}
2026-03-05 15:17:55 ERROR root remotelib error:LobbyPanel:4607:{"property": "init", "value": "device does not exist", "qualifier": {"alias": "LobbyPanel:4607", "code": "missing device"}}
2026-03-05 15:17:55 ERROR root remotelib error:HallPanel:4615:{"property": "init", "value": "device does not exist", "qualifier": {"alias": "HallPanel:4615", "code": "missing device"}}
2026-03-05 15:17:55 ERROR root remotelib error:IC143Panel:4777:{"property": "init", "value": "device does not exist", "qualifier": {"alias": "IC143Panel:4777", "code": "missing device"}}
2026-03-05 15:17:55 ERROR root remotelib error:BreakRmPanel:4611:{"property": "init", "value": "device does not exist", "qualifier": {"alias": "BreakRmPanel:4611", "code": "missing device"}}
2026-03-05 15:17:55 ERROR root remotelib error:IC142Panel:4609:{"property": "init", "value": "device does not exist", "qualifier": {"alias": "IC142Panel:4609", "code": "missing device"}}
2026-03-05 15:17:55 ERROR root remotelib error:HallPanel:4616:{"property": "init", "value": "device does not exist", "qualifier": {"alias": "HallPanel:4616", "code": "missing device"}}
2026-03-05 15:17:55 ERROR root remotelib error:IC144Panel:4617:{"property": "init", "value": "device does not exist", "qualifier": {"alias": "IC144Panel:4617", "code": "missing device"}}
2026-03-05 15:17:55 ERROR root remotelib error:IC143Panel:4778:{"property": "init", "value": "device does not exist", "qualifier": {"alias": "IC143Panel:4778", "code": "missing device"}}
2026-03-05 15:17:55 ERROR root remotelib error:LobbyPanel:4608:{"property": "init", "value": "device does not exist", "qualifier": {"alias": "LobbyPanel:4608", "code": "missing device"}}
2026-03-05 15:17:55 ERROR root remotelib error:BreakRmPanel:4612:{"property": "init", "value": "device does not exist", "qualifier": {"alias": "BreakRmPanel:4612", "code": "missing device"}}
2026-03-05 15:17:55 ERROR root remotelib error:BWDPanel:4620:{"property": "init", "value": "device does not exist", "qualifier": {"alias": "BWDPanel:4620", "code": "missing device"}}
2026-03-05 15:17:55 ERROR root remotelib error:IC142Panel:4610:{"property": "init", "value": "device does not exist", "qualifier": {"alias": "IC142Panel:4610", "code": "missing device"}}
2026-03-05 15:17:55 ERROR root remotelib error:HallPanel:4617:{"property": "init", "value": "device does not exist", "qualifier": {"alias": "HallPanel:4617", "code": "missing device"}}
2026-03-05 15:17:55 ERROR root remotelib error:IC144Panel:4618:{"property": "init", "value": "device does not exist", "qualifier": {"alias": "IC144Panel:4618", "code": "missing device"}}
2026-03-05 15:17:55 ERROR root remotelib error:IC143Panel:4779:{"property": "init", "value": "device does not exist", "qualifier": {"alias": "IC143Panel:4779", "code": "missing device"}}
2026-03-05 15:17:55 ERROR root remotelib error:LobbyPanel:4609:{"property": "init", "value": "device does not exist", "qualifier": {"alias": "LobbyPanel:4609", "code": "missing device"}}
2026-03-05 15:17:55 ERROR root remotelib error:HallPanel:4618:{"property": "init", "value": "device does not exist", "qualifier": {"alias": "HallPanel:4618", "code": "missing device"}}
2026-03-05 15:17:55 ERROR root remotelib error:BWDPanel:4621:{"property": "init", "value": "device does not exist", "qualifier": {"alias": "BWDPanel:4621", "code": "missing device"}}
2026-03-05 15:17:55 ERROR root remotelib error:IC142Panel:4611:{"property": "init", "value": "device does not exist", "qualifier": {"alias": "IC142Panel:4611", "code": "missing device"}}
2026-03-05 15:17:55 ERROR root remotelib error:BreakRmPanel:4613:{"property": "init", "value": "device does not exist", "qualifier": {"alias": "BreakRmPanel:4613", "code": "missing device"}}
2026-03-05 15:17:55 ERROR root remotelib error:IC144Panel:4619:{"property": "init", "value": "device does not exist", "qualifier": {"alias": "IC144Panel:4619", "code": "missing device"}}
2026-03-05 15:17:55 ERROR root remotelib error:BWDPanel:4622:{"property": "init", "value": "device does not exist", "qualifier": {"alias": "BWDPanel:4622", "code": "missing device"}}
2026-03-05 15:17:55 ERROR root remotelib error:LobbyPanel:4610:{"property": "init", "value": "device does not exist", "qualifier": {"alias": "LobbyPanel:4610", "code": "missing device"}}
2026-03-05 15:17:55 ERROR root remotelib error:HallPanel:4619:{"property": "init", "value": "device does not exist", "qualifier": {"alias": "HallPanel:4619", "code": "missing device"}}
2026-03-05 15:17:55 ERROR root remotelib error:IC143Panel:4780:{"property": "init", "value": "device does not exist", "qualifier": {"alias": "IC143Panel:4780", "code": "missing device"}}
2026-03-05 15:17:55 ERROR root remotelib error:IC142Panel:4612:{"property": "init", "value": "device does not exist", "qualifier": {"alias": "IC142Panel:4612", "code": "missing device"}}
2026-03-05 15:17:55 ERROR root remotelib error:HallPanel:4620:{"property": "init", "value": "device does not exist", "qualifier": {"alias": "HallPanel:4620", "code": "missing device"}}
2026-03-05 15:17:55 ERROR root remotelib error:BreakRmPanel:4614:{"property": "init", "value": "device does not exist", "qualifier": {"alias": "BreakRmPanel:4614", "code": "missing device"}}
2026-03-05 15:17:55 ERROR root remotelib error:BWDPanel:4623:{"property": "init", "value": "device does not exist", "qualifier": {"alias": "BWDPanel:4623", "code": "missing device"}}
2026-03-05 15:17:55 ERROR root remotelib error:LobbyPanel:4611:{"property": "init", "value": "device does not exist", "qualifier": {"alias": "LobbyPanel:4611", "code": "missing device"}}
2026-03-05 15:17:55 ERROR root remotelib error:IC144Panel:4620:{"property": "init", "value": "device does not exist", "qualifier": {"alias": "IC144Panel:4620", "code": "missing device"}}
2026-03-05 15:17:55 ERROR root remotelib error:IC143Panel:4781:{"property": "init", "value": "device does not exist", "qualifier": {"alias": "IC143Panel:4781", "code": "missing device"}}
2026-03-05 15:17:55 ERROR root remotelib error:IC142Panel:4613:{"property": "init", "value": "device does not exist", "qualifier": {"alias": "IC142Panel:4613", "code": "missing device"}}
2026-03-05 15:17:55 ERROR root Invalid Parameter in Button: Invalid ID=68
2026-03-05 15:17:55 ERROR root remotelib error:HallPanel:4621:{"property": "init", "value": "device does not exist", "qualifier": {"alias": "HallPanel:4621", "code": "missing device"}}
2026-03-05 15:17:55 ERROR root remotelib error:BreakRmPanel:4615:{"property": "init", "value": "device does not exist", "qualifier": {"alias": "BreakRmPanel:4615", "code": "missing device"}}
2026-03-05 15:17:55 ERROR root remotelib error:BWDPanel:4624:{"property": "init", "value": "device does not exist", "qualifier": {"alias": "BWDPanel:4624", "code": "missing device"}}
2026-03-05 15:17:55 ERROR root remotelib error:LobbyPanel:4612:{"property": "init", "value": "device does not exist", "qualifier": {"alias": "LobbyPanel:4612", "code": "missing device"}}
2026-03-05 15:17:55 ERROR root remotelib error:IC144Panel:4621:{"property": "init", "value": "device does not exist", "qualifier": {"alias": "IC144Panel:4621", "code": "missing device"}}
2026-03-05 15:17:55 ERROR root can't start new thread
2026-03-05 15:17:56 ERROR root remotelib error:IC142Panel:4614:{"property": "init", "value": "device does not exist", "qualifier": {"alias": "IC142Panel:4614", "code": "missing device"}}
2026-03-05 15:17:56 ERROR root remotelib error:BreakRmPanel:4616:{"property": "init", "value": "device does not exist", "qualifier": {"alias": "BreakRmPanel:4616", "code": "missing device"}}
2026-03-05 15:17:56 ERROR root remotelib error:HallPanel:4622:{"property": "init", "value": "device does not exist", "qualifier": {"alias": "HallPanel:4622", "code": "missing device"}}
2026-03-05 15:17:56 ERROR root remotelib error:BWDPanel:4776:{"property": "init", "value": "device does not exist", "qualifier": {"alias": "BWDPanel:4776", "code": "missing device"}}
2026-03-05 15:17:56 ERROR root remotelib error:IC144Panel:4622:{"property": "init", "value": "device does not exist", "qualifier": {"alias": "IC144Panel:4622", "code": "missing device"}}
2026-03-05 15:17:56 ERROR root remotelib error:LobbyPanel:4613:{"property": "init", "value": "device does not exist", "qualifier": {"alias": "LobbyPanel:4613", "code": "missing device"}}
2026-03-05 15:17:56 ERROR root remotelib error:IC143Panel:4782:{"property": "init", "value": "device does not exist", "qualifier": {"alias": "IC143Panel:4782", "code": "missing device"}}
2026-03-05 15:17:56 ERROR root remotelib error:IC143Panel:4751:{"property": "init", "value": "device does not exist", "qualifier": {"alias": "IC143Panel:4751", "code": "missing device"}}
2026-03-05 15:17:56 ERROR root remotelib error:IC142Panel:4615:{"property": "init", "value": "device does not exist", "qualifier": {"alias": "IC142Panel:4615", "code": "missing device"}}
2026-03-05 15:17:56 ERROR root remotelib error:BreakRmPanel:4617:{"property": "init", "value": "device does not exist", "qualifier": {"alias": "BreakRmPanel:4617", "code": "missing device"}}
2026-03-05 15:17:56 ERROR root remotelib error:HallPanel:4623:{"property": "init", "value": "device does not exist", "qualifier": {"alias": "HallPanel:4623", "code": "missing device"}}
2026-03-05 15:17:56 ERROR root remotelib error:BWDPanel:4777:{"property": "init", "value": "device does not exist", "qualifier": {"alias": "BWDPanel:4777", "code": "missing device"}}
2026-03-05 15:17:56 ERROR root remotelib error:LobbyPanel:4614:{"property": "init", "value": "device does not exist", "qualifier": {"alias": "LobbyPanel:4614", "code": "missing device"}}
2026-03-05 15:17:56 ERROR root remotelib error:IC144Panel:4623:{"property": "init", "value": "device does not exist", "qualifier": {"alias": "IC144Panel:4623", "code": "missing device"}}
2026-03-05 15:17:56 ERROR root remotelib error:BWDPanel:4778:{"property": "init", "value": "device does not exist", "qualifier": {"alias": "BWDPanel:4778", "code": "missing device"}}
2026-03-05 15:17:56 ERROR root remotelib error:HallPanel:4624:{"property": "init", "value": "device does not exist", "qualifier": {"alias": "HallPanel:4624", "code": "missing device"}}
2026-03-05 15:17:56 ERROR root remotelib error:LobbyPanel:4615:{"property": "init", "value": "device does not exist", "qualifier": {"alias": "LobbyPanel:4615", "code": "missing device"}}
2026-03-05 15:17:56 ERROR root remotelib error:IC143Panel:4752:{"property": "init", "value": "device does not exist", "qualifier": {"alias": "IC143Panel:4752", "code": "missing device"}}
2026-03-05 15:17:56 ERROR root remotelib error:IC142Panel:4616:{"property": "init", "value": "device does not exist", "qualifier": {"alias": "IC142Panel:4616", "code": "missing device"}}
2026-03-05 15:17:56 ERROR root remotelib error:BreakRmPanel:4618:{"property": "init", "value": "device does not exist", "qualifier": {"alias": "BreakRmPanel:4618", "code": "missing device"}}
2026-03-05 15:17:56 ERROR root remotelib error:LobbyPanel:4616:{"property": "init", "value": "device does not exist", "qualifier": {"alias": "LobbyPanel:4616", "code": "missing device"}}
2026-03-05 15:17:56 ERROR root remotelib error:IC143Panel:4753:{"property": "init", "value": "device does not exist", "qualifier": {"alias": "IC143Panel:4753", "code": "missing device"}}
2026-03-05 15:17:56 ERROR root remotelib error:BWDPanel:4779:{"property": "init", "value": "device does not exist", "qualifier": {"alias": "BWDPanel:4779", "code": "missing device"}}
2026-03-05 15:17:56 ERROR root remotelib error:IC144Panel:4624:{"property": "init", "value": "device does not exist", "qualifier": {"alias": "IC144Panel:4624", "code": "missing device"}}
2026-03-05 15:17:56 ERROR root remotelib error:LobbyPanel:4617:{"property": "init", "value": "device does not exist", "qualifier": {"alias": "LobbyPanel:4617", "code": "missing device"}}
2026-03-05 15:17:56 ERROR root remotelib error:IC143Panel:4754:{"property": "init", "value": "device does not exist", "qualifier": {"alias": "IC143Panel:4754", "code": "missing device"}}
2026-03-05 15:17:56 ERROR root remotelib error:HallPanel:4776:{"property": "init", "value": "device does not exist", "qualifier": {"alias": "HallPanel:4776", "code": "missing device"}}
2026-03-05 15:17:56 ERROR root remotelib error:BreakRmPanel:4619:{"property": "init", "value": "device does not exist", "qualifier": {"alias": "BreakRmPanel:4619", "code": "missing device"}}
2026-03-05 15:17:56 ERROR root remotelib error:LobbyPanel:4618:{"property": "init", "value": "device does not exist", "qualifier": {"alias": "LobbyPanel:4618", "code": "missing device"}}
2026-03-05 15:17:56 ERROR root remotelib error:BWDPanel:4780:{"property": "init", "value": "device does not exist", "qualifier": {"alias": "BWDPanel:4780", "code": "missing device"}}
2026-03-05 15:17:56 ERROR root remotelib error:IC142Panel:4617:{"property": "init", "value": "device does not exist", "qualifier": {"alias": "IC142Panel:4617", "code": "missing device"}}
2026-03-05 15:17:56 ERROR root remotelib error:IC144Panel:4776:{"property": "init", "value": "device does not exist", "qualifier": {"alias": "IC144Panel:4776", "code": "missing device"}}
2026-03-05 15:17:56 ERROR root remotelib error:IC143Panel:4755:{"property": "init", "value": "device does not exist", "qualifier": {"alias": "IC143Panel:4755", "code": "missing device"}}
2026-03-05 15:17:56 ERROR root remotelib error:HallPanel:4777:{"property": "init", "value": "device does not exist", "qualifier": {"alias": "HallPanel:4777", "code": "missing device"}}
2026-03-05 15:17:56 ERROR root remotelib error:IC144Panel:4777:{"property": "init", "value": "device does not exist", "qualifier": {"alias": "IC144Panel:4777", "code": "missing device"}}
2026-03-05 15:17:56 ERROR root remotelib error:LobbyPanel:4619:{"property": "init", "value": "device does not exist", "qualifier": {"alias": "LobbyPanel:4619", "code": "missing device"}}
2026-03-05 15:17:56 ERROR root remotelib error:BreakRmPanel:4620:{"property": "init", "value": "device does not exist", "qualifier": {"alias": "BreakRmPanel:4620", "code": "missing device"}}
2026-03-05 15:17:56 ERROR root remotelib error:BWDPanel:4781:{"property": "init", "value": "device does not exist", "qualifier": {"alias": "BWDPanel:4781", "code": "missing device"}}
2026-03-05 15:17:56 ERROR root remotelib error:IC144Panel:4778:{"property": "init", "value": "device does not exist", "qualifier": {"alias": "IC144Panel:4778", "code": "missing device"}}
2026-03-05 15:17:56 ERROR root remotelib error:LobbyPanel:4620:{"property": "init", "value": "device does not exist", "qualifier": {"alias": "LobbyPanel:4620", "code": "missing device"}}
2026-03-05 15:17:56 ERROR root remotelib error:BWDPanel:4782:{"property": "init", "value": "device does not exist", "qualifier": {"alias": "BWDPanel:4782", "code": "missing device"}}
2026-03-05 15:17:56 ERROR root remotelib error:BreakRmPanel:4621:{"property": "init", "value": "device does not exist", "qualifier": {"alias": "BreakRmPanel:4621", "code": "missing device"}}
2026-03-05 15:17:56 ERROR root remotelib error:IC143Panel:4756:{"property": "init", "value": "device does not exist", "qualifier": {"alias": "IC143Panel:4756", "code": "missing device"}}
2026-03-05 15:17:56 ERROR root remotelib error:IC142Panel:4618:{"property": "init", "value": "device does not exist", "qualifier": {"alias": "IC142Panel:4618", "code": "missing device"}}
2026-03-05 15:17:56 ERROR root remotelib error:HallPanel:4778:{"property": "init", "value": "device does not exist", "qualifier": {"alias": "HallPanel:4778", "code": "missing device"}}
2026-03-05 15:17:56 ERROR root remotelib error:IC144Panel:4779:{"property": "init", "value": "device does not exist", "qualifier": {"alias": "IC144Panel:4779", "code": "missing device"}}
2026-03-05 15:17:56 ERROR root remotelib error:IC143Panel:4757:{"property": "init", "value": "device does not exist", "qualifier": {"alias": "IC143Panel:4757", "code": "missing device"}}
2026-03-05 15:17:56 ERROR root remotelib error:BWDPanel:4751:{"property": "init", "value": "device does not exist", "qualifier": {"alias": "BWDPanel:4751", "code": "missing device"}}
2026-03-05 15:17:56 ERROR root remotelib error:IC142Panel:4619:{"property": "init", "value": "device does not exist", "qualifier": {"alias": "IC142Panel:4619", "code": "missing device"}}
2026-03-05 15:17:56 ERROR root remotelib error:IC144Panel:4780:{"property": "init", "value": "device does not exist", "qualifier": {"alias": "IC144Panel:4780", "code": "missing device"}}
2026-03-05 15:17:56 ERROR root remotelib error:LobbyPanel:4621:{"property": "init", "value": "device does not exist", "qualifier": {"alias": "LobbyPanel:4621", "code": "missing device"}}
2026-03-05 15:17:56 ERROR root remotelib error:IC143Panel:4758:{"property": "init", "value": "device does not exist", "qualifier": {"alias": "IC143Panel:4758", "code": "missing device"}}
2026-03-05 15:17:56 ERROR root remotelib error:BreakRmPanel:4622:{"property": "init", "value": "device does not exist", "qualifier": {"alias": "BreakRmPanel:4622", "code": "missing device"}}
2026-03-05 15:17:56 ERROR root remotelib error:HallPanel:4779:{"property": "init", "value": "device does not exist", "qualifier": {"alias": "HallPanel:4779", "code": "missing device"}}
2026-03-05 15:17:56 ERROR root remotelib error:IC144Panel:4781:{"property": "init", "value": "device does not exist", "qualifier": {"alias": "IC144Panel:4781", "code": "missing device"}}
2026-03-05 15:17:56 ERROR root remotelib error:IC143Panel:4759:{"property": "init", "value": "device does not exist", "qualifier": {"alias": "IC143Panel:4759", "code": "missing device"}}
2026-03-05 15:17:56 ERROR root remotelib error:LobbyPanel:4622:{"property": "init", "value": "device does not exist", "qualifier": {"alias": "LobbyPanel:4622", "code": "missing device"}}
2026-03-05 15:17:56 ERROR root remotelib error:BreakRmPanel:4623:{"property": "init", "value": "device does not exist", "qualifier": {"alias": "BreakRmPanel:4623", "code": "missing device"}}
2026-03-05 15:17:56 ERROR root remotelib error:BWDPanel:4752:{"property": "init", "value": "device does not exist", "qualifier": {"alias": "BWDPanel:4752", "code": "missing device"}}
2026-03-05 15:17:56 ERROR root remotelib error:IC142Panel:4620:{"property": "init", "value": "device does not exist", "qualifier": {"alias": "IC142Panel:4620", "code": "missing device"}}
2026-03-05 15:17:56 ERROR root remotelib error:IC144Panel:4782:{"property": "init", "value": "device does not exist", "qualifier": {"alias": "IC144Panel:4782", "code": "missing device"}}
2026-03-05 15:17:56 ERROR root remotelib error:LobbyPanel:4623:{"property": "init", "value": "device does not exist", "qualifier": {"alias": "LobbyPanel:4623", "code": "missing device"}}
2026-03-05 15:17:56 ERROR root remotelib error:HallPanel:4780:{"property": "init", "value": "device does not exist", "qualifier": {"alias": "HallPanel:4780", "code": "missing device"}}
2026-03-05 15:17:56 ERROR root remotelib error:BreakRmPanel:4624:{"property": "init", "value": "device does not exist", "qualifier": {"alias": "BreakRmPanel:4624", "code": "missing device"}}
2026-03-05 15:17:56 ERROR root remotelib error:IC143Panel:4760:{"property": "init", "value": "device does not exist", "qualifier": {"alias": "IC143Panel:4760", "code": "missing device"}}
2026-03-05 15:17:56 ERROR root remotelib error:IC142Panel:4621:{"property": "init", "value": "device does not exist", "qualifier": {"alias": "IC142Panel:4621", "code": "missing device"}}
2026-03-05 15:17:56 ERROR root remotelib error:BWDPanel:4753:{"property": "init", "value": "device does not exist", "qualifier": {"alias": "BWDPanel:4753", "code": "missing device"}}
2026-03-05 15:17:56 ERROR root remotelib error:HallPanel:4781:{"property": "init", "value": "device does not exist", "qualifier": {"alias": "HallPanel:4781", "code": "missing device"}}
2026-03-05 15:17:56 ERROR root remotelib error:HallPanel:4782:{"property": "init", "value": "device does not exist", "qualifier": {"alias": "HallPanel:4782", "code": "missing device"}}
2026-03-05 15:17:56 ERROR root remotelib error:IC143Panel:4761:{"property": "init", "value": "device does not exist", "qualifier": {"alias": "IC143Panel:4761", "code": "missing device"}}
2026-03-05 15:17:56 ERROR root remotelib error:BWDPanel:4754:{"property": "init", "value": "device does not exist", "qualifier": {"alias": "BWDPanel:4754", "code": "missing device"}}
2026-03-05 15:17:56 ERROR root remotelib error:IC144Panel:4751:{"property": "init", "value": "device does not exist", "qualifier": {"alias": "IC144Panel:4751", "code": "missing device"}}
2026-03-05 15:17:56 ERROR root remotelib error:HallPanel:4751:{"property": "init", "value": "device does not exist", "qualifier": {"alias": "HallPanel:4751", "code": "missing device"}}
2026-03-05 15:17:56 ERROR root remotelib error:IC143Panel:4762:{"property": "init", "value": "device does not exist", "qualifier": {"alias": "IC143Panel:4762", "code": "missing device"}}
2026-03-05 15:17:56 ERROR root remotelib error:LobbyPanel:4624:{"property": "init", "value": "device does not exist", "qualifier": {"alias": "LobbyPanel:4624", "code": "missing device"}}
2026-03-05 15:17:56 ERROR root remotelib error:BWDPanel:4755:{"property": "init", "value": "device does not exist", "qualifier": {"alias": "BWDPanel:4755", "code": "missing device"}}
2026-03-05 15:17:56 ERROR root remotelib error:IC142Panel:4622:{"property": "init", "value": "device does not exist", "qualifier": {"alias": "IC142Panel:4622", "code": "missing device"}}
2026-03-05 15:17:56 ERROR root remotelib error:BreakRmPanel:4776:{"property": "init", "value": "device does not exist", "qualifier": {"alias": "BreakRmPanel:4776", "code": "missing device"}}
2026-03-05 15:17:56 ERROR root remotelib error:IC143Panel:4763:{"property": "init", "value": "device does not exist", "qualifier": {"alias": "IC143Panel:4763", "code": "missing device"}}
2026-03-05 15:17:56 ERROR root remotelib error:BWDPanel:4756:{"property": "init", "value": "device does not exist", "qualifier": {"alias": "BWDPanel:4756", "code": "missing device"}}
2026-03-05 15:17:56 ERROR root remotelib error:LobbyPanel:4776:{"property": "init", "value": "device does not exist", "qualifier": {"alias": "LobbyPanel:4776", "code": "missing device"}}
2026-03-05 15:17:56 ERROR root remotelib error:IC142Panel:4623:{"property": "init", "value": "device does not exist", "qualifier": {"alias": "IC142Panel:4623", "code": "missing device"}}
2026-03-05 15:17:56 ERROR root remotelib error:HallPanel:4752:{"property": "init", "value": "device does not exist", "qualifier": {"alias": "HallPanel:4752", "code": "missing device"}}
2026-03-05 15:17:56 ERROR root remotelib error:IC144Panel:4752:{"property": "init", "value": "device does not exist", "qualifier": {"alias": "IC144Panel:4752", "code": "missing device"}}
2026-03-05 15:17:56 ERROR root remotelib error:LobbyPanel:4777:{"property": "init", "value": "device does not exist", "qualifier": {"alias": "LobbyPanel:4777", "code": "missing device"}}
2026-03-05 15:17:57 ERROR root remotelib error:IC143Panel:4764:{"property": "init", "value": "device does not exist", "qualifier": {"alias": "IC143Panel:4764", "code": "missing device"}}
2026-03-05 15:17:57 ERROR root remotelib error:BWDPanel:4757:{"property": "init", "value": "device does not exist", "qualifier": {"alias": "BWDPanel:4757", "code": "missing device"}}
2026-03-05 15:17:57 ERROR root remotelib error:BreakRmPanel:4777:{"property": "init", "value": "device does not exist", "qualifier": {"alias": "BreakRmPanel:4777", "code": "missing device"}}
2026-03-05 15:17:57 ERROR root remotelib error:IC143Panel:4765:{"property": "init", "value": "device does not exist", "qualifier": {"alias": "IC143Panel:4765", "code": "missing device"}}
2026-03-05 15:17:57 ERROR root remotelib error:IC142Panel:4624:{"property": "init", "value": "device does not exist", "qualifier": {"alias": "IC142Panel:4624", "code": "missing device"}}
2026-03-05 15:17:57 ERROR root remotelib error:IC144Panel:4753:{"property": "init", "value": "device does not exist", "qualifier": {"alias": "IC144Panel:4753", "code": "missing device"}}
2026-03-05 15:17:57 ERROR root remotelib error:BreakRmPanel:4778:{"property": "init", "value": "device does not exist", "qualifier": {"alias": "BreakRmPanel:4778", "code": "missing device"}}
2026-03-05 15:17:57 ERROR root remotelib error:BWDPanel:4758:{"property": "init", "value": "device does not exist", "qualifier": {"alias": "BWDPanel:4758", "code": "missing device"}}
2026-03-05 15:17:57 ERROR root remotelib error:LobbyPanel:4778:{"property": "init", "value": "device does not exist", "qualifier": {"alias": "LobbyPanel:4778", "code": "missing device"}}
2026-03-05 15:17:57 ERROR root remotelib error:HallPanel:4753:{"property": "init", "value": "device does not exist", "qualifier": {"alias": "HallPanel:4753", "code": "missing device"}}
2026-03-05 15:17:57 ERROR root remotelib error:BreakRmPanel:4779:{"property": "init", "value": "device does not exist", "qualifier": {"alias": "BreakRmPanel:4779", "code": "missing device"}}
2026-03-05 15:17:57 ERROR root remotelib error:IC144Panel:4754:{"property": "init", "value": "device does not exist", "qualifier": {"alias": "IC144Panel:4754", "code": "missing device"}}
2026-03-05 15:17:57 INFO root Device 22-0 VTLP sync handling began
2026-03-05 15:17:57 ERROR root remotelib error:BWDPanel:4759:{"property": "init", "value": "device does not exist", "qualifier": {"alias": "BWDPanel:4759", "code": "missing device"}}
2026-03-05 15:17:57 ERROR root remotelib error:IC143Panel:4766:{"property": "init", "value": "device does not exist", "qualifier": {"alias": "IC143Panel:4766", "code": "missing device"}}
2026-03-05 15:17:57 ERROR root remotelib error:IC142Panel:4776:{"property": "init", "value": "device does not exist", "qualifier": {"alias": "IC142Panel:4776", "code": "missing device"}}
2026-03-05 15:17:57 ERROR root remotelib error:HallPanel:4754:{"property": "init", "value": "device does not exist", "qualifier": {"alias": "HallPanel:4754", "code": "missing device"}}
2026-03-05 15:17:57 ERROR root remotelib error:LobbyPanel:4779:{"property": "init", "value": "device does not exist", "qualifier": {"alias": "LobbyPanel:4779", "code": "missing device"}}
2026-03-05 15:17:57 ERROR root remotelib error:HallPanel:4755:{"property": "init", "value": "device does not exist", "qualifier": {"alias": "HallPanel:4755", "code": "missing device"}}
2026-03-05 15:17:57 ERROR root remotelib error:BreakRmPanel:4780:{"property": "init", "value": "device does not exist", "qualifier": {"alias": "BreakRmPanel:4780", "code": "missing device"}}
2026-03-05 15:17:57 ERROR root remotelib error:BWDPanel:4760:{"property": "init", "value": "device does not exist", "qualifier": {"alias": "BWDPanel:4760", "code": "missing device"}}
2026-03-05 15:17:57 ERROR root remotelib error:IC143Panel:4767:{"property": "init", "value": "device does not exist", "qualifier": {"alias": "IC143Panel:4767", "code": "missing device"}}
2026-03-05 15:17:57 ERROR root remotelib error:IC144Panel:4755:{"property": "init", "value": "device does not exist", "qualifier": {"alias": "IC144Panel:4755", "code": "missing device"}}
2026-03-05 15:17:57 ERROR root remotelib error:IC142Panel:4777:{"property": "init", "value": "device does not exist", "qualifier": {"alias": "IC142Panel:4777", "code": "missing device"}}
2026-03-05 15:17:57 ERROR root remotelib error:HallPanel:4756:{"property": "init", "value": "device does not exist", "qualifier": {"alias": "HallPanel:4756", "code": "missing device"}}
2026-03-05 15:17:57 ERROR root remotelib error:LobbyPanel:4780:{"property": "init", "value": "device does not exist", "qualifier": {"alias": "LobbyPanel:4780", "code": "missing device"}}
2026-03-05 15:17:57 ERROR root remotelib error:BWDPanel:4761:{"property": "init", "value": "device does not exist", "qualifier": {"alias": "BWDPanel:4761", "code": "missing device"}}
2026-03-05 15:17:57 ERROR root remotelib error:IC143Panel:4768:{"property": "init", "value": "device does not exist", "qualifier": {"alias": "IC143Panel:4768", "code": "missing device"}}
2026-03-05 15:17:57 ERROR root remotelib error:IC144Panel:4756:{"property": "init", "value": "device does not exist", "qualifier": {"alias": "IC144Panel:4756", "code": "missing device"}}
2026-03-05 15:17:57 ERROR root remotelib error:BreakRmPanel:4781:{"property": "init", "value": "device does not exist", "qualifier": {"alias": "BreakRmPanel:4781", "code": "missing device"}}
2026-03-05 15:17:57 ERROR root remotelib error:LobbyPanel:4781:{"property": "init", "value": "device does not exist", "qualifier": {"alias": "LobbyPanel:4781", "code": "missing device"}}
2026-03-05 15:17:57 INFO root Device 19-0 VTLP sync handling began
2026-03-05 15:17:57 ERROR root remotelib error:IC142Panel:4778:{"property": "init", "value": "device does not exist", "qualifier": {"alias": "IC142Panel:4778", "code": "missing device"}}
2026-03-05 15:17:57 ERROR root remotelib error:HallPanel:4757:{"property": "init", "value": "device does not exist", "qualifier": {"alias": "HallPanel:4757", "code": "missing device"}}
2026-03-05 15:17:57 ERROR root remotelib error:IC143Panel:4769:{"property": "init", "value": "device does not exist", "qualifier": {"alias": "IC143Panel:4769", "code": "missing device"}}
2026-03-05 15:17:57 ERROR root remotelib error:IC144Panel:4757:{"property": "init", "value": "device does not exist", "qualifier": {"alias": "IC144Panel:4757", "code": "missing device"}}
2026-03-05 15:17:57 ERROR root remotelib error:BWDPanel:4762:{"property": "init", "value": "device does not exist", "qualifier": {"alias": "BWDPanel:4762", "code": "missing device"}}
2026-03-05 15:17:57 ERROR root remotelib error:IC142Panel:4779:{"property": "init", "value": "device does not exist", "qualifier": {"alias": "IC142Panel:4779", "code": "missing device"}}
2026-03-05 15:17:57 ERROR root remotelib error:BreakRmPanel:4782:{"property": "init", "value": "device does not exist", "qualifier": {"alias": "BreakRmPanel:4782", "code": "missing device"}}
2026-03-05 15:17:57 ERROR root remotelib error:HallPanel:4758:{"property": "init", "value": "device does not exist", "qualifier": {"alias": "HallPanel:4758", "code": "missing device"}}
2026-03-05 15:17:57 ERROR root remotelib error:IC143Panel:4770:{"property": "init", "value": "device does not exist", "qualifier": {"alias": "IC143Panel:4770", "code": "missing device"}}
2026-03-05 15:17:57 ERROR root remotelib error:LobbyPanel:4782:{"property": "init", "value": "device does not exist", "qualifier": {"alias": "LobbyPanel:4782", "code": "missing device"}}
2026-03-05 15:17:57 ERROR root remotelib error:BWDPanel:4763:{"property": "init", "value": "device does not exist", "qualifier": {"alias": "BWDPanel:4763", "code": "missing device"}}
2026-03-05 15:17:57 ERROR root remotelib error:IC144Panel:4758:{"property": "init", "value": "device does not exist", "qualifier": {"alias": "IC144Panel:4758", "code": "missing device"}}
2026-03-05 15:17:57 ERROR root remotelib error:BreakRmPanel:4751:{"property": "init", "value": "device does not exist", "qualifier": {"alias": "BreakRmPanel:4751", "code": "missing device"}}
2026-03-05 15:17:57 ERROR root remotelib error:IC142Panel:4780:{"property": "init", "value": "device does not exist", "qualifier": {"alias": "IC142Panel:4780", "code": "missing device"}}
2026-03-05 15:17:57 ERROR root remotelib error:BWDPanel:4764:{"property": "init", "value": "device does not exist", "qualifier": {"alias": "BWDPanel:4764", "code": "missing device"}}
2026-03-05 15:17:57 ERROR root remotelib error:HallPanel:4759:{"property": "init", "value": "device does not exist", "qualifier": {"alias": "HallPanel:4759", "code": "missing device"}}
2026-03-05 15:17:57 ERROR root remotelib error:IC143Panel:4771:{"property": "init", "value": "device does not exist", "qualifier": {"alias": "IC143Panel:4771", "code": "missing device"}}
2026-03-05 15:17:57 ERROR root remotelib error:IC142Panel:4781:{"property": "init", "value": "device does not exist", "qualifier": {"alias": "IC142Panel:4781", "code": "missing device"}}
2026-03-05 15:17:57 ERROR root remotelib error:IC144Panel:4759:{"property": "init", "value": "device does not exist", "qualifier": {"alias": "IC144Panel:4759", "code": "missing device"}}
2026-03-05 15:17:57 ERROR root remotelib error:BreakRmPanel:4752:{"property": "init", "value": "device does not exist", "qualifier": {"alias": "BreakRmPanel:4752", "code": "missing device"}}
2026-03-05 15:17:57 ERROR root remotelib error:BWDPanel:4765:{"property": "init", "value": "device does not exist", "qualifier": {"alias": "BWDPanel:4765", "code": "missing device"}}
2026-03-05 15:17:57 ERROR root remotelib error:LobbyPanel:4751:{"property": "init", "value": "device does not exist", "qualifier": {"alias": "LobbyPanel:4751", "code": "missing device"}}
2026-03-05 15:17:57 ERROR root remotelib error:HallPanel:4760:{"property": "init", "value": "device does not exist", "qualifier": {"alias": "HallPanel:4760", "code": "missing device"}}
2026-03-05 15:17:57 ERROR root remotelib error:BreakRmPanel:4753:{"property": "init", "value": "device does not exist", "qualifier": {"alias": "BreakRmPanel:4753", "code": "missing device"}}
2026-03-05 15:17:57 ERROR root remotelib error:LobbyPanel:4752:{"property": "init", "value": "device does not exist", "qualifier": {"alias": "LobbyPanel:4752", "code": "missing device"}}
2026-03-05 15:17:57 ERROR root remotelib error:IC144Panel:4760:{"property": "init", "value": "device does not exist", "qualifier": {"alias": "IC144Panel:4760", "code": "missing device"}}
2026-03-05 15:17:57 ERROR root remotelib error:IC142Panel:4782:{"property": "init", "value": "device does not exist", "qualifier": {"alias": "IC142Panel:4782", "code": "missing device"}}
2026-03-05 15:17:57 ERROR root remotelib error:IC143Panel:4772:{"property": "init", "value": "device does not exist", "qualifier": {"alias": "IC143Panel:4772", "code": "missing device"}}
2026-03-05 15:17:57 ERROR root remotelib error:BWDPanel:4766:{"property": "init", "value": "device does not exist", "qualifier": {"alias": "BWDPanel:4766", "code": "missing device"}}
2026-03-05 15:17:57 ERROR root remotelib error:IC144Panel:4761:{"property": "init", "value": "device does not exist", "qualifier": {"alias": "IC144Panel:4761", "code": "missing device"}}
2026-03-05 15:17:57 ERROR root remotelib error:LobbyPanel:4753:{"property": "init", "value": "device does not exist", "qualifier": {"alias": "LobbyPanel:4753", "code": "missing device"}}
2026-03-05 15:17:57 ERROR root remotelib error:BreakRmPanel:4754:{"property": "init", "value": "device does not exist", "qualifier": {"alias": "BreakRmPanel:4754", "code": "missing device"}}
2026-03-05 15:17:57 ERROR root remotelib error:BWDPanel:4767:{"property": "init", "value": "device does not exist", "qualifier": {"alias": "BWDPanel:4767", "code": "missing device"}}
2026-03-05 15:17:57 ERROR root remotelib error:IC143Panel:4773:{"property": "init", "value": "device does not exist", "qualifier": {"alias": "IC143Panel:4773", "code": "missing device"}}
2026-03-05 15:17:57 ERROR root remotelib error:HallPanel:4761:{"property": "init", "value": "device does not exist", "qualifier": {"alias": "HallPanel:4761", "code": "missing device"}}
2026-03-05 15:17:57 ERROR root remotelib error:IC144Panel:4762:{"property": "init", "value": "device does not exist", "qualifier": {"alias": "IC144Panel:4762", "code": "missing device"}}
2026-03-05 15:17:57 ERROR root remotelib error:IC142Panel:4751:{"property": "init", "value": "device does not exist", "qualifier": {"alias": "IC142Panel:4751", "code": "missing device"}}
2026-03-05 15:17:57 ERROR root remotelib error:BreakRmPanel:4755:{"property": "init", "value": "device does not exist", "qualifier": {"alias": "BreakRmPanel:4755", "code": "missing device"}}
2026-03-05 15:17:57 ERROR root remotelib error:IC142Panel:4752:{"property": "init", "value": "device does not exist", "qualifier": {"alias": "IC142Panel:4752", "code": "missing device"}}
2026-03-05 15:17:58 ERROR root remotelib error:BWDPanel:4768:{"property": "init", "value": "device does not exist", "qualifier": {"alias": "BWDPanel:4768", "code": "missing device"}}
2026-03-05 15:17:58 ERROR root remotelib error:IC143Panel:4774:{"property": "init", "value": "device does not exist", "qualifier": {"alias": "IC143Panel:4774", "code": "missing device"}}
2026-03-05 15:17:58 ERROR root remotelib error:HallPanel:4762:{"property": "init", "value": "device does not exist", "qualifier": {"alias": "HallPanel:4762", "code": "missing device"}}
2026-03-05 15:17:58 ERROR root remotelib error:LobbyPanel:4754:{"property": "init", "value": "device does not exist", "qualifier": {"alias": "LobbyPanel:4754", "code": "missing device"}}
2026-03-05 15:17:58 ERROR root remotelib error:IC144Panel:4763:{"property": "init", "value": "device does not exist", "qualifier": {"alias": "IC144Panel:4763", "code": "missing device"}}
2026-03-05 15:17:58 ERROR root remotelib error:IC143Panel:4775:{"property": "init", "value": "device does not exist", "qualifier": {"alias": "IC143Panel:4775", "code": "missing device"}}
2026-03-05 15:17:58 ERROR root Invalid Parameter in Button: Invalid ID=8103
2026-03-05 15:17:58 ERROR root remotelib error:IC142Panel:4753:{"property": "init", "value": "device does not exist", "qualifier": {"alias": "IC142Panel:4753", "code": "missing device"}}
2026-03-05 15:17:58 ERROR root remotelib error:BWDPanel:4769:{"property": "init", "value": "device does not exist", "qualifier": {"alias": "BWDPanel:4769", "code": "missing device"}}
2026-03-05 15:17:58 ERROR root remotelib error:BreakRmPanel:4756:{"property": "init", "value": "device does not exist", "qualifier": {"alias": "BreakRmPanel:4756", "code": "missing device"}}
2026-03-05 15:17:58 ERROR root remotelib error:LobbyPanel:4755:{"property": "init", "value": "device does not exist", "qualifier": {"alias": "LobbyPanel:4755", "code": "missing device"}}
2026-03-05 15:17:58 ERROR root remotelib error:HallPanel:4763:{"property": "init", "value": "device does not exist", "qualifier": {"alias": "HallPanel:4763", "code": "missing device"}}
2026-03-05 15:17:58 ERROR root remotelib error:IC144Panel:4764:{"property": "init", "value": "device does not exist", "qualifier": {"alias": "IC144Panel:4764", "code": "missing device"}}
2026-03-05 15:17:58 ERROR root remotelib error:IC143Panel:14625:{"property": "init", "value": "device does not exist", "qualifier": {"alias": "IC143Panel:14625", "code": "missing device"}}
2026-03-05 15:17:58 ERROR root remotelib error:LobbyPanel:4756:{"property": "init", "value": "device does not exist", "qualifier": {"alias": "LobbyPanel:4756", "code": "missing device"}}
2026-03-05 15:17:58 ERROR root remotelib error:HallPanel:4764:{"property": "init", "value": "device does not exist", "qualifier": {"alias": "HallPanel:4764", "code": "missing device"}}
2026-03-05 15:17:58 ERROR root remotelib error:IC144Panel:4765:{"property": "init", "value": "device does not exist", "qualifier": {"alias": "IC144Panel:4765", "code": "missing device"}}
2026-03-05 15:17:58 ERROR root remotelib error:IC143Panel:14626:{"property": "init", "value": "device does not exist", "qualifier": {"alias": "IC143Panel:14626", "code": "missing device"}}
2026-03-05 15:17:58 ERROR root remotelib error:LobbyPanel:4757:{"property": "init", "value": "device does not exist", "qualifier": {"alias": "LobbyPanel:4757", "code": "missing device"}}
2026-03-05 15:17:58 ERROR root remotelib error:HallPanel:4765:{"property": "init", "value": "device does not exist", "qualifier": {"alias": "HallPanel:4765", "code": "missing device"}}
2026-03-05 15:17:58 ERROR root remotelib error:IC142Panel:4754:{"property": "init", "value": "device does not exist", "qualifier": {"alias": "IC142Panel:4754", "code": "missing device"}}
2026-03-05 15:17:58 ERROR root remotelib error:BWDPanel:4770:{"property": "init", "value": "device does not exist", "qualifier": {"alias": "BWDPanel:4770", "code": "missing device"}}
2026-03-05 15:17:58 ERROR root remotelib error:BreakRmPanel:4757:{"property": "init", "value": "device does not exist", "qualifier": {"alias": "BreakRmPanel:4757", "code": "missing device"}}
2026-03-05 15:17:58 ERROR root remotelib error:IC144Panel:4766:{"property": "init", "value": "device does not exist", "qualifier": {"alias": "IC144Panel:4766", "code": "missing device"}}
2026-03-05 15:17:58 ERROR root remotelib error:IC143Panel:14627:{"property": "init", "value": "device does not exist", "qualifier": {"alias": "IC143Panel:14627", "code": "missing device"}}
2026-03-05 15:17:58 ERROR root remotelib error:LobbyPanel:4758:{"property": "init", "value": "device does not exist", "qualifier": {"alias": "LobbyPanel:4758", "code": "missing device"}}
2026-03-05 15:17:58 ERROR root remotelib error:HallPanel:4766:{"property": "init", "value": "device does not exist", "qualifier": {"alias": "HallPanel:4766", "code": "missing device"}}
2026-03-05 15:17:58 ERROR root remotelib error:IC142Panel:4755:{"property": "init", "value": "device does not exist", "qualifier": {"alias": "IC142Panel:4755", "code": "missing device"}}
2026-03-05 15:17:58 ERROR root remotelib error:BWDPanel:4771:{"property": "init", "value": "device does not exist", "qualifier": {"alias": "BWDPanel:4771", "code": "missing device"}}
2026-03-05 15:17:58 ERROR root remotelib error:LobbyPanel:4759:{"property": "init", "value": "device does not exist", "qualifier": {"alias": "LobbyPanel:4759", "code": "missing device"}}
2026-03-05 15:17:58 INFO root Device 22-0 VTLP sync handling ended
2026-03-05 15:17:58 ERROR root remotelib error:HallPanel:4767:{"property": "init", "value": "device does not exist", "qualifier": {"alias": "HallPanel:4767", "code": "missing device"}}
2026-03-05 15:17:58 ERROR root remotelib error:IC142Panel:4756:{"property": "init", "value": "device does not exist", "qualifier": {"alias": "IC142Panel:4756", "code": "missing device"}}
2026-03-05 15:17:58 ERROR root remotelib error:BreakRmPanel:4758:{"property": "init", "value": "device does not exist", "qualifier": {"alias": "BreakRmPanel:4758", "code": "missing device"}}
2026-03-05 15:17:58 ERROR root remotelib error:IC144Panel:4767:{"property": "init", "value": "device does not exist", "qualifier": {"alias": "IC144Panel:4767", "code": "missing device"}}
2026-03-05 15:17:58 ERROR root remotelib error:LobbyPanel:4760:{"property": "init", "value": "device does not exist", "qualifier": {"alias": "LobbyPanel:4760", "code": "missing device"}}
2026-03-05 15:17:58 ERROR root remotelib error:BreakRmPanel:4759:{"property": "init", "value": "device does not exist", "qualifier": {"alias": "BreakRmPanel:4759", "code": "missing device"}}
2026-03-05 15:17:58 ERROR root remotelib error:BWDPanel:4772:{"property": "init", "value": "device does not exist", "qualifier": {"alias": "BWDPanel:4772", "code": "missing device"}}
2026-03-05 15:17:58 INFO root Device 16-0 VTLP sync handling began
2026-03-05 15:17:58 ERROR root remotelib error:IC144Panel:4768:{"property": "init", "value": "device does not exist", "qualifier": {"alias": "IC144Panel:4768", "code": "missing device"}}
2026-03-05 15:17:58 ERROR root remotelib error:LobbyPanel:4761:{"property": "init", "value": "device does not exist", "qualifier": {"alias": "LobbyPanel:4761", "code": "missing device"}}
2026-03-05 15:17:58 ERROR root remotelib error:BWDPanel:4773:{"property": "init", "value": "device does not exist", "qualifier": {"alias": "BWDPanel:4773", "code": "missing device"}}
2026-03-05 15:17:58 ERROR root remotelib error:IC142Panel:4757:{"property": "init", "value": "device does not exist", "qualifier": {"alias": "IC142Panel:4757", "code": "missing device"}}
2026-03-05 15:17:58 ERROR root remotelib error:LobbyPanel:4762:{"property": "init", "value": "device does not exist", "qualifier": {"alias": "LobbyPanel:4762", "code": "missing device"}}
2026-03-05 15:17:58 ERROR root remotelib error:IC143Panel:14628:{"property": "init", "value": "device does not exist", "qualifier": {"alias": "IC143Panel:14628", "code": "missing device"}}
2026-03-05 15:17:58 ERROR root remotelib error:BWDPanel:4774:{"property": "init", "value": "device does not exist", "qualifier": {"alias": "BWDPanel:4774", "code": "missing device"}}
2026-03-05 15:17:58 ERROR root remotelib error:IC144Panel:4769:{"property": "init", "value": "device does not exist", "qualifier": {"alias": "IC144Panel:4769", "code": "missing device"}}
2026-03-05 15:17:58 ERROR root remotelib error:IC142Panel:4758:{"property": "init", "value": "device does not exist", "qualifier": {"alias": "IC142Panel:4758", "code": "missing device"}}
2026-03-05 15:17:58 ERROR root remotelib error:HallPanel:4768:{"property": "init", "value": "device does not exist", "qualifier": {"alias": "HallPanel:4768", "code": "missing device"}}
2026-03-05 15:17:58 ERROR root remotelib error:LobbyPanel:4763:{"property": "init", "value": "device does not exist", "qualifier": {"alias": "LobbyPanel:4763", "code": "missing device"}}
2026-03-05 15:17:58 ERROR root remotelib error:IC143Panel:14629:{"property": "init", "value": "device does not exist", "qualifier": {"alias": "IC143Panel:14629", "code": "missing device"}}
2026-03-05 15:17:58 ERROR root remotelib error:BreakRmPanel:4760:{"property": "init", "value": "device does not exist", "qualifier": {"alias": "BreakRmPanel:4760", "code": "missing device"}}
2026-03-05 15:17:58 ERROR root remotelib error:BWDPanel:4775:{"property": "init", "value": "device does not exist", "qualifier": {"alias": "BWDPanel:4775", "code": "missing device"}}
2026-03-05 15:17:58 ERROR root remotelib error:LobbyPanel:4764:{"property": "init", "value": "device does not exist", "qualifier": {"alias": "LobbyPanel:4764", "code": "missing device"}}
2026-03-05 15:17:58 ERROR root remotelib error:IC143Panel:14630:{"property": "init", "value": "device does not exist", "qualifier": {"alias": "IC143Panel:14630", "code": "missing device"}}
2026-03-05 15:17:58 ERROR root remotelib error:BreakRmPanel:4761:{"property": "init", "value": "device does not exist", "qualifier": {"alias": "BreakRmPanel:4761", "code": "missing device"}}
2026-03-05 15:17:58 ERROR root remotelib error:IC144Panel:4770:{"property": "init", "value": "device does not exist", "qualifier": {"alias": "IC144Panel:4770", "code": "missing device"}}
2026-03-05 15:17:58 ERROR root remotelib error:HallPanel:4769:{"property": "init", "value": "device does not exist", "qualifier": {"alias": "HallPanel:4769", "code": "missing device"}}
2026-03-05 15:17:58 ERROR root remotelib error:IC143Panel:14631:{"property": "init", "value": "device does not exist", "qualifier": {"alias": "IC143Panel:14631", "code": "missing device"}}
2026-03-05 15:17:58 ERROR root remotelib error:BWDPanel:14625:{"property": "init", "value": "device does not exist", "qualifier": {"alias": "BWDPanel:14625", "code": "missing device"}}
2026-03-05 15:17:58 INFO root Device 19-0 VTLP sync handling ended
2026-03-05 15:17:58 ERROR root remotelib error:IC144Panel:4771:{"property": "init", "value": "device does not exist", "qualifier": {"alias": "IC144Panel:4771", "code": "missing device"}}
2026-03-05 15:17:58 ERROR root remotelib error:IC142Panel:4759:{"property": "init", "value": "device does not exist", "qualifier": {"alias": "IC142Panel:4759", "code": "missing device"}}
2026-03-05 15:17:58 ERROR root remotelib error:BreakRmPanel:4762:{"property": "init", "value": "device does not exist", "qualifier": {"alias": "BreakRmPanel:4762", "code": "missing device"}}
2026-03-05 15:17:58 ERROR root remotelib error:LobbyPanel:4765:{"property": "init", "value": "device does not exist", "qualifier": {"alias": "LobbyPanel:4765", "code": "missing device"}}
2026-03-05 15:17:58 ERROR root remotelib error:HallPanel:4770:{"property": "init", "value": "device does not exist", "qualifier": {"alias": "HallPanel:4770", "code": "missing device"}}
2026-03-05 15:17:58 ERROR root remotelib error:IC143Panel:14632:{"property": "init", "value": "device does not exist", "qualifier": {"alias": "IC143Panel:14632", "code": "missing device"}}
2026-03-05 15:17:58 ERROR root remotelib error:BWDPanel:14626:{"property": "init", "value": "device does not exist", "qualifier": {"alias": "BWDPanel:14626", "code": "missing device"}}
2026-03-05 15:17:58 ERROR root remotelib error:IC144Panel:4772:{"property": "init", "value": "device does not exist", "qualifier": {"alias": "IC144Panel:4772", "code": "missing device"}}
2026-03-05 15:17:58 ERROR root remotelib error:HallPanel:4771:{"property": "init", "value": "device does not exist", "qualifier": {"alias": "HallPanel:4771", "code": "missing device"}}
2026-03-05 15:17:58 ERROR root SerialInterface spd1:COM1SendAndWait: Port COM1 not open
2026-03-05 15:17:58 ERROR root remotelib error:BreakRmPanel:4763:{"property": "init", "value": "device does not exist", "qualifier": {"alias": "BreakRmPanel:4763", "code": "missing device"}}
2026-03-05 15:17:58 ERROR root remotelib error:IC144Panel:4773:{"property": "init", "value": "device does not exist", "qualifier": {"alias": "IC144Panel:4773", "code": "missing device"}}
2026-03-05 15:17:58 ERROR root remotelib error:HallPanel:4772:{"property": "init", "value": "device does not exist", "qualifier": {"alias": "HallPanel:4772", "code": "missing device"}}
2026-03-05 15:17:58 ERROR root remotelib error:BWDPanel:14627:{"property": "init", "value": "device does not exist", "qualifier": {"alias": "BWDPanel:14627", "code": "missing device"}}
2026-03-05 15:17:58 ERROR root SerialInterface spd3:COM1SendAndWait: Port COM1 not open
2026-03-05 15:17:58 ERROR root remotelib error:IC143Panel:14601:{"property": "init", "value": "device does not exist", "qualifier": {"alias": "IC143Panel:14601", "code": "missing device"}}
2026-03-05 15:17:58 ERROR root remotelib error:BreakRmPanel:4764:{"property": "init", "value": "device does not exist", "qualifier": {"alias": "BreakRmPanel:4764", "code": "missing device"}}
2026-03-05 15:17:58 ERROR root remotelib error:IC143Panel:14602:{"property": "init", "value": "device does not exist", "qualifier": {"alias": "IC143Panel:14602", "code": "missing device"}}
2026-03-05 15:17:58 ERROR root SerialInterface spd2:COM1SendAndWait: Port COM1 not open
2026-03-05 15:17:58 ERROR root remotelib error:BreakRmPanel:4765:{"property": "init", "value": "device does not exist", "qualifier": {"alias": "BreakRmPanel:4765", "code": "missing device"}}
2026-03-05 15:17:58 ERROR root remotelib error:BWDPanel:14628:{"property": "init", "value": "device does not exist", "qualifier": {"alias": "BWDPanel:14628", "code": "missing device"}}
2026-03-05 15:17:58 ERROR root remotelib error:IC144Panel:4774:{"property": "init", "value": "device does not exist", "qualifier": {"alias": "IC144Panel:4774", "code": "missing device"}}
2026-03-05 15:17:58 ERROR root remotelib error:IC143Panel:14603:{"property": "init", "value": "device does not exist", "qualifier": {"alias": "IC143Panel:14603", "code": "missing device"}}
2026-03-05 15:17:58 ERROR root remotelib error:BWDPanel:14629:{"property": "init", "value": "device does not exist", "qualifier": {"alias": "BWDPanel:14629", "code": "missing device"}}
2026-03-05 15:17:58 ERROR root remotelib error:BreakRmPanel:4766:{"property": "init", "value": "device does not exist", "qualifier": {"alias": "BreakRmPanel:4766", "code": "missing device"}}
2026-03-05 15:17:58 ERROR root remotelib error:IC142Panel:4760:{"property": "init", "value": "device does not exist", "qualifier": {"alias": "IC142Panel:4760", "code": "missing device"}}
2026-03-05 15:17:58 ERROR root remotelib error:LobbyPanel:4766:{"property": "init", "value": "device does not exist", "qualifier": {"alias": "LobbyPanel:4766", "code": "missing device"}}
2026-03-05 15:17:58 ERROR root remotelib error:HallPanel:4773:{"property": "init", "value": "device does not exist", "qualifier": {"alias": "HallPanel:4773", "code": "missing device"}}
2026-03-05 15:17:59 ERROR root remotelib error:IC144Panel:4775:{"property": "init", "value": "device does not exist", "qualifier": {"alias": "IC144Panel:4775", "code": "missing device"}}
2026-03-05 15:17:59 ERROR root remotelib error:IC142Panel:4761:{"property": "init", "value": "device does not exist", "qualifier": {"alias": "IC142Panel:4761", "code": "missing device"}}
2026-03-05 15:17:59 ERROR root remotelib error:BWDPanel:14630:{"property": "init", "value": "device does not exist", "qualifier": {"alias": "BWDPanel:14630", "code": "missing device"}}
2026-03-05 15:17:59 ERROR root remotelib error:BreakRmPanel:4767:{"property": "init", "value": "device does not exist", "qualifier": {"alias": "BreakRmPanel:4767", "code": "missing device"}}
2026-03-05 15:17:59 ERROR root remotelib error:IC143Panel:14604:{"property": "init", "value": "device does not exist", "qualifier": {"alias": "IC143Panel:14604", "code": "missing device"}}
2026-03-05 15:17:59 ERROR root remotelib error:HallPanel:4774:{"property": "init", "value": "device does not exist", "qualifier": {"alias": "HallPanel:4774", "code": "missing device"}}
2026-03-05 15:17:59 ERROR root remotelib error:LobbyPanel:4767:{"property": "init", "value": "device does not exist", "qualifier": {"alias": "LobbyPanel:4767", "code": "missing device"}}
2026-03-05 15:17:59 ERROR root remotelib error:IC144Panel:14625:{"property": "init", "value": "device does not exist", "qualifier": {"alias": "IC144Panel:14625", "code": "missing device"}}
2026-03-05 15:17:59 ERROR root SerialInterface spd4:COM1SendAndWait: Port COM1 not open
2026-03-05 15:17:59 ERROR root remotelib error:IC142Panel:4762:{"property": "init", "value": "device does not exist", "qualifier": {"alias": "IC142Panel:4762", "code": "missing device"}}
2026-03-05 15:17:59 ERROR root remotelib error:LobbyPanel:4768:{"property": "init", "value": "device does not exist", "qualifier": {"alias": "LobbyPanel:4768", "code": "missing device"}}
2026-03-05 15:17:59 ERROR root remotelib error:HallPanel:4775:{"property": "init", "value": "device does not exist", "qualifier": {"alias": "HallPanel:4775", "code": "missing device"}}
2026-03-05 15:17:59 ERROR root remotelib error:IC144Panel:14626:{"property": "init", "value": "device does not exist", "qualifier": {"alias": "IC144Panel:14626", "code": "missing device"}}
2026-03-05 15:17:59 ERROR root remotelib error:IC142Panel:4763:{"property": "init", "value": "device does not exist", "qualifier": {"alias": "IC142Panel:4763", "code": "missing device"}}
2026-03-05 15:17:59 ERROR root remotelib error:LobbyPanel:4769:{"property": "init", "value": "device does not exist", "qualifier": {"alias": "LobbyPanel:4769", "code": "missing device"}}
2026-03-05 15:17:59 ERROR root remotelib error:BreakRmPanel:4768:{"property": "init", "value": "device does not exist", "qualifier": {"alias": "BreakRmPanel:4768", "code": "missing device"}}
2026-03-05 15:17:59 ERROR root remotelib error:BWDPanel:14631:{"property": "init", "value": "device does not exist", "qualifier": {"alias": "BWDPanel:14631", "code": "missing device"}}
2026-03-05 15:17:59 ERROR root remotelib error:IC143Panel:14605:{"property": "init", "value": "device does not exist", "qualifier": {"alias": "IC143Panel:14605", "code": "missing device"}}
2026-03-05 15:17:59 ERROR root remotelib error:IC144Panel:14627:{"property": "init", "value": "device does not exist", "qualifier": {"alias": "IC144Panel:14627", "code": "missing device"}}
2026-03-05 15:17:59 ERROR root remotelib error:HallPanel:14625:{"property": "init", "value": "device does not exist", "qualifier": {"alias": "HallPanel:14625", "code": "missing device"}}
2026-03-05 15:17:59 ERROR root remotelib error:IC142Panel:4764:{"property": "init", "value": "device does not exist", "qualifier": {"alias": "IC142Panel:4764", "code": "missing device"}}
2026-03-05 15:17:59 ERROR root remotelib error:HallPanel:14626:{"property": "init", "value": "device does not exist", "qualifier": {"alias": "HallPanel:14626", "code": "missing device"}}
2026-03-05 15:17:59 ERROR root remotelib error:LobbyPanel:4770:{"property": "init", "value": "device does not exist", "qualifier": {"alias": "LobbyPanel:4770", "code": "missing device"}}
2026-03-05 15:17:59 ERROR root remotelib error:BWDPanel:14632:{"property": "init", "value": "device does not exist", "qualifier": {"alias": "BWDPanel:14632", "code": "missing device"}}
2026-03-05 15:17:59 ERROR root remotelib error:BreakRmPanel:4769:{"property": "init", "value": "device does not exist", "qualifier": {"alias": "BreakRmPanel:4769", "code": "missing device"}}
2026-03-05 15:17:59 ERROR root remotelib error:IC142Panel:4765:{"property": "init", "value": "device does not exist", "qualifier": {"alias": "IC142Panel:4765", "code": "missing device"}}
2026-03-05 15:17:59 ERROR root remotelib error:IC143Panel:14606:{"property": "init", "value": "device does not exist", "qualifier": {"alias": "IC143Panel:14606", "code": "missing device"}}
2026-03-05 15:17:59 ERROR root remotelib error:HallPanel:14627:{"property": "init", "value": "device does not exist", "qualifier": {"alias": "HallPanel:14627", "code": "missing device"}}
2026-03-05 15:17:59 ERROR root remotelib error:LobbyPanel:4771:{"property": "init", "value": "device does not exist", "qualifier": {"alias": "LobbyPanel:4771", "code": "missing device"}}
2026-03-05 15:17:59 ERROR root remotelib error:IC144Panel:14628:{"property": "init", "value": "device does not exist", "qualifier": {"alias": "IC144Panel:14628", "code": "missing device"}}
2026-03-05 15:17:59 ERROR root remotelib error:HallPanel:14628:{"property": "init", "value": "device does not exist", "qualifier": {"alias": "HallPanel:14628", "code": "missing device"}}
2026-03-05 15:17:59 ERROR root remotelib error:IC143Panel:14607:{"property": "init", "value": "device does not exist", "qualifier": {"alias": "IC143Panel:14607", "code": "missing device"}}
2026-03-05 15:17:59 ERROR root remotelib error:LobbyPanel:4772:{"property": "init", "value": "device does not exist", "qualifier": {"alias": "LobbyPanel:4772", "code": "missing device"}}
2026-03-05 15:17:59 ERROR root remotelib error:BWDPanel:14601:{"property": "init", "value": "device does not exist", "qualifier": {"alias": "BWDPanel:14601", "code": "missing device"}}
2026-03-05 15:17:59 ERROR root remotelib error:IC142Panel:4766:{"property": "init", "value": "device does not exist", "qualifier": {"alias": "IC142Panel:4766", "code": "missing device"}}
2026-03-05 15:17:59 ERROR root remotelib error:IC144Panel:14629:{"property": "init", "value": "device does not exist", "qualifier": {"alias": "IC144Panel:14629", "code": "missing device"}}
2026-03-05 15:17:59 ERROR root remotelib error:BreakRmPanel:4770:{"property": "init", "value": "device does not exist", "qualifier": {"alias": "BreakRmPanel:4770", "code": "missing device"}}
2026-03-05 15:17:59 ERROR root remotelib error:HallPanel:14629:{"property": "init", "value": "device does not exist", "qualifier": {"alias": "HallPanel:14629", "code": "missing device"}}
2026-03-05 15:17:59 ERROR root remotelib error:LobbyPanel:4773:{"property": "init", "value": "device does not exist", "qualifier": {"alias": "LobbyPanel:4773", "code": "missing device"}}
2026-03-05 15:17:59 ERROR root remotelib error:IC143Panel:14608:{"property": "init", "value": "device does not exist", "qualifier": {"alias": "IC143Panel:14608", "code": "missing device"}}
2026-03-05 15:17:59 ERROR root remotelib error:BWDPanel:14602:{"property": "init", "value": "device does not exist", "qualifier": {"alias": "BWDPanel:14602", "code": "missing device"}}
2026-03-05 15:17:59 ERROR root remotelib error:IC142Panel:4767:{"property": "init", "value": "device does not exist", "qualifier": {"alias": "IC142Panel:4767", "code": "missing device"}}
2026-03-05 15:17:59 ERROR root remotelib error:IC144Panel:14630:{"property": "init", "value": "device does not exist", "qualifier": {"alias": "IC144Panel:14630", "code": "missing device"}}
2026-03-05 15:17:59 ERROR root remotelib error:BreakRmPanel:4771:{"property": "init", "value": "device does not exist", "qualifier": {"alias": "BreakRmPanel:4771", "code": "missing device"}}
2026-03-05 15:17:59 ERROR root remotelib error:LobbyPanel:4774:{"property": "init", "value": "device does not exist", "qualifier": {"alias": "LobbyPanel:4774", "code": "missing device"}}
2026-03-05 15:17:59 ERROR root remotelib error:IC143Panel:14609:{"property": "init", "value": "device does not exist", "qualifier": {"alias": "IC143Panel:14609", "code": "missing device"}}
2026-03-05 15:17:59 ERROR root remotelib error:HallPanel:14630:{"property": "init", "value": "device does not exist", "qualifier": {"alias": "HallPanel:14630", "code": "missing device"}}
2026-03-05 15:17:59 ERROR root remotelib error:BWDPanel:14603:{"property": "init", "value": "device does not exist", "qualifier": {"alias": "BWDPanel:14603", "code": "missing device"}}
2026-03-05 15:17:59 ERROR root remotelib error:IC142Panel:4768:{"property": "init", "value": "device does not exist", "qualifier": {"alias": "IC142Panel:4768", "code": "missing device"}}
2026-03-05 15:17:59 ERROR root remotelib error:BreakRmPanel:4772:{"property": "init", "value": "device does not exist", "qualifier": {"alias": "BreakRmPanel:4772", "code": "missing device"}}
2026-03-05 15:17:59 ERROR root remotelib error:HallPanel:14631:{"property": "init", "value": "device does not exist", "qualifier": {"alias": "HallPanel:14631", "code": "missing device"}}
2026-03-05 15:17:59 ERROR root remotelib error:IC144Panel:14631:{"property": "init", "value": "device does not exist", "qualifier": {"alias": "IC144Panel:14631", "code": "missing device"}}
2026-03-05 15:17:59 ERROR root remotelib error:LobbyPanel:4775:{"property": "init", "value": "device does not exist", "qualifier": {"alias": "LobbyPanel:4775", "code": "missing device"}}
2026-03-05 15:17:59 ERROR root remotelib error:IC142Panel:4769:{"property": "init", "value": "device does not exist", "qualifier": {"alias": "IC142Panel:4769", "code": "missing device"}}
2026-03-05 15:17:59 ERROR root remotelib error:BWDPanel:14604:{"property": "init", "value": "device does not exist", "qualifier": {"alias": "BWDPanel:14604", "code": "missing device"}}
2026-03-05 15:17:59 ERROR root remotelib error:IC143Panel:14610:{"property": "init", "value": "device does not exist", "qualifier": {"alias": "IC143Panel:14610", "code": "missing device"}}
2026-03-05 15:17:59 ERROR root remotelib error:BreakRmPanel:4773:{"property": "init", "value": "device does not exist", "qualifier": {"alias": "BreakRmPanel:4773", "code": "missing device"}}
2026-03-05 15:17:59 ERROR root remotelib error:HallPanel:14632:{"property": "init", "value": "device does not exist", "qualifier": {"alias": "HallPanel:14632", "code": "missing device"}}
2026-03-05 15:17:59 ERROR root remotelib error:IC144Panel:14632:{"property": "init", "value": "device does not exist", "qualifier": {"alias": "IC144Panel:14632", "code": "missing device"}}
2026-03-05 15:17:59 ERROR root can't start new thread
2026-03-05 15:17:59 ERROR root remotelib error:IC143Panel:14611:{"property": "init", "value": "device does not exist", "qualifier": {"alias": "IC143Panel:14611", "code": "missing device"}}
2026-03-05 15:17:59 ERROR root remotelib error:BreakRmPanel:4774:{"property": "init", "value": "device does not exist", "qualifier": {"alias": "BreakRmPanel:4774", "code": "missing device"}}
2026-03-05 15:17:59 INFO root Device 22-0 VTLP sync handling began
2026-03-05 15:17:59 INFO root Device 16-0 VTLP sync handling ended
2026-03-05 15:17:59 INFO root Device 19-0 VTLP sync handling began
2026-03-05 15:17:59 ERROR root remotelib error:IC144Panel:14601:{"property": "init", "value": "device does not exist", "qualifier": {"alias": "IC144Panel:14601", "code": "missing device"}}
2026-03-05 15:17:59 INFO root Device 22-0 VTLP sync handling ended
2026-03-05 15:17:59 INFO root Device 19-0 VTLP sync handling ended
2026-03-05 15:17:59 ERROR root remotelib error:LobbyPanel:14625:{"property": "init", "value": "device does not exist", "qualifier": {"alias": "LobbyPanel:14625", "code": "missing device"}}
2026-03-05 15:17:59 ERROR root remotelib error:HallPanel:14601:{"property": "init", "value": "device does not exist", "qualifier": {"alias": "HallPanel:14601", "code": "missing device"}}
2026-03-05 15:17:59 ERROR root remotelib error:IC142Panel:4770:{"property": "init", "value": "device does not exist", "qualifier": {"alias": "IC142Panel:4770", "code": "missing device"}}
2026-03-05 15:17:59 ERROR root remotelib error:BWDPanel:14605:{"property": "init", "value": "device does not exist", "qualifier": {"alias": "BWDPanel:14605", "code": "missing device"}}
2026-03-05 15:17:59 ERROR root remotelib error:HallPanel:14602:{"property": "init", "value": "device does not exist", "qualifier": {"alias": "HallPanel:14602", "code": "missing device"}}
2026-03-05 15:17:59 ERROR root remotelib error:BreakRmPanel:4775:{"property": "init", "value": "device does not exist", "qualifier": {"alias": "BreakRmPanel:4775", "code": "missing device"}}
2026-03-05 15:17:59 ERROR root remotelib error:BWDPanel:14606:{"property": "init", "value": "device does not exist", "qualifier": {"alias": "BWDPanel:14606", "code": "missing device"}}
2026-03-05 15:17:59 ERROR root remotelib error:IC143Panel:14612:{"property": "init", "value": "device does not exist", "qualifier": {"alias": "IC143Panel:14612", "code": "missing device"}}
2026-03-05 15:17:59 ERROR root remotelib error:LobbyPanel:14626:{"property": "init", "value": "device does not exist", "qualifier": {"alias": "LobbyPanel:14626", "code": "missing device"}}
2026-03-05 15:18:00 ERROR root remotelib error:IC144Panel:14602:{"property": "init", "value": "device does not exist", "qualifier": {"alias": "IC144Panel:14602", "code": "missing device"}}
2026-03-05 15:18:00 ERROR root remotelib error:IC142Panel:4771:{"property": "init", "value": "device does not exist", "qualifier": {"alias": "IC142Panel:4771", "code": "missing device"}}
2026-03-05 15:18:00 ERROR root remotelib error:HallPanel:14603:{"property": "init", "value": "device does not exist", "qualifier": {"alias": "HallPanel:14603", "code": "missing device"}}
2026-03-05 15:18:00 ERROR root remotelib error:BreakRmPanel:14625:{"property": "init", "value": "device does not exist", "qualifier": {"alias": "BreakRmPanel:14625", "code": "missing device"}}
2026-03-05 15:18:00 ERROR root remotelib error:BWDPanel:14607:{"property": "init", "value": "device does not exist", "qualifier": {"alias": "BWDPanel:14607", "code": "missing device"}}
2026-03-05 15:18:00 ERROR root remotelib error:IC143Panel:14613:{"property": "init", "value": "device does not exist", "qualifier": {"alias": "IC143Panel:14613", "code": "missing device"}}
2026-03-05 15:18:00 ERROR root remotelib error:LobbyPanel:14627:{"property": "init", "value": "device does not exist", "qualifier": {"alias": "LobbyPanel:14627", "code": "missing device"}}
2026-03-05 15:18:00 ERROR root remotelib error:IC144Panel:14603:{"property": "init", "value": "device does not exist", "qualifier": {"alias": "IC144Panel:14603", "code": "missing device"}}
2026-03-05 15:18:00 ERROR root remotelib error:IC142Panel:4772:{"property": "init", "value": "device does not exist", "qualifier": {"alias": "IC142Panel:4772", "code": "missing device"}}
2026-03-05 15:18:00 ERROR root remotelib error:HallPanel:14604:{"property": "init", "value": "device does not exist", "qualifier": {"alias": "HallPanel:14604", "code": "missing device"}}
2026-03-05 15:18:00 ERROR root remotelib error:LobbyPanel:14628:{"property": "init", "value": "device does not exist", "qualifier": {"alias": "LobbyPanel:14628", "code": "missing device"}}
2026-03-05 15:18:00 ERROR root remotelib error:BWDPanel:14608:{"property": "init", "value": "device does not exist", "qualifier": {"alias": "BWDPanel:14608", "code": "missing device"}}
2026-03-05 15:18:00 ERROR root remotelib error:IC143Panel:14614:{"property": "init", "value": "device does not exist", "qualifier": {"alias": "IC143Panel:14614", "code": "missing device"}}
2026-03-05 15:18:00 ERROR root remotelib error:HallPanel:14605:{"property": "init", "value": "device does not exist", "qualifier": {"alias": "HallPanel:14605", "code": "missing device"}}
2026-03-05 15:18:00 ERROR root remotelib error:IC144Panel:14604:{"property": "init", "value": "device does not exist", "qualifier": {"alias": "IC144Panel:14604", "code": "missing device"}}
2026-03-05 15:18:00 ERROR root remotelib error:IC142Panel:4773:{"property": "init", "value": "device does not exist", "qualifier": {"alias": "IC142Panel:4773", "code": "missing device"}}
2026-03-05 15:18:00 ERROR root remotelib error:HallPanel:14606:{"property": "init", "value": "device does not exist", "qualifier": {"alias": "HallPanel:14606", "code": "missing device"}}
2026-03-05 15:18:00 ERROR root remotelib error:BreakRmPanel:14626:{"property": "init", "value": "device does not exist", "qualifier": {"alias": "BreakRmPanel:14626", "code": "missing device"}}
2026-03-05 15:18:00 ERROR root remotelib error:IC144Panel:14605:{"property": "init", "value": "device does not exist", "qualifier": {"alias": "IC144Panel:14605", "code": "missing device"}}
2026-03-05 15:18:00 ERROR root remotelib error:IC142Panel:4774:{"property": "init", "value": "device does not exist", "qualifier": {"alias": "IC142Panel:4774", "code": "missing device"}}
2026-03-05 15:18:00 ERROR root remotelib error:IC143Panel:14615:{"property": "init", "value": "device does not exist", "qualifier": {"alias": "IC143Panel:14615", "code": "missing device"}}
2026-03-05 15:18:00 ERROR root remotelib error:HallPanel:14607:{"property": "init", "value": "device does not exist", "qualifier": {"alias": "HallPanel:14607", "code": "missing device"}}
2026-03-05 15:18:00 ERROR root remotelib error:LobbyPanel:14629:{"property": "init", "value": "device does not exist", "qualifier": {"alias": "LobbyPanel:14629", "code": "missing device"}}
2026-03-05 15:18:00 ERROR root remotelib error:BWDPanel:14609:{"property": "init", "value": "device does not exist", "qualifier": {"alias": "BWDPanel:14609", "code": "missing device"}}
2026-03-05 15:18:00 ERROR root remotelib error:BreakRmPanel:14627:{"property": "init", "value": "device does not exist", "qualifier": {"alias": "BreakRmPanel:14627", "code": "missing device"}}
2026-03-05 15:18:00 ERROR root remotelib error:IC144Panel:14606:{"property": "init", "value": "device does not exist", "qualifier": {"alias": "IC144Panel:14606", "code": "missing device"}}
2026-03-05 15:18:00 ERROR root remotelib error:IC142Panel:4775:{"property": "init", "value": "device does not exist", "qualifier": {"alias": "IC142Panel:4775", "code": "missing device"}}
2026-03-05 15:18:00 ERROR root remotelib error:BreakRmPanel:14628:{"property": "init", "value": "device does not exist", "qualifier": {"alias": "BreakRmPanel:14628", "code": "missing device"}}
2026-03-05 15:18:00 ERROR root remotelib error:HallPanel:14608:{"property": "init", "value": "device does not exist", "qualifier": {"alias": "HallPanel:14608", "code": "missing device"}}
2026-03-05 15:18:00 ERROR root remotelib error:LobbyPanel:14630:{"property": "init", "value": "device does not exist", "qualifier": {"alias": "LobbyPanel:14630", "code": "missing device"}}
2026-03-05 15:18:00 ERROR root SerialInterface spd6:COM1SendAndWait: Port COM1 not open
2026-03-05 15:18:00 ERROR root remotelib error:IC143Panel:14616:{"property": "init", "value": "device does not exist", "qualifier": {"alias": "IC143Panel:14616", "code": "missing device"}}
2026-03-05 15:18:00 ERROR root remotelib error:BWDPanel:14610:{"property": "init", "value": "device does not exist", "qualifier": {"alias": "BWDPanel:14610", "code": "missing device"}}
2026-03-05 15:18:00 ERROR root remotelib error:IC144Panel:14607:{"property": "init", "value": "device does not exist", "qualifier": {"alias": "IC144Panel:14607", "code": "missing device"}}
2026-03-05 15:18:00 ERROR root SerialInterface spd5:COM1SendAndWait: Port COM1 not open
2026-03-05 15:18:00 ERROR root remotelib error:IC142Panel:14625:{"property": "init", "value": "device does not exist", "qualifier": {"alias": "IC142Panel:14625", "code": "missing device"}}
2026-03-05 15:18:00 ERROR root remotelib error:BreakRmPanel:14629:{"property": "init", "value": "device does not exist", "qualifier": {"alias": "BreakRmPanel:14629", "code": "missing device"}}
2026-03-05 15:18:00 ERROR root remotelib error:BWDPanel:14611:{"property": "init", "value": "device does not exist", "qualifier": {"alias": "BWDPanel:14611", "code": "missing device"}}
2026-03-05 15:18:00 ERROR root remotelib error:IC144Panel:14608:{"property": "init", "value": "device does not exist", "qualifier": {"alias": "IC144Panel:14608", "code": "missing device"}}
2026-03-05 15:18:00 ERROR root remotelib error:IC142Panel:14626:{"property": "init", "value": "device does not exist", "qualifier": {"alias": "IC142Panel:14626", "code": "missing device"}}
2026-03-05 15:18:00 ERROR root remotelib error:IC143Panel:14617:{"property": "init", "value": "device does not exist", "qualifier": {"alias": "IC143Panel:14617", "code": "missing device"}}
2026-03-05 15:18:00 ERROR root remotelib error:BWDPanel:14612:{"property": "init", "value": "device does not exist", "qualifier": {"alias": "BWDPanel:14612", "code": "missing device"}}
2026-03-05 15:18:00 ERROR root remotelib error:HallPanel:14609:{"property": "init", "value": "device does not exist", "qualifier": {"alias": "HallPanel:14609", "code": "missing device"}}
2026-03-05 15:18:00 ERROR root remotelib error:BreakRmPanel:14630:{"property": "init", "value": "device does not exist", "qualifier": {"alias": "BreakRmPanel:14630", "code": "missing device"}}
2026-03-05 15:18:00 ERROR root remotelib error:LobbyPanel:14631:{"property": "init", "value": "device does not exist", "qualifier": {"alias": "LobbyPanel:14631", "code": "missing device"}}
2026-03-05 15:18:00 INFO root Device 21-0 VTLP sync handling began
2026-03-05 15:18:00 INFO root Device 19-0 VTLP sync handling began
2026-03-05 15:18:00 ERROR root remotelib error:IC144Panel:14609:{"property": "init", "value": "device does not exist", "qualifier": {"alias": "IC144Panel:14609", "code": "missing device"}}
2026-03-05 15:18:00 ERROR root remotelib error:IC142Panel:14627:{"property": "init", "value": "device does not exist", "qualifier": {"alias": "IC142Panel:14627", "code": "missing device"}}
2026-03-05 15:18:00 ERROR root remotelib error:BWDPanel:14613:{"property": "init", "value": "device does not exist", "qualifier": {"alias": "BWDPanel:14613", "code": "missing device"}}
2026-03-05 15:18:00 ERROR root remotelib error:IC143Panel:14618:{"property": "init", "value": "device does not exist", "qualifier": {"alias": "IC143Panel:14618", "code": "missing device"}}
2026-03-05 15:18:00 ERROR root remotelib error:BreakRmPanel:14631:{"property": "init", "value": "device does not exist", "qualifier": {"alias": "BreakRmPanel:14631", "code": "missing device"}}
2026-03-05 15:18:00 ERROR root remotelib error:HallPanel:14610:{"property": "init", "value": "device does not exist", "qualifier": {"alias": "HallPanel:14610", "code": "missing device"}}
2026-03-05 15:18:00 ERROR root remotelib error:IC142Panel:14628:{"property": "init", "value": "device does not exist", "qualifier": {"alias": "IC142Panel:14628", "code": "missing device"}}
2026-03-05 15:18:00 ERROR root remotelib error:IC144Panel:14610:{"property": "init", "value": "device does not exist", "qualifier": {"alias": "IC144Panel:14610", "code": "missing device"}}
2026-03-05 15:18:00 ERROR root remotelib error:BWDPanel:14614:{"property": "init", "value": "device does not exist", "qualifier": {"alias": "BWDPanel:14614", "code": "missing device"}}
2026-03-05 15:18:00 ERROR root remotelib error:HallPanel:14611:{"property": "init", "value": "device does not exist", "qualifier": {"alias": "HallPanel:14611", "code": "missing device"}}
2026-03-05 15:18:00 ERROR root remotelib error:IC143Panel:14619:{"property": "init", "value": "device does not exist", "qualifier": {"alias": "IC143Panel:14619", "code": "missing device"}}
2026-03-05 15:18:00 ERROR root remotelib error:LobbyPanel:14632:{"property": "init", "value": "device does not exist", "qualifier": {"alias": "LobbyPanel:14632", "code": "missing device"}}
2026-03-05 15:18:00 ERROR root remotelib error:BreakRmPanel:14632:{"property": "init", "value": "device does not exist", "qualifier": {"alias": "BreakRmPanel:14632", "code": "missing device"}}
2026-03-05 15:18:00 ERROR root remotelib error:IC144Panel:14611:{"property": "init", "value": "device does not exist", "qualifier": {"alias": "IC144Panel:14611", "code": "missing device"}}
2026-03-05 15:18:00 ERROR root remotelib error:IC142Panel:14629:{"property": "init", "value": "device does not exist", "qualifier": {"alias": "IC142Panel:14629", "code": "missing device"}}
2026-03-05 15:18:00 ERROR root remotelib error:HallPanel:14612:{"property": "init", "value": "device does not exist", "qualifier": {"alias": "HallPanel:14612", "code": "missing device"}}
2026-03-05 15:18:00 ERROR root remotelib error:IC143Panel:14620:{"property": "init", "value": "device does not exist", "qualifier": {"alias": "IC143Panel:14620", "code": "missing device"}}
2026-03-05 15:18:00 ERROR root remotelib error:LobbyPanel:14601:{"property": "init", "value": "device does not exist", "qualifier": {"alias": "LobbyPanel:14601", "code": "missing device"}}
2026-03-05 15:18:00 ERROR root remotelib error:BWDPanel:14615:{"property": "init", "value": "device does not exist", "qualifier": {"alias": "BWDPanel:14615", "code": "missing device"}}
2026-03-05 15:18:00 ERROR root remotelib error:BreakRmPanel:14601:{"property": "init", "value": "device does not exist", "qualifier": {"alias": "BreakRmPanel:14601", "code": "missing device"}}
2026-03-05 15:18:00 ERROR root remotelib error:IC144Panel:14612:{"property": "init", "value": "device does not exist", "qualifier": {"alias": "IC144Panel:14612", "code": "missing device"}}
2026-03-05 15:18:00 ERROR root remotelib error:IC142Panel:14630:{"property": "init", "value": "device does not exist", "qualifier": {"alias": "IC142Panel:14630", "code": "missing device"}}
2026-03-05 15:18:00 ERROR root remotelib error:IC143Panel:14621:{"property": "init", "value": "device does not exist", "qualifier": {"alias": "IC143Panel:14621", "code": "missing device"}}
2026-03-05 15:18:00 ERROR root remotelib error:HallPanel:14613:{"property": "init", "value": "device does not exist", "qualifier": {"alias": "HallPanel:14613", "code": "missing device"}}
2026-03-05 15:18:00 ERROR root remotelib error:BWDPanel:14616:{"property": "init", "value": "device does not exist", "qualifier": {"alias": "BWDPanel:14616", "code": "missing device"}}
2026-03-05 15:18:00 ERROR root remotelib error:LobbyPanel:14602:{"property": "init", "value": "device does not exist", "qualifier": {"alias": "LobbyPanel:14602", "code": "missing device"}}
2026-03-05 15:18:00 ERROR root remotelib error:BreakRmPanel:14602:{"property": "init", "value": "device does not exist", "qualifier": {"alias": "BreakRmPanel:14602", "code": "missing device"}}
2026-03-05 15:18:00 ERROR root remotelib error:IC144Panel:14613:{"property": "init", "value": "device does not exist", "qualifier": {"alias": "IC144Panel:14613", "code": "missing device"}}
2026-03-05 15:18:00 ERROR root remotelib error:IC144Panel:14614:{"property": "init", "value": "device does not exist", "qualifier": {"alias": "IC144Panel:14614", "code": "missing device"}}
2026-03-05 15:18:00 ERROR root remotelib error:HallPanel:14614:{"property": "init", "value": "device does not exist", "qualifier": {"alias": "HallPanel:14614", "code": "missing device"}}
2026-03-05 15:18:00 ERROR root remotelib error:IC143Panel:14622:{"property": "init", "value": "device does not exist", "qualifier": {"alias": "IC143Panel:14622", "code": "missing device"}}
2026-03-05 15:18:00 ERROR root remotelib error:IC142Panel:14631:{"property": "init", "value": "device does not exist", "qualifier": {"alias": "IC142Panel:14631", "code": "missing device"}}
2026-03-05 15:18:00 ERROR root remotelib error:LobbyPanel:14603:{"property": "init", "value": "device does not exist", "qualifier": {"alias": "LobbyPanel:14603", "code": "missing device"}}
2026-03-05 15:18:00 ERROR root remotelib error:BreakRmPanel:14603:{"property": "init", "value": "device does not exist", "qualifier": {"alias": "BreakRmPanel:14603", "code": "missing device"}}
2026-03-05 15:18:00 ERROR root remotelib error:IC144Panel:14615:{"property": "init", "value": "device does not exist", "qualifier": {"alias": "IC144Panel:14615", "code": "missing device"}}
2026-03-05 15:18:00 ERROR root remotelib error:BWDPanel:14617:{"property": "init", "value": "device does not exist", "qualifier": {"alias": "BWDPanel:14617", "code": "missing device"}}
2026-03-05 15:18:00 ERROR root remotelib error:LobbyPanel:14604:{"property": "init", "value": "device does not exist", "qualifier": {"alias": "LobbyPanel:14604", "code": "missing device"}}
2026-03-05 15:18:00 ERROR root remotelib error:BWDPanel:14618:{"property": "init", "value": "device does not exist", "qualifier": {"alias": "BWDPanel:14618", "code": "missing device"}}
2026-03-05 15:18:00 ERROR root remotelib error:BreakRmPanel:14604:{"property": "init", "value": "device does not exist", "qualifier": {"alias": "BreakRmPanel:14604", "code": "missing device"}}
2026-03-05 15:18:00 ERROR root remotelib error:IC144Panel:14616:{"property": "init", "value": "device does not exist", "qualifier": {"alias": "IC144Panel:14616", "code": "missing device"}}
2026-03-05 15:18:00 ERROR root remotelib error:LobbyPanel:14605:{"property": "init", "value": "device does not exist", "qualifier": {"alias": "LobbyPanel:14605", "code": "missing device"}}
2026-03-05 15:18:00 ERROR root remotelib error:BreakRmPanel:14605:{"property": "init", "value": "device does not exist", "qualifier": {"alias": "BreakRmPanel:14605", "code": "missing device"}}
2026-03-05 15:18:00 ERROR root remotelib error:IC143Panel:14623:{"property": "init", "value": "device does not exist", "qualifier": {"alias": "IC143Panel:14623", "code": "missing device"}}
2026-03-05 15:18:00 ERROR root remotelib error:HallPanel:14615:{"property": "init", "value": "device does not exist", "qualifier": {"alias": "HallPanel:14615", "code": "missing device"}}
2026-03-05 15:18:00 ERROR root remotelib error:IC142Panel:14632:{"property": "init", "value": "device does not exist", "qualifier": {"alias": "IC142Panel:14632", "code": "missing device"}}
2026-03-05 15:18:00 ERROR root remotelib error:IC144Panel:14617:{"property": "init", "value": "device does not exist", "qualifier": {"alias": "IC144Panel:14617", "code": "missing device"}}
2026-03-05 15:18:00 ERROR root remotelib error:BWDPanel:14619:{"property": "init", "value": "device does not exist", "qualifier": {"alias": "BWDPanel:14619", "code": "missing device"}}
2026-03-05 15:18:00 ERROR root remotelib error:LobbyPanel:14606:{"property": "init", "value": "device does not exist", "qualifier": {"alias": "LobbyPanel:14606", "code": "missing device"}}
2026-03-05 15:18:00 ERROR root remotelib error:BreakRmPanel:14606:{"property": "init", "value": "device does not exist", "qualifier": {"alias": "BreakRmPanel:14606", "code": "missing device"}}
2026-03-05 15:18:00 ERROR root remotelib error:BWDPanel:14620:{"property": "init", "value": "device does not exist", "qualifier": {"alias": "BWDPanel:14620", "code": "missing device"}}
2026-03-05 15:18:00 ERROR root remotelib error:IC143Panel:14624:{"property": "init", "value": "device does not exist", "qualifier": {"alias": "IC143Panel:14624", "code": "missing device"}}
2026-03-05 15:18:00 ERROR root remotelib error:IC142Panel:14601:{"property": "init", "value": "device does not exist", "qualifier": {"alias": "IC142Panel:14601", "code": "missing device"}}
2026-03-05 15:18:00 ERROR root remotelib error:HallPanel:14616:{"property": "init", "value": "device does not exist", "qualifier": {"alias": "HallPanel:14616", "code": "missing device"}}
2026-03-05 15:18:00 ERROR root remotelib error:IC144Panel:14618:{"property": "init", "value": "device does not exist", "qualifier": {"alias": "IC144Panel:14618", "code": "missing device"}}
2026-03-05 15:18:00 ERROR root remotelib error:LobbyPanel:14607:{"property": "init", "value": "device does not exist", "qualifier": {"alias": "LobbyPanel:14607", "code": "missing device"}}
2026-03-05 15:18:00 ERROR root remotelib error:BreakRmPanel:14607:{"property": "init", "value": "device does not exist", "qualifier": {"alias": "BreakRmPanel:14607", "code": "missing device"}}
2026-03-05 15:18:00 ERROR root remotelib error:BWDPanel:14621:{"property": "init", "value": "device does not exist", "qualifier": {"alias": "BWDPanel:14621", "code": "missing device"}}
2026-03-05 15:18:00 ERROR root remotelib error:IC143Panel:14751:{"property": "init", "value": "device does not exist", "qualifier": {"alias": "IC143Panel:14751", "code": "missing device"}}
2026-03-05 15:18:00 INFO root Device 21-0 VTLP sync handling ended
2026-03-05 15:18:00 ERROR root remotelib error:HallPanel:14617:{"property": "init", "value": "device does not exist", "qualifier": {"alias": "HallPanel:14617", "code": "missing device"}}
2026-03-05 15:18:00 ERROR root remotelib error:IC142Panel:14602:{"property": "init", "value": "device does not exist", "qualifier": {"alias": "IC142Panel:14602", "code": "missing device"}}
2026-03-05 15:18:00 INFO root Device 19-0 VTLP sync handling ended
2026-03-05 15:18:00 ERROR root remotelib error:IC144Panel:14619:{"property": "init", "value": "device does not exist", "qualifier": {"alias": "IC144Panel:14619", "code": "missing device"}}
2026-03-05 15:18:00 ERROR root remotelib error:LobbyPanel:14608:{"property": "init", "value": "device does not exist", "qualifier": {"alias": "LobbyPanel:14608", "code": "missing device"}}
2026-03-05 15:18:01 ERROR root remotelib error:BreakRmPanel:14608:{"property": "init", "value": "device does not exist", "qualifier": {"alias": "BreakRmPanel:14608", "code": "missing device"}}
2026-03-05 15:18:01 ERROR root remotelib error:HallPanel:14618:{"property": "init", "value": "device does not exist", "qualifier": {"alias": "HallPanel:14618", "code": "missing device"}}
2026-03-05 15:18:01 ERROR root remotelib error:IC143Panel:14752:{"property": "init", "value": "device does not exist", "qualifier": {"alias": "IC143Panel:14752", "code": "missing device"}}
2026-03-05 15:18:01 ERROR root remotelib error:IC142Panel:14603:{"property": "init", "value": "device does not exist", "qualifier": {"alias": "IC142Panel:14603", "code": "missing device"}}
2026-03-05 15:18:01 ERROR root remotelib error:BWDPanel:14622:{"property": "init", "value": "device does not exist", "qualifier": {"alias": "BWDPanel:14622", "code": "missing device"}}
2026-03-05 15:18:01 ERROR root remotelib error:IC144Panel:14620:{"property": "init", "value": "device does not exist", "qualifier": {"alias": "IC144Panel:14620", "code": "missing device"}}
2026-03-05 15:18:01 ERROR root remotelib error:IC143Panel:14753:{"property": "init", "value": "device does not exist", "qualifier": {"alias": "IC143Panel:14753", "code": "missing device"}}
2026-03-05 15:18:01 ERROR root remotelib error:BreakRmPanel:14609:{"property": "init", "value": "device does not exist", "qualifier": {"alias": "BreakRmPanel:14609", "code": "missing device"}}
2026-03-05 15:18:01 ERROR root remotelib error:BWDPanel:14623:{"property": "init", "value": "device does not exist", "qualifier": {"alias": "BWDPanel:14623", "code": "missing device"}}
2026-03-05 15:18:01 ERROR root remotelib error:LobbyPanel:14609:{"property": "init", "value": "device does not exist", "qualifier": {"alias": "LobbyPanel:14609", "code": "missing device"}}
2026-03-05 15:18:01 ERROR root remotelib error:IC142Panel:14604:{"property": "init", "value": "device does not exist", "qualifier": {"alias": "IC142Panel:14604", "code": "missing device"}}
2026-03-05 15:18:01 ERROR root remotelib error:IC144Panel:14621:{"property": "init", "value": "device does not exist", "qualifier": {"alias": "IC144Panel:14621", "code": "missing device"}}
2026-03-05 15:18:01 ERROR root remotelib error:IC143Panel:14754:{"property": "init", "value": "device does not exist", "qualifier": {"alias": "IC143Panel:14754", "code": "missing device"}}
2026-03-05 15:18:01 ERROR root remotelib error:BreakRmPanel:14610:{"property": "init", "value": "device does not exist", "qualifier": {"alias": "BreakRmPanel:14610", "code": "missing device"}}
2026-03-05 15:18:01 ERROR root remotelib error:HallPanel:14619:{"property": "init", "value": "device does not exist", "qualifier": {"alias": "HallPanel:14619", "code": "missing device"}}
2026-03-05 15:18:01 ERROR root remotelib error:LobbyPanel:14610:{"property": "init", "value": "device does not exist", "qualifier": {"alias": "LobbyPanel:14610", "code": "missing device"}}
2026-03-05 15:18:01 ERROR root remotelib error:BWDPanel:14624:{"property": "init", "value": "device does not exist", "qualifier": {"alias": "BWDPanel:14624", "code": "missing device"}}
2026-03-05 15:18:01 ERROR root remotelib error:IC142Panel:14605:{"property": "init", "value": "device does not exist", "qualifier": {"alias": "IC142Panel:14605", "code": "missing device"}}
2026-03-05 15:18:01 ERROR root remotelib error:BreakRmPanel:14611:{"property": "init", "value": "device does not exist", "qualifier": {"alias": "BreakRmPanel:14611", "code": "missing device"}}
2026-03-05 15:18:01 ERROR root remotelib error:IC144Panel:14622:{"property": "init", "value": "device does not exist", "qualifier": {"alias": "IC144Panel:14622", "code": "missing device"}}
2026-03-05 15:18:01 ERROR root remotelib error:IC143Panel:14755:{"property": "init", "value": "device does not exist", "qualifier": {"alias": "IC143Panel:14755", "code": "missing device"}}
2026-03-05 15:18:01 ERROR root remotelib error:BWDPanel:14751:{"property": "init", "value": "device does not exist", "qualifier": {"alias": "BWDPanel:14751", "code": "missing device"}}
2026-03-05 15:18:01 ERROR root remotelib error:HallPanel:14620:{"property": "init", "value": "device does not exist", "qualifier": {"alias": "HallPanel:14620", "code": "missing device"}}
2026-03-05 15:18:01 ERROR root remotelib error:LobbyPanel:14611:{"property": "init", "value": "device does not exist", "qualifier": {"alias": "LobbyPanel:14611", "code": "missing device"}}
2026-03-05 15:18:01 ERROR root remotelib error:IC142Panel:14606:{"property": "init", "value": "device does not exist", "qualifier": {"alias": "IC142Panel:14606", "code": "missing device"}}
2026-03-05 15:18:01 ERROR root remotelib error:IC144Panel:14623:{"property": "init", "value": "device does not exist", "qualifier": {"alias": "IC144Panel:14623", "code": "missing device"}}
2026-03-05 15:18:01 ERROR root remotelib error:BreakRmPanel:14612:{"property": "init", "value": "device does not exist", "qualifier": {"alias": "BreakRmPanel:14612", "code": "missing device"}}
2026-03-05 15:18:01 ERROR root remotelib error:HallPanel:14621:{"property": "init", "value": "device does not exist", "qualifier": {"alias": "HallPanel:14621", "code": "missing device"}}
2026-03-05 15:18:01 ERROR root remotelib error:IC143Panel:14756:{"property": "init", "value": "device does not exist", "qualifier": {"alias": "IC143Panel:14756", "code": "missing device"}}
2026-03-05 15:18:01 ERROR root remotelib error:BWDPanel:14752:{"property": "init", "value": "device does not exist", "qualifier": {"alias": "BWDPanel:14752", "code": "missing device"}}
2026-03-05 15:18:01 ERROR root remotelib error:LobbyPanel:14612:{"property": "init", "value": "device does not exist", "qualifier": {"alias": "LobbyPanel:14612", "code": "missing device"}}
2026-03-05 15:18:01 ERROR root remotelib error:IC142Panel:14607:{"property": "init", "value": "device does not exist", "qualifier": {"alias": "IC142Panel:14607", "code": "missing device"}}
2026-03-05 15:18:01 ERROR root remotelib error:HallPanel:14622:{"property": "init", "value": "device does not exist", "qualifier": {"alias": "HallPanel:14622", "code": "missing device"}}
2026-03-05 15:18:01 ERROR root remotelib error:IC144Panel:14624:{"property": "init", "value": "device does not exist", "qualifier": {"alias": "IC144Panel:14624", "code": "missing device"}}
2026-03-05 15:18:01 ERROR root remotelib error:LobbyPanel:14613:{"property": "init", "value": "device does not exist", "qualifier": {"alias": "LobbyPanel:14613", "code": "missing device"}}
2026-03-05 15:18:01 ERROR root remotelib error:BreakRmPanel:14613:{"property": "init", "value": "device does not exist", "qualifier": {"alias": "BreakRmPanel:14613", "code": "missing device"}}
2026-03-05 15:18:01 ERROR root remotelib error:BWDPanel:14753:{"property": "init", "value": "device does not exist", "qualifier": {"alias": "BWDPanel:14753", "code": "missing device"}}
2026-03-05 15:18:01 ERROR root remotelib error:IC143Panel:14757:{"property": "init", "value": "device does not exist", "qualifier": {"alias": "IC143Panel:14757", "code": "missing device"}}
2026-03-05 15:18:01 ERROR root remotelib error:LobbyPanel:14614:{"property": "init", "value": "device does not exist", "qualifier": {"alias": "LobbyPanel:14614", "code": "missing device"}}
2026-03-05 15:18:01 ERROR root remotelib error:HallPanel:14623:{"property": "init", "value": "device does not exist", "qualifier": {"alias": "HallPanel:14623", "code": "missing device"}}
2026-03-05 15:18:01 ERROR root remotelib error:BWDPanel:14754:{"property": "init", "value": "device does not exist", "qualifier": {"alias": "BWDPanel:14754", "code": "missing device"}}
2026-03-05 15:18:01 ERROR root remotelib error:IC143Panel:14758:{"property": "init", "value": "device does not exist", "qualifier": {"alias": "IC143Panel:14758", "code": "missing device"}}
2026-03-05 15:18:01 ERROR root remotelib error:BreakRmPanel:14614:{"property": "init", "value": "device does not exist", "qualifier": {"alias": "BreakRmPanel:14614", "code": "missing device"}}
2026-03-05 15:18:01 ERROR root remotelib error:HallPanel:14624:{"property": "init", "value": "device does not exist", "qualifier": {"alias": "HallPanel:14624", "code": "missing device"}}
2026-03-05 15:18:01 ERROR root remotelib error:IC142Panel:14608:{"property": "init", "value": "device does not exist", "qualifier": {"alias": "IC142Panel:14608", "code": "missing device"}}
2026-03-05 15:18:01 ERROR root remotelib error:LobbyPanel:14615:{"property": "init", "value": "device does not exist", "qualifier": {"alias": "LobbyPanel:14615", "code": "missing device"}}
2026-03-05 15:18:01 ERROR root remotelib error:IC144Panel:14751:{"property": "init", "value": "device does not exist", "qualifier": {"alias": "IC144Panel:14751", "code": "missing device"}}
2026-03-05 15:18:01 ERROR root remotelib error:BWDPanel:14755:{"property": "init", "value": "device does not exist", "qualifier": {"alias": "BWDPanel:14755", "code": "missing device"}}
2026-03-05 15:18:01 ERROR root remotelib error:IC142Panel:14609:{"property": "init", "value": "device does not exist", "qualifier": {"alias": "IC142Panel:14609", "code": "missing device"}}
2026-03-05 15:18:01 ERROR root remotelib error:BreakRmPanel:14615:{"property": "init", "value": "device does not exist", "qualifier": {"alias": "BreakRmPanel:14615", "code": "missing device"}}
2026-03-05 15:18:01 ERROR root remotelib error:HallPanel:14751:{"property": "init", "value": "device does not exist", "qualifier": {"alias": "HallPanel:14751", "code": "missing device"}}
2026-03-05 15:18:01 ERROR root remotelib error:IC143Panel:14759:{"property": "init", "value": "device does not exist", "qualifier": {"alias": "IC143Panel:14759", "code": "missing device"}}
2026-03-05 15:18:01 ERROR root remotelib error:LobbyPanel:14616:{"property": "init", "value": "device does not exist", "qualifier": {"alias": "LobbyPanel:14616", "code": "missing device"}}
2026-03-05 15:18:01 ERROR root remotelib error:IC144Panel:14752:{"property": "init", "value": "device does not exist", "qualifier": {"alias": "IC144Panel:14752", "code": "missing device"}}
2026-03-05 15:18:01 ERROR root remotelib error:BWDPanel:14756:{"property": "init", "value": "device does not exist", "qualifier": {"alias": "BWDPanel:14756", "code": "missing device"}}
2026-03-05 15:18:01 ERROR root remotelib error:HallPanel:14752:{"property": "init", "value": "device does not exist", "qualifier": {"alias": "HallPanel:14752", "code": "missing device"}}
2026-03-05 15:18:01 ERROR root remotelib error:IC142Panel:14610:{"property": "init", "value": "device does not exist", "qualifier": {"alias": "IC142Panel:14610", "code": "missing device"}}
2026-03-05 15:18:01 ERROR root remotelib error:IC143Panel:14760:{"property": "init", "value": "device does not exist", "qualifier": {"alias": "IC143Panel:14760", "code": "missing device"}}
2026-03-05 15:18:01 ERROR root remotelib error:BreakRmPanel:14616:{"property": "init", "value": "device does not exist", "qualifier": {"alias": "BreakRmPanel:14616", "code": "missing device"}}
2026-03-05 15:18:01 ERROR root remotelib error:LobbyPanel:14617:{"property": "init", "value": "device does not exist", "qualifier": {"alias": "LobbyPanel:14617", "code": "missing device"}}
2026-03-05 15:18:01 ERROR root remotelib error:IC144Panel:14753:{"property": "init", "value": "device does not exist", "qualifier": {"alias": "IC144Panel:14753", "code": "missing device"}}
2026-03-05 15:18:01 ERROR root remotelib error:IC143Panel:14761:{"property": "init", "value": "device does not exist", "qualifier": {"alias": "IC143Panel:14761", "code": "missing device"}}
2026-03-05 15:18:01 ERROR root remotelib error:BWDPanel:14757:{"property": "init", "value": "device does not exist", "qualifier": {"alias": "BWDPanel:14757", "code": "missing device"}}
2026-03-05 15:18:01 ERROR root remotelib error:BreakRmPanel:14617:{"property": "init", "value": "device does not exist", "qualifier": {"alias": "BreakRmPanel:14617", "code": "missing device"}}
2026-03-05 15:18:01 ERROR root remotelib error:IC142Panel:14611:{"property": "init", "value": "device does not exist", "qualifier": {"alias": "IC142Panel:14611", "code": "missing device"}}
2026-03-05 15:18:01 ERROR root remotelib error:HallPanel:14753:{"property": "init", "value": "device does not exist", "qualifier": {"alias": "HallPanel:14753", "code": "missing device"}}
2026-03-05 15:18:01 ERROR root remotelib error:LobbyPanel:14618:{"property": "init", "value": "device does not exist", "qualifier": {"alias": "LobbyPanel:14618", "code": "missing device"}}
2026-03-05 15:18:01 ERROR root remotelib error:IC144Panel:14754:{"property": "init", "value": "device does not exist", "qualifier": {"alias": "IC144Panel:14754", "code": "missing device"}}
2026-03-05 15:18:01 ERROR root remotelib error:BWDPanel:14758:{"property": "init", "value": "device does not exist", "qualifier": {"alias": "BWDPanel:14758", "code": "missing device"}}
2026-03-05 15:18:01 ERROR root remotelib error:BreakRmPanel:14618:{"property": "init", "value": "device does not exist", "qualifier": {"alias": "BreakRmPanel:14618", "code": "missing device"}}
2026-03-05 15:18:01 ERROR root remotelib error:IC143Panel:14762:{"property": "init", "value": "device does not exist", "qualifier": {"alias": "IC143Panel:14762", "code": "missing device"}}
2026-03-05 15:18:01 ERROR root remotelib error:HallPanel:14754:{"property": "init", "value": "device does not exist", "qualifier": {"alias": "HallPanel:14754", "code": "missing device"}}
2026-03-05 15:18:01 ERROR root remotelib error:IC142Panel:14612:{"property": "init", "value": "device does not exist", "qualifier": {"alias": "IC142Panel:14612", "code": "missing device"}}
2026-03-05 15:18:01 ERROR root remotelib error:BWDPanel:14759:{"property": "init", "value": "device does not exist", "qualifier": {"alias": "BWDPanel:14759", "code": "missing device"}}
2026-03-05 15:18:01 ERROR root remotelib error:IC143Panel:14763:{"property": "init", "value": "device does not exist", "qualifier": {"alias": "IC143Panel:14763", "code": "missing device"}}
2026-03-05 15:18:01 ERROR root remotelib error:IC144Panel:14755:{"property": "init", "value": "device does not exist", "qualifier": {"alias": "IC144Panel:14755", "code": "missing device"}}
2026-03-05 15:18:01 ERROR root remotelib error:IC142Panel:14613:{"property": "init", "value": "device does not exist", "qualifier": {"alias": "IC142Panel:14613", "code": "missing device"}}
2026-03-05 15:18:01 ERROR root remotelib error:LobbyPanel:14619:{"property": "init", "value": "device does not exist", "qualifier": {"alias": "LobbyPanel:14619", "code": "missing device"}}
2026-03-05 15:18:01 ERROR root remotelib error:IC143Panel:14764:{"property": "init", "value": "device does not exist", "qualifier": {"alias": "IC143Panel:14764", "code": "missing device"}}
2026-03-05 15:18:01 ERROR root remotelib error:BWDPanel:14760:{"property": "init", "value": "device does not exist", "qualifier": {"alias": "BWDPanel:14760", "code": "missing device"}}
2026-03-05 15:18:01 ERROR root remotelib error:LobbyPanel:14620:{"property": "init", "value": "device does not exist", "qualifier": {"alias": "LobbyPanel:14620", "code": "missing device"}}
2026-03-05 15:18:01 ERROR root remotelib error:HallPanel:14755:{"property": "init", "value": "device does not exist", "qualifier": {"alias": "HallPanel:14755", "code": "missing device"}}
2026-03-05 15:18:01 ERROR root remotelib error:IC144Panel:14756:{"property": "init", "value": "device does not exist", "qualifier": {"alias": "IC144Panel:14756", "code": "missing device"}}
2026-03-05 15:18:01 ERROR root remotelib error:IC143Panel:14765:{"property": "init", "value": "device does not exist", "qualifier": {"alias": "IC143Panel:14765", "code": "missing device"}}
2026-03-05 15:18:01 ERROR root remotelib error:IC142Panel:14614:{"property": "init", "value": "device does not exist", "qualifier": {"alias": "IC142Panel:14614", "code": "missing device"}}
2026-03-05 15:18:01 ERROR root remotelib error:BreakRmPanel:14619:{"property": "init", "value": "device does not exist", "qualifier": {"alias": "BreakRmPanel:14619", "code": "missing device"}}
2026-03-05 15:18:01 ERROR root remotelib error:LobbyPanel:14621:{"property": "init", "value": "device does not exist", "qualifier": {"alias": "LobbyPanel:14621", "code": "missing device"}}
2026-03-05 15:18:01 ERROR root remotelib error:BWDPanel:14761:{"property": "init", "value": "device does not exist", "qualifier": {"alias": "BWDPanel:14761", "code": "missing device"}}
2026-03-05 15:18:01 ERROR root remotelib error:HallPanel:14756:{"property": "init", "value": "device does not exist", "qualifier": {"alias": "HallPanel:14756", "code": "missing device"}}
2026-03-05 15:18:01 ERROR root remotelib error:BreakRmPanel:14620:{"property": "init", "value": "device does not exist", "qualifier": {"alias": "BreakRmPanel:14620", "code": "missing device"}}
2026-03-05 15:18:01 ERROR root remotelib error:IC144Panel:14757:{"property": "init", "value": "device does not exist", "qualifier": {"alias": "IC144Panel:14757", "code": "missing device"}}
2026-03-05 15:18:01 ERROR root remotelib error:IC142Panel:14615:{"property": "init", "value": "device does not exist", "qualifier": {"alias": "IC142Panel:14615", "code": "missing device"}}
2026-03-05 15:18:01 INFO root Device 21-0 VTLP sync handling began
2026-03-05 15:18:01 ERROR root remotelib error:IC143Panel:14766:{"property": "init", "value": "device does not exist", "qualifier": {"alias": "IC143Panel:14766", "code": "missing device"}}
2026-03-05 15:18:01 ERROR root remotelib error:IC144Panel:14758:{"property": "init", "value": "device does not exist", "qualifier": {"alias": "IC144Panel:14758", "code": "missing device"}}
2026-03-05 15:18:01 ERROR root remotelib error:BWDPanel:14762:{"property": "init", "value": "device does not exist", "qualifier": {"alias": "BWDPanel:14762", "code": "missing device"}}
2026-03-05 15:18:01 ERROR root remotelib error:HallPanel:14757:{"property": "init", "value": "device does not exist", "qualifier": {"alias": "HallPanel:14757", "code": "missing device"}}
2026-03-05 15:18:01 ERROR root remotelib error:BreakRmPanel:14621:{"property": "init", "value": "device does not exist", "qualifier": {"alias": "BreakRmPanel:14621", "code": "missing device"}}
2026-03-05 15:18:01 ERROR root remotelib error:LobbyPanel:14622:{"property": "init", "value": "device does not exist", "qualifier": {"alias": "LobbyPanel:14622", "code": "missing device"}}
2026-03-05 15:18:01 INFO root Device 19-0 VTLP sync handling began
2026-03-05 15:18:01 ERROR root remotelib error:IC142Panel:14616:{"property": "init", "value": "device does not exist", "qualifier": {"alias": "IC142Panel:14616", "code": "missing device"}}
2026-03-05 15:18:01 ERROR root remotelib error:HallPanel:14758:{"property": "init", "value": "device does not exist", "qualifier": {"alias": "HallPanel:14758", "code": "missing device"}}
2026-03-05 15:18:01 ERROR root remotelib error:LobbyPanel:14623:{"property": "init", "value": "device does not exist", "qualifier": {"alias": "LobbyPanel:14623", "code": "missing device"}}
2026-03-05 15:18:01 ERROR root remotelib error:IC143Panel:14767:{"property": "init", "value": "device does not exist", "qualifier": {"alias": "IC143Panel:14767", "code": "missing device"}}
2026-03-05 15:18:01 ERROR root remotelib error:BWDPanel:14763:{"property": "init", "value": "device does not exist", "qualifier": {"alias": "BWDPanel:14763", "code": "missing device"}}
2026-03-05 15:18:01 ERROR root remotelib error:BreakRmPanel:14622:{"property": "init", "value": "device does not exist", "qualifier": {"alias": "BreakRmPanel:14622", "code": "missing device"}}
2026-03-05 15:18:01 ERROR root remotelib error:IC144Panel:14759:{"property": "init", "value": "device does not exist", "qualifier": {"alias": "IC144Panel:14759", "code": "missing device"}}
2026-03-05 15:18:01 ERROR root remotelib error:IC142Panel:14617:{"property": "init", "value": "device does not exist", "qualifier": {"alias": "IC142Panel:14617", "code": "missing device"}}
2026-03-05 15:18:02 ERROR root remotelib error:BWDPanel:14764:{"property": "init", "value": "device does not exist", "qualifier": {"alias": "BWDPanel:14764", "code": "missing device"}}
2026-03-05 15:18:02 ERROR root remotelib error:HallPanel:14759:{"property": "init", "value": "device does not exist", "qualifier": {"alias": "HallPanel:14759", "code": "missing device"}}
2026-03-05 15:18:02 ERROR root remotelib error:LobbyPanel:14624:{"property": "init", "value": "device does not exist", "qualifier": {"alias": "LobbyPanel:14624", "code": "missing device"}}
2026-03-05 15:18:02 ERROR root remotelib error:IC143Panel:14768:{"property": "init", "value": "device does not exist", "qualifier": {"alias": "IC143Panel:14768", "code": "missing device"}}
2026-03-05 15:18:02 ERROR root remotelib error:HallPanel:14760:{"property": "init", "value": "device does not exist", "qualifier": {"alias": "HallPanel:14760", "code": "missing device"}}
2026-03-05 15:18:02 ERROR root remotelib error:IC142Panel:14618:{"property": "init", "value": "device does not exist", "qualifier": {"alias": "IC142Panel:14618", "code": "missing device"}}
2026-03-05 15:18:02 ERROR root remotelib error:IC144Panel:14760:{"property": "init", "value": "device does not exist", "qualifier": {"alias": "IC144Panel:14760", "code": "missing device"}}
2026-03-05 15:18:02 ERROR root remotelib error:BWDPanel:14765:{"property": "init", "value": "device does not exist", "qualifier": {"alias": "BWDPanel:14765", "code": "missing device"}}
2026-03-05 15:18:02 ERROR root remotelib error:LobbyPanel:14751:{"property": "init", "value": "device does not exist", "qualifier": {"alias": "LobbyPanel:14751", "code": "missing device"}}
2026-03-05 15:18:02 ERROR root remotelib error:IC143Panel:14769:{"property": "init", "value": "device does not exist", "qualifier": {"alias": "IC143Panel:14769", "code": "missing device"}}
2026-03-05 15:18:02 ERROR root remotelib error:BreakRmPanel:14623:{"property": "init", "value": "device does not exist", "qualifier": {"alias": "BreakRmPanel:14623", "code": "missing device"}}
2026-03-05 15:18:02 ERROR root remotelib error:HallPanel:14761:{"property": "init", "value": "device does not exist", "qualifier": {"alias": "HallPanel:14761", "code": "missing device"}}
2026-03-05 15:18:02 ERROR root remotelib error:BWDPanel:14766:{"property": "init", "value": "device does not exist", "qualifier": {"alias": "BWDPanel:14766", "code": "missing device"}}
2026-03-05 15:18:02 ERROR root remotelib error:IC142Panel:14619:{"property": "init", "value": "device does not exist", "qualifier": {"alias": "IC142Panel:14619", "code": "missing device"}}
2026-03-05 15:18:02 ERROR root remotelib error:BreakRmPanel:14624:{"property": "init", "value": "device does not exist", "qualifier": {"alias": "BreakRmPanel:14624", "code": "missing device"}}
2026-03-05 15:18:02 ERROR root remotelib error:IC144Panel:14761:{"property": "init", "value": "device does not exist", "qualifier": {"alias": "IC144Panel:14761", "code": "missing device"}}
2026-03-05 15:18:02 ERROR root remotelib error:LobbyPanel:14752:{"property": "init", "value": "device does not exist", "qualifier": {"alias": "LobbyPanel:14752", "code": "missing device"}}
2026-03-05 15:18:02 ERROR root remotelib error:IC143Panel:14770:{"property": "init", "value": "device does not exist", "qualifier": {"alias": "IC143Panel:14770", "code": "missing device"}}
2026-03-05 15:18:02 ERROR root remotelib error:HallPanel:14762:{"property": "init", "value": "device does not exist", "qualifier": {"alias": "HallPanel:14762", "code": "missing device"}}
2026-03-05 15:18:02 ERROR root remotelib error:HallPanel:14763:{"property": "init", "value": "device does not exist", "qualifier": {"alias": "HallPanel:14763", "code": "missing device"}}
2026-03-05 15:18:02 ERROR root remotelib error:IC142Panel:14620:{"property": "init", "value": "device does not exist", "qualifier": {"alias": "IC142Panel:14620", "code": "missing device"}}
2026-03-05 15:18:02 ERROR root remotelib error:BreakRmPanel:14751:{"property": "init", "value": "device does not exist", "qualifier": {"alias": "BreakRmPanel:14751", "code": "missing device"}}
2026-03-05 15:18:02 ERROR root remotelib error:BWDPanel:14767:{"property": "init", "value": "device does not exist", "qualifier": {"alias": "BWDPanel:14767", "code": "missing device"}}
2026-03-05 15:18:02 ERROR root remotelib error:LobbyPanel:14753:{"property": "init", "value": "device does not exist", "qualifier": {"alias": "LobbyPanel:14753", "code": "missing device"}}
2026-03-05 15:18:02 ERROR root remotelib error:IC143Panel:14771:{"property": "init", "value": "device does not exist", "qualifier": {"alias": "IC143Panel:14771", "code": "missing device"}}
2026-03-05 15:18:02 ERROR root remotelib error:IC144Panel:14762:{"property": "init", "value": "device does not exist", "qualifier": {"alias": "IC144Panel:14762", "code": "missing device"}}
2026-03-05 15:18:02 ERROR root remotelib error:BWDPanel:14768:{"property": "init", "value": "device does not exist", "qualifier": {"alias": "BWDPanel:14768", "code": "missing device"}}
2026-03-05 15:18:02 ERROR root remotelib error:LobbyPanel:14754:{"property": "init", "value": "device does not exist", "qualifier": {"alias": "LobbyPanel:14754", "code": "missing device"}}
2026-03-05 15:18:02 ERROR root remotelib error:IC143Panel:14772:{"property": "init", "value": "device does not exist", "qualifier": {"alias": "IC143Panel:14772", "code": "missing device"}}
2026-03-05 15:18:02 ERROR root remotelib error:IC144Panel:14763:{"property": "init", "value": "device does not exist", "qualifier": {"alias": "IC144Panel:14763", "code": "missing device"}}
2026-03-05 15:18:02 ERROR root remotelib error:IC142Panel:14621:{"property": "init", "value": "device does not exist", "qualifier": {"alias": "IC142Panel:14621", "code": "missing device"}}
2026-03-05 15:18:02 ERROR root remotelib error:IC143Panel:14773:{"property": "init", "value": "device does not exist", "qualifier": {"alias": "IC143Panel:14773", "code": "missing device"}}
2026-03-05 15:18:02 ERROR root remotelib error:BreakRmPanel:14752:{"property": "init", "value": "device does not exist", "qualifier": {"alias": "BreakRmPanel:14752", "code": "missing device"}}
2026-03-05 15:18:02 ERROR root remotelib error:IC144Panel:14764:{"property": "init", "value": "device does not exist", "qualifier": {"alias": "IC144Panel:14764", "code": "missing device"}}
2026-03-05 15:18:02 ERROR root remotelib error:IC142Panel:14622:{"property": "init", "value": "device does not exist", "qualifier": {"alias": "IC142Panel:14622", "code": "missing device"}}
2026-03-05 15:18:02 ERROR root remotelib error:BreakRmPanel:14753:{"property": "init", "value": "device does not exist", "qualifier": {"alias": "BreakRmPanel:14753", "code": "missing device"}}
2026-03-05 15:18:02 ERROR root remotelib error:BWDPanel:14769:{"property": "init", "value": "device does not exist", "qualifier": {"alias": "BWDPanel:14769", "code": "missing device"}}
2026-03-05 15:18:02 ERROR root remotelib error:IC144Panel:14765:{"property": "init", "value": "device does not exist", "qualifier": {"alias": "IC144Panel:14765", "code": "missing device"}}
2026-03-05 15:18:02 ERROR root remotelib error:HallPanel:14764:{"property": "init", "value": "device does not exist", "qualifier": {"alias": "HallPanel:14764", "code": "missing device"}}
2026-03-05 15:18:02 ERROR root remotelib error:IC143Panel:14774:{"property": "init", "value": "device does not exist", "qualifier": {"alias": "IC143Panel:14774", "code": "missing device"}}
2026-03-05 15:18:02 ERROR root remotelib error:BWDPanel:14770:{"property": "init", "value": "device does not exist", "qualifier": {"alias": "BWDPanel:14770", "code": "missing device"}}
2026-03-05 15:18:02 ERROR root remotelib error:IC142Panel:14623:{"property": "init", "value": "device does not exist", "qualifier": {"alias": "IC142Panel:14623", "code": "missing device"}}
2026-03-05 15:18:02 ERROR root remotelib error:LobbyPanel:14755:{"property": "init", "value": "device does not exist", "qualifier": {"alias": "LobbyPanel:14755", "code": "missing device"}}
2026-03-05 15:18:02 ERROR root remotelib error:BreakRmPanel:14754:{"property": "init", "value": "device does not exist", "qualifier": {"alias": "BreakRmPanel:14754", "code": "missing device"}}
2026-03-05 15:18:02 ERROR root remotelib error:IC144Panel:14766:{"property": "init", "value": "device does not exist", "qualifier": {"alias": "IC144Panel:14766", "code": "missing device"}}
2026-03-05 15:18:02 ERROR root remotelib error:HallPanel:14765:{"property": "init", "value": "device does not exist", "qualifier": {"alias": "HallPanel:14765", "code": "missing device"}}
2026-03-05 15:18:02 ERROR root remotelib error:IC143Panel:14775:{"property": "init", "value": "device does not exist", "qualifier": {"alias": "IC143Panel:14775", "code": "missing device"}}
2026-03-05 15:18:02 ERROR root remotelib error:LobbyPanel:14756:{"property": "init", "value": "device does not exist", "qualifier": {"alias": "LobbyPanel:14756", "code": "missing device"}}
2026-03-05 15:18:02 ERROR root remotelib error:BreakRmPanel:14755:{"property": "init", "value": "device does not exist", "qualifier": {"alias": "BreakRmPanel:14755", "code": "missing device"}}
2026-03-05 15:18:02 ERROR root remotelib error:IC142Panel:14624:{"property": "init", "value": "device does not exist", "qualifier": {"alias": "IC142Panel:14624", "code": "missing device"}}
2026-03-05 15:18:02 INFO root Device 16-0 VTLP sync handling began
2026-03-05 15:18:02 ERROR root remotelib error:IC144Panel:14767:{"property": "init", "value": "device does not exist", "qualifier": {"alias": "IC144Panel:14767", "code": "missing device"}}
2026-03-05 15:18:02 ERROR root remotelib error:BWDPanel:14771:{"property": "init", "value": "device does not exist", "qualifier": {"alias": "BWDPanel:14771", "code": "missing device"}}
2026-03-05 15:18:02 ERROR root remotelib error:IC143Panel:14776:{"property": "init", "value": "device does not exist", "qualifier": {"alias": "IC143Panel:14776", "code": "missing device"}}
2026-03-05 15:18:02 ERROR root remotelib error:HallPanel:14766:{"property": "init", "value": "device does not exist", "qualifier": {"alias": "HallPanel:14766", "code": "missing device"}}
2026-03-05 15:18:02 ERROR root remotelib error:LobbyPanel:14757:{"property": "init", "value": "device does not exist", "qualifier": {"alias": "LobbyPanel:14757", "code": "missing device"}}
2026-03-05 15:18:02 ERROR root remotelib error:IC142Panel:14751:{"property": "init", "value": "device does not exist", "qualifier": {"alias": "IC142Panel:14751", "code": "missing device"}}
2026-03-05 15:18:02 ERROR root remotelib error:BreakRmPanel:14756:{"property": "init", "value": "device does not exist", "qualifier": {"alias": "BreakRmPanel:14756", "code": "missing device"}}
2026-03-05 15:18:02 ERROR root remotelib error:BWDPanel:14772:{"property": "init", "value": "device does not exist", "qualifier": {"alias": "BWDPanel:14772", "code": "missing device"}}
2026-03-05 15:18:02 ERROR root remotelib error:IC144Panel:14768:{"property": "init", "value": "device does not exist", "qualifier": {"alias": "IC144Panel:14768", "code": "missing device"}}
2026-03-05 15:18:02 ERROR root remotelib error:HallPanel:14767:{"property": "init", "value": "device does not exist", "qualifier": {"alias": "HallPanel:14767", "code": "missing device"}}
2026-03-05 15:18:02 ERROR root remotelib error:BreakRmPanel:14757:{"property": "init", "value": "device does not exist", "qualifier": {"alias": "BreakRmPanel:14757", "code": "missing device"}}
2026-03-05 15:18:02 ERROR root remotelib error:HallPanel:14768:{"property": "init", "value": "device does not exist", "qualifier": {"alias": "HallPanel:14768", "code": "missing device"}}
2026-03-05 15:18:02 ERROR root remotelib error:LobbyPanel:14758:{"property": "init", "value": "device does not exist", "qualifier": {"alias": "LobbyPanel:14758", "code": "missing device"}}
2026-03-05 15:18:02 ERROR root remotelib error:IC144Panel:14769:{"property": "init", "value": "device does not exist", "qualifier": {"alias": "IC144Panel:14769", "code": "missing device"}}
2026-03-05 15:18:02 ERROR root remotelib error:IC142Panel:14752:{"property": "init", "value": "device does not exist", "qualifier": {"alias": "IC142Panel:14752", "code": "missing device"}}
2026-03-05 15:18:02 ERROR root remotelib error:BWDPanel:14773:{"property": "init", "value": "device does not exist", "qualifier": {"alias": "BWDPanel:14773", "code": "missing device"}}
2026-03-05 15:18:02 ERROR root remotelib error:BreakRmPanel:14758:{"property": "init", "value": "device does not exist", "qualifier": {"alias": "BreakRmPanel:14758", "code": "missing device"}}
2026-03-05 15:18:02 ERROR root remotelib error:IC142Panel:14753:{"property": "init", "value": "device does not exist", "qualifier": {"alias": "IC142Panel:14753", "code": "missing device"}}
2026-03-05 15:18:02 ERROR root remotelib error:LobbyPanel:14759:{"property": "init", "value": "device does not exist", "qualifier": {"alias": "LobbyPanel:14759", "code": "missing device"}}
2026-03-05 15:18:02 ERROR root remotelib error:IC143Panel:14777:{"property": "init", "value": "device does not exist", "qualifier": {"alias": "IC143Panel:14777", "code": "missing device"}}
2026-03-05 15:18:02 ERROR root remotelib error:BWDPanel:14774:{"property": "init", "value": "device does not exist", "qualifier": {"alias": "BWDPanel:14774", "code": "missing device"}}
2026-03-05 15:18:02 ERROR root remotelib error:LobbyPanel:14760:{"property": "init", "value": "device does not exist", "qualifier": {"alias": "LobbyPanel:14760", "code": "missing device"}}
2026-03-05 15:18:02 ERROR root remotelib error:HallPanel:14769:{"property": "init", "value": "device does not exist", "qualifier": {"alias": "HallPanel:14769", "code": "missing device"}}
2026-03-05 15:18:02 ERROR root remotelib error:IC142Panel:14754:{"property": "init", "value": "device does not exist", "qualifier": {"alias": "IC142Panel:14754", "code": "missing device"}}
2026-03-05 15:18:02 ERROR root remotelib error:BreakRmPanel:14759:{"property": "init", "value": "device does not exist", "qualifier": {"alias": "BreakRmPanel:14759", "code": "missing device"}}
2026-03-05 15:18:02 ERROR root remotelib error:BWDPanel:14777:{"property": "init", "value": "device does not exist", "qualifier": {"alias": "BWDPanel:14777", "code": "missing device"}}
2026-03-05 15:18:02 ERROR root remotelib error:IC144Panel:14770:{"property": "init", "value": "device does not exist", "qualifier": {"alias": "IC144Panel:14770", "code": "missing device"}}
2026-03-05 15:18:02 ERROR root remotelib error:LobbyPanel:14763:{"property": "init", "value": "device does not exist", "qualifier": {"alias": "LobbyPanel:14763", "code": "missing device"}}
2026-03-05 15:18:02 ERROR root remotelib error:IC142Panel:14757:{"property": "init", "value": "device does not exist", "qualifier": {"alias": "IC142Panel:14757", "code": "missing device"}}
2026-03-05 15:18:02 ERROR root remotelib error:BreakRmPanel:14762:{"property": "init", "value": "device does not exist", "qualifier": {"alias": "BreakRmPanel:14762", "code": "missing device"}}
2026-03-05 15:18:02 ERROR root remotelib error:BWDPanel:14778:{"property": "init", "value": "device does not exist", "qualifier": {"alias": "BWDPanel:14778", "code": "missing device"}}
2026-03-05 15:18:02 ERROR root remotelib error:HallPanel:14772:{"property": "init", "value": "device does not exist", "qualifier": {"alias": "HallPanel:14772", "code": "missing device"}}
2026-03-05 15:18:02 ERROR root remotelib error:IC143Panel:14782:{"property": "init", "value": "device does not exist", "qualifier": {"alias": "IC143Panel:14782", "code": "missing device"}}
2026-03-05 15:18:02 ERROR root remotelib error:IC144Panel:14773:{"property": "init", "value": "device does not exist", "qualifier": {"alias": "IC144Panel:14773", "code": "missing device"}}
2026-03-05 15:18:02 ERROR root remotelib error:IC142Panel:14758:{"property": "init", "value": "device does not exist", "qualifier": {"alias": "IC142Panel:14758", "code": "missing device"}}
2026-03-05 15:18:02 ERROR root remotelib error:BreakRmPanel:14763:{"property": "init", "value": "device does not exist", "qualifier": {"alias": "BreakRmPanel:14763", "code": "missing device"}}
2026-03-05 15:18:02 ERROR root remotelib error:LobbyPanel:14764:{"property": "init", "value": "device does not exist", "qualifier": {"alias": "LobbyPanel:14764", "code": "missing device"}}
2026-03-05 15:18:02 ERROR root remotelib error:IC142Panel:14777:{"property": "init", "value": "device does not exist", "qualifier": {"alias": "IC142Panel:14777", "code": "missing device"}}
2026-03-05 15:18:02 ERROR root remotelib error:IC144Panel:14774:{"property": "init", "value": "device does not exist", "qualifier": {"alias": "IC144Panel:14774", "code": "missing device"}}
2026-03-05 15:18:02 ERROR root remotelib error:IC144Panel:15101:{"property": "init", "value": "device does not exist", "qualifier": {"alias": "IC144Panel:15101", "code": "missing device"}}
2026-03-05 15:18:02 ERROR root can't start new thread
2026-03-05 15:18:02 ERROR root remotelib error:HallPanel:14773:{"property": "init", "value": "device does not exist", "qualifier": {"alias": "HallPanel:14773", "code": "missing device"}}
2026-03-05 15:18:02 INFO root Device 21-0 VTLP sync handling ended
2026-03-05 15:18:02 INFO root Device 19-0 VTLP sync handling ended
2026-03-05 15:18:03 INFO root Device 16-0 VTLP sync handling ended
2026-03-05 15:18:03 ERROR root Invalid Parameter in Button: Invalid ID=173
2026-03-05 15:18:03 ERROR root remotelib error:IC143Panel:4904:{"property": "init", "value": "device does not exist", "qualifier": {"alias": "IC143Panel:4904", "code": "missing device"}}
2026-03-05 15:18:03 ERROR root remotelib error:BreakRmPanel:14782:{"property": "init", "value": "device does not exist", "qualifier": {"alias": "BreakRmPanel:14782", "code": "missing device"}}
2026-03-05 15:18:03 INFO root Device 21-0 VTLP sync handling began
2026-03-05 15:18:03 INFO root Device 16-0 VTLP sync handling began
2026-03-05 15:18:03 ERROR root remotelib error:HallPanel:15101:{"property": "init", "value": "device does not exist", "qualifier": {"alias": "HallPanel:15101", "code": "missing device"}}
2026-03-05 15:18:03 ERROR root remotelib error:LobbyPanel:4851:{"property": "init", "value": "device does not exist", "qualifier": {"alias": "LobbyPanel:4851", "code": "missing device"}}
2026-03-05 15:18:03 ERROR root remotelib error:IC142Panel:14778:{"property": "init", "value": "device does not exist", "qualifier": {"alias": "IC142Panel:14778", "code": "missing device"}}
2026-03-05 15:18:03 ERROR root remotelib error:IC144Panel:14602:{"property": "init", "value": "device does not exist", "qualifier": {"alias": "IC144Panel:14602", "code": "missing device"}}
2026-03-05 15:18:03 ERROR root remotelib error:BWDPanel:4603:{"property": "init", "value": "device does not exist", "qualifier": {"alias": "BWDPanel:4603", "code": "missing device"}}
2026-03-05 15:18:03 ERROR root remotelib error:BWDPanel:15102:{"property": "init", "value": "device does not exist", "qualifier": {"alias": "BWDPanel:15102", "code": "missing device"}}
2026-03-05 15:18:03 ERROR root remotelib error:IC143Panel:4604:{"property": "init", "value": "device does not exist", "qualifier": {"alias": "IC143Panel:4604", "code": "missing device"}}
2026-03-05 15:18:03 ERROR root remotelib error:BreakRmPanel:4850:{"property": "init", "value": "device does not exist", "qualifier": {"alias": "BreakRmPanel:4850", "code": "missing device"}}
2026-03-05 15:18:03 ERROR root remotelib error:LobbyPanel:4901:{"property": "init", "value": "device does not exist", "qualifier": {"alias": "LobbyPanel:4901", "code": "missing device"}}
2026-03-05 15:18:03 ERROR root remotelib error:HallPanel:14602:{"property": "init", "value": "device does not exist", "qualifier": {"alias": "HallPanel:14602", "code": "missing device"}}
2026-03-05 15:18:03 INFO root Device 21-0 VTLP sync handling ended
2026-03-05 15:18:03 INFO root Device 16-0 VTLP sync handling ended
2026-03-05 15:18:03 ERROR root remotelib error:IC142Panel:14779:{"property": "init", "value": "device does not exist", "qualifier": {"alias": "IC142Panel:14779", "code": "missing device"}}
2026-03-05 15:18:03 ERROR root remotelib error:BWDPanel:4908:{"property": "init", "value": "device does not exist", "qualifier": {"alias": "BWDPanel:4908", "code": "missing device"}}
2026-03-05 15:18:03 ERROR root remotelib error:IC143Panel:4910:{"property": "init", "value": "device does not exist", "qualifier": {"alias": "IC143Panel:4910", "code": "missing device"}}
2026-03-05 15:18:03 ERROR root remotelib error:IC144Panel:4757:{"property": "init", "value": "device does not exist", "qualifier": {"alias": "IC144Panel:4757", "code": "missing device"}}
2026-03-05 15:18:03 ERROR root remotelib error:BreakRmPanel:4755:{"property": "init", "value": "device does not exist", "qualifier": {"alias": "BreakRmPanel:4755", "code": "missing device"}}
2026-03-05 15:18:03 ERROR root remotelib error:LobbyPanel:4857:{"property": "init", "value": "device does not exist", "qualifier": {"alias": "LobbyPanel:4857", "code": "missing device"}}
2026-03-05 15:18:03 ERROR root remotelib error:IC142Panel:4755:{"property": "init", "value": "device does not exist", "qualifier": {"alias": "IC142Panel:4755", "code": "missing device"}}
2026-03-05 15:18:03 ERROR root remotelib error:IC144Panel:4858:{"property": "init", "value": "device does not exist", "qualifier": {"alias": "IC144Panel:4858", "code": "missing device"}}
2026-03-05 15:18:03 ERROR root remotelib error:IC143Panel:4610:{"property": "init", "value": "device does not exist", "qualifier": {"alias": "IC143Panel:4610", "code": "missing device"}}
2026-03-05 15:18:03 ERROR root remotelib error:HallPanel:4757:{"property": "init", "value": "device does not exist", "qualifier": {"alias": "HallPanel:4757", "code": "missing device"}}
2026-03-05 15:18:03 ERROR root remotelib error:IC144Panel:4908:{"property": "init", "value": "device does not exist", "qualifier": {"alias": "IC144Panel:4908", "code": "missing device"}}
2026-03-05 15:18:03 ERROR root remotelib error:IC142Panel:4856:{"property": "init", "value": "device does not exist", "qualifier": {"alias": "IC142Panel:4856", "code": "missing device"}}
2026-03-05 15:18:03 ERROR root remotelib error:BWDPanel:4608:{"property": "init", "value": "device does not exist", "qualifier": {"alias": "BWDPanel:4608", "code": "missing device"}}
2026-03-05 15:18:03 ERROR root remotelib error:LobbyPanel:4907:{"property": "init", "value": "device does not exist", "qualifier": {"alias": "LobbyPanel:4907", "code": "missing device"}}
2026-03-05 15:18:03 ERROR root remotelib error:BreakRmPanel:4856:{"property": "init", "value": "device does not exist", "qualifier": {"alias": "BreakRmPanel:4856", "code": "missing device"}}
2026-03-05 15:18:03 ERROR root remotelib error:LobbyPanel:4762:{"property": "init", "value": "device does not exist", "qualifier": {"alias": "LobbyPanel:4762", "code": "missing device"}}
2026-03-05 15:18:03 ERROR root remotelib error:IC143Panel:4916:{"property": "init", "value": "device does not exist", "qualifier": {"alias": "IC143Panel:4916", "code": "missing device"}}
2026-03-05 15:18:03 ERROR root remotelib error:IC142Panel:4761:{"property": "init", "value": "device does not exist", "qualifier": {"alias": "IC142Panel:4761", "code": "missing device"}}
2026-03-05 15:18:03 ERROR root remotelib error:HallPanel:15112:{"property": "init", "value": "device does not exist", "qualifier": {"alias": "HallPanel:15112", "code": "missing device"}}
2026-03-05 15:18:03 ERROR root remotelib error:BreakRmPanel:4761:{"property": "init", "value": "device does not exist", "qualifier": {"alias": "BreakRmPanel:4761", "code": "missing device"}}
2026-03-05 15:18:03 ERROR root remotelib error:IC143Panel:4616:{"property": "init", "value": "device does not exist", "qualifier": {"alias": "IC143Panel:4616", "code": "missing device"}}
2026-03-05 15:18:03 ERROR root remotelib error:IC142Panel:4862:{"property": "init", "value": "device does not exist", "qualifier": {"alias": "IC142Panel:4862", "code": "missing device"}}
2026-03-05 15:18:03 ERROR root remotelib error:LobbyPanel:4863:{"property": "init", "value": "device does not exist", "qualifier": {"alias": "LobbyPanel:4863", "code": "missing device"}}
2026-03-05 15:18:03 ERROR root remotelib error:BreakRmPanel:4862:{"property": "init", "value": "device does not exist", "qualifier": {"alias": "BreakRmPanel:4862", "code": "missing device"}}
2026-03-05 15:18:03 INFO root Device 21-0 VTLP sync handling began
2026-03-05 15:18:03 ERROR root remotelib error:IC142Panel:4912:{"property": "init", "value": "device does not exist", "qualifier": {"alias": "IC142Panel:4912", "code": "missing device"}}
2026-03-05 15:18:03 ERROR root remotelib error:BWDPanel:4763:{"property": "init", "value": "device does not exist", "qualifier": {"alias": "BWDPanel:4763", "code": "missing device"}}
2026-03-05 15:18:03 ERROR root remotelib error:LobbyPanel:4913:{"property": "init", "value": "device does not exist", "qualifier": {"alias": "LobbyPanel:4913", "code": "missing device"}}
2026-03-05 15:18:03 ERROR root remotelib error:BreakRmPanel:4912:{"property": "init", "value": "device does not exist", "qualifier": {"alias": "BreakRmPanel:4912", "code": "missing device"}}
2026-03-05 15:18:03 ERROR root remotelib error:IC144Panel:14613:{"property": "init", "value": "device does not exist", "qualifier": {"alias": "IC144Panel:14613", "code": "missing device"}}
2026-03-05 15:18:03 ERROR root remotelib error:IC144Panel:15115:{"property": "init", "value": "device does not exist", "qualifier": {"alias": "IC144Panel:15115", "code": "missing device"}}
2026-03-05 15:18:03 ERROR root remotelib error:BreakRmPanel:4915:{"property": "init", "value": "device does not exist", "qualifier": {"alias": "BreakRmPanel:4915", "code": "missing device"}}
2026-03-05 15:18:03 ERROR root remotelib error:IC142Panel:14614:{"property": "init", "value": "device does not exist", "qualifier": {"alias": "IC142Panel:14614", "code": "missing device"}}
2026-03-05 15:18:03 ERROR root remotelib error:BWDPanel:4616:{"property": "init", "value": "device does not exist", "qualifier": {"alias": "BWDPanel:4616", "code": "missing device"}}
2026-03-05 15:18:03 ERROR root remotelib error:LobbyPanel:4765:{"property": "init", "value": "device does not exist", "qualifier": {"alias": "LobbyPanel:4765", "code": "missing device"}}
2026-03-05 15:18:03 ERROR root remotelib error:BWDPanel:15115:{"property": "init", "value": "device does not exist", "qualifier": {"alias": "BWDPanel:15115", "code": "missing device"}}
2026-03-05 15:18:03 ERROR root remotelib error:IC143Panel:4869:{"property": "init", "value": "device does not exist", "qualifier": {"alias": "IC143Panel:4869", "code": "missing device"}}
2026-03-05 15:18:03 ERROR root remotelib error:IC143Panel:4919:{"property": "init", "value": "device does not exist", "qualifier": {"alias": "IC143Panel:4919", "code": "missing device"}}
2026-03-05 15:18:03 ERROR root remotelib error:LobbyPanel:4866:{"property": "init", "value": "device does not exist", "qualifier": {"alias": "LobbyPanel:4866", "code": "missing device"}}
2026-03-05 15:18:03 ERROR root remotelib error:BreakRmPanel:4615:{"property": "init", "value": "device does not exist", "qualifier": {"alias": "BreakRmPanel:4615", "code": "missing device"}}
2026-03-05 15:18:03 ERROR root remotelib error:HallPanel:4916:{"property": "init", "value": "device does not exist", "qualifier": {"alias": "HallPanel:4916", "code": "missing device"}}
2026-03-05 15:18:03 ERROR root remotelib error:BWDPanel:14616:{"property": "init", "value": "device does not exist", "qualifier": {"alias": "BWDPanel:14616", "code": "missing device"}}
2026-03-05 15:18:03 ERROR root remotelib error:IC142Panel:4764:{"property": "init", "value": "device does not exist", "qualifier": {"alias": "IC142Panel:4764", "code": "missing device"}}
2026-03-05 15:18:03 ERROR root remotelib error:IC144Panel:14616:{"property": "init", "value": "device does not exist", "qualifier": {"alias": "IC144Panel:14616", "code": "missing device"}}
2026-03-05 15:18:03 ERROR root remotelib error:HallPanel:4616:{"property": "init", "value": "device does not exist", "qualifier": {"alias": "HallPanel:4616", "code": "missing device"}}
2026-03-05 15:18:03 ERROR root remotelib error:BreakRmPanel:15114:{"property": "init", "value": "device does not exist", "qualifier": {"alias": "BreakRmPanel:15114", "code": "missing device"}}
2026-03-05 15:18:03 ERROR root remotelib error:BreakRmPanel:4771:{"property": "init", "value": "device does not exist", "qualifier": {"alias": "BreakRmPanel:4771", "code": "missing device"}}
2026-03-05 15:18:03 ERROR root remotelib error:IC142Panel:4872:{"property": "init", "value": "device does not exist", "qualifier": {"alias": "IC142Panel:4872", "code": "missing device"}}
2026-03-05 15:18:03 ERROR root remotelib error:BWDPanel:14624:{"property": "init", "value": "device does not exist", "qualifier": {"alias": "BWDPanel:14624", "code": "missing device"}}
2026-03-05 15:18:03 ERROR root remotelib error:IC144Panel:4923:{"property": "init", "value": "device does not exist", "qualifier": {"alias": "IC144Panel:4923", "code": "missing device"}}
2026-03-05 15:18:03 ERROR root remotelib error:HallPanel:4873:{"property": "init", "value": "device does not exist", "qualifier": {"alias": "HallPanel:4873", "code": "missing device"}}
2026-03-05 15:18:03 ERROR root remotelib error:HallPanel:4923:{"property": "init", "value": "device does not exist", "qualifier": {"alias": "HallPanel:4923", "code": "missing device"}}
2026-03-05 15:18:03 ERROR root remotelib error:LobbyPanel:4873:{"property": "init", "value": "device does not exist", "qualifier": {"alias": "LobbyPanel:4873", "code": "missing device"}}
2026-03-05 15:18:03 ERROR root remotelib error:IC142Panel:4922:{"property": "init", "value": "device does not exist", "qualifier": {"alias": "IC142Panel:4922", "code": "missing device"}}
2026-03-05 15:18:03 ERROR root remotelib error:IC143Panel:4659:{"property": "init", "value": "device does not exist", "qualifier": {"alias": "IC143Panel:4659", "code": "missing device"}}
2026-03-05 15:18:03 ERROR root remotelib error:BreakRmPanel:4872:{"property": "init", "value": "device does not exist", "qualifier": {"alias": "BreakRmPanel:4872", "code": "missing device"}}
2026-03-05 15:18:03 ERROR root Invalid Parameter in Button: Invalid ID=192
2026-03-05 15:18:03 ERROR root remotelib error:BWDPanel:4774:{"property": "init", "value": "device does not exist", "qualifier": {"alias": "BWDPanel:4774", "code": "missing device"}}
2026-03-05 15:18:03 ERROR root remotelib error:LobbyPanel:4923:{"property": "init", "value": "device does not exist", "qualifier": {"alias": "LobbyPanel:4923", "code": "missing device"}}
2026-03-05 15:18:03 ERROR root remotelib error:HallPanel:4623:{"property": "init", "value": "device does not exist", "qualifier": {"alias": "HallPanel:4623", "code": "missing device"}}
2026-03-05 15:18:03 ERROR root remotelib error:IC143Panel:4675:{"property": "init", "value": "device does not exist", "qualifier": {"alias": "IC143Panel:4675", "code": "missing device"}}
2026-03-05 15:18:03 ERROR root remotelib error:BWDPanel:4667:{"property": "init", "value": "device does not exist", "qualifier": {"alias": "BWDPanel:4667", "code": "missing device"}}
2026-03-05 15:18:03 ERROR root remotelib error:IC142Panel:4624:{"property": "init", "value": "device does not exist", "qualifier": {"alias": "IC142Panel:4624", "code": "missing device"}}
2026-03-05 15:18:03 ERROR root remotelib error:LobbyPanel:4656:{"property": "init", "value": "device does not exist", "qualifier": {"alias": "LobbyPanel:4656", "code": "missing device"}}
2026-03-05 15:18:03 ERROR root remotelib error:HallPanel:4656:{"property": "init", "value": "device does not exist", "qualifier": {"alias": "HallPanel:4656", "code": "missing device"}}
2026-03-05 15:18:03 ERROR root remotelib error:IC144Panel:4657:{"property": "init", "value": "device does not exist", "qualifier": {"alias": "IC144Panel:4657", "code": "missing device"}}
2026-03-05 15:18:03 ERROR root remotelib error:BreakRmPanel:4874:{"property": "init", "value": "device does not exist", "qualifier": {"alias": "BreakRmPanel:4874", "code": "missing device"}}
2026-03-05 15:18:03 ERROR root remotelib error:IC143Panel:4676:{"property": "init", "value": "device does not exist", "qualifier": {"alias": "IC143Panel:4676", "code": "missing device"}}
2026-03-05 15:18:03 ERROR root remotelib error:IC142Panel:15123:{"property": "init", "value": "device does not exist", "qualifier": {"alias": "IC142Panel:15123", "code": "missing device"}}
2026-03-05 15:18:03 ERROR root remotelib error:BWDPanel:4668:{"property": "init", "value": "device does not exist", "qualifier": {"alias": "BWDPanel:4668", "code": "missing device"}}
2026-03-05 15:18:04 ERROR root remotelib error:LobbyPanel:4657:{"property": "init", "value": "device does not exist", "qualifier": {"alias": "LobbyPanel:4657", "code": "missing device"}}
2026-03-05 15:18:04 ERROR root remotelib error:HallPanel:4657:{"property": "init", "value": "device does not exist", "qualifier": {"alias": "HallPanel:4657", "code": "missing device"}}
2026-03-05 15:18:04 INFO root Device 21-0 VTLP sync handling ended
2026-03-05 15:18:04 ERROR root remotelib error:IC144Panel:4658:{"property": "init", "value": "device does not exist", "qualifier": {"alias": "IC144Panel:4658", "code": "missing device"}}
2026-03-05 15:18:04 ERROR root remotelib error:HallPanel:4651:{"property": "init", "value": "device does not exist", "qualifier": {"alias": "HallPanel:4651", "code": "missing device"}}
2026-03-05 15:18:04 ERROR root remotelib error:BWDPanel:14663:{"property": "init", "value": "device does not exist", "qualifier": {"alias": "BWDPanel:14663", "code": "missing device"}}
2026-03-05 15:18:04 ERROR root remotelib error:IC142Panel:4678:{"property": "init", "value": "device does not exist", "qualifier": {"alias": "IC142Panel:4678", "code": "missing device"}}
2026-03-05 15:18:04 ERROR root remotelib error:IC143Panel:14671:{"property": "init", "value": "device does not exist", "qualifier": {"alias": "IC143Panel:14671", "code": "missing device"}}
2026-03-05 15:18:04 ERROR root remotelib error:LobbyPanel:14653:{"property": "init", "value": "device does not exist", "qualifier": {"alias": "LobbyPanel:14653", "code": "missing device"}}
2026-03-05 15:18:04 ERROR root remotelib error:BreakRmPanel:4672:{"property": "init", "value": "device does not exist", "qualifier": {"alias": "BreakRmPanel:4672", "code": "missing device"}}
2026-03-05 15:18:04 ERROR root remotelib error:IC144Panel:14654:{"property": "init", "value": "device does not exist", "qualifier": {"alias": "IC144Panel:14654", "code": "missing device"}}
2026-03-05 15:18:04 ERROR root remotelib error:BWDPanel:14664:{"property": "init", "value": "device does not exist", "qualifier": {"alias": "BWDPanel:14664", "code": "missing device"}}
2026-03-05 15:18:04 ERROR root remotelib error:HallPanel:14652:{"property": "init", "value": "device does not exist", "qualifier": {"alias": "HallPanel:14652", "code": "missing device"}}
2026-03-05 15:18:04 ERROR root remotelib error:IC142Panel:4679:{"property": "init", "value": "device does not exist", "qualifier": {"alias": "IC142Panel:4679", "code": "missing device"}}
2026-03-05 15:18:04 ERROR root remotelib error:IC144Panel:14655:{"property": "init", "value": "device does not exist", "qualifier": {"alias": "IC144Panel:14655", "code": "missing device"}}
2026-03-05 15:18:04 ERROR root remotelib error:LobbyPanel:14654:{"property": "init", "value": "device does not exist", "qualifier": {"alias": "LobbyPanel:14654", "code": "missing device"}}
2026-03-05 15:18:04 ERROR root remotelib error:IC143Panel:4706:{"property": "init", "value": "device does not exist", "qualifier": {"alias": "IC143Panel:4706", "code": "missing device"}}
2026-03-05 15:18:04 ERROR root remotelib error:BreakRmPanel:4673:{"property": "init", "value": "device does not exist", "qualifier": {"alias": "BreakRmPanel:4673", "code": "missing device"}}
2026-03-05 15:18:04 ERROR root remotelib error:BWDPanel:14680:{"property": "init", "value": "device does not exist", "qualifier": {"alias": "BWDPanel:14680", "code": "missing device"}}
2026-03-05 15:18:04 ERROR root remotelib error:IC144Panel:14673:{"property": "init", "value": "device does not exist", "qualifier": {"alias": "IC144Panel:14673", "code": "missing device"}}
2026-03-05 15:18:04 ERROR root remotelib error:HallPanel:14671:{"property": "init", "value": "device does not exist", "qualifier": {"alias": "HallPanel:14671", "code": "missing device"}}
2026-03-05 15:18:04 ERROR root remotelib error:BreakRmPanel:14656:{"property": "init", "value": "device does not exist", "qualifier": {"alias": "BreakRmPanel:14656", "code": "missing device"}}
2026-03-05 15:18:04 ERROR root remotelib error:LobbyPanel:14671:{"property": "init", "value": "device does not exist", "qualifier": {"alias": "LobbyPanel:14671", "code": "missing device"}}
2026-03-05 15:18:04 ERROR root remotelib error:HallPanel:14673:{"property": "init", "value": "device does not exist", "qualifier": {"alias": "HallPanel:14673", "code": "missing device"}}
2026-03-05 15:18:04 ERROR root remotelib error:IC142Panel:14661:{"property": "init", "value": "device does not exist", "qualifier": {"alias": "IC142Panel:14661", "code": "missing device"}}
2026-03-05 15:18:04 ERROR root remotelib error:HallPanel:14672:{"property": "init", "value": "device does not exist", "qualifier": {"alias": "HallPanel:14672", "code": "missing device"}}
2026-03-05 15:18:04 ERROR root remotelib error:LobbyPanel:14672:{"property": "init", "value": "device does not exist", "qualifier": {"alias": "LobbyPanel:14672", "code": "missing device"}}
2026-03-05 15:18:04 ERROR root remotelib error:BreakRmPanel:14657:{"property": "init", "value": "device does not exist", "qualifier": {"alias": "BreakRmPanel:14657", "code": "missing device"}}
2026-03-05 15:18:04 ERROR root remotelib error:IC144Panel:14674:{"property": "init", "value": "device does not exist", "qualifier": {"alias": "IC144Panel:14674", "code": "missing device"}}
2026-03-05 15:18:04 ERROR root remotelib error:IC142Panel:14662:{"property": "init", "value": "device does not exist", "qualifier": {"alias": "IC142Panel:14662", "code": "missing device"}}
2026-03-05 15:18:04 ERROR root remotelib error:HallPanel:4716:{"property": "init", "value": "device does not exist", "qualifier": {"alias": "HallPanel:4716", "code": "missing device"}}
2026-03-05 15:18:04 ERROR root remotelib error:BWDPanel:4723:{"property": "init", "value": "device does not exist", "qualifier": {"alias": "BWDPanel:4723", "code": "missing device"}}
2026-03-05 15:18:04 ERROR root remotelib error:IC143Panel:4730:{"property": "init", "value": "device does not exist", "qualifier": {"alias": "IC143Panel:4730", "code": "missing device"}}
2026-03-05 15:18:04 ERROR root remotelib error:IC142Panel:4702:{"property": "init", "value": "device does not exist", "qualifier": {"alias": "IC142Panel:4702", "code": "missing device"}}
2026-03-05 15:18:04 ERROR root remotelib error:BreakRmPanel:14678:{"property": "init", "value": "device does not exist", "qualifier": {"alias": "BreakRmPanel:14678", "code": "missing device"}}
2026-03-05 15:18:04 ERROR root remotelib error:LobbyPanel:4713:{"property": "init", "value": "device does not exist", "qualifier": {"alias": "LobbyPanel:4713", "code": "missing device"}}
2026-03-05 15:18:04 ERROR root remotelib error:IC142Panel:4703:{"property": "init", "value": "device does not exist", "qualifier": {"alias": "IC142Panel:4703", "code": "missing device"}}
2026-03-05 15:18:04 ERROR root remotelib error:BWDPanel:4724:{"property": "init", "value": "device does not exist", "qualifier": {"alias": "BWDPanel:4724", "code": "missing device"}}
2026-03-05 15:18:04 ERROR root remotelib error:IC143Panel:4731:{"property": "init", "value": "device does not exist", "qualifier": {"alias": "IC143Panel:4731", "code": "missing device"}}
2026-03-05 15:18:04 ERROR root remotelib error:BreakRmPanel:14679:{"property": "init", "value": "device does not exist", "qualifier": {"alias": "BreakRmPanel:14679", "code": "missing device"}}
2026-03-05 15:18:04 ERROR root remotelib error:HallPanel:4717:{"property": "init", "value": "device does not exist", "qualifier": {"alias": "HallPanel:4717", "code": "missing device"}}
2026-03-05 15:18:04 ERROR root remotelib error:BWDPanel:4725:{"property": "init", "value": "device does not exist", "qualifier": {"alias": "BWDPanel:4725", "code": "missing device"}}
2026-03-05 15:18:04 ERROR root remotelib error:IC142Panel:4704:{"property": "init", "value": "device does not exist", "qualifier": {"alias": "IC142Panel:4704", "code": "missing device"}}
2026-03-05 15:18:04 ERROR root remotelib error:IC143Panel:4732:{"property": "init", "value": "device does not exist", "qualifier": {"alias": "IC143Panel:4732", "code": "missing device"}}
2026-03-05 15:18:04 ERROR root remotelib error:IC142Panel:4801:{"property": "init", "value": "device does not exist", "qualifier": {"alias": "IC142Panel:4801", "code": "missing device"}}
2026-03-05 15:18:04 ERROR root remotelib error:IC142Panel:4651:{"property": "init", "value": "device does not exist", "qualifier": {"alias": "IC142Panel:4651", "code": "missing device"}}
2026-03-05 15:18:04 ERROR root remotelib error:IC142Panel:4953:{"property": "init", "value": "device does not exist", "qualifier": {"alias": "IC142Panel:4953", "code": "missing device"}}
2026-03-05 15:18:04 ERROR root remotelib error:BWDPanel:469:{"property": "init", "value": "device does not exist", "qualifier": {"alias": "BWDPanel:469", "code": "missing device"}}
2026-03-05 15:18:04 ERROR root remotelib error:BreakRmPanel:4967:{"property": "init", "value": "device does not exist", "qualifier": {"alias": "BreakRmPanel:4967", "code": "missing device"}}
2026-03-05 15:18:04 ERROR root remotelib error:HallPanel:6000:{"property": "init", "value": "device does not exist", "qualifier": {"alias": "HallPanel:6000", "code": "missing device"}}
2026-03-05 15:18:04 ERROR root remotelib error:IC143Panel:469:{"property": "init", "value": "device does not exist", "qualifier": {"alias": "IC143Panel:469", "code": "missing device"}}
2026-03-05 15:18:04 INFO root Device 19-0 VTLP sync handling began
2026-03-05 15:18:04 ERROR root remotelib error:LobbyPanel:3742:{"property": "init", "value": "device does not exist", "qualifier": {"alias": "LobbyPanel:3742", "code": "missing device"}}
2026-03-05 15:18:04 ERROR root remotelib error:IC144Panel:3743:{"property": "init", "value": "device does not exist", "qualifier": {"alias": "IC144Panel:3743", "code": "missing device"}}
2026-03-05 15:18:04 ERROR root remotelib error:IC142Panel:4970:{"property": "init", "value": "device does not exist", "qualifier": {"alias": "IC142Panel:4970", "code": "missing device"}}
2026-03-05 15:18:04 ERROR root remotelib error:BWDPanel:470:{"property": "init", "value": "device does not exist", "qualifier": {"alias": "BWDPanel:470", "code": "missing device"}}
2026-03-05 15:18:04 ERROR root remotelib error:BreakRmPanel:4868:{"property": "init", "value": "device does not exist", "qualifier": {"alias": "BreakRmPanel:4868", "code": "missing device"}}
2026-03-05 15:18:04 ERROR root remotelib error:HallPanel:6001:{"property": "init", "value": "device does not exist", "qualifier": {"alias": "HallPanel:6001", "code": "missing device"}}
2026-03-05 15:18:04 ERROR root remotelib error:IC143Panel:470:{"property": "init", "value": "device does not exist", "qualifier": {"alias": "IC143Panel:470", "code": "missing device"}}
2026-03-05 15:18:04 ERROR root remotelib error:LobbyPanel:3743:{"property": "init", "value": "device does not exist", "qualifier": {"alias": "LobbyPanel:3743", "code": "missing device"}}
2026-03-05 15:18:04 ERROR root remotelib error:BreakRmPanel:4968:{"property": "init", "value": "device does not exist", "qualifier": {"alias": "BreakRmPanel:4968", "code": "missing device"}}
2026-03-05 15:18:04 ERROR root remotelib error:LobbyPanel:447:{"property": "init", "value": "device does not exist", "qualifier": {"alias": "LobbyPanel:447", "code": "missing device"}}
2026-03-05 15:18:04 ERROR root remotelib error:BWDPanel:429:{"property": "init", "value": "device does not exist", "qualifier": {"alias": "BWDPanel:429", "code": "missing device"}}
2026-03-05 15:18:04 ERROR root remotelib error:IC143Panel:430:{"property": "init", "value": "device does not exist", "qualifier": {"alias": "IC143Panel:430", "code": "missing device"}}
2026-03-05 15:18:04 ERROR root remotelib error:IC142Panel:465:{"property": "init", "value": "device does not exist", "qualifier": {"alias": "IC142Panel:465", "code": "missing device"}}
2026-03-05 15:18:04 ERROR root remotelib error:HallPanel:423:{"property": "init", "value": "device does not exist", "qualifier": {"alias": "HallPanel:423", "code": "missing device"}}
2026-03-05 15:18:04 ERROR root remotelib error:LobbyPanel:448:{"property": "init", "value": "device does not exist", "qualifier": {"alias": "LobbyPanel:448", "code": "missing device"}}
2026-03-05 15:18:04 ERROR root remotelib error:BreakRmPanel:6001:{"property": "init", "value": "device does not exist", "qualifier": {"alias": "BreakRmPanel:6001", "code": "missing device"}}
2026-03-05 15:18:04 ERROR root remotelib error:IC144Panel:449:{"property": "init", "value": "device does not exist", "qualifier": {"alias": "IC144Panel:449", "code": "missing device"}}
2026-03-05 15:18:04 ERROR root remotelib error:BWDPanel:430:{"property": "init", "value": "device does not exist", "qualifier": {"alias": "BWDPanel:430", "code": "missing device"}}
2026-03-05 15:18:04 ERROR root remotelib error:IC143Panel:421:{"property": "init", "value": "device does not exist", "qualifier": {"alias": "IC143Panel:421", "code": "missing device"}}
2026-03-05 15:18:04 ERROR root remotelib error:IC142Panel:466:{"property": "init", "value": "device does not exist", "qualifier": {"alias": "IC142Panel:466", "code": "missing device"}}
2026-03-05 15:18:04 ERROR root remotelib error:HallPanel:424:{"property": "init", "value": "device does not exist", "qualifier": {"alias": "HallPanel:424", "code": "missing device"}}
2026-03-05 15:18:04 ERROR root remotelib error:IC144Panel:450:{"property": "init", "value": "device does not exist", "qualifier": {"alias": "IC144Panel:450", "code": "missing device"}}
2026-03-05 15:18:04 ERROR root remotelib error:BreakRmPanel:462:{"property": "init", "value": "device does not exist", "qualifier": {"alias": "BreakRmPanel:462", "code": "missing device"}}
2026-03-05 15:18:04 ERROR root remotelib error:LobbyPanel:449:{"property": "init", "value": "device does not exist", "qualifier": {"alias": "LobbyPanel:449", "code": "missing device"}}
2026-03-05 15:18:04 ERROR root remotelib error:BWDPanel:3061:{"property": "init", "value": "device does not exist", "qualifier": {"alias": "BWDPanel:3061", "code": "missing device"}}
2026-03-05 15:18:04 ERROR root remotelib error:BreakRmPanel:429:{"property": "init", "value": "device does not exist", "qualifier": {"alias": "BreakRmPanel:429", "code": "missing device"}}
2026-03-05 15:18:04 ERROR root remotelib error:IC142Panel:428:{"property": "init", "value": "device does not exist", "qualifier": {"alias": "IC142Panel:428", "code": "missing device"}}
2026-03-05 15:18:04 ERROR root remotelib error:LobbyPanel:421:{"property": "init", "value": "device does not exist", "qualifier": {"alias": "LobbyPanel:421", "code": "missing device"}}
2026-03-05 15:18:04 ERROR root remotelib error:BWDPanel:8505:{"property": "init", "value": "device does not exist", "qualifier": {"alias": "BWDPanel:8505", "code": "missing device"}}
2026-03-05 15:18:04 ERROR root remotelib error:IC144Panel:296:{"property": "init", "value": "device does not exist", "qualifier": {"alias": "IC144Panel:296", "code": "missing device"}}
2026-03-05 15:18:04 ERROR root remotelib error:HallPanel:8602:{"property": "init", "value": "device does not exist", "qualifier": {"alias": "HallPanel:8602", "code": "missing device"}}
2026-03-05 15:18:04 ERROR root remotelib error:IC143Panel:8502:{"property": "init", "value": "device does not exist", "qualifier": {"alias": "IC143Panel:8502", "code": "missing device"}}
2026-03-05 15:18:04 ERROR root remotelib error:BreakRmPanel:430:{"property": "init", "value": "device does not exist", "qualifier": {"alias": "BreakRmPanel:430", "code": "missing device"}}
2026-03-05 15:18:04 ERROR root remotelib error:IC142Panel:429:{"property": "init", "value": "device does not exist", "qualifier": {"alias": "IC142Panel:429", "code": "missing device"}}
2026-03-05 15:18:04 ERROR root remotelib error:LobbyPanel:295:{"property": "init", "value": "device does not exist", "qualifier": {"alias": "LobbyPanel:295", "code": "missing device"}}
2026-03-05 15:18:04 ERROR root Invalid Parameter in Button: Invalid ID=251
2026-03-05 15:18:04 ERROR root remotelib error:IC144Panel:297:{"property": "init", "value": "device does not exist", "qualifier": {"alias": "IC144Panel:297", "code": "missing device"}}
2026-03-05 15:18:04 ERROR root remotelib error:HallPanel:8603:{"property": "init", "value": "device does not exist", "qualifier": {"alias": "HallPanel:8603", "code": "missing device"}}
2026-03-05 15:18:04 ERROR root remotelib error:BWDPanel:8506:{"property": "init", "value": "device does not exist", "qualifier": {"alias": "BWDPanel:8506", "code": "missing device"}}
2026-03-05 15:18:04 ERROR root remotelib error:LobbyPanel:296:{"property": "init", "value": "device does not exist", "qualifier": {"alias": "LobbyPanel:296", "code": "missing device"}}
2026-03-05 15:18:04 ERROR root remotelib error:BWDPanel:8511:{"property": "init", "value": "device does not exist", "qualifier": {"alias": "BWDPanel:8511", "code": "missing device"}}
2026-03-05 15:18:04 ERROR root remotelib error:HallPanel:8604:{"property": "init", "value": "device does not exist", "qualifier": {"alias": "HallPanel:8604", "code": "missing device"}}
2026-03-05 15:18:04 ERROR root remotelib error:LobbyPanel:297:{"property": "init", "value": "device does not exist", "qualifier": {"alias": "LobbyPanel:297", "code": "missing device"}}
2026-03-05 15:18:04 ERROR root remotelib error:IC143Panel:8503:{"property": "init", "value": "device does not exist", "qualifier": {"alias": "IC143Panel:8503", "code": "missing device"}}
2026-03-05 15:18:04 ERROR root remotelib error:BWDPanel:8512:{"property": "init", "value": "device does not exist", "qualifier": {"alias": "BWDPanel:8512", "code": "missing device"}}
2026-03-05 15:18:04 ERROR root remotelib error:IC142Panel:430:{"property": "init", "value": "device does not exist", "qualifier": {"alias": "IC142Panel:430", "code": "missing device"}}
2026-03-05 15:18:04 ERROR root remotelib error:HallPanel:8605:{"property": "init", "value": "device does not exist", "qualifier": {"alias": "HallPanel:8605", "code": "missing device"}}
2026-03-05 15:18:04 ERROR root remotelib error:BreakRmPanel:421:{"property": "init", "value": "device does not exist", "qualifier": {"alias": "BreakRmPanel:421", "code": "missing device"}}
2026-03-05 15:18:04 ERROR root remotelib error:IC143Panel:8504:{"property": "init", "value": "device does not exist", "qualifier": {"alias": "IC143Panel:8504", "code": "missing device"}}
2026-03-05 15:18:04 ERROR root remotelib error:BWDPanel:8513:{"property": "init", "value": "device does not exist", "qualifier": {"alias": "BWDPanel:8513", "code": "missing device"}}
2026-03-05 15:18:04 ERROR root remotelib error:IC142Panel:421:{"property": "init", "value": "device does not exist", "qualifier": {"alias": "IC142Panel:421", "code": "missing device"}}
2026-03-05 15:18:04 ERROR root remotelib error:IC144Panel:8601:{"property": "init", "value": "device does not exist", "qualifier": {"alias": "IC144Panel:8601", "code": "missing device"}}
2026-03-05 15:18:04 ERROR root remotelib error:IC143Panel:8505:{"property": "init", "value": "device does not exist", "qualifier": {"alias": "IC143Panel:8505", "code": "missing device"}}
2026-03-05 15:18:05 ERROR root remotelib error:HallPanel:8606:{"property": "init", "value": "device does not exist", "qualifier": {"alias": "HallPanel:8606", "code": "missing device"}}
2026-03-05 15:18:05 ERROR root remotelib error:BreakRmPanel:3062:{"property": "init", "value": "device does not exist", "qualifier": {"alias": "BreakRmPanel:3062", "code": "missing device"}}
2026-03-05 15:18:05 ERROR root remotelib error:IC144Panel:8602:{"property": "init", "value": "device does not exist", "qualifier": {"alias": "IC144Panel:8602", "code": "missing device"}}
2026-03-05 15:18:05 ERROR root remotelib error:BWDPanel:8514:{"property": "init", "value": "device does not exist", "qualifier": {"alias": "BWDPanel:8514", "code": "missing device"}}
2026-03-05 15:18:05 ERROR root remotelib error:HallPanel:8501:{"property": "init", "value": "device does not exist", "qualifier": {"alias": "HallPanel:8501", "code": "missing device"}}
2026-03-05 15:18:05 ERROR root remotelib error:BreakRmPanel:8543:{"property": "init", "value": "device does not exist", "qualifier": {"alias": "BreakRmPanel:8543", "code": "missing device"}}
2026-03-05 15:18:05 ERROR root remotelib error:IC144Panel:8603:{"property": "init", "value": "device does not exist", "qualifier": {"alias": "IC144Panel:8603", "code": "missing device"}}
2026-03-05 15:18:05 ERROR root remotelib error:IC143Panel:3521:{"property": "init", "value": "device does not exist", "qualifier": {"alias": "IC143Panel:3521", "code": "missing device"}}
2026-03-05 15:18:05 ERROR root remotelib error:HallPanel:3421:{"property": "init", "value": "device does not exist", "qualifier": {"alias": "HallPanel:3421", "code": "missing device"}}
2026-03-05 15:18:05 ERROR root remotelib error:LobbyPanel:3011:{"property": "init", "value": "device does not exist", "qualifier": {"alias": "LobbyPanel:3011", "code": "missing device"}}
2026-03-05 15:18:05 ERROR root remotelib error:IC144Panel:1481:{"property": "init", "value": "device does not exist", "qualifier": {"alias": "IC144Panel:1481", "code": "missing device"}}
2026-03-05 15:18:05 ERROR root remotelib error:IC142Panel:8536:{"property": "init", "value": "device does not exist", "qualifier": {"alias": "IC142Panel:8536", "code": "missing device"}}
2026-03-05 15:18:05 ERROR root remotelib error:BWDPanel:970:{"property": "init", "value": "device does not exist", "qualifier": {"alias": "BWDPanel:970", "code": "missing device"}}
2026-03-05 15:18:05 ERROR root remotelib error:BreakRmPanel:8544:{"property": "init", "value": "device does not exist", "qualifier": {"alias": "BreakRmPanel:8544", "code": "missing device"}}
2026-03-05 15:18:05 ERROR root remotelib error:IC142Panel:8541:{"property": "init", "value": "device does not exist", "qualifier": {"alias": "IC142Panel:8541", "code": "missing device"}}
2026-03-05 15:18:05 ERROR root remotelib error:HallPanel:3441:{"property": "init", "value": "device does not exist", "qualifier": {"alias": "HallPanel:3441", "code": "missing device"}}
2026-03-05 15:18:05 ERROR root remotelib error:LobbyPanel:3021:{"property": "init", "value": "device does not exist", "qualifier": {"alias": "LobbyPanel:3021", "code": "missing device"}}
2026-03-05 15:18:05 ERROR root remotelib error:BreakRmPanel:8545:{"property": "init", "value": "device does not exist", "qualifier": {"alias": "BreakRmPanel:8545", "code": "missing device"}}
2026-03-05 15:18:05 ERROR root remotelib error:IC144Panel:451:{"property": "init", "value": "device does not exist", "qualifier": {"alias": "IC144Panel:451", "code": "missing device"}}
2026-03-05 15:18:05 ERROR root remotelib error:HallPanel:3501:{"property": "init", "value": "device does not exist", "qualifier": {"alias": "HallPanel:3501", "code": "missing device"}}
2026-03-05 15:18:05 ERROR root remotelib error:LobbyPanel:3041:{"property": "init", "value": "device does not exist", "qualifier": {"alias": "LobbyPanel:3041", "code": "missing device"}}
2026-03-05 15:18:05 ERROR root remotelib error:IC142Panel:8542:{"property": "init", "value": "device does not exist", "qualifier": {"alias": "IC142Panel:8542", "code": "missing device"}}
2026-03-05 15:18:05 ERROR root remotelib error:BWDPanel:971:{"property": "init", "value": "device does not exist", "qualifier": {"alias": "BWDPanel:971", "code": "missing device"}}
2026-03-05 15:18:05 ERROR root remotelib error:IC143Panel:3541:{"property": "init", "value": "device does not exist", "qualifier": {"alias": "IC143Panel:3541", "code": "missing device"}}
2026-03-05 15:18:05 ERROR root remotelib error:IC144Panel:1681:{"property": "init", "value": "device does not exist", "qualifier": {"alias": "IC144Panel:1681", "code": "missing device"}}
2026-03-05 15:18:05 ERROR root remotelib error:BreakRmPanel:8546:{"property": "init", "value": "device does not exist", "qualifier": {"alias": "BreakRmPanel:8546", "code": "missing device"}}
2026-03-05 15:18:05 ERROR root remotelib error:HallPanel:3511:{"property": "init", "value": "device does not exist", "qualifier": {"alias": "HallPanel:3511", "code": "missing device"}}
2026-03-05 15:18:05 ERROR root remotelib error:LobbyPanel:481:{"property": "init", "value": "device does not exist", "qualifier": {"alias": "LobbyPanel:481", "code": "missing device"}}
2026-03-05 15:18:05 ERROR root remotelib error:IC142Panel:8543:{"property": "init", "value": "device does not exist", "qualifier": {"alias": "IC142Panel:8543", "code": "missing device"}}
2026-03-05 15:18:05 ERROR root remotelib error:BWDPanel:972:{"property": "init", "value": "device does not exist", "qualifier": {"alias": "BWDPanel:972", "code": "missing device"}}
2026-03-05 15:18:05 ERROR root remotelib error:BreakRmPanel:960:{"property": "init", "value": "device does not exist", "qualifier": {"alias": "BreakRmPanel:960", "code": "missing device"}}
2026-03-05 15:18:05 ERROR root remotelib error:IC144Panel:681:{"property": "init", "value": "device does not exist", "qualifier": {"alias": "IC144Panel:681", "code": "missing device"}}
2026-03-05 15:18:05 ERROR root remotelib error:HallPanel:3511:{"property": "init", "value": "device does not exist", "qualifier": {"alias": "HallPanel:3511", "code": "missing device"}}
2026-03-05 15:18:05 ERROR root remotelib error:LobbyPanel:491:{"property": "init", "value": "device does not exist", "qualifier": {"alias": "LobbyPanel:491", "code": "missing device"}}
2026-03-05 15:18:05 ERROR root remotelib error:IC142Panel:8544:{"property": "init", "value": "device does not exist", "qualifier": {"alias": "IC142Panel:8544", "code": "missing device"}}
2026-03-05 15:18:05 ERROR root remotelib error:BWDPanel:973:{"property": "init", "value": "device does not exist", "qualifier": {"alias": "BWDPanel:973", "code": "missing device"}}
2026-03-05 15:18:05 ERROR root remotelib error:HallPanel:3521:{"property": "init", "value": "device does not exist", "qualifier": {"alias": "HallPanel:3521", "code": "missing device"}}
2026-03-05 15:18:05 ERROR root remotelib error:BreakRmPanel:944:{"property": "init", "value": "device does not exist", "qualifier": {"alias": "BreakRmPanel:944", "code": "missing device"}}
2026-03-05 15:18:05 ERROR root remotelib error:LobbyPanel:1481:{"property": "init", "value": "device does not exist", "qualifier": {"alias": "LobbyPanel:1481", "code": "missing device"}}
2026-03-05 15:18:05 ERROR root remotelib error:IC142Panel:8545:{"property": "init", "value": "device does not exist", "qualifier": {"alias": "IC142Panel:8545", "code": "missing device"}}
2026-03-05 15:18:05 ERROR root remotelib error:BWDPanel:974:{"property": "init", "value": "device does not exist", "qualifier": {"alias": "BWDPanel:974", "code": "missing device"}}
2026-03-05 15:18:05 ERROR root remotelib error:HallPanel:3541:{"property": "init", "value": "device does not exist", "qualifier": {"alias": "HallPanel:3541", "code": "missing device"}}
2026-03-05 15:18:05 ERROR root remotelib error:LobbyPanel:451:{"property": "init", "value": "device does not exist", "qualifier": {"alias": "LobbyPanel:451", "code": "missing device"}}
2026-03-05 15:18:05 ERROR root remotelib error:BreakRmPanel:945:{"property": "init", "value": "device does not exist", "qualifier": {"alias": "BreakRmPanel:945", "code": "missing device"}}
2026-03-05 15:18:05 ERROR root remotelib error:IC142Panel:8546:{"property": "init", "value": "device does not exist", "qualifier": {"alias": "IC142Panel:8546", "code": "missing device"}}
2026-03-05 15:18:05 ERROR root remotelib error:HallPanel:961:{"property": "init", "value": "device does not exist", "qualifier": {"alias": "HallPanel:961", "code": "missing device"}}
2026-03-05 15:18:05 ERROR root remotelib error:BreakRmPanel:992:{"property": "init", "value": "device does not exist", "qualifier": {"alias": "BreakRmPanel:992", "code": "missing device"}}
2026-03-05 15:18:05 ERROR root remotelib error:IC144Panel:1016:{"property": "init", "value": "device does not exist", "qualifier": {"alias": "IC144Panel:1016", "code": "missing device"}}
2026-03-05 15:18:05 ERROR root remotelib error:BreakRmPanel:993:{"property": "init", "value": "device does not exist", "qualifier": {"alias": "BreakRmPanel:993", "code": "missing device"}}
2026-03-05 15:18:05 ERROR root remotelib error:BWDPanel:963:{"property": "init", "value": "device does not exist", "qualifier": {"alias": "BWDPanel:963", "code": "missing device"}}
2026-03-05 15:18:05 ERROR root remotelib error:HallPanel:1001:{"property": "init", "value": "device does not exist", "qualifier": {"alias": "HallPanel:1001", "code": "missing device"}}
2026-03-05 15:18:05 ERROR root remotelib error:BreakRmPanel:994:{"property": "init", "value": "device does not exist", "qualifier": {"alias": "BreakRmPanel:994", "code": "missing device"}}
2026-03-05 15:18:05 ERROR root remotelib error:BreakRmPanel:983:{"property": "init", "value": "device does not exist", "qualifier": {"alias": "BreakRmPanel:983", "code": "missing device"}}
2026-03-05 15:18:05 ERROR root remotelib error:LobbyPanel:984:{"property": "init", "value": "device does not exist", "qualifier": {"alias": "LobbyPanel:984", "code": "missing device"}}
2026-03-05 15:18:05 ERROR root remotelib error:BreakRmPanel:983:{"property": "init", "value": "device does not exist", "qualifier": {"alias": "BreakRmPanel:983", "code": "missing device"}}
2026-03-05 15:18:05 ERROR root remotelib error:LobbyPanel:1004:{"property": "init", "value": "device does not exist", "qualifier": {"alias": "LobbyPanel:1004", "code": "missing device"}}
2026-03-05 15:18:05 ERROR root remotelib error:BreakRmPanel:1003:{"property": "init", "value": "device does not exist", "qualifier": {"alias": "BreakRmPanel:1003", "code": "missing device"}}
2026-03-05 15:18:05 ERROR root remotelib error:IC142Panel:1003:{"property": "init", "value": "device does not exist", "qualifier": {"alias": "IC142Panel:1003", "code": "missing device"}}
2026-03-05 15:18:05 ERROR root remotelib error:BreakRmPanel:963:{"property": "init", "value": "device does not exist", "qualifier": {"alias": "BreakRmPanel:963", "code": "missing device"}}
2026-03-05 15:18:05 ERROR root remotelib error:BreakRmPanel:983:{"property": "init", "value": "device does not exist", "qualifier": {"alias": "BreakRmPanel:983", "code": "missing device"}}
2026-03-05 15:18:05 ERROR root remotelib error:BreakRmPanel:1003:{"property": "init", "value": "device does not exist", "qualifier": {"alias": "BreakRmPanel:1003", "code": "missing device"}}
2026-03-05 15:18:05 ERROR root remotelib error:BreakRmPanel:964:{"property": "init", "value": "device does not exist", "qualifier": {"alias": "BreakRmPanel:964", "code": "missing device"}}
2026-03-05 15:18:05 INFO root Device 19-0 VTLP sync handling ended
2026-03-05 15:18:05 ERROR root Debug Server restarted:Listening
2026-03-05 15:18:05 ERROR root Debug Server restarted:Listening
2026-03-05 15:18:05 ERROR root Debug Server restarted:Listening
2026-03-05 15:18:05 ERROR root Invalid Parameter in Button: Invalid ID=252
2026-03-05 15:18:05 INFO root Device 19-0 VTLP sync handling began
2026-03-05 15:18:05 INFO root Device 19-0 VTLP sync handling ended
2026-03-05 15:18:06 ERROR root Invalid Parameter in Button: Invalid ID=253
2026-03-05 15:18:06 ERROR root Invalid Parameter in Button: Invalid ID=254
2026-03-05 15:18:06 ERROR root Invalid Parameter in Button: Invalid ID=255
2026-03-05 15:18:06 ERROR root Invalid Parameter in Button: Invalid ID=2212
2026-03-05 15:18:07 ERROR root Invalid Parameter in Button: Invalid ID=2213
2026-03-05 15:18:07 ERROR root Invalid Parameter in Button: Invalid ID=256
2026-03-05 15:18:07 ERROR root Invalid Parameter in Button: Invalid ID=2214
2026-03-05 15:18:07 INFO root Device 18-0 VTLP sync handling began
2026-03-05 15:18:07 INFO root Device 17-0 VTLP sync handling began
2026-03-05 15:18:07 INFO root Device 20-0 VTLP sync handling began
2026-03-05 15:18:07 INFO root Device 18-0 VTLP sync handling ended
2026-03-05 15:18:07 INFO root Device 17-0 VTLP sync handling ended
2026-03-05 15:18:07 INFO root Device 18-0 VTLP sync handling began
2026-03-05 15:18:07 INFO root Device 20-0 VTLP sync handling ended
2026-03-05 15:18:07 INFO root Device 20-0 VTLP sync handling began
2026-03-05 15:18:07 INFO root Device 17-0 VTLP sync handling began
2026-03-05 15:18:07 INFO root Device 18-0 VTLP sync handling ended
2026-03-05 15:18:07 INFO root Device 17-0 VTLP sync handling ended
2026-03-05 15:18:07 INFO root Device 20-0 VTLP sync handling ended
2026-03-05 15:18:07 INFO root Device 18-0 VTLP sync handling began
2026-03-05 15:18:07 INFO root Device 20-0 VTLP sync handling began
2026-03-05 15:18:07 INFO root Device 18-0 VTLP sync handling ended
2026-03-05 15:18:07 INFO root Device 17-0 VTLP sync handling began
2026-03-05 15:18:07 INFO root Device 18-0 VTLP sync handling began
2026-03-05 15:18:07 INFO root Device 17-0 VTLP sync handling ended
2026-03-05 15:18:07 INFO root Device 17-0 VTLP sync handling began
2026-03-05 15:18:07 INFO root Device 20-0 VTLP sync handling ended
2026-03-05 15:18:07 INFO root Device 20-0 VTLP sync handling began
2026-03-05 15:18:07 INFO root Device 17-0 VTLP sync handling ended
2026-03-05 15:18:07 INFO root Device 18-0 VTLP sync handling ended
2026-03-05 15:18:07 INFO root Device 20-0 VTLP sync handling ended
2026-03-05 15:18:07 INFO root Device 17-0 VTLP sync handling began
2026-03-05 15:18:07 INFO root Device 20-0 VTLP sync handling began
2026-03-05 15:18:07 INFO root Device 17-0 VTLP sync handling ended
2026-03-05 15:18:07 INFO root Device 20-0 VTLP sync handling ended
2026-03-05 15:18:07 INFO root Device 17-0 VTLP sync handling began
2026-03-05 15:18:07 INFO root Device 17-0 VTLP sync handling ended
2026-03-05 15:18:08 ERROR root Invalid Parameter in Button: Invalid ID=257
2026-03-05 15:18:09 ERROR root Invalid Parameter in Button: Invalid ID=2215
2026-03-05 15:18:09 ERROR root Invalid Parameter in Button: Invalid ID=258
2026-03-05 15:18:09 ERROR root Invalid Parameter in Button: Invalid ID=259
2026-03-05 15:18:09 ERROR root Invalid Parameter in Button: Invalid ID=2216
2026-03-05 15:18:09 ERROR root Invalid Parameter in Button: Invalid ID=2217
