2026-03-05 15:21:51 INFO root Start primary API version 1.10.0.11
2026-03-05 15:21:51 INFO root loading script: main
2026-03-05 15:21:52 INFO root successfully loaded script: main
2026-03-05 15:23:49 ERROR root EXCEPTION:NonvolatileValues:ReadValues:Traceback (most recent call last):
  File "c:\Users\manyr\OneDrive\Desktop\Chris system\Server\source\tools.py", line 403, in ReadValues
    values = _json.load(f)
  File "C:\Python\Python310\lib\json\__init__.py", line 293, in load
    return loads(fp.read(),
  File "C:\Python\Python310\lib\json\__init__.py", line 346, in loads
    return _default_decoder.decode(s)
  File "C:\Python\Python310\lib\json\decoder.py", line 337, in decode
    obj, end = self.raw_decode(s, idx=_w(s, 0).end())
  File "C:\Python\Python310\lib\json\decoder.py", line 355, in raw_decode
    raise JSONDecodeError("Expecting value", s, err.value) from None
json.decoder.JSONDecodeError: Expecting value: line 1 column 1 (char 0)
:deleting corrupted file
2026-03-05 15:24:05 ERROR root remotelib error:IC142Panel:50000:{"property": "SetText", "value": ["Step 5 of 81\ntp0 defined:IC142Panel\ncreating device:IC142Panel\ntp1 defined:IC143Panel"], "qualifier": {"code": "property does not exist"}}
2026-03-05 15:24:05 ERROR root remotelib error:IC142Panel:50001:{"property": "SetLevel", "value": [6.172839506172839], "qualifier": {"code": "property does not exist"}}
2026-03-05 15:24:05 ERROR root remotelib error:IC142Panel:50001:{"property": "SetLevel", "value": [7.407407407407407], "qualifier": {"code": "property does not exist"}}
2026-03-05 15:24:05 ERROR root remotelib error:IC142Panel:50000:{"property": "SetText", "value": ["Step 6 of 81\ntp0 defined:IC142Panel\ncreating device:IC142Panel\ntp1 defined:IC143Panel\ncreating device:IC143Panel"], "qualifier": {"code": "property does not exist"}}
2026-03-05 15:24:19 ERROR root Debug Server restarted:Listening
2026-03-05 15:24:22 ERROR root remotelib error:IC142Panel:50000:{"property": "SetText", "value": ["Step 7 of 81\ntp0 defined:IC142Panel\ncreating device:IC142Panel\ntp1 defined:IC143Panel\ncreating device:IC143Panel\ntp2 defined:IC144Panel"], "qualifier": {"code": "property does not exist"}}
2026-03-05 15:24:22 ERROR root remotelib error:IC143Panel:50000:{"property": "SetText", "value": ["Step 7 of 81\ntp0 defined:IC142Panel\ncreating device:IC142Panel\ntp1 defined:IC143Panel\ncreating device:IC143Panel\ntp2 defined:IC144Panel"], "qualifier": {"code": "property does not exist"}}
2026-03-05 15:24:22 ERROR root remotelib error:IC142Panel:50001:{"property": "SetLevel", "value": [8.641975308641975], "qualifier": {"code": "property does not exist"}}
2026-03-05 15:24:22 ERROR root remotelib error:IC143Panel:50001:{"property": "SetLevel", "value": [8.641975308641975], "qualifier": {"code": "property does not exist"}}
2026-03-05 15:24:22 ERROR root remotelib error:IC142Panel:50000:{"property": "SetText", "value": ["Step 8 of 81\ncreating device:IC142Panel\ntp1 defined:IC143Panel\ncreating device:IC143Panel\ntp2 defined:IC144Panel\ncreating device:IC144Panel"], "qualifier": {"code": "property does not exist"}}
2026-03-05 15:24:22 ERROR root remotelib error:IC143Panel:50000:{"property": "SetText", "value": ["Step 8 of 81\ncreating device:IC142Panel\ntp1 defined:IC143Panel\ncreating device:IC143Panel\ntp2 defined:IC144Panel\ncreating device:IC144Panel"], "qualifier": {"code": "property does not exist"}}
2026-03-05 15:24:22 ERROR root remotelib error:IC143Panel:50001:{"property": "SetLevel", "value": [9.876543209876543], "qualifier": {"code": "property does not exist"}}
2026-03-05 15:24:22 ERROR root remotelib error:IC142Panel:50001:{"property": "SetLevel", "value": [9.876543209876543], "qualifier": {"code": "property does not exist"}}
2026-03-05 15:24:38 ERROR root remotelib error:IC142Panel:50000:{"property": "SetText", "value": ["Step 9 of 81\ntp1 defined:IC143Panel\ncreating device:IC143Panel\ntp2 defined:IC144Panel\ncreating device:IC144Panel\ntp3 defined:BreakRmPanel"], "qualifier": {"code": "property does not exist"}}
2026-03-05 15:24:38 ERROR root remotelib error:IC143Panel:50000:{"property": "SetText", "value": ["Step 9 of 81\ntp1 defined:IC143Panel\ncreating device:IC143Panel\ntp2 defined:IC144Panel\ncreating device:IC144Panel\ntp3 defined:BreakRmPanel"], "qualifier": {"code": "property does not exist"}}
2026-03-05 15:24:38 ERROR root remotelib error:IC144Panel:50000:{"property": "SetText", "value": ["Step 9 of 81\ntp1 defined:IC143Panel\ncreating device:IC143Panel\ntp2 defined:IC144Panel\ncreating device:IC144Panel\ntp3 defined:BreakRmPanel"], "qualifier": {"code": "property does not exist"}}
2026-03-05 15:24:38 ERROR root remotelib error:IC142Panel:50001:{"property": "SetLevel", "value": [11.11111111111111], "qualifier": {"code": "property does not exist"}}
2026-03-05 15:24:38 ERROR root remotelib error:IC143Panel:50001:{"property": "SetLevel", "value": [11.11111111111111], "qualifier": {"code": "property does not exist"}}
2026-03-05 15:24:38 ERROR root remotelib error:IC144Panel:50001:{"property": "SetLevel", "value": [11.11111111111111], "qualifier": {"code": "property does not exist"}}
2026-03-05 15:24:38 ERROR root remotelib error:IC142Panel:50000:{"property": "SetText", "value": ["Step 10 of 81\ncreating device:IC143Panel\ntp2 defined:IC144Panel\ncreating device:IC144Panel\ntp3 defined:BreakRmPanel\ncreating device:BreakRmPanel"], "qualifier": {"code": "property does not exist"}}
2026-03-05 15:24:38 ERROR root remotelib error:IC144Panel:50000:{"property": "SetText", "value": ["Step 10 of 81\ncreating device:IC143Panel\ntp2 defined:IC144Panel\ncreating device:IC144Panel\ntp3 defined:BreakRmPanel\ncreating device:BreakRmPanel"], "qualifier": {"code": "property does not exist"}}
2026-03-05 15:24:38 ERROR root remotelib error:IC143Panel:50000:{"property": "SetText", "value": ["Step 10 of 81\ncreating device:IC143Panel\ntp2 defined:IC144Panel\ncreating device:IC144Panel\ntp3 defined:BreakRmPanel\ncreating device:BreakRmPanel"], "qualifier": {"code": "property does not exist"}}
2026-03-05 15:24:38 ERROR root remotelib error:IC143Panel:50001:{"property": "SetLevel", "value": [12.345679012345679], "qualifier": {"code": "property does not exist"}}
2026-03-05 15:24:38 ERROR root remotelib error:IC142Panel:50001:{"property": "SetLevel", "value": [12.345679012345679], "qualifier": {"code": "property does not exist"}}
2026-03-05 15:24:38 ERROR root remotelib error:IC144Panel:50001:{"property": "SetLevel", "value": [12.345679012345679], "qualifier": {"code": "property does not exist"}}
2026-03-05 15:24:49 ERROR root Debug Server restarted:Listening
2026-03-05 15:24:54 ERROR root remotelib error:IC142Panel:50000:{"property": "SetText", "value": ["Step 11 of 81\ntp2 defined:IC144Panel\ncreating device:IC144Panel\ntp3 defined:BreakRmPanel\ncreating device:BreakRmPanel\ntp4 defined:LobbyPanel"], "qualifier": {"code": "property does not exist"}}
2026-03-05 15:24:54 ERROR root remotelib error:IC143Panel:50000:{"property": "SetText", "value": ["Step 11 of 81\ntp2 defined:IC144Panel\ncreating device:IC144Panel\ntp3 defined:BreakRmPanel\ncreating device:BreakRmPanel\ntp4 defined:LobbyPanel"], "qualifier": {"code": "property does not exist"}}
2026-03-05 15:24:54 ERROR root remotelib error:IC144Panel:50000:{"property": "SetText", "value": ["Step 11 of 81\ntp2 defined:IC144Panel\ncreating device:IC144Panel\ntp3 defined:BreakRmPanel\ncreating device:BreakRmPanel\ntp4 defined:LobbyPanel"], "qualifier": {"code": "property does not exist"}}
2026-03-05 15:24:54 ERROR root remotelib error:BreakRmPanel:50000:{"property": "SetText", "value": ["Step 11 of 81\ntp2 defined:IC144Panel\ncreating device:IC144Panel\ntp3 defined:BreakRmPanel\ncreating device:BreakRmPanel\ntp4 defined:LobbyPanel"], "qualifier": {"code": "property does not exist"}}
2026-03-05 15:24:54 ERROR root remotelib error:IC142Panel:50001:{"property": "SetLevel", "value": [13.580246913580247], "qualifier": {"code": "property does not exist"}}
2026-03-05 15:24:54 ERROR root remotelib error:IC143Panel:50001:{"property": "SetLevel", "value": [13.580246913580247], "qualifier": {"code": "property does not exist"}}
2026-03-05 15:24:54 ERROR root remotelib error:IC144Panel:50001:{"property": "SetLevel", "value": [13.580246913580247], "qualifier": {"code": "property does not exist"}}
2026-03-05 15:24:54 ERROR root remotelib error:BreakRmPanel:50001:{"property": "SetLevel", "value": [13.580246913580247], "qualifier": {"code": "property does not exist"}}
2026-03-05 15:24:54 ERROR root remotelib error:IC142Panel:50000:{"property": "SetText", "value": ["Step 12 of 81\ncreating device:IC144Panel\ntp3 defined:BreakRmPanel\ncreating device:BreakRmPanel\ntp4 defined:LobbyPanel\ncreating device:LobbyPanel"], "qualifier": {"code": "property does not exist"}}
2026-03-05 15:24:54 ERROR root remotelib error:IC144Panel:50000:{"property": "SetText", "value": ["Step 12 of 81\ncreating device:IC144Panel\ntp3 defined:BreakRmPanel\ncreating device:BreakRmPanel\ntp4 defined:LobbyPanel\ncreating device:LobbyPanel"], "qualifier": {"code": "property does not exist"}}
2026-03-05 15:24:54 ERROR root remotelib error:IC143Panel:50000:{"property": "SetText", "value": ["Step 12 of 81\ncreating device:IC144Panel\ntp3 defined:BreakRmPanel\ncreating device:BreakRmPanel\ntp4 defined:LobbyPanel\ncreating device:LobbyPanel"], "qualifier": {"code": "property does not exist"}}
2026-03-05 15:24:54 ERROR root remotelib error:BreakRmPanel:50000:{"property": "SetText", "value": ["Step 12 of 81\ncreating device:IC144Panel\ntp3 defined:BreakRmPanel\ncreating device:BreakRmPanel\ntp4 defined:LobbyPanel\ncreating device:LobbyPanel"], "qualifier": {"code": "property does not exist"}}
2026-03-05 15:24:54 ERROR root remotelib error:IC142Panel:50001:{"property": "SetLevel", "value": [14.814814814814815], "qualifier": {"code": "property does not exist"}}
2026-03-05 15:24:54 ERROR root remotelib error:IC143Panel:50001:{"property": "SetLevel", "value": [14.814814814814815], "qualifier": {"code": "property does not exist"}}
2026-03-05 15:24:54 ERROR root remotelib error:BreakRmPanel:50001:{"property": "SetLevel", "value": [14.814814814814815], "qualifier": {"code": "property does not exist"}}
2026-03-05 15:24:54 ERROR root remotelib error:IC144Panel:50001:{"property": "SetLevel", "value": [14.814814814814815], "qualifier": {"code": "property does not exist"}}
2026-03-05 15:25:10 ERROR root remotelib error:IC142Panel:50000:{"property": "SetText", "value": ["Step 13 of 81\ntp3 defined:BreakRmPanel\ncreating device:BreakRmPanel\ntp4 defined:LobbyPanel\ncreating device:LobbyPanel\ntp5 defined:HallPanel"], "qualifier": {"code": "property does not exist"}}
2026-03-05 15:25:10 ERROR root remotelib error:IC143Panel:50000:{"property": "SetText", "value": ["Step 13 of 81\ntp3 defined:BreakRmPanel\ncreating device:BreakRmPanel\ntp4 defined:LobbyPanel\ncreating device:LobbyPanel\ntp5 defined:HallPanel"], "qualifier": {"code": "property does not exist"}}
2026-03-05 15:25:10 ERROR root remotelib error:IC144Panel:50000:{"property": "SetText", "value": ["Step 13 of 81\ntp3 defined:BreakRmPanel\ncreating device:BreakRmPanel\ntp4 defined:LobbyPanel\ncreating device:LobbyPanel\ntp5 defined:HallPanel"], "qualifier": {"code": "property does not exist"}}
2026-03-05 15:25:10 ERROR root remotelib error:BreakRmPanel:50000:{"property": "SetText", "value": ["Step 13 of 81\ntp3 defined:BreakRmPanel\ncreating device:BreakRmPanel\ntp4 defined:LobbyPanel\ncreating device:LobbyPanel\ntp5 defined:HallPanel"], "qualifier": {"code": "property does not exist"}}
2026-03-05 15:25:10 ERROR root remotelib error:IC142Panel:50001:{"property": "SetLevel", "value": [16.049382716049383], "qualifier": {"code": "property does not exist"}}
2026-03-05 15:25:10 ERROR root remotelib error:LobbyPanel:50000:{"property": "SetText", "value": ["Step 13 of 81\ntp3 defined:BreakRmPanel\ncreating device:BreakRmPanel\ntp4 defined:LobbyPanel\ncreating device:LobbyPanel\ntp5 defined:HallPanel"], "qualifier": {"code": "property does not exist"}}
2026-03-05 15:25:10 ERROR root remotelib error:IC143Panel:50001:{"property": "SetLevel", "value": [16.049382716049383], "qualifier": {"code": "property does not exist"}}
2026-03-05 15:25:10 ERROR root remotelib error:IC144Panel:50001:{"property": "SetLevel", "value": [16.049382716049383], "qualifier": {"code": "property does not exist"}}
2026-03-05 15:25:10 ERROR root remotelib error:BreakRmPanel:50001:{"property": "SetLevel", "value": [16.049382716049383], "qualifier": {"code": "property does not exist"}}
2026-03-05 15:25:10 ERROR root remotelib error:LobbyPanel:50001:{"property": "SetLevel", "value": [16.049382716049383], "qualifier": {"code": "property does not exist"}}
2026-03-05 15:25:10 ERROR root remotelib error:IC142Panel:50000:{"property": "SetText", "value": ["Step 14 of 81\ncreating device:BreakRmPanel\ntp4 defined:LobbyPanel\ncreating device:LobbyPanel\ntp5 defined:HallPanel\ncreating device:HallPanel"], "qualifier": {"code": "property does not exist"}}
2026-03-05 15:25:10 ERROR root remotelib error:IC143Panel:50000:{"property": "SetText", "value": ["Step 14 of 81\ncreating device:BreakRmPanel\ntp4 defined:LobbyPanel\ncreating device:LobbyPanel\ntp5 defined:HallPanel\ncreating device:HallPanel"], "qualifier": {"code": "property does not exist"}}
2026-03-05 15:25:10 ERROR root remotelib error:IC144Panel:50000:{"property": "SetText", "value": ["Step 14 of 81\ncreating device:BreakRmPanel\ntp4 defined:LobbyPanel\ncreating device:LobbyPanel\ntp5 defined:HallPanel\ncreating device:HallPanel"], "qualifier": {"code": "property does not exist"}}
2026-03-05 15:25:10 ERROR root remotelib error:BreakRmPanel:50000:{"property": "SetText", "value": ["Step 14 of 81\ncreating device:BreakRmPanel\ntp4 defined:LobbyPanel\ncreating device:LobbyPanel\ntp5 defined:HallPanel\ncreating device:HallPanel"], "qualifier": {"code": "property does not exist"}}
2026-03-05 15:25:10 ERROR root remotelib error:LobbyPanel:50000:{"property": "SetText", "value": ["Step 14 of 81\ncreating device:BreakRmPanel\ntp4 defined:LobbyPanel\ncreating device:LobbyPanel\ntp5 defined:HallPanel\ncreating device:HallPanel"], "qualifier": {"code": "property does not exist"}}
2026-03-05 15:25:10 ERROR root remotelib error:IC142Panel:50001:{"property": "SetLevel", "value": [17.28395061728395], "qualifier": {"code": "property does not exist"}}
2026-03-05 15:25:10 ERROR root remotelib error:IC143Panel:50001:{"property": "SetLevel", "value": [17.28395061728395], "qualifier": {"code": "property does not exist"}}
2026-03-05 15:25:10 ERROR root remotelib error:IC144Panel:50001:{"property": "SetLevel", "value": [17.28395061728395], "qualifier": {"code": "property does not exist"}}
2026-03-05 15:25:10 ERROR root remotelib error:LobbyPanel:50001:{"property": "SetLevel", "value": [17.28395061728395], "qualifier": {"code": "property does not exist"}}
2026-03-05 15:25:10 ERROR root remotelib error:BreakRmPanel:50001:{"property": "SetLevel", "value": [17.28395061728395], "qualifier": {"code": "property does not exist"}}
2026-03-05 15:25:19 ERROR root Debug Server restarted:Listening
2026-03-05 15:25:27 ERROR root remotelib error:IC142Panel:50000:{"property": "SetText", "value": ["Step 15 of 81\ntp4 defined:LobbyPanel\ncreating device:LobbyPanel\ntp5 defined:HallPanel\ncreating device:HallPanel\ntp6 defined:BWDPanel"], "qualifier": {"code": "property does not exist"}}
2026-03-05 15:25:27 ERROR root remotelib error:IC143Panel:50000:{"property": "SetText", "value": ["Step 15 of 81\ntp4 defined:LobbyPanel\ncreating device:LobbyPanel\ntp5 defined:HallPanel\ncreating device:HallPanel\ntp6 defined:BWDPanel"], "qualifier": {"code": "property does not exist"}}
2026-03-05 15:25:27 ERROR root remotelib error:IC144Panel:50000:{"property": "SetText", "value": ["Step 15 of 81\ntp4 defined:LobbyPanel\ncreating device:LobbyPanel\ntp5 defined:HallPanel\ncreating device:HallPanel\ntp6 defined:BWDPanel"], "qualifier": {"code": "property does not exist"}}
2026-03-05 15:25:27 ERROR root remotelib error:BreakRmPanel:50000:{"property": "SetText", "value": ["Step 15 of 81\ntp4 defined:LobbyPanel\ncreating device:LobbyPanel\ntp5 defined:HallPanel\ncreating device:HallPanel\ntp6 defined:BWDPanel"], "qualifier": {"code": "property does not exist"}}
2026-03-05 15:25:27 ERROR root remotelib error:LobbyPanel:50000:{"property": "SetText", "value": ["Step 15 of 81\ntp4 defined:LobbyPanel\ncreating device:LobbyPanel\ntp5 defined:HallPanel\ncreating device:HallPanel\ntp6 defined:BWDPanel"], "qualifier": {"code": "property does not exist"}}
2026-03-05 15:25:27 ERROR root remotelib error:HallPanel:50000:{"property": "SetText", "value": ["Step 15 of 81\ntp4 defined:LobbyPanel\ncreating device:LobbyPanel\ntp5 defined:HallPanel\ncreating device:HallPanel\ntp6 defined:BWDPanel"], "qualifier": {"code": "property does not exist"}}
2026-03-05 15:25:27 ERROR root remotelib error:IC142Panel:50001:{"property": "SetLevel", "value": [18.51851851851852], "qualifier": {"code": "property does not exist"}}
2026-03-05 15:25:27 ERROR root remotelib error:IC143Panel:50001:{"property": "SetLevel", "value": [18.51851851851852], "qualifier": {"code": "property does not exist"}}
2026-03-05 15:25:27 ERROR root remotelib error:IC144Panel:50001:{"property": "SetLevel", "value": [18.51851851851852], "qualifier": {"code": "property does not exist"}}
2026-03-05 15:25:27 ERROR root remotelib error:BreakRmPanel:50001:{"property": "SetLevel", "value": [18.51851851851852], "qualifier": {"code": "property does not exist"}}
2026-03-05 15:25:27 ERROR root remotelib error:LobbyPanel:50001:{"property": "SetLevel", "value": [18.51851851851852], "qualifier": {"code": "property does not exist"}}
2026-03-05 15:25:27 ERROR root remotelib error:HallPanel:50001:{"property": "SetLevel", "value": [18.51851851851852], "qualifier": {"code": "property does not exist"}}
2026-03-05 15:25:27 ERROR root remotelib error:IC142Panel:50000:{"property": "SetText", "value": ["Step 16 of 81\ncreating device:LobbyPanel\ntp5 defined:HallPanel\ncreating device:HallPanel\ntp6 defined:BWDPanel\ncreating device:BWDPanel"], "qualifier": {"code": "property does not exist"}}
2026-03-05 15:25:27 ERROR root remotelib error:IC143Panel:50000:{"property": "SetText", "value": ["Step 16 of 81\ncreating device:LobbyPanel\ntp5 defined:HallPanel\ncreating device:HallPanel\ntp6 defined:BWDPanel\ncreating device:BWDPanel"], "qualifier": {"code": "property does not exist"}}
2026-03-05 15:25:27 ERROR root remotelib error:IC144Panel:50000:{"property": "SetText", "value": ["Step 16 of 81\ncreating device:LobbyPanel\ntp5 defined:HallPanel\ncreating device:HallPanel\ntp6 defined:BWDPanel\ncreating device:BWDPanel"], "qualifier": {"code": "property does not exist"}}
2026-03-05 15:25:27 ERROR root remotelib error:BreakRmPanel:50000:{"property": "SetText", "value": ["Step 16 of 81\ncreating device:LobbyPanel\ntp5 defined:HallPanel\ncreating device:HallPanel\ntp6 defined:BWDPanel\ncreating device:BWDPanel"], "qualifier": {"code": "property does not exist"}}
2026-03-05 15:25:27 ERROR root remotelib error:LobbyPanel:50000:{"property": "SetText", "value": ["Step 16 of 81\ncreating device:LobbyPanel\ntp5 defined:HallPanel\ncreating device:HallPanel\ntp6 defined:BWDPanel\ncreating device:BWDPanel"], "qualifier": {"code": "property does not exist"}}
2026-03-05 15:25:27 ERROR root remotelib error:HallPanel:50000:{"property": "SetText", "value": ["Step 16 of 81\ncreating device:LobbyPanel\ntp5 defined:HallPanel\ncreating device:HallPanel\ntp6 defined:BWDPanel\ncreating device:BWDPanel"], "qualifier": {"code": "property does not exist"}}
2026-03-05 15:25:27 ERROR root remotelib error:IC142Panel:50001:{"property": "SetLevel", "value": [19.753086419753085], "qualifier": {"code": "property does not exist"}}
2026-03-05 15:25:27 ERROR root remotelib error:IC143Panel:50001:{"property": "SetLevel", "value": [19.753086419753085], "qualifier": {"code": "property does not exist"}}
2026-03-05 15:25:27 ERROR root remotelib error:BreakRmPanel:50001:{"property": "SetLevel", "value": [19.753086419753085], "qualifier": {"code": "property does not exist"}}
2026-03-05 15:25:27 ERROR root remotelib error:IC144Panel:50001:{"property": "SetLevel", "value": [19.753086419753085], "qualifier": {"code": "property does not exist"}}
2026-03-05 15:25:27 ERROR root remotelib error:LobbyPanel:50001:{"property": "SetLevel", "value": [19.753086419753085], "qualifier": {"code": "property does not exist"}}
2026-03-05 15:25:27 ERROR root remotelib error:HallPanel:50001:{"property": "SetLevel", "value": [19.753086419753085], "qualifier": {"code": "property does not exist"}}
2026-03-05 15:25:42 INFO root Device 22-0 VTLP sync handling began
2026-03-05 15:25:42 INFO root Device 22-0 VTLP sync handling ended
2026-03-05 15:25:42 INFO root Device 22-0 VTLP sync handling began
2026-03-05 15:25:42 INFO root Device 22-0 VTLP sync handling ended
2026-03-05 15:25:43 ERROR root remotelib error:IC142Panel:50000:{"property": "SetText", "value": ["Step 17 of 81\ntp5 defined:HallPanel\ncreating device:HallPanel\ntp6 defined:BWDPanel\ncreating device:BWDPanel\nbegin define devices"], "qualifier": {"code": "property does not exist"}}
2026-03-05 15:25:43 ERROR root remotelib error:IC143Panel:50000:{"property": "SetText", "value": ["Step 17 of 81\ntp5 defined:HallPanel\ncreating device:HallPanel\ntp6 defined:BWDPanel\ncreating device:BWDPanel\nbegin define devices"], "qualifier": {"code": "property does not exist"}}
2026-03-05 15:25:43 ERROR root remotelib error:IC144Panel:50000:{"property": "SetText", "value": ["Step 17 of 81\ntp5 defined:HallPanel\ncreating device:HallPanel\ntp6 defined:BWDPanel\ncreating device:BWDPanel\nbegin define devices"], "qualifier": {"code": "property does not exist"}}
2026-03-05 15:25:43 ERROR root remotelib error:BreakRmPanel:50000:{"property": "SetText", "value": ["Step 17 of 81\ntp5 defined:HallPanel\ncreating device:HallPanel\ntp6 defined:BWDPanel\ncreating device:BWDPanel\nbegin define devices"], "qualifier": {"code": "property does not exist"}}
2026-03-05 15:25:43 ERROR root remotelib error:LobbyPanel:50000:{"property": "SetText", "value": ["Step 17 of 81\ntp5 defined:HallPanel\ncreating device:HallPanel\ntp6 defined:BWDPanel\ncreating device:BWDPanel\nbegin define devices"], "qualifier": {"code": "property does not exist"}}
2026-03-05 15:25:43 ERROR root remotelib error:HallPanel:50000:{"property": "SetText", "value": ["Step 17 of 81\ntp5 defined:HallPanel\ncreating device:HallPanel\ntp6 defined:BWDPanel\ncreating device:BWDPanel\nbegin define devices"], "qualifier": {"code": "property does not exist"}}
2026-03-05 15:25:43 ERROR root remotelib error:BWDPanel:50000:{"property": "SetText", "value": ["Step 17 of 81\ntp5 defined:HallPanel\ncreating device:HallPanel\ntp6 defined:BWDPanel\ncreating device:BWDPanel\nbegin define devices"], "qualifier": {"code": "property does not exist"}}
2026-03-05 15:25:43 ERROR root remotelib error:IC142Panel:50001:{"property": "SetLevel", "value": [20.987654320987655], "qualifier": {"code": "property does not exist"}}
2026-03-05 15:25:43 ERROR root remotelib error:IC144Panel:50001:{"property": "SetLevel", "value": [20.987654320987655], "qualifier": {"code": "property does not exist"}}
2026-03-05 15:25:43 ERROR root remotelib error:IC143Panel:50001:{"property": "SetLevel", "value": [20.987654320987655], "qualifier": {"code": "property does not exist"}}
2026-03-05 15:25:43 ERROR root remotelib error:BreakRmPanel:50001:{"property": "SetLevel", "value": [20.987654320987655], "qualifier": {"code": "property does not exist"}}
2026-03-05 15:25:43 ERROR root remotelib error:LobbyPanel:50001:{"property": "SetLevel", "value": [20.987654320987655], "qualifier": {"code": "property does not exist"}}
2026-03-05 15:25:43 ERROR root remotelib error:HallPanel:50001:{"property": "SetLevel", "value": [20.987654320987655], "qualifier": {"code": "property does not exist"}}
2026-03-05 15:25:43 ERROR root remotelib error:BWDPanel:50001:{"property": "SetLevel", "value": [20.987654320987655], "qualifier": {"code": "property does not exist"}}
2026-03-05 15:25:43 ERROR root remotelib error:IC142Panel:50000:{"property": "SetText", "value": ["Step 18 of 81\ncreating device:HallPanel\ntp6 defined:BWDPanel\ncreating device:BWDPanel\nbegin define devices\ndsp0 defined:DSP0"], "qualifier": {"code": "property does not exist"}}
2026-03-05 15:25:43 ERROR root remotelib error:IC143Panel:50000:{"property": "SetText", "value": ["Step 18 of 81\ncreating device:HallPanel\ntp6 defined:BWDPanel\ncreating device:BWDPanel\nbegin define devices\ndsp0 defined:DSP0"], "qualifier": {"code": "property does not exist"}}
2026-03-05 15:25:43 ERROR root remotelib error:IC144Panel:50000:{"property": "SetText", "value": ["Step 18 of 81\ncreating device:HallPanel\ntp6 defined:BWDPanel\ncreating device:BWDPanel\nbegin define devices\ndsp0 defined:DSP0"], "qualifier": {"code": "property does not exist"}}
2026-03-05 15:25:43 ERROR root remotelib error:LobbyPanel:50000:{"property": "SetText", "value": ["Step 18 of 81\ncreating device:HallPanel\ntp6 defined:BWDPanel\ncreating device:BWDPanel\nbegin define devices\ndsp0 defined:DSP0"], "qualifier": {"code": "property does not exist"}}
2026-03-05 15:25:43 ERROR root remotelib error:BreakRmPanel:50000:{"property": "SetText", "value": ["Step 18 of 81\ncreating device:HallPanel\ntp6 defined:BWDPanel\ncreating device:BWDPanel\nbegin define devices\ndsp0 defined:DSP0"], "qualifier": {"code": "property does not exist"}}
2026-03-05 15:25:43 ERROR root remotelib error:HallPanel:50000:{"property": "SetText", "value": ["Step 18 of 81\ncreating device:HallPanel\ntp6 defined:BWDPanel\ncreating device:BWDPanel\nbegin define devices\ndsp0 defined:DSP0"], "qualifier": {"code": "property does not exist"}}
2026-03-05 15:25:43 ERROR root remotelib error:BWDPanel:50000:{"property": "SetText", "value": ["Step 18 of 81\ncreating device:HallPanel\ntp6 defined:BWDPanel\ncreating device:BWDPanel\nbegin define devices\ndsp0 defined:DSP0"], "qualifier": {"code": "property does not exist"}}
2026-03-05 15:25:43 ERROR root remotelib error:IC142Panel:50001:{"property": "SetLevel", "value": [22.22222222222222], "qualifier": {"code": "property does not exist"}}
2026-03-05 15:25:43 ERROR root remotelib error:IC143Panel:50001:{"property": "SetLevel", "value": [22.22222222222222], "qualifier": {"code": "property does not exist"}}
2026-03-05 15:25:43 ERROR root remotelib error:IC144Panel:50001:{"property": "SetLevel", "value": [22.22222222222222], "qualifier": {"code": "property does not exist"}}
2026-03-05 15:25:43 ERROR root remotelib error:BreakRmPanel:50001:{"property": "SetLevel", "value": [22.22222222222222], "qualifier": {"code": "property does not exist"}}
2026-03-05 15:25:43 ERROR root remotelib error:LobbyPanel:50001:{"property": "SetLevel", "value": [22.22222222222222], "qualifier": {"code": "property does not exist"}}
2026-03-05 15:25:43 ERROR root remotelib error:HallPanel:50001:{"property": "SetLevel", "value": [22.22222222222222], "qualifier": {"code": "property does not exist"}}
2026-03-05 15:25:43 ERROR root remotelib error:BWDPanel:50001:{"property": "SetLevel", "value": [22.22222222222222], "qualifier": {"code": "property does not exist"}}
2026-03-05 15:25:43 ERROR root remotelib error:IC142Panel:50000:{"property": "SetText", "value": ["Step 19 of 81\ntp6 defined:BWDPanel\ncreating device:BWDPanel\nbegin define devices\ndsp0 defined:DSP0\nvtc0 defined:VTC0"], "qualifier": {"code": "property does not exist"}}
2026-03-05 15:25:43 ERROR root remotelib error:IC143Panel:50000:{"property": "SetText", "value": ["Step 19 of 81\ntp6 defined:BWDPanel\ncreating device:BWDPanel\nbegin define devices\ndsp0 defined:DSP0\nvtc0 defined:VTC0"], "qualifier": {"code": "property does not exist"}}
2026-03-05 15:25:43 ERROR root remotelib error:IC144Panel:50000:{"property": "SetText", "value": ["Step 19 of 81\ntp6 defined:BWDPanel\ncreating device:BWDPanel\nbegin define devices\ndsp0 defined:DSP0\nvtc0 defined:VTC0"], "qualifier": {"code": "property does not exist"}}
2026-03-05 15:25:43 ERROR root remotelib error:BreakRmPanel:50000:{"property": "SetText", "value": ["Step 19 of 81\ntp6 defined:BWDPanel\ncreating device:BWDPanel\nbegin define devices\ndsp0 defined:DSP0\nvtc0 defined:VTC0"], "qualifier": {"code": "property does not exist"}}
2026-03-05 15:25:43 ERROR root remotelib error:LobbyPanel:50000:{"property": "SetText", "value": ["Step 19 of 81\ntp6 defined:BWDPanel\ncreating device:BWDPanel\nbegin define devices\ndsp0 defined:DSP0\nvtc0 defined:VTC0"], "qualifier": {"code": "property does not exist"}}
2026-03-05 15:25:43 ERROR root remotelib error:HallPanel:50000:{"property": "SetText", "value": ["Step 19 of 81\ntp6 defined:BWDPanel\ncreating device:BWDPanel\nbegin define devices\ndsp0 defined:DSP0\nvtc0 defined:VTC0"], "qualifier": {"code": "property does not exist"}}
2026-03-05 15:25:43 ERROR root remotelib error:BWDPanel:50000:{"property": "SetText", "value": ["Step 19 of 81\ntp6 defined:BWDPanel\ncreating device:BWDPanel\nbegin define devices\ndsp0 defined:DSP0\nvtc0 defined:VTC0"], "qualifier": {"code": "property does not exist"}}
2026-03-05 15:25:43 ERROR root remotelib error:IC142Panel:50001:{"property": "SetLevel", "value": [23.45679012345679], "qualifier": {"code": "property does not exist"}}
2026-03-05 15:25:43 ERROR root remotelib error:IC143Panel:50001:{"property": "SetLevel", "value": [23.45679012345679], "qualifier": {"code": "property does not exist"}}
2026-03-05 15:25:43 ERROR root remotelib error:BreakRmPanel:50001:{"property": "SetLevel", "value": [23.45679012345679], "qualifier": {"code": "property does not exist"}}
2026-03-05 15:25:43 ERROR root remotelib error:IC144Panel:50001:{"property": "SetLevel", "value": [23.45679012345679], "qualifier": {"code": "property does not exist"}}
2026-03-05 15:25:43 ERROR root remotelib error:LobbyPanel:50001:{"property": "SetLevel", "value": [23.45679012345679], "qualifier": {"code": "property does not exist"}}
2026-03-05 15:25:43 ERROR root remotelib error:HallPanel:50001:{"property": "SetLevel", "value": [23.45679012345679], "qualifier": {"code": "property does not exist"}}
2026-03-05 15:25:43 ERROR root remotelib error:BWDPanel:50001:{"property": "SetLevel", "value": [23.45679012345679], "qualifier": {"code": "property does not exist"}}
2026-03-05 15:25:43 ERROR root remotelib error:IC142Panel:50000:{"property": "SetText", "value": ["Step 20 of 81\ncreating device:BWDPanel\nbegin define devices\ndsp0 defined:DSP0\nvtc0 defined:VTC0\nswitch0 defined:Video Switcher"], "qualifier": {"code": "property does not exist"}}
2026-03-05 15:25:43 ERROR root remotelib error:IC143Panel:50000:{"property": "SetText", "value": ["Step 20 of 81\ncreating device:BWDPanel\nbegin define devices\ndsp0 defined:DSP0\nvtc0 defined:VTC0\nswitch0 defined:Video Switcher"], "qualifier": {"code": "property does not exist"}}
2026-03-05 15:25:43 ERROR root remotelib error:IC144Panel:50000:{"property": "SetText", "value": ["Step 20 of 81\ncreating device:BWDPanel\nbegin define devices\ndsp0 defined:DSP0\nvtc0 defined:VTC0\nswitch0 defined:Video Switcher"], "qualifier": {"code": "property does not exist"}}
2026-03-05 15:25:43 ERROR root remotelib error:BreakRmPanel:50000:{"property": "SetText", "value": ["Step 20 of 81\ncreating device:BWDPanel\nbegin define devices\ndsp0 defined:DSP0\nvtc0 defined:VTC0\nswitch0 defined:Video Switcher"], "qualifier": {"code": "property does not exist"}}
2026-03-05 15:25:43 ERROR root remotelib error:LobbyPanel:50000:{"property": "SetText", "value": ["Step 20 of 81\ncreating device:BWDPanel\nbegin define devices\ndsp0 defined:DSP0\nvtc0 defined:VTC0\nswitch0 defined:Video Switcher"], "qualifier": {"code": "property does not exist"}}
2026-03-05 15:25:43 ERROR root remotelib error:HallPanel:50000:{"property": "SetText", "value": ["Step 20 of 81\ncreating device:BWDPanel\nbegin define devices\ndsp0 defined:DSP0\nvtc0 defined:VTC0\nswitch0 defined:Video Switcher"], "qualifier": {"code": "property does not exist"}}
2026-03-05 15:25:43 ERROR root remotelib error:BWDPanel:50000:{"property": "SetText", "value": ["Step 20 of 81\ncreating device:BWDPanel\nbegin define devices\ndsp0 defined:DSP0\nvtc0 defined:VTC0\nswitch0 defined:Video Switcher"], "qualifier": {"code": "property does not exist"}}
2026-03-05 15:25:43 ERROR root remotelib error:IC142Panel:50001:{"property": "SetLevel", "value": [24.691358024691358], "qualifier": {"code": "property does not exist"}}
2026-03-05 15:25:43 ERROR root remotelib error:IC143Panel:50001:{"property": "SetLevel", "value": [24.691358024691358], "qualifier": {"code": "property does not exist"}}
2026-03-05 15:25:43 ERROR root remotelib error:IC144Panel:50001:{"property": "SetLevel", "value": [24.691358024691358], "qualifier": {"code": "property does not exist"}}
2026-03-05 15:25:43 ERROR root remotelib error:BreakRmPanel:50001:{"property": "SetLevel", "value": [24.691358024691358], "qualifier": {"code": "property does not exist"}}
2026-03-05 15:25:43 ERROR root remotelib error:HallPanel:50001:{"property": "SetLevel", "value": [24.691358024691358], "qualifier": {"code": "property does not exist"}}
2026-03-05 15:25:43 ERROR root remotelib error:LobbyPanel:50001:{"property": "SetLevel", "value": [24.691358024691358], "qualifier": {"code": "property does not exist"}}
2026-03-05 15:25:43 ERROR root remotelib error:BWDPanel:50001:{"property": "SetLevel", "value": [24.691358024691358], "qualifier": {"code": "property does not exist"}}
2026-03-05 15:25:43 ERROR root remotelib error:IC142Panel:50000:{"property": "SetText", "value": ["Step 21 of 81\nbegin define devices\ndsp0 defined:DSP0\nvtc0 defined:VTC0\nswitch0 defined:Video Switcher\ncreating device:spd0"], "qualifier": {"code": "property does not exist"}}
2026-03-05 15:25:43 ERROR root remotelib error:IC144Panel:50000:{"property": "SetText", "value": ["Step 21 of 81\nbegin define devices\ndsp0 defined:DSP0\nvtc0 defined:VTC0\nswitch0 defined:Video Switcher\ncreating device:spd0"], "qualifier": {"code": "property does not exist"}}
2026-03-05 15:25:43 ERROR root remotelib error:IC143Panel:50000:{"property": "SetText", "value": ["Step 21 of 81\nbegin define devices\ndsp0 defined:DSP0\nvtc0 defined:VTC0\nswitch0 defined:Video Switcher\ncreating device:spd0"], "qualifier": {"code": "property does not exist"}}
2026-03-05 15:25:43 ERROR root remotelib error:BreakRmPanel:50000:{"property": "SetText", "value": ["Step 21 of 81\nbegin define devices\ndsp0 defined:DSP0\nvtc0 defined:VTC0\nswitch0 defined:Video Switcher\ncreating device:spd0"], "qualifier": {"code": "property does not exist"}}
2026-03-05 15:25:43 ERROR root remotelib error:LobbyPanel:50000:{"property": "SetText", "value": ["Step 21 of 81\nbegin define devices\ndsp0 defined:DSP0\nvtc0 defined:VTC0\nswitch0 defined:Video Switcher\ncreating device:spd0"], "qualifier": {"code": "property does not exist"}}
2026-03-05 15:25:43 ERROR root remotelib error:BWDPanel:50000:{"property": "SetText", "value": ["Step 21 of 81\nbegin define devices\ndsp0 defined:DSP0\nvtc0 defined:VTC0\nswitch0 defined:Video Switcher\ncreating device:spd0"], "qualifier": {"code": "property does not exist"}}
2026-03-05 15:25:43 ERROR root remotelib error:HallPanel:50000:{"property": "SetText", "value": ["Step 21 of 81\nbegin define devices\ndsp0 defined:DSP0\nvtc0 defined:VTC0\nswitch0 defined:Video Switcher\ncreating device:spd0"], "qualifier": {"code": "property does not exist"}}
2026-03-05 15:25:43 ERROR root remotelib error:IC142Panel:50001:{"property": "SetLevel", "value": [25.925925925925927], "qualifier": {"code": "property does not exist"}}
2026-03-05 15:25:43 ERROR root remotelib error:IC143Panel:50001:{"property": "SetLevel", "value": [25.925925925925927], "qualifier": {"code": "property does not exist"}}
2026-03-05 15:25:43 ERROR root remotelib error:IC144Panel:50001:{"property": "SetLevel", "value": [25.925925925925927], "qualifier": {"code": "property does not exist"}}
2026-03-05 15:25:43 ERROR root remotelib error:BreakRmPanel:50001:{"property": "SetLevel", "value": [25.925925925925927], "qualifier": {"code": "property does not exist"}}
2026-03-05 15:25:43 ERROR root remotelib error:LobbyPanel:50001:{"property": "SetLevel", "value": [25.925925925925927], "qualifier": {"code": "property does not exist"}}
2026-03-05 15:25:43 ERROR root remotelib error:HallPanel:50001:{"property": "SetLevel", "value": [25.925925925925927], "qualifier": {"code": "property does not exist"}}
2026-03-05 15:25:43 ERROR root remotelib error:BWDPanel:50001:{"property": "SetLevel", "value": [25.925925925925927], "qualifier": {"code": "property does not exist"}}
2026-03-05 15:25:49 ERROR root Debug Server restarted:Listening
2026-03-05 15:25:52 ERROR root Device 2-0 (None)  SPInterface Operable Unavailable port :AVI1 , connections status: Offline
2026-03-05 15:25:52 ERROR root remotelib error:IC142Panel:50000:{"property": "SetText", "value": ["Step 22 of 81\ndsp0 defined:DSP0\nvtc0 defined:VTC0\nswitch0 defined:Video Switcher\ncreating device:spd0\nswitch1 defined:switch1"], "qualifier": {"code": "property does not exist"}}
2026-03-05 15:25:52 ERROR root remotelib error:IC143Panel:50000:{"property": "SetText", "value": ["Step 22 of 81\ndsp0 defined:DSP0\nvtc0 defined:VTC0\nswitch0 defined:Video Switcher\ncreating device:spd0\nswitch1 defined:switch1"], "qualifier": {"code": "property does not exist"}}
2026-03-05 15:25:52 ERROR root remotelib error:IC144Panel:50000:{"property": "SetText", "value": ["Step 22 of 81\ndsp0 defined:DSP0\nvtc0 defined:VTC0\nswitch0 defined:Video Switcher\ncreating device:spd0\nswitch1 defined:switch1"], "qualifier": {"code": "property does not exist"}}
2026-03-05 15:25:52 ERROR root remotelib error:BreakRmPanel:50000:{"property": "SetText", "value": ["Step 22 of 81\ndsp0 defined:DSP0\nvtc0 defined:VTC0\nswitch0 defined:Video Switcher\ncreating device:spd0\nswitch1 defined:switch1"], "qualifier": {"code": "property does not exist"}}
2026-03-05 15:25:52 ERROR root remotelib error:LobbyPanel:50000:{"property": "SetText", "value": ["Step 22 of 81\ndsp0 defined:DSP0\nvtc0 defined:VTC0\nswitch0 defined:Video Switcher\ncreating device:spd0\nswitch1 defined:switch1"], "qualifier": {"code": "property does not exist"}}
2026-03-05 15:25:52 ERROR root remotelib error:HallPanel:50000:{"property": "SetText", "value": ["Step 22 of 81\ndsp0 defined:DSP0\nvtc0 defined:VTC0\nswitch0 defined:Video Switcher\ncreating device:spd0\nswitch1 defined:switch1"], "qualifier": {"code": "property does not exist"}}
2026-03-05 15:25:52 ERROR root remotelib error:BWDPanel:50000:{"property": "SetText", "value": ["Step 22 of 81\ndsp0 defined:DSP0\nvtc0 defined:VTC0\nswitch0 defined:Video Switcher\ncreating device:spd0\nswitch1 defined:switch1"], "qualifier": {"code": "property does not exist"}}
2026-03-05 15:25:52 ERROR root remotelib error:IC143Panel:50001:{"property": "SetLevel", "value": [27.160493827160494], "qualifier": {"code": "property does not exist"}}
2026-03-05 15:25:52 ERROR root remotelib error:IC142Panel:50001:{"property": "SetLevel", "value": [27.160493827160494], "qualifier": {"code": "property does not exist"}}
2026-03-05 15:25:52 ERROR root remotelib error:IC144Panel:50001:{"property": "SetLevel", "value": [27.160493827160494], "qualifier": {"code": "property does not exist"}}
2026-03-05 15:25:52 ERROR root remotelib error:BreakRmPanel:50001:{"property": "SetLevel", "value": [27.160493827160494], "qualifier": {"code": "property does not exist"}}
2026-03-05 15:25:52 ERROR root remotelib error:LobbyPanel:50001:{"property": "SetLevel", "value": [27.160493827160494], "qualifier": {"code": "property does not exist"}}
2026-03-05 15:25:52 ERROR root remotelib error:BWDPanel:50001:{"property": "SetLevel", "value": [27.160493827160494], "qualifier": {"code": "property does not exist"}}
2026-03-05 15:25:52 ERROR root remotelib error:HallPanel:50001:{"property": "SetLevel", "value": [27.160493827160494], "qualifier": {"code": "property does not exist"}}
2026-03-05 15:25:52 ERROR root remotelib error:IC143Panel:50000:{"property": "SetText", "value": ["Step 23 of 81\nvtc0 defined:VTC0\nswitch0 defined:Video Switcher\ncreating device:spd0\nswitch1 defined:switch1\ndisplay0 defined:Display"], "qualifier": {"code": "property does not exist"}}
2026-03-05 15:25:52 ERROR root remotelib error:IC142Panel:50000:{"property": "SetText", "value": ["Step 23 of 81\nvtc0 defined:VTC0\nswitch0 defined:Video Switcher\ncreating device:spd0\nswitch1 defined:switch1\ndisplay0 defined:Display"], "qualifier": {"code": "property does not exist"}}
2026-03-05 15:25:52 ERROR root remotelib error:IC144Panel:50000:{"property": "SetText", "value": ["Step 23 of 81\nvtc0 defined:VTC0\nswitch0 defined:Video Switcher\ncreating device:spd0\nswitch1 defined:switch1\ndisplay0 defined:Display"], "qualifier": {"code": "property does not exist"}}
2026-03-05 15:25:52 ERROR root remotelib error:BreakRmPanel:50000:{"property": "SetText", "value": ["Step 23 of 81\nvtc0 defined:VTC0\nswitch0 defined:Video Switcher\ncreating device:spd0\nswitch1 defined:switch1\ndisplay0 defined:Display"], "qualifier": {"code": "property does not exist"}}
2026-03-05 15:25:52 ERROR root remotelib error:HallPanel:50000:{"property": "SetText", "value": ["Step 23 of 81\nvtc0 defined:VTC0\nswitch0 defined:Video Switcher\ncreating device:spd0\nswitch1 defined:switch1\ndisplay0 defined:Display"], "qualifier": {"code": "property does not exist"}}
2026-03-05 15:25:52 ERROR root remotelib error:LobbyPanel:50000:{"property": "SetText", "value": ["Step 23 of 81\nvtc0 defined:VTC0\nswitch0 defined:Video Switcher\ncreating device:spd0\nswitch1 defined:switch1\ndisplay0 defined:Display"], "qualifier": {"code": "property does not exist"}}
2026-03-05 15:25:52 ERROR root remotelib error:BWDPanel:50000:{"property": "SetText", "value": ["Step 23 of 81\nvtc0 defined:VTC0\nswitch0 defined:Video Switcher\ncreating device:spd0\nswitch1 defined:switch1\ndisplay0 defined:Display"], "qualifier": {"code": "property does not exist"}}
2026-03-05 15:25:52 ERROR root remotelib error:IC142Panel:50001:{"property": "SetLevel", "value": [28.395061728395063], "qualifier": {"code": "property does not exist"}}
2026-03-05 15:25:52 ERROR root remotelib error:IC143Panel:50001:{"property": "SetLevel", "value": [28.395061728395063], "qualifier": {"code": "property does not exist"}}
2026-03-05 15:25:52 ERROR root remotelib error:IC144Panel:50001:{"property": "SetLevel", "value": [28.395061728395063], "qualifier": {"code": "property does not exist"}}
2026-03-05 15:25:52 ERROR root remotelib error:BreakRmPanel:50001:{"property": "SetLevel", "value": [28.395061728395063], "qualifier": {"code": "property does not exist"}}
2026-03-05 15:25:52 ERROR root remotelib error:LobbyPanel:50001:{"property": "SetLevel", "value": [28.395061728395063], "qualifier": {"code": "property does not exist"}}
2026-03-05 15:25:52 ERROR root remotelib error:HallPanel:50001:{"property": "SetLevel", "value": [28.395061728395063], "qualifier": {"code": "property does not exist"}}
2026-03-05 15:25:52 ERROR root remotelib error:BWDPanel:50001:{"property": "SetLevel", "value": [28.395061728395063], "qualifier": {"code": "property does not exist"}}
2026-03-05 15:25:52 ERROR root remotelib error:IC142Panel:50000:{"property": "SetText", "value": ["Step 24 of 81\nswitch0 defined:Video Switcher\ncreating device:spd0\nswitch1 defined:switch1\ndisplay0 defined:Display\ncreating device:spd1"], "qualifier": {"code": "property does not exist"}}
2026-03-05 15:25:52 ERROR root remotelib error:IC143Panel:50000:{"property": "SetText", "value": ["Step 24 of 81\nswitch0 defined:Video Switcher\ncreating device:spd0\nswitch1 defined:switch1\ndisplay0 defined:Display\ncreating device:spd1"], "qualifier": {"code": "property does not exist"}}
2026-03-05 15:25:52 ERROR root remotelib error:IC144Panel:50000:{"property": "SetText", "value": ["Step 24 of 81\nswitch0 defined:Video Switcher\ncreating device:spd0\nswitch1 defined:switch1\ndisplay0 defined:Display\ncreating device:spd1"], "qualifier": {"code": "property does not exist"}}
2026-03-05 15:25:52 ERROR root remotelib error:BreakRmPanel:50000:{"property": "SetText", "value": ["Step 24 of 81\nswitch0 defined:Video Switcher\ncreating device:spd0\nswitch1 defined:switch1\ndisplay0 defined:Display\ncreating device:spd1"], "qualifier": {"code": "property does not exist"}}
2026-03-05 15:25:52 ERROR root remotelib error:LobbyPanel:50000:{"property": "SetText", "value": ["Step 24 of 81\nswitch0 defined:Video Switcher\ncreating device:spd0\nswitch1 defined:switch1\ndisplay0 defined:Display\ncreating device:spd1"], "qualifier": {"code": "property does not exist"}}
2026-03-05 15:25:52 ERROR root remotelib error:HallPanel:50000:{"property": "SetText", "value": ["Step 24 of 81\nswitch0 defined:Video Switcher\ncreating device:spd0\nswitch1 defined:switch1\ndisplay0 defined:Display\ncreating device:spd1"], "qualifier": {"code": "property does not exist"}}
2026-03-05 15:25:52 ERROR root remotelib error:BWDPanel:50000:{"property": "SetText", "value": ["Step 24 of 81\nswitch0 defined:Video Switcher\ncreating device:spd0\nswitch1 defined:switch1\ndisplay0 defined:Display\ncreating device:spd1"], "qualifier": {"code": "property does not exist"}}
2026-03-05 15:25:52 ERROR root remotelib error:IC142Panel:50001:{"property": "SetLevel", "value": [29.62962962962963], "qualifier": {"code": "property does not exist"}}
2026-03-05 15:25:52 ERROR root remotelib error:IC143Panel:50001:{"property": "SetLevel", "value": [29.62962962962963], "qualifier": {"code": "property does not exist"}}
2026-03-05 15:25:52 ERROR root remotelib error:IC144Panel:50001:{"property": "SetLevel", "value": [29.62962962962963], "qualifier": {"code": "property does not exist"}}
2026-03-05 15:25:52 ERROR root remotelib error:BreakRmPanel:50001:{"property": "SetLevel", "value": [29.62962962962963], "qualifier": {"code": "property does not exist"}}
2026-03-05 15:25:52 ERROR root remotelib error:LobbyPanel:50001:{"property": "SetLevel", "value": [29.62962962962963], "qualifier": {"code": "property does not exist"}}
2026-03-05 15:25:52 ERROR root remotelib error:HallPanel:50001:{"property": "SetLevel", "value": [29.62962962962963], "qualifier": {"code": "property does not exist"}}
2026-03-05 15:25:52 ERROR root remotelib error:BWDPanel:50001:{"property": "SetLevel", "value": [29.62962962962963], "qualifier": {"code": "property does not exist"}}
2026-03-05 15:25:57 INFO root Device 22-0 VTLP sync handling began
2026-03-05 15:25:57 INFO root Device 22-0 VTLP sync handling ended
2026-03-05 15:25:57 INFO root Device 22-0 VTLP sync handling began
2026-03-05 15:25:57 INFO root Device 22-0 VTLP sync handling ended
2026-03-05 15:26:05 ERROR root SerialInterface spd1:COM1 Unavailable Port: COM1
2026-03-05 15:26:05 ERROR root SerialInterface spd1:COM1Device 3-0 (None)  Unavailable Port: COM1 , connections status Offline
2026-03-05 15:26:05 ERROR root remotelib error:IC142Panel:50000:{"property": "SetText", "value": ["Step 25 of 81\ncreating device:spd0\nswitch1 defined:switch1\ndisplay0 defined:Display\ncreating device:spd1\ndisplay1 defined:Display"], "qualifier": {"code": "property does not exist"}}
2026-03-05 15:26:05 ERROR root remotelib error:IC143Panel:50000:{"property": "SetText", "value": ["Step 25 of 81\ncreating device:spd0\nswitch1 defined:switch1\ndisplay0 defined:Display\ncreating device:spd1\ndisplay1 defined:Display"], "qualifier": {"code": "property does not exist"}}
2026-03-05 15:26:05 ERROR root remotelib error:IC144Panel:50000:{"property": "SetText", "value": ["Step 25 of 81\ncreating device:spd0\nswitch1 defined:switch1\ndisplay0 defined:Display\ncreating device:spd1\ndisplay1 defined:Display"], "qualifier": {"code": "property does not exist"}}
2026-03-05 15:26:05 ERROR root remotelib error:BreakRmPanel:50000:{"property": "SetText", "value": ["Step 25 of 81\ncreating device:spd0\nswitch1 defined:switch1\ndisplay0 defined:Display\ncreating device:spd1\ndisplay1 defined:Display"], "qualifier": {"code": "property does not exist"}}
2026-03-05 15:26:05 ERROR root remotelib error:LobbyPanel:50000:{"property": "SetText", "value": ["Step 25 of 81\ncreating device:spd0\nswitch1 defined:switch1\ndisplay0 defined:Display\ncreating device:spd1\ndisplay1 defined:Display"], "qualifier": {"code": "property does not exist"}}
2026-03-05 15:26:05 ERROR root remotelib error:HallPanel:50000:{"property": "SetText", "value": ["Step 25 of 81\ncreating device:spd0\nswitch1 defined:switch1\ndisplay0 defined:Display\ncreating device:spd1\ndisplay1 defined:Display"], "qualifier": {"code": "property does not exist"}}
2026-03-05 15:26:05 ERROR root remotelib error:BWDPanel:50000:{"property": "SetText", "value": ["Step 25 of 81\ncreating device:spd0\nswitch1 defined:switch1\ndisplay0 defined:Display\ncreating device:spd1\ndisplay1 defined:Display"], "qualifier": {"code": "property does not exist"}}
2026-03-05 15:26:05 ERROR root remotelib error:IC142Panel:50001:{"property": "SetLevel", "value": [30.864197530864196], "qualifier": {"code": "property does not exist"}}
2026-03-05 15:26:05 ERROR root remotelib error:IC143Panel:50001:{"property": "SetLevel", "value": [30.864197530864196], "qualifier": {"code": "property does not exist"}}
2026-03-05 15:26:05 ERROR root remotelib error:IC144Panel:50001:{"property": "SetLevel", "value": [30.864197530864196], "qualifier": {"code": "property does not exist"}}
2026-03-05 15:26:05 ERROR root remotelib error:BreakRmPanel:50001:{"property": "SetLevel", "value": [30.864197530864196], "qualifier": {"code": "property does not exist"}}
2026-03-05 15:26:05 ERROR root remotelib error:LobbyPanel:50001:{"property": "SetLevel", "value": [30.864197530864196], "qualifier": {"code": "property does not exist"}}
2026-03-05 15:26:05 ERROR root remotelib error:HallPanel:50001:{"property": "SetLevel", "value": [30.864197530864196], "qualifier": {"code": "property does not exist"}}
2026-03-05 15:26:05 ERROR root remotelib error:BWDPanel:50001:{"property": "SetLevel", "value": [30.864197530864196], "qualifier": {"code": "property does not exist"}}
2026-03-05 15:26:05 ERROR root remotelib error:IC142Panel:50000:{"property": "SetText", "value": ["Step 26 of 81\nswitch1 defined:switch1\ndisplay0 defined:Display\ncreating device:spd1\ndisplay1 defined:Display\ncreating device:spd2"], "qualifier": {"code": "property does not exist"}}
2026-03-05 15:26:05 ERROR root remotelib error:IC144Panel:50000:{"property": "SetText", "value": ["Step 26 of 81\nswitch1 defined:switch1\ndisplay0 defined:Display\ncreating device:spd1\ndisplay1 defined:Display\ncreating device:spd2"], "qualifier": {"code": "property does not exist"}}
2026-03-05 15:26:05 ERROR root remotelib error:IC143Panel:50000:{"property": "SetText", "value": ["Step 26 of 81\nswitch1 defined:switch1\ndisplay0 defined:Display\ncreating device:spd1\ndisplay1 defined:Display\ncreating device:spd2"], "qualifier": {"code": "property does not exist"}}
2026-03-05 15:26:05 ERROR root remotelib error:BreakRmPanel:50000:{"property": "SetText", "value": ["Step 26 of 81\nswitch1 defined:switch1\ndisplay0 defined:Display\ncreating device:spd1\ndisplay1 defined:Display\ncreating device:spd2"], "qualifier": {"code": "property does not exist"}}
2026-03-05 15:26:05 ERROR root remotelib error:LobbyPanel:50000:{"property": "SetText", "value": ["Step 26 of 81\nswitch1 defined:switch1\ndisplay0 defined:Display\ncreating device:spd1\ndisplay1 defined:Display\ncreating device:spd2"], "qualifier": {"code": "property does not exist"}}
2026-03-05 15:26:05 ERROR root remotelib error:HallPanel:50000:{"property": "SetText", "value": ["Step 26 of 81\nswitch1 defined:switch1\ndisplay0 defined:Display\ncreating device:spd1\ndisplay1 defined:Display\ncreating device:spd2"], "qualifier": {"code": "property does not exist"}}
2026-03-05 15:26:05 ERROR root remotelib error:BWDPanel:50000:{"property": "SetText", "value": ["Step 26 of 81\nswitch1 defined:switch1\ndisplay0 defined:Display\ncreating device:spd1\ndisplay1 defined:Display\ncreating device:spd2"], "qualifier": {"code": "property does not exist"}}
2026-03-05 15:26:05 ERROR root remotelib error:IC142Panel:50001:{"property": "SetLevel", "value": [32.098765432098766], "qualifier": {"code": "property does not exist"}}
2026-03-05 15:26:05 ERROR root remotelib error:IC143Panel:50001:{"property": "SetLevel", "value": [32.098765432098766], "qualifier": {"code": "property does not exist"}}
2026-03-05 15:26:05 ERROR root remotelib error:IC144Panel:50001:{"property": "SetLevel", "value": [32.098765432098766], "qualifier": {"code": "property does not exist"}}
2026-03-05 15:26:05 ERROR root remotelib error:BreakRmPanel:50001:{"property": "SetLevel", "value": [32.098765432098766], "qualifier": {"code": "property does not exist"}}
2026-03-05 15:26:05 ERROR root remotelib error:LobbyPanel:50001:{"property": "SetLevel", "value": [32.098765432098766], "qualifier": {"code": "property does not exist"}}
2026-03-05 15:26:05 ERROR root remotelib error:HallPanel:50001:{"property": "SetLevel", "value": [32.098765432098766], "qualifier": {"code": "property does not exist"}}
2026-03-05 15:26:05 ERROR root remotelib error:BWDPanel:50001:{"property": "SetLevel", "value": [32.098765432098766], "qualifier": {"code": "property does not exist"}}
2026-03-05 15:26:12 INFO root Device 22-0 VTLP sync handling began
2026-03-05 15:26:12 INFO root Device 22-0 VTLP sync handling ended
2026-03-05 15:26:12 INFO root Device 22-0 VTLP sync handling began
2026-03-05 15:26:12 INFO root Device 22-0 VTLP sync handling ended
2026-03-05 15:26:17 ERROR root SerialInterface spd2:COM1 Unavailable Port: COM1
2026-03-05 15:26:17 ERROR root SerialInterface spd2:COM1Device 4-0 (None)  Unavailable Port: COM1 , connections status Offline
2026-03-05 15:26:17 ERROR root remotelib error:IC142Panel:50000:{"property": "SetText", "value": ["Step 27 of 81\ndisplay0 defined:Display\ncreating device:spd1\ndisplay1 defined:Display\ncreating device:spd2\ndisplay2 defined:Display"], "qualifier": {"code": "property does not exist"}}
2026-03-05 15:26:17 ERROR root remotelib error:IC143Panel:50000:{"property": "SetText", "value": ["Step 27 of 81\ndisplay0 defined:Display\ncreating device:spd1\ndisplay1 defined:Display\ncreating device:spd2\ndisplay2 defined:Display"], "qualifier": {"code": "property does not exist"}}
2026-03-05 15:26:17 ERROR root remotelib error:IC144Panel:50000:{"property": "SetText", "value": ["Step 27 of 81\ndisplay0 defined:Display\ncreating device:spd1\ndisplay1 defined:Display\ncreating device:spd2\ndisplay2 defined:Display"], "qualifier": {"code": "property does not exist"}}
2026-03-05 15:26:17 ERROR root remotelib error:BreakRmPanel:50000:{"property": "SetText", "value": ["Step 27 of 81\ndisplay0 defined:Display\ncreating device:spd1\ndisplay1 defined:Display\ncreating device:spd2\ndisplay2 defined:Display"], "qualifier": {"code": "property does not exist"}}
2026-03-05 15:26:17 ERROR root remotelib error:LobbyPanel:50000:{"property": "SetText", "value": ["Step 27 of 81\ndisplay0 defined:Display\ncreating device:spd1\ndisplay1 defined:Display\ncreating device:spd2\ndisplay2 defined:Display"], "qualifier": {"code": "property does not exist"}}
2026-03-05 15:26:17 ERROR root remotelib error:HallPanel:50000:{"property": "SetText", "value": ["Step 27 of 81\ndisplay0 defined:Display\ncreating device:spd1\ndisplay1 defined:Display\ncreating device:spd2\ndisplay2 defined:Display"], "qualifier": {"code": "property does not exist"}}
2026-03-05 15:26:17 ERROR root remotelib error:IC142Panel:50001:{"property": "SetLevel", "value": [33.333333333333336], "qualifier": {"code": "property does not exist"}}
2026-03-05 15:26:17 ERROR root remotelib error:BWDPanel:50000:{"property": "SetText", "value": ["Step 27 of 81\ndisplay0 defined:Display\ncreating device:spd1\ndisplay1 defined:Display\ncreating device:spd2\ndisplay2 defined:Display"], "qualifier": {"code": "property does not exist"}}
2026-03-05 15:26:17 ERROR root remotelib error:IC143Panel:50001:{"property": "SetLevel", "value": [33.333333333333336], "qualifier": {"code": "property does not exist"}}
2026-03-05 15:26:17 ERROR root remotelib error:IC144Panel:50001:{"property": "SetLevel", "value": [33.333333333333336], "qualifier": {"code": "property does not exist"}}
2026-03-05 15:26:17 ERROR root remotelib error:BreakRmPanel:50001:{"property": "SetLevel", "value": [33.333333333333336], "qualifier": {"code": "property does not exist"}}
2026-03-05 15:26:17 ERROR root remotelib error:LobbyPanel:50001:{"property": "SetLevel", "value": [33.333333333333336], "qualifier": {"code": "property does not exist"}}
2026-03-05 15:26:17 ERROR root remotelib error:HallPanel:50001:{"property": "SetLevel", "value": [33.333333333333336], "qualifier": {"code": "property does not exist"}}
2026-03-05 15:26:17 ERROR root remotelib error:BWDPanel:50001:{"property": "SetLevel", "value": [33.333333333333336], "qualifier": {"code": "property does not exist"}}
2026-03-05 15:26:17 ERROR root remotelib error:IC142Panel:50000:{"property": "SetText", "value": ["Step 28 of 81\ncreating device:spd1\ndisplay1 defined:Display\ncreating device:spd2\ndisplay2 defined:Display\ncreating device:spd3"], "qualifier": {"code": "property does not exist"}}
2026-03-05 15:26:17 ERROR root remotelib error:IC144Panel:50000:{"property": "SetText", "value": ["Step 28 of 81\ncreating device:spd1\ndisplay1 defined:Display\ncreating device:spd2\ndisplay2 defined:Display\ncreating device:spd3"], "qualifier": {"code": "property does not exist"}}
2026-03-05 15:26:17 ERROR root remotelib error:IC143Panel:50000:{"property": "SetText", "value": ["Step 28 of 81\ncreating device:spd1\ndisplay1 defined:Display\ncreating device:spd2\ndisplay2 defined:Display\ncreating device:spd3"], "qualifier": {"code": "property does not exist"}}
2026-03-05 15:26:17 ERROR root remotelib error:BreakRmPanel:50000:{"property": "SetText", "value": ["Step 28 of 81\ncreating device:spd1\ndisplay1 defined:Display\ncreating device:spd2\ndisplay2 defined:Display\ncreating device:spd3"], "qualifier": {"code": "property does not exist"}}
2026-03-05 15:26:17 ERROR root remotelib error:LobbyPanel:50000:{"property": "SetText", "value": ["Step 28 of 81\ncreating device:spd1\ndisplay1 defined:Display\ncreating device:spd2\ndisplay2 defined:Display\ncreating device:spd3"], "qualifier": {"code": "property does not exist"}}
2026-03-05 15:26:17 ERROR root remotelib error:HallPanel:50000:{"property": "SetText", "value": ["Step 28 of 81\ncreating device:spd1\ndisplay1 defined:Display\ncreating device:spd2\ndisplay2 defined:Display\ncreating device:spd3"], "qualifier": {"code": "property does not exist"}}
2026-03-05 15:26:17 ERROR root remotelib error:BWDPanel:50000:{"property": "SetText", "value": ["Step 28 of 81\ncreating device:spd1\ndisplay1 defined:Display\ncreating device:spd2\ndisplay2 defined:Display\ncreating device:spd3"], "qualifier": {"code": "property does not exist"}}
2026-03-05 15:26:17 ERROR root remotelib error:IC143Panel:50001:{"property": "SetLevel", "value": [34.5679012345679], "qualifier": {"code": "property does not exist"}}
2026-03-05 15:26:17 ERROR root remotelib error:IC142Panel:50001:{"property": "SetLevel", "value": [34.5679012345679], "qualifier": {"code": "property does not exist"}}
2026-03-05 15:26:17 ERROR root remotelib error:IC144Panel:50001:{"property": "SetLevel", "value": [34.5679012345679], "qualifier": {"code": "property does not exist"}}
2026-03-05 15:26:17 ERROR root remotelib error:BreakRmPanel:50001:{"property": "SetLevel", "value": [34.5679012345679], "qualifier": {"code": "property does not exist"}}
2026-03-05 15:26:17 ERROR root remotelib error:LobbyPanel:50001:{"property": "SetLevel", "value": [34.5679012345679], "qualifier": {"code": "property does not exist"}}
2026-03-05 15:26:17 ERROR root remotelib error:HallPanel:50001:{"property": "SetLevel", "value": [34.5679012345679], "qualifier": {"code": "property does not exist"}}
2026-03-05 15:26:17 ERROR root remotelib error:BWDPanel:50001:{"property": "SetLevel", "value": [34.5679012345679], "qualifier": {"code": "property does not exist"}}
2026-03-05 15:26:19 ERROR root Debug Server restarted:Listening
2026-03-05 15:26:27 INFO root Device 22-0 VTLP sync handling began
2026-03-05 15:26:27 INFO root Device 22-0 VTLP sync handling ended
2026-03-05 15:26:27 INFO root Device 22-0 VTLP sync handling began
2026-03-05 15:26:27 INFO root Device 22-0 VTLP sync handling ended
2026-03-05 15:26:29 ERROR root SerialInterface spd3:COM1 Unavailable Port: COM1
2026-03-05 15:26:29 ERROR root SerialInterface spd3:COM1Device 5-0 (None)  Unavailable Port: COM1 , connections status Offline
2026-03-05 15:26:29 ERROR root remotelib error:IC142Panel:50000:{"property": "SetText", "value": ["Step 29 of 81\ndisplay1 defined:Display\ncreating device:spd2\ndisplay2 defined:Display\ncreating device:spd3\ndisplay3 defined:Display"], "qualifier": {"code": "property does not exist"}}
2026-03-05 15:26:29 ERROR root remotelib error:IC143Panel:50000:{"property": "SetText", "value": ["Step 29 of 81\ndisplay1 defined:Display\ncreating device:spd2\ndisplay2 defined:Display\ncreating device:spd3\ndisplay3 defined:Display"], "qualifier": {"code": "property does not exist"}}
2026-03-05 15:26:29 ERROR root remotelib error:IC144Panel:50000:{"property": "SetText", "value": ["Step 29 of 81\ndisplay1 defined:Display\ncreating device:spd2\ndisplay2 defined:Display\ncreating device:spd3\ndisplay3 defined:Display"], "qualifier": {"code": "property does not exist"}}
2026-03-05 15:26:29 ERROR root remotelib error:BreakRmPanel:50000:{"property": "SetText", "value": ["Step 29 of 81\ndisplay1 defined:Display\ncreating device:spd2\ndisplay2 defined:Display\ncreating device:spd3\ndisplay3 defined:Display"], "qualifier": {"code": "property does not exist"}}
2026-03-05 15:26:29 ERROR root remotelib error:HallPanel:50000:{"property": "SetText", "value": ["Step 29 of 81\ndisplay1 defined:Display\ncreating device:spd2\ndisplay2 defined:Display\ncreating device:spd3\ndisplay3 defined:Display"], "qualifier": {"code": "property does not exist"}}
2026-03-05 15:26:29 ERROR root remotelib error:LobbyPanel:50000:{"property": "SetText", "value": ["Step 29 of 81\ndisplay1 defined:Display\ncreating device:spd2\ndisplay2 defined:Display\ncreating device:spd3\ndisplay3 defined:Display"], "qualifier": {"code": "property does not exist"}}
2026-03-05 15:26:29 ERROR root remotelib error:BWDPanel:50000:{"property": "SetText", "value": ["Step 29 of 81\ndisplay1 defined:Display\ncreating device:spd2\ndisplay2 defined:Display\ncreating device:spd3\ndisplay3 defined:Display"], "qualifier": {"code": "property does not exist"}}
2026-03-05 15:26:29 ERROR root remotelib error:IC142Panel:50001:{"property": "SetLevel", "value": [35.80246913580247], "qualifier": {"code": "property does not exist"}}
2026-03-05 15:26:29 ERROR root remotelib error:IC144Panel:50001:{"property": "SetLevel", "value": [35.80246913580247], "qualifier": {"code": "property does not exist"}}
2026-03-05 15:26:29 ERROR root remotelib error:IC143Panel:50001:{"property": "SetLevel", "value": [35.80246913580247], "qualifier": {"code": "property does not exist"}}
2026-03-05 15:26:29 ERROR root remotelib error:BreakRmPanel:50001:{"property": "SetLevel", "value": [35.80246913580247], "qualifier": {"code": "property does not exist"}}
2026-03-05 15:26:29 ERROR root remotelib error:LobbyPanel:50001:{"property": "SetLevel", "value": [35.80246913580247], "qualifier": {"code": "property does not exist"}}
2026-03-05 15:26:29 ERROR root remotelib error:HallPanel:50001:{"property": "SetLevel", "value": [35.80246913580247], "qualifier": {"code": "property does not exist"}}
2026-03-05 15:26:29 ERROR root remotelib error:BWDPanel:50001:{"property": "SetLevel", "value": [35.80246913580247], "qualifier": {"code": "property does not exist"}}
2026-03-05 15:26:29 ERROR root remotelib error:IC142Panel:50000:{"property": "SetText", "value": ["Step 30 of 81\ncreating device:spd2\ndisplay2 defined:Display\ncreating device:spd3\ndisplay3 defined:Display\ncreating device:spd4"], "qualifier": {"code": "property does not exist"}}
2026-03-05 15:26:29 ERROR root remotelib error:IC143Panel:50000:{"property": "SetText", "value": ["Step 30 of 81\ncreating device:spd2\ndisplay2 defined:Display\ncreating device:spd3\ndisplay3 defined:Display\ncreating device:spd4"], "qualifier": {"code": "property does not exist"}}
2026-03-05 15:26:29 ERROR root remotelib error:IC144Panel:50000:{"property": "SetText", "value": ["Step 30 of 81\ncreating device:spd2\ndisplay2 defined:Display\ncreating device:spd3\ndisplay3 defined:Display\ncreating device:spd4"], "qualifier": {"code": "property does not exist"}}
2026-03-05 15:26:29 ERROR root remotelib error:BreakRmPanel:50000:{"property": "SetText", "value": ["Step 30 of 81\ncreating device:spd2\ndisplay2 defined:Display\ncreating device:spd3\ndisplay3 defined:Display\ncreating device:spd4"], "qualifier": {"code": "property does not exist"}}
2026-03-05 15:26:29 ERROR root remotelib error:LobbyPanel:50000:{"property": "SetText", "value": ["Step 30 of 81\ncreating device:spd2\ndisplay2 defined:Display\ncreating device:spd3\ndisplay3 defined:Display\ncreating device:spd4"], "qualifier": {"code": "property does not exist"}}
2026-03-05 15:26:29 ERROR root remotelib error:HallPanel:50000:{"property": "SetText", "value": ["Step 30 of 81\ncreating device:spd2\ndisplay2 defined:Display\ncreating device:spd3\ndisplay3 defined:Display\ncreating device:spd4"], "qualifier": {"code": "property does not exist"}}
2026-03-05 15:26:29 ERROR root remotelib error:BWDPanel:50000:{"property": "SetText", "value": ["Step 30 of 81\ncreating device:spd2\ndisplay2 defined:Display\ncreating device:spd3\ndisplay3 defined:Display\ncreating device:spd4"], "qualifier": {"code": "property does not exist"}}
2026-03-05 15:26:29 ERROR root remotelib error:IC142Panel:50001:{"property": "SetLevel", "value": [37.03703703703704], "qualifier": {"code": "property does not exist"}}
2026-03-05 15:26:29 ERROR root remotelib error:IC143Panel:50001:{"property": "SetLevel", "value": [37.03703703703704], "qualifier": {"code": "property does not exist"}}
2026-03-05 15:26:29 ERROR root remotelib error:IC144Panel:50001:{"property": "SetLevel", "value": [37.03703703703704], "qualifier": {"code": "property does not exist"}}
2026-03-05 15:26:29 ERROR root remotelib error:BreakRmPanel:50001:{"property": "SetLevel", "value": [37.03703703703704], "qualifier": {"code": "property does not exist"}}
2026-03-05 15:26:29 ERROR root remotelib error:LobbyPanel:50001:{"property": "SetLevel", "value": [37.03703703703704], "qualifier": {"code": "property does not exist"}}
2026-03-05 15:26:29 ERROR root remotelib error:HallPanel:50001:{"property": "SetLevel", "value": [37.03703703703704], "qualifier": {"code": "property does not exist"}}
2026-03-05 15:26:29 ERROR root remotelib error:BWDPanel:50001:{"property": "SetLevel", "value": [37.03703703703704], "qualifier": {"code": "property does not exist"}}
2026-03-05 15:26:41 ERROR root SerialInterface spd4:COM1 Unavailable Port: COM1
2026-03-05 15:26:41 ERROR root SerialInterface spd4:COM1Device 6-0 (None)  Unavailable Port: COM1 , connections status Offline
2026-03-05 15:26:42 ERROR root remotelib error:IC142Panel:50000:{"property": "SetText", "value": ["Step 31 of 81\ndisplay2 defined:Display\ncreating device:spd3\ndisplay3 defined:Display\ncreating device:spd4\ndisplay4 defined:Display"], "qualifier": {"code": "property does not exist"}}
2026-03-05 15:26:42 ERROR root remotelib error:IC143Panel:50000:{"property": "SetText", "value": ["Step 31 of 81\ndisplay2 defined:Display\ncreating device:spd3\ndisplay3 defined:Display\ncreating device:spd4\ndisplay4 defined:Display"], "qualifier": {"code": "property does not exist"}}
2026-03-05 15:26:42 ERROR root remotelib error:IC144Panel:50000:{"property": "SetText", "value": ["Step 31 of 81\ndisplay2 defined:Display\ncreating device:spd3\ndisplay3 defined:Display\ncreating device:spd4\ndisplay4 defined:Display"], "qualifier": {"code": "property does not exist"}}
2026-03-05 15:26:42 ERROR root remotelib error:BreakRmPanel:50000:{"property": "SetText", "value": ["Step 31 of 81\ndisplay2 defined:Display\ncreating device:spd3\ndisplay3 defined:Display\ncreating device:spd4\ndisplay4 defined:Display"], "qualifier": {"code": "property does not exist"}}
2026-03-05 15:26:42 ERROR root remotelib error:LobbyPanel:50000:{"property": "SetText", "value": ["Step 31 of 81\ndisplay2 defined:Display\ncreating device:spd3\ndisplay3 defined:Display\ncreating device:spd4\ndisplay4 defined:Display"], "qualifier": {"code": "property does not exist"}}
2026-03-05 15:26:42 ERROR root remotelib error:HallPanel:50000:{"property": "SetText", "value": ["Step 31 of 81\ndisplay2 defined:Display\ncreating device:spd3\ndisplay3 defined:Display\ncreating device:spd4\ndisplay4 defined:Display"], "qualifier": {"code": "property does not exist"}}
2026-03-05 15:26:42 ERROR root remotelib error:BWDPanel:50000:{"property": "SetText", "value": ["Step 31 of 81\ndisplay2 defined:Display\ncreating device:spd3\ndisplay3 defined:Display\ncreating device:spd4\ndisplay4 defined:Display"], "qualifier": {"code": "property does not exist"}}
2026-03-05 15:26:42 ERROR root remotelib error:IC143Panel:50001:{"property": "SetLevel", "value": [38.27160493827161], "qualifier": {"code": "property does not exist"}}
2026-03-05 15:26:42 ERROR root remotelib error:IC142Panel:50001:{"property": "SetLevel", "value": [38.27160493827161], "qualifier": {"code": "property does not exist"}}
2026-03-05 15:26:42 ERROR root remotelib error:IC144Panel:50001:{"property": "SetLevel", "value": [38.27160493827161], "qualifier": {"code": "property does not exist"}}
2026-03-05 15:26:42 ERROR root remotelib error:BreakRmPanel:50001:{"property": "SetLevel", "value": [38.27160493827161], "qualifier": {"code": "property does not exist"}}
2026-03-05 15:26:42 ERROR root remotelib error:LobbyPanel:50001:{"property": "SetLevel", "value": [38.27160493827161], "qualifier": {"code": "property does not exist"}}
2026-03-05 15:26:42 ERROR root remotelib error:HallPanel:50001:{"property": "SetLevel", "value": [38.27160493827161], "qualifier": {"code": "property does not exist"}}
2026-03-05 15:26:42 ERROR root remotelib error:BWDPanel:50001:{"property": "SetLevel", "value": [38.27160493827161], "qualifier": {"code": "property does not exist"}}
2026-03-05 15:26:42 ERROR root remotelib error:IC142Panel:50000:{"property": "SetText", "value": ["Step 32 of 81\ncreating device:spd3\ndisplay3 defined:Display\ncreating device:spd4\ndisplay4 defined:Display\ncreating device:spd5"], "qualifier": {"code": "property does not exist"}}
2026-03-05 15:26:42 ERROR root remotelib error:IC143Panel:50000:{"property": "SetText", "value": ["Step 32 of 81\ncreating device:spd3\ndisplay3 defined:Display\ncreating device:spd4\ndisplay4 defined:Display\ncreating device:spd5"], "qualifier": {"code": "property does not exist"}}
2026-03-05 15:26:42 ERROR root remotelib error:IC144Panel:50000:{"property": "SetText", "value": ["Step 32 of 81\ncreating device:spd3\ndisplay3 defined:Display\ncreating device:spd4\ndisplay4 defined:Display\ncreating device:spd5"], "qualifier": {"code": "property does not exist"}}
2026-03-05 15:26:42 ERROR root remotelib error:BreakRmPanel:50000:{"property": "SetText", "value": ["Step 32 of 81\ncreating device:spd3\ndisplay3 defined:Display\ncreating device:spd4\ndisplay4 defined:Display\ncreating device:spd5"], "qualifier": {"code": "property does not exist"}}
2026-03-05 15:26:42 ERROR root remotelib error:LobbyPanel:50000:{"property": "SetText", "value": ["Step 32 of 81\ncreating device:spd3\ndisplay3 defined:Display\ncreating device:spd4\ndisplay4 defined:Display\ncreating device:spd5"], "qualifier": {"code": "property does not exist"}}
2026-03-05 15:26:42 ERROR root remotelib error:IC142Panel:50001:{"property": "SetLevel", "value": [39.50617283950617], "qualifier": {"code": "property does not exist"}}
2026-03-05 15:26:42 ERROR root remotelib error:HallPanel:50000:{"property": "SetText", "value": ["Step 32 of 81\ncreating device:spd3\ndisplay3 defined:Display\ncreating device:spd4\ndisplay4 defined:Display\ncreating device:spd5"], "qualifier": {"code": "property does not exist"}}
2026-03-05 15:26:42 ERROR root remotelib error:BWDPanel:50000:{"property": "SetText", "value": ["Step 32 of 81\ncreating device:spd3\ndisplay3 defined:Display\ncreating device:spd4\ndisplay4 defined:Display\ncreating device:spd5"], "qualifier": {"code": "property does not exist"}}
2026-03-05 15:26:42 ERROR root remotelib error:IC143Panel:50001:{"property": "SetLevel", "value": [39.50617283950617], "qualifier": {"code": "property does not exist"}}
2026-03-05 15:26:42 ERROR root remotelib error:IC144Panel:50001:{"property": "SetLevel", "value": [39.50617283950617], "qualifier": {"code": "property does not exist"}}
2026-03-05 15:26:42 ERROR root remotelib error:BreakRmPanel:50001:{"property": "SetLevel", "value": [39.50617283950617], "qualifier": {"code": "property does not exist"}}
2026-03-05 15:26:42 ERROR root remotelib error:LobbyPanel:50001:{"property": "SetLevel", "value": [39.50617283950617], "qualifier": {"code": "property does not exist"}}
2026-03-05 15:26:42 ERROR root remotelib error:HallPanel:50001:{"property": "SetLevel", "value": [39.50617283950617], "qualifier": {"code": "property does not exist"}}
2026-03-05 15:26:42 ERROR root remotelib error:BWDPanel:50001:{"property": "SetLevel", "value": [39.50617283950617], "qualifier": {"code": "property does not exist"}}
2026-03-05 15:26:42 INFO root Device 22-0 VTLP sync handling began
2026-03-05 15:26:42 INFO root Device 22-0 VTLP sync handling ended
2026-03-05 15:26:42 INFO root Device 22-0 VTLP sync handling began
2026-03-05 15:26:42 INFO root Device 22-0 VTLP sync handling ended
2026-03-05 15:26:49 ERROR root Debug Server restarted:Listening
2026-03-05 15:26:54 ERROR root SerialInterface spd5:COM1 Unavailable Port: COM1
2026-03-05 15:26:54 ERROR root SerialInterface spd5:COM1Device 7-0 (None)  Unavailable Port: COM1 , connections status Offline
2026-03-05 15:26:54 ERROR root remotelib error:IC142Panel:50000:{"property": "SetText", "value": ["Step 33 of 81\ndisplay3 defined:Display\ncreating device:spd4\ndisplay4 defined:Display\ncreating device:spd5\ndisplay5 defined:Display"], "qualifier": {"code": "property does not exist"}}
2026-03-05 15:26:54 ERROR root remotelib error:IC143Panel:50000:{"property": "SetText", "value": ["Step 33 of 81\ndisplay3 defined:Display\ncreating device:spd4\ndisplay4 defined:Display\ncreating device:spd5\ndisplay5 defined:Display"], "qualifier": {"code": "property does not exist"}}
2026-03-05 15:26:54 ERROR root remotelib error:IC144Panel:50000:{"property": "SetText", "value": ["Step 33 of 81\ndisplay3 defined:Display\ncreating device:spd4\ndisplay4 defined:Display\ncreating device:spd5\ndisplay5 defined:Display"], "qualifier": {"code": "property does not exist"}}
2026-03-05 15:26:54 ERROR root remotelib error:BreakRmPanel:50000:{"property": "SetText", "value": ["Step 33 of 81\ndisplay3 defined:Display\ncreating device:spd4\ndisplay4 defined:Display\ncreating device:spd5\ndisplay5 defined:Display"], "qualifier": {"code": "property does not exist"}}
2026-03-05 15:26:54 ERROR root remotelib error:LobbyPanel:50000:{"property": "SetText", "value": ["Step 33 of 81\ndisplay3 defined:Display\ncreating device:spd4\ndisplay4 defined:Display\ncreating device:spd5\ndisplay5 defined:Display"], "qualifier": {"code": "property does not exist"}}
2026-03-05 15:26:54 ERROR root remotelib error:BWDPanel:50000:{"property": "SetText", "value": ["Step 33 of 81\ndisplay3 defined:Display\ncreating device:spd4\ndisplay4 defined:Display\ncreating device:spd5\ndisplay5 defined:Display"], "qualifier": {"code": "property does not exist"}}
2026-03-05 15:26:54 ERROR root remotelib error:IC142Panel:50001:{"property": "SetLevel", "value": [40.74074074074074], "qualifier": {"code": "property does not exist"}}
2026-03-05 15:26:54 ERROR root remotelib error:HallPanel:50000:{"property": "SetText", "value": ["Step 33 of 81\ndisplay3 defined:Display\ncreating device:spd4\ndisplay4 defined:Display\ncreating device:spd5\ndisplay5 defined:Display"], "qualifier": {"code": "property does not exist"}}
2026-03-05 15:26:54 ERROR root remotelib error:IC143Panel:50001:{"property": "SetLevel", "value": [40.74074074074074], "qualifier": {"code": "property does not exist"}}
2026-03-05 15:26:54 ERROR root remotelib error:IC144Panel:50001:{"property": "SetLevel", "value": [40.74074074074074], "qualifier": {"code": "property does not exist"}}
2026-03-05 15:26:54 ERROR root remotelib error:BreakRmPanel:50001:{"property": "SetLevel", "value": [40.74074074074074], "qualifier": {"code": "property does not exist"}}
2026-03-05 15:26:54 ERROR root remotelib error:LobbyPanel:50001:{"property": "SetLevel", "value": [40.74074074074074], "qualifier": {"code": "property does not exist"}}
2026-03-05 15:26:54 ERROR root remotelib error:BWDPanel:50001:{"property": "SetLevel", "value": [40.74074074074074], "qualifier": {"code": "property does not exist"}}
2026-03-05 15:26:54 ERROR root remotelib error:HallPanel:50001:{"property": "SetLevel", "value": [40.74074074074074], "qualifier": {"code": "property does not exist"}}
2026-03-05 15:26:54 ERROR root remotelib error:IC142Panel:50000:{"property": "SetText", "value": ["Step 34 of 81\ncreating device:spd4\ndisplay4 defined:Display\ncreating device:spd5\ndisplay5 defined:Display\ncreating device:spd6"], "qualifier": {"code": "property does not exist"}}
2026-03-05 15:26:54 ERROR root remotelib error:IC144Panel:50000:{"property": "SetText", "value": ["Step 34 of 81\ncreating device:spd4\ndisplay4 defined:Display\ncreating device:spd5\ndisplay5 defined:Display\ncreating device:spd6"], "qualifier": {"code": "property does not exist"}}
2026-03-05 15:26:54 ERROR root remotelib error:IC143Panel:50000:{"property": "SetText", "value": ["Step 34 of 81\ncreating device:spd4\ndisplay4 defined:Display\ncreating device:spd5\ndisplay5 defined:Display\ncreating device:spd6"], "qualifier": {"code": "property does not exist"}}
2026-03-05 15:26:54 ERROR root remotelib error:BreakRmPanel:50000:{"property": "SetText", "value": ["Step 34 of 81\ncreating device:spd4\ndisplay4 defined:Display\ncreating device:spd5\ndisplay5 defined:Display\ncreating device:spd6"], "qualifier": {"code": "property does not exist"}}
2026-03-05 15:26:54 ERROR root remotelib error:HallPanel:50000:{"property": "SetText", "value": ["Step 34 of 81\ncreating device:spd4\ndisplay4 defined:Display\ncreating device:spd5\ndisplay5 defined:Display\ncreating device:spd6"], "qualifier": {"code": "property does not exist"}}
2026-03-05 15:26:54 ERROR root remotelib error:LobbyPanel:50000:{"property": "SetText", "value": ["Step 34 of 81\ncreating device:spd4\ndisplay4 defined:Display\ncreating device:spd5\ndisplay5 defined:Display\ncreating device:spd6"], "qualifier": {"code": "property does not exist"}}
2026-03-05 15:26:54 ERROR root remotelib error:BWDPanel:50000:{"property": "SetText", "value": ["Step 34 of 81\ncreating device:spd4\ndisplay4 defined:Display\ncreating device:spd5\ndisplay5 defined:Display\ncreating device:spd6"], "qualifier": {"code": "property does not exist"}}
2026-03-05 15:26:54 ERROR root remotelib error:IC142Panel:50001:{"property": "SetLevel", "value": [41.97530864197531], "qualifier": {"code": "property does not exist"}}
2026-03-05 15:26:54 ERROR root remotelib error:IC143Panel:50001:{"property": "SetLevel", "value": [41.97530864197531], "qualifier": {"code": "property does not exist"}}
2026-03-05 15:26:54 ERROR root remotelib error:IC144Panel:50001:{"property": "SetLevel", "value": [41.97530864197531], "qualifier": {"code": "property does not exist"}}
2026-03-05 15:26:54 ERROR root remotelib error:BreakRmPanel:50001:{"property": "SetLevel", "value": [41.97530864197531], "qualifier": {"code": "property does not exist"}}
2026-03-05 15:26:54 ERROR root remotelib error:LobbyPanel:50001:{"property": "SetLevel", "value": [41.97530864197531], "qualifier": {"code": "property does not exist"}}
2026-03-05 15:26:54 ERROR root remotelib error:HallPanel:50001:{"property": "SetLevel", "value": [41.97530864197531], "qualifier": {"code": "property does not exist"}}
2026-03-05 15:26:54 ERROR root remotelib error:BWDPanel:50001:{"property": "SetLevel", "value": [41.97530864197531], "qualifier": {"code": "property does not exist"}}
2026-03-05 15:26:57 INFO root Device 22-0 VTLP sync handling began
2026-03-05 15:26:57 INFO root Device 22-0 VTLP sync handling ended
2026-03-05 15:26:57 INFO root Device 22-0 VTLP sync handling began
2026-03-05 15:26:57 INFO root Device 22-0 VTLP sync handling ended
2026-03-05 15:27:06 ERROR root SerialInterface spd6:COM1 Unavailable Port: COM1
2026-03-05 15:27:06 ERROR root SerialInterface spd6:COM1Device 8-0 (None)  Unavailable Port: COM1 , connections status Offline
2026-03-05 15:27:06 ERROR root remotelib error:IC142Panel:50000:{"property": "SetText", "value": ["Step 35 of 81\ndisplay4 defined:Display\ncreating device:spd5\ndisplay5 defined:Display\ncreating device:spd6\ndisplay6 defined:display6"], "qualifier": {"code": "property does not exist"}}
2026-03-05 15:27:06 ERROR root remotelib error:IC143Panel:50000:{"property": "SetText", "value": ["Step 35 of 81\ndisplay4 defined:Display\ncreating device:spd5\ndisplay5 defined:Display\ncreating device:spd6\ndisplay6 defined:display6"], "qualifier": {"code": "property does not exist"}}
2026-03-05 15:27:06 ERROR root remotelib error:BreakRmPanel:50000:{"property": "SetText", "value": ["Step 35 of 81\ndisplay4 defined:Display\ncreating device:spd5\ndisplay5 defined:Display\ncreating device:spd6\ndisplay6 defined:display6"], "qualifier": {"code": "property does not exist"}}
2026-03-05 15:27:06 ERROR root remotelib error:IC144Panel:50000:{"property": "SetText", "value": ["Step 35 of 81\ndisplay4 defined:Display\ncreating device:spd5\ndisplay5 defined:Display\ncreating device:spd6\ndisplay6 defined:display6"], "qualifier": {"code": "property does not exist"}}
2026-03-05 15:27:06 ERROR root remotelib error:LobbyPanel:50000:{"property": "SetText", "value": ["Step 35 of 81\ndisplay4 defined:Display\ncreating device:spd5\ndisplay5 defined:Display\ncreating device:spd6\ndisplay6 defined:display6"], "qualifier": {"code": "property does not exist"}}
2026-03-05 15:27:06 ERROR root remotelib error:HallPanel:50000:{"property": "SetText", "value": ["Step 35 of 81\ndisplay4 defined:Display\ncreating device:spd5\ndisplay5 defined:Display\ncreating device:spd6\ndisplay6 defined:display6"], "qualifier": {"code": "property does not exist"}}
2026-03-05 15:27:06 ERROR root remotelib error:BWDPanel:50000:{"property": "SetText", "value": ["Step 35 of 81\ndisplay4 defined:Display\ncreating device:spd5\ndisplay5 defined:Display\ncreating device:spd6\ndisplay6 defined:display6"], "qualifier": {"code": "property does not exist"}}
2026-03-05 15:27:06 ERROR root remotelib error:IC142Panel:50001:{"property": "SetLevel", "value": [43.20987654320987], "qualifier": {"code": "property does not exist"}}
2026-03-05 15:27:06 ERROR root remotelib error:IC143Panel:50001:{"property": "SetLevel", "value": [43.20987654320987], "qualifier": {"code": "property does not exist"}}
2026-03-05 15:27:06 ERROR root remotelib error:IC144Panel:50001:{"property": "SetLevel", "value": [43.20987654320987], "qualifier": {"code": "property does not exist"}}
2026-03-05 15:27:06 ERROR root remotelib error:BreakRmPanel:50001:{"property": "SetLevel", "value": [43.20987654320987], "qualifier": {"code": "property does not exist"}}
2026-03-05 15:27:06 ERROR root remotelib error:LobbyPanel:50001:{"property": "SetLevel", "value": [43.20987654320987], "qualifier": {"code": "property does not exist"}}
2026-03-05 15:27:06 ERROR root remotelib error:HallPanel:50001:{"property": "SetLevel", "value": [43.20987654320987], "qualifier": {"code": "property does not exist"}}
2026-03-05 15:27:06 ERROR root remotelib error:BWDPanel:50001:{"property": "SetLevel", "value": [43.20987654320987], "qualifier": {"code": "property does not exist"}}
2026-03-05 15:27:06 ERROR root remotelib error:IC142Panel:50000:{"property": "SetText", "value": ["Step 36 of 81\ncreating device:spd5\ndisplay5 defined:Display\ncreating device:spd6\ndisplay6 defined:display6\ncamera0 defined:camera0"], "qualifier": {"code": "property does not exist"}}
2026-03-05 15:27:06 ERROR root remotelib error:IC143Panel:50000:{"property": "SetText", "value": ["Step 36 of 81\ncreating device:spd5\ndisplay5 defined:Display\ncreating device:spd6\ndisplay6 defined:display6\ncamera0 defined:camera0"], "qualifier": {"code": "property does not exist"}}
2026-03-05 15:27:06 ERROR root remotelib error:BreakRmPanel:50000:{"property": "SetText", "value": ["Step 36 of 81\ncreating device:spd5\ndisplay5 defined:Display\ncreating device:spd6\ndisplay6 defined:display6\ncamera0 defined:camera0"], "qualifier": {"code": "property does not exist"}}
2026-03-05 15:27:06 ERROR root remotelib error:IC144Panel:50000:{"property": "SetText", "value": ["Step 36 of 81\ncreating device:spd5\ndisplay5 defined:Display\ncreating device:spd6\ndisplay6 defined:display6\ncamera0 defined:camera0"], "qualifier": {"code": "property does not exist"}}
2026-03-05 15:27:06 ERROR root remotelib error:LobbyPanel:50000:{"property": "SetText", "value": ["Step 36 of 81\ncreating device:spd5\ndisplay5 defined:Display\ncreating device:spd6\ndisplay6 defined:display6\ncamera0 defined:camera0"], "qualifier": {"code": "property does not exist"}}
2026-03-05 15:27:06 ERROR root remotelib error:HallPanel:50000:{"property": "SetText", "value": ["Step 36 of 81\ncreating device:spd5\ndisplay5 defined:Display\ncreating device:spd6\ndisplay6 defined:display6\ncamera0 defined:camera0"], "qualifier": {"code": "property does not exist"}}
2026-03-05 15:27:06 ERROR root remotelib error:BWDPanel:50000:{"property": "SetText", "value": ["Step 36 of 81\ncreating device:spd5\ndisplay5 defined:Display\ncreating device:spd6\ndisplay6 defined:display6\ncamera0 defined:camera0"], "qualifier": {"code": "property does not exist"}}
2026-03-05 15:27:06 ERROR root remotelib error:IC142Panel:50001:{"property": "SetLevel", "value": [44.44444444444444], "qualifier": {"code": "property does not exist"}}
2026-03-05 15:27:06 ERROR root remotelib error:IC143Panel:50001:{"property": "SetLevel", "value": [44.44444444444444], "qualifier": {"code": "property does not exist"}}
2026-03-05 15:27:06 ERROR root remotelib error:IC144Panel:50001:{"property": "SetLevel", "value": [44.44444444444444], "qualifier": {"code": "property does not exist"}}
2026-03-05 15:27:06 ERROR root remotelib error:BreakRmPanel:50001:{"property": "SetLevel", "value": [44.44444444444444], "qualifier": {"code": "property does not exist"}}
2026-03-05 15:27:06 ERROR root remotelib error:LobbyPanel:50001:{"property": "SetLevel", "value": [44.44444444444444], "qualifier": {"code": "property does not exist"}}
2026-03-05 15:27:06 ERROR root remotelib error:HallPanel:50001:{"property": "SetLevel", "value": [44.44444444444444], "qualifier": {"code": "property does not exist"}}
2026-03-05 15:27:06 ERROR root remotelib error:BWDPanel:50001:{"property": "SetLevel", "value": [44.44444444444444], "qualifier": {"code": "property does not exist"}}
2026-03-05 15:27:06 ERROR root remotelib error:IC142Panel:50000:{"property": "SetText", "value": ["Step 37 of 81\ndisplay5 defined:Display\ncreating device:spd6\ndisplay6 defined:display6\ncamera0 defined:camera0\nceiling mic0 defined:ceiling mic0"], "qualifier": {"code": "property does not exist"}}
2026-03-05 15:27:06 ERROR root remotelib error:IC144Panel:50000:{"property": "SetText", "value": ["Step 37 of 81\ndisplay5 defined:Display\ncreating device:spd6\ndisplay6 defined:display6\ncamera0 defined:camera0\nceiling mic0 defined:ceiling mic0"], "qualifier": {"code": "property does not exist"}}
2026-03-05 15:27:06 ERROR root remotelib error:IC143Panel:50000:{"property": "SetText", "value": ["Step 37 of 81\ndisplay5 defined:Display\ncreating device:spd6\ndisplay6 defined:display6\ncamera0 defined:camera0\nceiling mic0 defined:ceiling mic0"], "qualifier": {"code": "property does not exist"}}
2026-03-05 15:27:06 ERROR root remotelib error:BreakRmPanel:50000:{"property": "SetText", "value": ["Step 37 of 81\ndisplay5 defined:Display\ncreating device:spd6\ndisplay6 defined:display6\ncamera0 defined:camera0\nceiling mic0 defined:ceiling mic0"], "qualifier": {"code": "property does not exist"}}
2026-03-05 15:27:06 ERROR root remotelib error:LobbyPanel:50000:{"property": "SetText", "value": ["Step 37 of 81\ndisplay5 defined:Display\ncreating device:spd6\ndisplay6 defined:display6\ncamera0 defined:camera0\nceiling mic0 defined:ceiling mic0"], "qualifier": {"code": "property does not exist"}}
2026-03-05 15:27:06 ERROR root remotelib error:HallPanel:50000:{"property": "SetText", "value": ["Step 37 of 81\ndisplay5 defined:Display\ncreating device:spd6\ndisplay6 defined:display6\ncamera0 defined:camera0\nceiling mic0 defined:ceiling mic0"], "qualifier": {"code": "property does not exist"}}
2026-03-05 15:27:06 ERROR root remotelib error:BWDPanel:50000:{"property": "SetText", "value": ["Step 37 of 81\ndisplay5 defined:Display\ncreating device:spd6\ndisplay6 defined:display6\ncamera0 defined:camera0\nceiling mic0 defined:ceiling mic0"], "qualifier": {"code": "property does not exist"}}
2026-03-05 15:27:06 ERROR root remotelib error:IC142Panel:50001:{"property": "SetLevel", "value": [45.67901234567901], "qualifier": {"code": "property does not exist"}}
2026-03-05 15:27:06 ERROR root remotelib error:IC143Panel:50001:{"property": "SetLevel", "value": [45.67901234567901], "qualifier": {"code": "property does not exist"}}
2026-03-05 15:27:06 ERROR root remotelib error:IC144Panel:50001:{"property": "SetLevel", "value": [45.67901234567901], "qualifier": {"code": "property does not exist"}}
2026-03-05 15:27:06 ERROR root remotelib error:BreakRmPanel:50001:{"property": "SetLevel", "value": [45.67901234567901], "qualifier": {"code": "property does not exist"}}
2026-03-05 15:27:06 ERROR root remotelib error:LobbyPanel:50001:{"property": "SetLevel", "value": [45.67901234567901], "qualifier": {"code": "property does not exist"}}
2026-03-05 15:27:06 ERROR root remotelib error:HallPanel:50001:{"property": "SetLevel", "value": [45.67901234567901], "qualifier": {"code": "property does not exist"}}
2026-03-05 15:27:06 ERROR root remotelib error:BWDPanel:50001:{"property": "SetLevel", "value": [45.67901234567901], "qualifier": {"code": "property does not exist"}}
2026-03-05 15:27:06 ERROR root remotelib error:IC142Panel:50000:{"property": "SetText", "value": ["Step 38 of 81\ncreating device:spd6\ndisplay6 defined:display6\ncamera0 defined:camera0\nceiling mic0 defined:ceiling mic0\nwireless mic receiver0 defined:wireless mic reciever0"], "qualifier": {"code": "property does not exist"}}
2026-03-05 15:27:06 ERROR root remotelib error:IC143Panel:50000:{"property": "SetText", "value": ["Step 38 of 81\ncreating device:spd6\ndisplay6 defined:display6\ncamera0 defined:camera0\nceiling mic0 defined:ceiling mic0\nwireless mic receiver0 defined:wireless mic reciever0"], "qualifier": {"code": "property does not exist"}}
2026-03-05 15:27:06 ERROR root remotelib error:IC144Panel:50000:{"property": "SetText", "value": ["Step 38 of 81\ncreating device:spd6\ndisplay6 defined:display6\ncamera0 defined:camera0\nceiling mic0 defined:ceiling mic0\nwireless mic receiver0 defined:wireless mic reciever0"], "qualifier": {"code": "property does not exist"}}
2026-03-05 15:27:06 ERROR root remotelib error:BreakRmPanel:50000:{"property": "SetText", "value": ["Step 38 of 81\ncreating device:spd6\ndisplay6 defined:display6\ncamera0 defined:camera0\nceiling mic0 defined:ceiling mic0\nwireless mic receiver0 defined:wireless mic reciever0"], "qualifier": {"code": "property does not exist"}}
2026-03-05 15:27:06 ERROR root remotelib error:LobbyPanel:50000:{"property": "SetText", "value": ["Step 38 of 81\ncreating device:spd6\ndisplay6 defined:display6\ncamera0 defined:camera0\nceiling mic0 defined:ceiling mic0\nwireless mic receiver0 defined:wireless mic reciever0"], "qualifier": {"code": "property does not exist"}}
2026-03-05 15:27:06 ERROR root remotelib error:HallPanel:50000:{"property": "SetText", "value": ["Step 38 of 81\ncreating device:spd6\ndisplay6 defined:display6\ncamera0 defined:camera0\nceiling mic0 defined:ceiling mic0\nwireless mic receiver0 defined:wireless mic reciever0"], "qualifier": {"code": "property does not exist"}}
2026-03-05 15:27:06 ERROR root remotelib error:BWDPanel:50000:{"property": "SetText", "value": ["Step 38 of 81\ncreating device:spd6\ndisplay6 defined:display6\ncamera0 defined:camera0\nceiling mic0 defined:ceiling mic0\nwireless mic receiver0 defined:wireless mic reciever0"], "qualifier": {"code": "property does not exist"}}
2026-03-05 15:27:06 ERROR root remotelib error:IC142Panel:50001:{"property": "SetLevel", "value": [46.91358024691358], "qualifier": {"code": "property does not exist"}}
2026-03-05 15:27:06 ERROR root remotelib error:IC143Panel:50001:{"property": "SetLevel", "value": [46.91358024691358], "qualifier": {"code": "property does not exist"}}
2026-03-05 15:27:06 ERROR root remotelib error:IC144Panel:50001:{"property": "SetLevel", "value": [46.91358024691358], "qualifier": {"code": "property does not exist"}}
2026-03-05 15:27:06 ERROR root remotelib error:BreakRmPanel:50001:{"property": "SetLevel", "value": [46.91358024691358], "qualifier": {"code": "property does not exist"}}
2026-03-05 15:27:06 ERROR root remotelib error:LobbyPanel:50001:{"property": "SetLevel", "value": [46.91358024691358], "qualifier": {"code": "property does not exist"}}
2026-03-05 15:27:06 ERROR root remotelib error:HallPanel:50001:{"property": "SetLevel", "value": [46.91358024691358], "qualifier": {"code": "property does not exist"}}
2026-03-05 15:27:06 ERROR root remotelib error:BWDPanel:50001:{"property": "SetLevel", "value": [46.91358024691358], "qualifier": {"code": "property does not exist"}}
2026-03-05 15:27:06 ERROR root remotelib error:IC142Panel:50000:{"property": "SetText", "value": ["Step 39 of 81\ndisplay6 defined:display6\ncamera0 defined:camera0\nceiling mic0 defined:ceiling mic0\nwireless mic receiver0 defined:wireless mic reciever0\ncable tv0 defined:CATV 1"], "qualifier": {"code": "property does not exist"}}
2026-03-05 15:27:06 ERROR root remotelib error:IC143Panel:50000:{"property": "SetText", "value": ["Step 39 of 81\ndisplay6 defined:display6\ncamera0 defined:camera0\nceiling mic0 defined:ceiling mic0\nwireless mic receiver0 defined:wireless mic reciever0\ncable tv0 defined:CATV 1"], "qualifier": {"code": "property does not exist"}}
2026-03-05 15:27:06 ERROR root remotelib error:IC144Panel:50000:{"property": "SetText", "value": ["Step 39 of 81\ndisplay6 defined:display6\ncamera0 defined:camera0\nceiling mic0 defined:ceiling mic0\nwireless mic receiver0 defined:wireless mic reciever0\ncable tv0 defined:CATV 1"], "qualifier": {"code": "property does not exist"}}
2026-03-05 15:27:06 ERROR root remotelib error:BreakRmPanel:50000:{"property": "SetText", "value": ["Step 39 of 81\ndisplay6 defined:display6\ncamera0 defined:camera0\nceiling mic0 defined:ceiling mic0\nwireless mic receiver0 defined:wireless mic reciever0\ncable tv0 defined:CATV 1"], "qualifier": {"code": "property does not exist"}}
2026-03-05 15:27:06 ERROR root remotelib error:LobbyPanel:50000:{"property": "SetText", "value": ["Step 39 of 81\ndisplay6 defined:display6\ncamera0 defined:camera0\nceiling mic0 defined:ceiling mic0\nwireless mic receiver0 defined:wireless mic reciever0\ncable tv0 defined:CATV 1"], "qualifier": {"code": "property does not exist"}}
2026-03-05 15:27:06 ERROR root remotelib error:BWDPanel:50000:{"property": "SetText", "value": ["Step 39 of 81\ndisplay6 defined:display6\ncamera0 defined:camera0\nceiling mic0 defined:ceiling mic0\nwireless mic receiver0 defined:wireless mic reciever0\ncable tv0 defined:CATV 1"], "qualifier": {"code": "property does not exist"}}
2026-03-05 15:27:06 ERROR root remotelib error:HallPanel:50000:{"property": "SetText", "value": ["Step 39 of 81\ndisplay6 defined:display6\ncamera0 defined:camera0\nceiling mic0 defined:ceiling mic0\nwireless mic receiver0 defined:wireless mic reciever0\ncable tv0 defined:CATV 1"], "qualifier": {"code": "property does not exist"}}
2026-03-05 15:27:06 ERROR root remotelib error:IC142Panel:50001:{"property": "SetLevel", "value": [48.148148148148145], "qualifier": {"code": "property does not exist"}}
2026-03-05 15:27:06 ERROR root remotelib error:IC143Panel:50001:{"property": "SetLevel", "value": [48.148148148148145], "qualifier": {"code": "property does not exist"}}
2026-03-05 15:27:06 ERROR root remotelib error:BreakRmPanel:50001:{"property": "SetLevel", "value": [48.148148148148145], "qualifier": {"code": "property does not exist"}}
2026-03-05 15:27:06 ERROR root remotelib error:IC144Panel:50001:{"property": "SetLevel", "value": [48.148148148148145], "qualifier": {"code": "property does not exist"}}
2026-03-05 15:27:06 ERROR root remotelib error:LobbyPanel:50001:{"property": "SetLevel", "value": [48.148148148148145], "qualifier": {"code": "property does not exist"}}
2026-03-05 15:27:06 ERROR root remotelib error:HallPanel:50001:{"property": "SetLevel", "value": [48.148148148148145], "qualifier": {"code": "property does not exist"}}
2026-03-05 15:27:06 ERROR root remotelib error:BWDPanel:50001:{"property": "SetLevel", "value": [48.148148148148145], "qualifier": {"code": "property does not exist"}}
2026-03-05 15:27:06 ERROR root remotelib error:IC142Panel:50000:{"property": "SetText", "value": ["Step 40 of 81\ncamera0 defined:camera0\nceiling mic0 defined:ceiling mic0\nwireless mic receiver0 defined:wireless mic reciever0\ncable tv0 defined:CATV 1\ncreating device:spd8"], "qualifier": {"code": "property does not exist"}}
2026-03-05 15:27:06 ERROR root remotelib error:IC143Panel:50000:{"property": "SetText", "value": ["Step 40 of 81\ncamera0 defined:camera0\nceiling mic0 defined:ceiling mic0\nwireless mic receiver0 defined:wireless mic reciever0\ncable tv0 defined:CATV 1\ncreating device:spd8"], "qualifier": {"code": "property does not exist"}}
2026-03-05 15:27:06 ERROR root remotelib error:IC144Panel:50000:{"property": "SetText", "value": ["Step 40 of 81\ncamera0 defined:camera0\nceiling mic0 defined:ceiling mic0\nwireless mic receiver0 defined:wireless mic reciever0\ncable tv0 defined:CATV 1\ncreating device:spd8"], "qualifier": {"code": "property does not exist"}}
2026-03-05 15:27:06 ERROR root remotelib error:BreakRmPanel:50000:{"property": "SetText", "value": ["Step 40 of 81\ncamera0 defined:camera0\nceiling mic0 defined:ceiling mic0\nwireless mic receiver0 defined:wireless mic reciever0\ncable tv0 defined:CATV 1\ncreating device:spd8"], "qualifier": {"code": "property does not exist"}}
2026-03-05 15:27:06 ERROR root remotelib error:LobbyPanel:50000:{"property": "SetText", "value": ["Step 40 of 81\ncamera0 defined:camera0\nceiling mic0 defined:ceiling mic0\nwireless mic receiver0 defined:wireless mic reciever0\ncable tv0 defined:CATV 1\ncreating device:spd8"], "qualifier": {"code": "property does not exist"}}
2026-03-05 15:27:06 ERROR root remotelib error:HallPanel:50000:{"property": "SetText", "value": ["Step 40 of 81\ncamera0 defined:camera0\nceiling mic0 defined:ceiling mic0\nwireless mic receiver0 defined:wireless mic reciever0\ncable tv0 defined:CATV 1\ncreating device:spd8"], "qualifier": {"code": "property does not exist"}}
2026-03-05 15:27:06 ERROR root remotelib error:BWDPanel:50000:{"property": "SetText", "value": ["Step 40 of 81\ncamera0 defined:camera0\nceiling mic0 defined:ceiling mic0\nwireless mic receiver0 defined:wireless mic reciever0\ncable tv0 defined:CATV 1\ncreating device:spd8"], "qualifier": {"code": "property does not exist"}}
2026-03-05 15:27:06 ERROR root remotelib error:IC142Panel:50001:{"property": "SetLevel", "value": [49.382716049382715], "qualifier": {"code": "property does not exist"}}
2026-03-05 15:27:06 ERROR root remotelib error:IC143Panel:50001:{"property": "SetLevel", "value": [49.382716049382715], "qualifier": {"code": "property does not exist"}}
2026-03-05 15:27:06 ERROR root remotelib error:IC144Panel:50001:{"property": "SetLevel", "value": [49.382716049382715], "qualifier": {"code": "property does not exist"}}
2026-03-05 15:27:06 ERROR root remotelib error:BreakRmPanel:50001:{"property": "SetLevel", "value": [49.382716049382715], "qualifier": {"code": "property does not exist"}}
2026-03-05 15:27:06 ERROR root remotelib error:LobbyPanel:50001:{"property": "SetLevel", "value": [49.382716049382715], "qualifier": {"code": "property does not exist"}}
2026-03-05 15:27:06 ERROR root remotelib error:HallPanel:50001:{"property": "SetLevel", "value": [49.382716049382715], "qualifier": {"code": "property does not exist"}}
2026-03-05 15:27:06 ERROR root remotelib error:BWDPanel:50001:{"property": "SetLevel", "value": [49.382716049382715], "qualifier": {"code": "property does not exist"}}
2026-03-05 15:27:12 INFO root Device 22-0 VTLP sync handling began
2026-03-05 15:27:12 INFO root Device 22-0 VTLP sync handling ended
2026-03-05 15:27:12 INFO root Device 22-0 VTLP sync handling began
2026-03-05 15:27:12 INFO root Device 22-0 VTLP sync handling ended
2026-03-05 15:27:16 ERROR root Device 10-0 (None)  Unavailable Port: IRS1 , connections status Offline
2026-03-05 15:27:16 ERROR root remotelib error:IC142Panel:50000:{"property": "SetText", "value": ["Step 41 of 81\nceiling mic0 defined:ceiling mic0\nwireless mic receiver0 defined:wireless mic reciever0\ncable tv0 defined:CATV 1\ncreating device:spd8\ncable tv1 defined:CATV 2"], "qualifier": {"code": "property does not exist"}}
2026-03-05 15:27:16 ERROR root remotelib error:IC143Panel:50000:{"property": "SetText", "value": ["Step 41 of 81\nceiling mic0 defined:ceiling mic0\nwireless mic receiver0 defined:wireless mic reciever0\ncable tv0 defined:CATV 1\ncreating device:spd8\ncable tv1 defined:CATV 2"], "qualifier": {"code": "property does not exist"}}
2026-03-05 15:27:16 ERROR root remotelib error:BreakRmPanel:50000:{"property": "SetText", "value": ["Step 41 of 81\nceiling mic0 defined:ceiling mic0\nwireless mic receiver0 defined:wireless mic reciever0\ncable tv0 defined:CATV 1\ncreating device:spd8\ncable tv1 defined:CATV 2"], "qualifier": {"code": "property does not exist"}}
2026-03-05 15:27:16 ERROR root remotelib error:IC144Panel:50000:{"property": "SetText", "value": ["Step 41 of 81\nceiling mic0 defined:ceiling mic0\nwireless mic receiver0 defined:wireless mic reciever0\ncable tv0 defined:CATV 1\ncreating device:spd8\ncable tv1 defined:CATV 2"], "qualifier": {"code": "property does not exist"}}
2026-03-05 15:27:16 ERROR root remotelib error:LobbyPanel:50000:{"property": "SetText", "value": ["Step 41 of 81\nceiling mic0 defined:ceiling mic0\nwireless mic receiver0 defined:wireless mic reciever0\ncable tv0 defined:CATV 1\ncreating device:spd8\ncable tv1 defined:CATV 2"], "qualifier": {"code": "property does not exist"}}
2026-03-05 15:27:16 ERROR root remotelib error:HallPanel:50000:{"property": "SetText", "value": ["Step 41 of 81\nceiling mic0 defined:ceiling mic0\nwireless mic receiver0 defined:wireless mic reciever0\ncable tv0 defined:CATV 1\ncreating device:spd8\ncable tv1 defined:CATV 2"], "qualifier": {"code": "property does not exist"}}
2026-03-05 15:27:16 ERROR root remotelib error:BWDPanel:50000:{"property": "SetText", "value": ["Step 41 of 81\nceiling mic0 defined:ceiling mic0\nwireless mic receiver0 defined:wireless mic reciever0\ncable tv0 defined:CATV 1\ncreating device:spd8\ncable tv1 defined:CATV 2"], "qualifier": {"code": "property does not exist"}}
2026-03-05 15:27:16 ERROR root remotelib error:IC142Panel:50001:{"property": "SetLevel", "value": [50.617283950617285], "qualifier": {"code": "property does not exist"}}
2026-03-05 15:27:16 ERROR root remotelib error:IC143Panel:50001:{"property": "SetLevel", "value": [50.617283950617285], "qualifier": {"code": "property does not exist"}}
2026-03-05 15:27:16 ERROR root remotelib error:IC144Panel:50001:{"property": "SetLevel", "value": [50.617283950617285], "qualifier": {"code": "property does not exist"}}
2026-03-05 15:27:16 ERROR root remotelib error:BreakRmPanel:50001:{"property": "SetLevel", "value": [50.617283950617285], "qualifier": {"code": "property does not exist"}}
2026-03-05 15:27:16 ERROR root remotelib error:HallPanel:50001:{"property": "SetLevel", "value": [50.617283950617285], "qualifier": {"code": "property does not exist"}}
2026-03-05 15:27:16 ERROR root remotelib error:LobbyPanel:50001:{"property": "SetLevel", "value": [50.617283950617285], "qualifier": {"code": "property does not exist"}}
2026-03-05 15:27:16 ERROR root remotelib error:BWDPanel:50001:{"property": "SetLevel", "value": [50.617283950617285], "qualifier": {"code": "property does not exist"}}
2026-03-05 15:27:16 ERROR root remotelib error:IC142Panel:50000:{"property": "SetText", "value": ["Step 42 of 81\nwireless mic receiver0 defined:wireless mic reciever0\ncable tv0 defined:CATV 1\ncreating device:spd8\ncable tv1 defined:CATV 2\ncreating device:spd9"], "qualifier": {"code": "property does not exist"}}
2026-03-05 15:27:16 ERROR root remotelib error:IC143Panel:50000:{"property": "SetText", "value": ["Step 42 of 81\nwireless mic receiver0 defined:wireless mic reciever0\ncable tv0 defined:CATV 1\ncreating device:spd8\ncable tv1 defined:CATV 2\ncreating device:spd9"], "qualifier": {"code": "property does not exist"}}
2026-03-05 15:27:16 ERROR root remotelib error:IC144Panel:50000:{"property": "SetText", "value": ["Step 42 of 81\nwireless mic receiver0 defined:wireless mic reciever0\ncable tv0 defined:CATV 1\ncreating device:spd8\ncable tv1 defined:CATV 2\ncreating device:spd9"], "qualifier": {"code": "property does not exist"}}
2026-03-05 15:27:16 ERROR root remotelib error:BreakRmPanel:50000:{"property": "SetText", "value": ["Step 42 of 81\nwireless mic receiver0 defined:wireless mic reciever0\ncable tv0 defined:CATV 1\ncreating device:spd8\ncable tv1 defined:CATV 2\ncreating device:spd9"], "qualifier": {"code": "property does not exist"}}
2026-03-05 15:27:16 ERROR root remotelib error:LobbyPanel:50000:{"property": "SetText", "value": ["Step 42 of 81\nwireless mic receiver0 defined:wireless mic reciever0\ncable tv0 defined:CATV 1\ncreating device:spd8\ncable tv1 defined:CATV 2\ncreating device:spd9"], "qualifier": {"code": "property does not exist"}}
2026-03-05 15:27:16 ERROR root remotelib error:HallPanel:50000:{"property": "SetText", "value": ["Step 42 of 81\nwireless mic receiver0 defined:wireless mic reciever0\ncable tv0 defined:CATV 1\ncreating device:spd8\ncable tv1 defined:CATV 2\ncreating device:spd9"], "qualifier": {"code": "property does not exist"}}
2026-03-05 15:27:16 ERROR root remotelib error:BWDPanel:50000:{"property": "SetText", "value": ["Step 42 of 81\nwireless mic receiver0 defined:wireless mic reciever0\ncable tv0 defined:CATV 1\ncreating device:spd8\ncable tv1 defined:CATV 2\ncreating device:spd9"], "qualifier": {"code": "property does not exist"}}
2026-03-05 15:27:16 ERROR root remotelib error:IC142Panel:50001:{"property": "SetLevel", "value": [51.851851851851855], "qualifier": {"code": "property does not exist"}}
2026-03-05 15:27:16 ERROR root remotelib error:IC143Panel:50001:{"property": "SetLevel", "value": [51.851851851851855], "qualifier": {"code": "property does not exist"}}
2026-03-05 15:27:16 ERROR root remotelib error:IC144Panel:50001:{"property": "SetLevel", "value": [51.851851851851855], "qualifier": {"code": "property does not exist"}}
2026-03-05 15:27:16 ERROR root remotelib error:LobbyPanel:50001:{"property": "SetLevel", "value": [51.851851851851855], "qualifier": {"code": "property does not exist"}}
2026-03-05 15:27:16 ERROR root remotelib error:BreakRmPanel:50001:{"property": "SetLevel", "value": [51.851851851851855], "qualifier": {"code": "property does not exist"}}
2026-03-05 15:27:16 ERROR root remotelib error:HallPanel:50001:{"property": "SetLevel", "value": [51.851851851851855], "qualifier": {"code": "property does not exist"}}
2026-03-05 15:27:16 ERROR root remotelib error:BWDPanel:50001:{"property": "SetLevel", "value": [51.851851851851855], "qualifier": {"code": "property does not exist"}}
2026-03-05 15:27:19 ERROR root Debug Server restarted:Listening
2026-03-05 15:27:25 ERROR root Device 11-0 (None)  Unavailable Port: IRS1 , connections status Offline
2026-03-05 15:27:25 ERROR root remotelib error:IC142Panel:50000:{"property": "SetText", "value": ["Step 43 of 81\ncable tv0 defined:CATV 1\ncreating device:spd8\ncable tv1 defined:CATV 2\ncreating device:spd9\ncable tv2 defined:CATV 3"], "qualifier": {"code": "property does not exist"}}
2026-03-05 15:27:25 ERROR root remotelib error:IC143Panel:50000:{"property": "SetText", "value": ["Step 43 of 81\ncable tv0 defined:CATV 1\ncreating device:spd8\ncable tv1 defined:CATV 2\ncreating device:spd9\ncable tv2 defined:CATV 3"], "qualifier": {"code": "property does not exist"}}
2026-03-05 15:27:25 ERROR root remotelib error:BreakRmPanel:50000:{"property": "SetText", "value": ["Step 43 of 81\ncable tv0 defined:CATV 1\ncreating device:spd8\ncable tv1 defined:CATV 2\ncreating device:spd9\ncable tv2 defined:CATV 3"], "qualifier": {"code": "property does not exist"}}
2026-03-05 15:27:25 ERROR root remotelib error:IC144Panel:50000:{"property": "SetText", "value": ["Step 43 of 81\ncable tv0 defined:CATV 1\ncreating device:spd8\ncable tv1 defined:CATV 2\ncreating device:spd9\ncable tv2 defined:CATV 3"], "qualifier": {"code": "property does not exist"}}
2026-03-05 15:27:25 ERROR root remotelib error:LobbyPanel:50000:{"property": "SetText", "value": ["Step 43 of 81\ncable tv0 defined:CATV 1\ncreating device:spd8\ncable tv1 defined:CATV 2\ncreating device:spd9\ncable tv2 defined:CATV 3"], "qualifier": {"code": "property does not exist"}}
2026-03-05 15:27:25 ERROR root remotelib error:HallPanel:50000:{"property": "SetText", "value": ["Step 43 of 81\ncable tv0 defined:CATV 1\ncreating device:spd8\ncable tv1 defined:CATV 2\ncreating device:spd9\ncable tv2 defined:CATV 3"], "qualifier": {"code": "property does not exist"}}
2026-03-05 15:27:25 ERROR root remotelib error:IC142Panel:50001:{"property": "SetLevel", "value": [53.08641975308642], "qualifier": {"code": "property does not exist"}}
2026-03-05 15:27:25 ERROR root remotelib error:BWDPanel:50000:{"property": "SetText", "value": ["Step 43 of 81\ncable tv0 defined:CATV 1\ncreating device:spd8\ncable tv1 defined:CATV 2\ncreating device:spd9\ncable tv2 defined:CATV 3"], "qualifier": {"code": "property does not exist"}}
2026-03-05 15:27:25 ERROR root remotelib error:IC143Panel:50001:{"property": "SetLevel", "value": [53.08641975308642], "qualifier": {"code": "property does not exist"}}
2026-03-05 15:27:25 ERROR root remotelib error:IC144Panel:50001:{"property": "SetLevel", "value": [53.08641975308642], "qualifier": {"code": "property does not exist"}}
2026-03-05 15:27:25 ERROR root remotelib error:BreakRmPanel:50001:{"property": "SetLevel", "value": [53.08641975308642], "qualifier": {"code": "property does not exist"}}
2026-03-05 15:27:25 ERROR root remotelib error:LobbyPanel:50001:{"property": "SetLevel", "value": [53.08641975308642], "qualifier": {"code": "property does not exist"}}
2026-03-05 15:27:25 ERROR root remotelib error:HallPanel:50001:{"property": "SetLevel", "value": [53.08641975308642], "qualifier": {"code": "property does not exist"}}
2026-03-05 15:27:25 ERROR root remotelib error:BWDPanel:50001:{"property": "SetLevel", "value": [53.08641975308642], "qualifier": {"code": "property does not exist"}}
2026-03-05 15:27:25 ERROR root remotelib error:IC142Panel:50000:{"property": "SetText", "value": ["Step 44 of 81\ncreating device:spd8\ncable tv1 defined:CATV 2\ncreating device:spd9\ncable tv2 defined:CATV 3\ncreating device:spd10"], "qualifier": {"code": "property does not exist"}}
2026-03-05 15:27:25 ERROR root remotelib error:IC143Panel:50000:{"property": "SetText", "value": ["Step 44 of 81\ncreating device:spd8\ncable tv1 defined:CATV 2\ncreating device:spd9\ncable tv2 defined:CATV 3\ncreating device:spd10"], "qualifier": {"code": "property does not exist"}}
2026-03-05 15:27:25 ERROR root remotelib error:IC144Panel:50000:{"property": "SetText", "value": ["Step 44 of 81\ncreating device:spd8\ncable tv1 defined:CATV 2\ncreating device:spd9\ncable tv2 defined:CATV 3\ncreating device:spd10"], "qualifier": {"code": "property does not exist"}}
2026-03-05 15:27:25 ERROR root remotelib error:BreakRmPanel:50000:{"property": "SetText", "value": ["Step 44 of 81\ncreating device:spd8\ncable tv1 defined:CATV 2\ncreating device:spd9\ncable tv2 defined:CATV 3\ncreating device:spd10"], "qualifier": {"code": "property does not exist"}}
2026-03-05 15:27:25 ERROR root remotelib error:LobbyPanel:50000:{"property": "SetText", "value": ["Step 44 of 81\ncreating device:spd8\ncable tv1 defined:CATV 2\ncreating device:spd9\ncable tv2 defined:CATV 3\ncreating device:spd10"], "qualifier": {"code": "property does not exist"}}
2026-03-05 15:27:25 ERROR root remotelib error:HallPanel:50000:{"property": "SetText", "value": ["Step 44 of 81\ncreating device:spd8\ncable tv1 defined:CATV 2\ncreating device:spd9\ncable tv2 defined:CATV 3\ncreating device:spd10"], "qualifier": {"code": "property does not exist"}}
2026-03-05 15:27:25 ERROR root remotelib error:BWDPanel:50000:{"property": "SetText", "value": ["Step 44 of 81\ncreating device:spd8\ncable tv1 defined:CATV 2\ncreating device:spd9\ncable tv2 defined:CATV 3\ncreating device:spd10"], "qualifier": {"code": "property does not exist"}}
2026-03-05 15:27:25 ERROR root remotelib error:IC142Panel:50001:{"property": "SetLevel", "value": [54.32098765432099], "qualifier": {"code": "property does not exist"}}
2026-03-05 15:27:25 ERROR root remotelib error:IC143Panel:50001:{"property": "SetLevel", "value": [54.32098765432099], "qualifier": {"code": "property does not exist"}}
2026-03-05 15:27:25 ERROR root remotelib error:IC144Panel:50001:{"property": "SetLevel", "value": [54.32098765432099], "qualifier": {"code": "property does not exist"}}
2026-03-05 15:27:25 ERROR root remotelib error:BreakRmPanel:50001:{"property": "SetLevel", "value": [54.32098765432099], "qualifier": {"code": "property does not exist"}}
2026-03-05 15:27:25 ERROR root remotelib error:LobbyPanel:50001:{"property": "SetLevel", "value": [54.32098765432099], "qualifier": {"code": "property does not exist"}}
2026-03-05 15:27:25 ERROR root remotelib error:HallPanel:50001:{"property": "SetLevel", "value": [54.32098765432099], "qualifier": {"code": "property does not exist"}}
2026-03-05 15:27:25 ERROR root remotelib error:BWDPanel:50001:{"property": "SetLevel", "value": [54.32098765432099], "qualifier": {"code": "property does not exist"}}
2026-03-05 15:27:27 INFO root Device 22-0 VTLP sync handling began
2026-03-05 15:27:27 INFO root Device 22-0 VTLP sync handling ended
2026-03-05 15:27:27 INFO root Device 22-0 VTLP sync handling began
2026-03-05 15:27:27 INFO root Device 22-0 VTLP sync handling ended
2026-03-05 15:27:34 ERROR root Device 12-0 (None)  Unavailable Port: IRS1 , connections status Offline
2026-03-05 15:27:35 ERROR root remotelib error:IC142Panel:50000:{"property": "SetText", "value": ["Step 45 of 81\ncable tv1 defined:CATV 2\ncreating device:spd9\ncable tv2 defined:CATV 3\ncreating device:spd10\ncable tv3 defined:CATV 4"], "qualifier": {"code": "property does not exist"}}
2026-03-05 15:27:35 ERROR root remotelib error:IC143Panel:50000:{"property": "SetText", "value": ["Step 45 of 81\ncable tv1 defined:CATV 2\ncreating device:spd9\ncable tv2 defined:CATV 3\ncreating device:spd10\ncable tv3 defined:CATV 4"], "qualifier": {"code": "property does not exist"}}
2026-03-05 15:27:35 ERROR root remotelib error:IC144Panel:50000:{"property": "SetText", "value": ["Step 45 of 81\ncable tv1 defined:CATV 2\ncreating device:spd9\ncable tv2 defined:CATV 3\ncreating device:spd10\ncable tv3 defined:CATV 4"], "qualifier": {"code": "property does not exist"}}
2026-03-05 15:27:35 ERROR root remotelib error:BreakRmPanel:50000:{"property": "SetText", "value": ["Step 45 of 81\ncable tv1 defined:CATV 2\ncreating device:spd9\ncable tv2 defined:CATV 3\ncreating device:spd10\ncable tv3 defined:CATV 4"], "qualifier": {"code": "property does not exist"}}
2026-03-05 15:27:35 ERROR root remotelib error:LobbyPanel:50000:{"property": "SetText", "value": ["Step 45 of 81\ncable tv1 defined:CATV 2\ncreating device:spd9\ncable tv2 defined:CATV 3\ncreating device:spd10\ncable tv3 defined:CATV 4"], "qualifier": {"code": "property does not exist"}}
2026-03-05 15:27:35 ERROR root remotelib error:HallPanel:50000:{"property": "SetText", "value": ["Step 45 of 81\ncable tv1 defined:CATV 2\ncreating device:spd9\ncable tv2 defined:CATV 3\ncreating device:spd10\ncable tv3 defined:CATV 4"], "qualifier": {"code": "property does not exist"}}
2026-03-05 15:27:35 ERROR root remotelib error:BWDPanel:50000:{"property": "SetText", "value": ["Step 45 of 81\ncable tv1 defined:CATV 2\ncreating device:spd9\ncable tv2 defined:CATV 3\ncreating device:spd10\ncable tv3 defined:CATV 4"], "qualifier": {"code": "property does not exist"}}
2026-03-05 15:27:35 ERROR root remotelib error:IC142Panel:50001:{"property": "SetLevel", "value": [55.55555555555556], "qualifier": {"code": "property does not exist"}}
2026-03-05 15:27:35 ERROR root remotelib error:IC144Panel:50001:{"property": "SetLevel", "value": [55.55555555555556], "qualifier": {"code": "property does not exist"}}
2026-03-05 15:27:35 ERROR root remotelib error:IC143Panel:50001:{"property": "SetLevel", "value": [55.55555555555556], "qualifier": {"code": "property does not exist"}}
2026-03-05 15:27:35 ERROR root remotelib error:BreakRmPanel:50001:{"property": "SetLevel", "value": [55.55555555555556], "qualifier": {"code": "property does not exist"}}
2026-03-05 15:27:35 ERROR root remotelib error:LobbyPanel:50001:{"property": "SetLevel", "value": [55.55555555555556], "qualifier": {"code": "property does not exist"}}
2026-03-05 15:27:35 ERROR root remotelib error:HallPanel:50001:{"property": "SetLevel", "value": [55.55555555555556], "qualifier": {"code": "property does not exist"}}
2026-03-05 15:27:35 ERROR root remotelib error:BWDPanel:50001:{"property": "SetLevel", "value": [55.55555555555556], "qualifier": {"code": "property does not exist"}}
2026-03-05 15:27:35 ERROR root remotelib error:IC142Panel:50000:{"property": "SetText", "value": ["Step 46 of 81\ncreating device:spd9\ncable tv2 defined:CATV 3\ncreating device:spd10\ncable tv3 defined:CATV 4\ncreating device:spd11"], "qualifier": {"code": "property does not exist"}}
2026-03-05 15:27:35 ERROR root remotelib error:IC143Panel:50000:{"property": "SetText", "value": ["Step 46 of 81\ncreating device:spd9\ncable tv2 defined:CATV 3\ncreating device:spd10\ncable tv3 defined:CATV 4\ncreating device:spd11"], "qualifier": {"code": "property does not exist"}}
2026-03-05 15:27:35 ERROR root remotelib error:IC144Panel:50000:{"property": "SetText", "value": ["Step 46 of 81\ncreating device:spd9\ncable tv2 defined:CATV 3\ncreating device:spd10\ncable tv3 defined:CATV 4\ncreating device:spd11"], "qualifier": {"code": "property does not exist"}}
2026-03-05 15:27:35 ERROR root remotelib error:BreakRmPanel:50000:{"property": "SetText", "value": ["Step 46 of 81\ncreating device:spd9\ncable tv2 defined:CATV 3\ncreating device:spd10\ncable tv3 defined:CATV 4\ncreating device:spd11"], "qualifier": {"code": "property does not exist"}}
2026-03-05 15:27:35 ERROR root remotelib error:LobbyPanel:50000:{"property": "SetText", "value": ["Step 46 of 81\ncreating device:spd9\ncable tv2 defined:CATV 3\ncreating device:spd10\ncable tv3 defined:CATV 4\ncreating device:spd11"], "qualifier": {"code": "property does not exist"}}
2026-03-05 15:27:35 ERROR root remotelib error:HallPanel:50000:{"property": "SetText", "value": ["Step 46 of 81\ncreating device:spd9\ncable tv2 defined:CATV 3\ncreating device:spd10\ncable tv3 defined:CATV 4\ncreating device:spd11"], "qualifier": {"code": "property does not exist"}}
2026-03-05 15:27:35 ERROR root remotelib error:BWDPanel:50000:{"property": "SetText", "value": ["Step 46 of 81\ncreating device:spd9\ncable tv2 defined:CATV 3\ncreating device:spd10\ncable tv3 defined:CATV 4\ncreating device:spd11"], "qualifier": {"code": "property does not exist"}}
2026-03-05 15:27:35 ERROR root remotelib error:IC142Panel:50001:{"property": "SetLevel", "value": [56.79012345679013], "qualifier": {"code": "property does not exist"}}
2026-03-05 15:27:35 ERROR root remotelib error:IC143Panel:50001:{"property": "SetLevel", "value": [56.79012345679013], "qualifier": {"code": "property does not exist"}}
2026-03-05 15:27:35 ERROR root remotelib error:IC144Panel:50001:{"property": "SetLevel", "value": [56.79012345679013], "qualifier": {"code": "property does not exist"}}
2026-03-05 15:27:35 ERROR root remotelib error:BreakRmPanel:50001:{"property": "SetLevel", "value": [56.79012345679013], "qualifier": {"code": "property does not exist"}}
2026-03-05 15:27:35 ERROR root remotelib error:LobbyPanel:50001:{"property": "SetLevel", "value": [56.79012345679013], "qualifier": {"code": "property does not exist"}}
2026-03-05 15:27:35 ERROR root remotelib error:HallPanel:50001:{"property": "SetLevel", "value": [56.79012345679013], "qualifier": {"code": "property does not exist"}}
2026-03-05 15:27:35 ERROR root remotelib error:BWDPanel:50001:{"property": "SetLevel", "value": [56.79012345679013], "qualifier": {"code": "property does not exist"}}
2026-03-05 15:27:42 INFO root Device 22-0 VTLP sync handling began
2026-03-05 15:27:42 INFO root Device 22-0 VTLP sync handling ended
2026-03-05 15:27:42 INFO root Device 22-0 VTLP sync handling began
2026-03-05 15:27:42 INFO root Device 22-0 VTLP sync handling ended
2026-03-05 15:27:44 ERROR root Device 13-0 (None)  Unavailable Port: IRS1 , connections status Offline
2026-03-05 15:27:44 ERROR root remotelib error:IC142Panel:50000:{"property": "SetText", "value": ["Step 47 of 81\ncable tv2 defined:CATV 3\ncreating device:spd10\ncable tv3 defined:CATV 4\ncreating device:spd11\ncable tv4 defined:CATV 5"], "qualifier": {"code": "property does not exist"}}
2026-03-05 15:27:44 ERROR root remotelib error:IC143Panel:50000:{"property": "SetText", "value": ["Step 47 of 81\ncable tv2 defined:CATV 3\ncreating device:spd10\ncable tv3 defined:CATV 4\ncreating device:spd11\ncable tv4 defined:CATV 5"], "qualifier": {"code": "property does not exist"}}
2026-03-05 15:27:44 ERROR root remotelib error:IC144Panel:50000:{"property": "SetText", "value": ["Step 47 of 81\ncable tv2 defined:CATV 3\ncreating device:spd10\ncable tv3 defined:CATV 4\ncreating device:spd11\ncable tv4 defined:CATV 5"], "qualifier": {"code": "property does not exist"}}
2026-03-05 15:27:44 ERROR root remotelib error:LobbyPanel:50000:{"property": "SetText", "value": ["Step 47 of 81\ncable tv2 defined:CATV 3\ncreating device:spd10\ncable tv3 defined:CATV 4\ncreating device:spd11\ncable tv4 defined:CATV 5"], "qualifier": {"code": "property does not exist"}}
2026-03-05 15:27:44 ERROR root remotelib error:BreakRmPanel:50000:{"property": "SetText", "value": ["Step 47 of 81\ncable tv2 defined:CATV 3\ncreating device:spd10\ncable tv3 defined:CATV 4\ncreating device:spd11\ncable tv4 defined:CATV 5"], "qualifier": {"code": "property does not exist"}}
2026-03-05 15:27:44 ERROR root remotelib error:BWDPanel:50000:{"property": "SetText", "value": ["Step 47 of 81\ncable tv2 defined:CATV 3\ncreating device:spd10\ncable tv3 defined:CATV 4\ncreating device:spd11\ncable tv4 defined:CATV 5"], "qualifier": {"code": "property does not exist"}}
2026-03-05 15:27:44 ERROR root remotelib error:HallPanel:50000:{"property": "SetText", "value": ["Step 47 of 81\ncable tv2 defined:CATV 3\ncreating device:spd10\ncable tv3 defined:CATV 4\ncreating device:spd11\ncable tv4 defined:CATV 5"], "qualifier": {"code": "property does not exist"}}
2026-03-05 15:27:44 ERROR root remotelib error:IC142Panel:50001:{"property": "SetLevel", "value": [58.02469135802469], "qualifier": {"code": "property does not exist"}}
2026-03-05 15:27:44 ERROR root remotelib error:IC143Panel:50001:{"property": "SetLevel", "value": [58.02469135802469], "qualifier": {"code": "property does not exist"}}
2026-03-05 15:27:44 ERROR root remotelib error:IC144Panel:50001:{"property": "SetLevel", "value": [58.02469135802469], "qualifier": {"code": "property does not exist"}}
2026-03-05 15:27:44 ERROR root remotelib error:BreakRmPanel:50001:{"property": "SetLevel", "value": [58.02469135802469], "qualifier": {"code": "property does not exist"}}
2026-03-05 15:27:44 ERROR root remotelib error:HallPanel:50001:{"property": "SetLevel", "value": [58.02469135802469], "qualifier": {"code": "property does not exist"}}
2026-03-05 15:27:44 ERROR root remotelib error:LobbyPanel:50001:{"property": "SetLevel", "value": [58.02469135802469], "qualifier": {"code": "property does not exist"}}
2026-03-05 15:27:44 ERROR root remotelib error:BWDPanel:50001:{"property": "SetLevel", "value": [58.02469135802469], "qualifier": {"code": "property does not exist"}}
2026-03-05 15:27:44 ERROR root remotelib error:IC142Panel:50000:{"property": "SetText", "value": ["Step 48 of 81\ncreating device:spd10\ncable tv3 defined:CATV 4\ncreating device:spd11\ncable tv4 defined:CATV 5\ncreating device:spd12"], "qualifier": {"code": "property does not exist"}}
2026-03-05 15:27:44 ERROR root remotelib error:IC143Panel:50000:{"property": "SetText", "value": ["Step 48 of 81\ncreating device:spd10\ncable tv3 defined:CATV 4\ncreating device:spd11\ncable tv4 defined:CATV 5\ncreating device:spd12"], "qualifier": {"code": "property does not exist"}}
2026-03-05 15:27:44 ERROR root remotelib error:IC144Panel:50000:{"property": "SetText", "value": ["Step 48 of 81\ncreating device:spd10\ncable tv3 defined:CATV 4\ncreating device:spd11\ncable tv4 defined:CATV 5\ncreating device:spd12"], "qualifier": {"code": "property does not exist"}}
2026-03-05 15:27:44 ERROR root remotelib error:BreakRmPanel:50000:{"property": "SetText", "value": ["Step 48 of 81\ncreating device:spd10\ncable tv3 defined:CATV 4\ncreating device:spd11\ncable tv4 defined:CATV 5\ncreating device:spd12"], "qualifier": {"code": "property does not exist"}}
2026-03-05 15:27:44 ERROR root remotelib error:LobbyPanel:50000:{"property": "SetText", "value": ["Step 48 of 81\ncreating device:spd10\ncable tv3 defined:CATV 4\ncreating device:spd11\ncable tv4 defined:CATV 5\ncreating device:spd12"], "qualifier": {"code": "property does not exist"}}
2026-03-05 15:27:44 ERROR root remotelib error:HallPanel:50000:{"property": "SetText", "value": ["Step 48 of 81\ncreating device:spd10\ncable tv3 defined:CATV 4\ncreating device:spd11\ncable tv4 defined:CATV 5\ncreating device:spd12"], "qualifier": {"code": "property does not exist"}}
2026-03-05 15:27:44 ERROR root remotelib error:BWDPanel:50000:{"property": "SetText", "value": ["Step 48 of 81\ncreating device:spd10\ncable tv3 defined:CATV 4\ncreating device:spd11\ncable tv4 defined:CATV 5\ncreating device:spd12"], "qualifier": {"code": "property does not exist"}}
2026-03-05 15:27:44 ERROR root remotelib error:IC142Panel:50001:{"property": "SetLevel", "value": [59.25925925925926], "qualifier": {"code": "property does not exist"}}
2026-03-05 15:27:44 ERROR root remotelib error:IC143Panel:50001:{"property": "SetLevel", "value": [59.25925925925926], "qualifier": {"code": "property does not exist"}}
2026-03-05 15:27:44 ERROR root remotelib error:IC144Panel:50001:{"property": "SetLevel", "value": [59.25925925925926], "qualifier": {"code": "property does not exist"}}
2026-03-05 15:27:44 ERROR root remotelib error:BreakRmPanel:50001:{"property": "SetLevel", "value": [59.25925925925926], "qualifier": {"code": "property does not exist"}}
2026-03-05 15:27:44 ERROR root remotelib error:LobbyPanel:50001:{"property": "SetLevel", "value": [59.25925925925926], "qualifier": {"code": "property does not exist"}}
2026-03-05 15:27:44 ERROR root remotelib error:HallPanel:50001:{"property": "SetLevel", "value": [59.25925925925926], "qualifier": {"code": "property does not exist"}}
2026-03-05 15:27:44 ERROR root remotelib error:BWDPanel:50001:{"property": "SetLevel", "value": [59.25925925925926], "qualifier": {"code": "property does not exist"}}
2026-03-05 15:27:49 ERROR root Debug Server restarted:Listening
2026-03-05 15:27:53 ERROR root Device 14-0 (None)  Unavailable Port: IRS1 , connections status Offline
2026-03-05 15:27:53 ERROR root remotelib error:IC142Panel:50000:{"property": "SetText", "value": ["Step 49 of 81\ncable tv3 defined:CATV 4\ncreating device:spd11\ncable tv4 defined:CATV 5\ncreating device:spd12\ncable tv5 defined:CATV 6"], "qualifier": {"code": "property does not exist"}}
2026-03-05 15:27:53 ERROR root remotelib error:IC143Panel:50000:{"property": "SetText", "value": ["Step 49 of 81\ncable tv3 defined:CATV 4\ncreating device:spd11\ncable tv4 defined:CATV 5\ncreating device:spd12\ncable tv5 defined:CATV 6"], "qualifier": {"code": "property does not exist"}}
2026-03-05 15:27:53 ERROR root remotelib error:IC144Panel:50000:{"property": "SetText", "value": ["Step 49 of 81\ncable tv3 defined:CATV 4\ncreating device:spd11\ncable tv4 defined:CATV 5\ncreating device:spd12\ncable tv5 defined:CATV 6"], "qualifier": {"code": "property does not exist"}}
2026-03-05 15:27:53 ERROR root remotelib error:BreakRmPanel:50000:{"property": "SetText", "value": ["Step 49 of 81\ncable tv3 defined:CATV 4\ncreating device:spd11\ncable tv4 defined:CATV 5\ncreating device:spd12\ncable tv5 defined:CATV 6"], "qualifier": {"code": "property does not exist"}}
2026-03-05 15:27:53 ERROR root remotelib error:LobbyPanel:50000:{"property": "SetText", "value": ["Step 49 of 81\ncable tv3 defined:CATV 4\ncreating device:spd11\ncable tv4 defined:CATV 5\ncreating device:spd12\ncable tv5 defined:CATV 6"], "qualifier": {"code": "property does not exist"}}
2026-03-05 15:27:53 ERROR root remotelib error:HallPanel:50000:{"property": "SetText", "value": ["Step 49 of 81\ncable tv3 defined:CATV 4\ncreating device:spd11\ncable tv4 defined:CATV 5\ncreating device:spd12\ncable tv5 defined:CATV 6"], "qualifier": {"code": "property does not exist"}}
2026-03-05 15:27:53 ERROR root remotelib error:BWDPanel:50000:{"property": "SetText", "value": ["Step 49 of 81\ncable tv3 defined:CATV 4\ncreating device:spd11\ncable tv4 defined:CATV 5\ncreating device:spd12\ncable tv5 defined:CATV 6"], "qualifier": {"code": "property does not exist"}}
2026-03-05 15:27:53 ERROR root remotelib error:IC142Panel:50001:{"property": "SetLevel", "value": [60.49382716049383], "qualifier": {"code": "property does not exist"}}
2026-03-05 15:27:53 ERROR root remotelib error:IC144Panel:50001:{"property": "SetLevel", "value": [60.49382716049383], "qualifier": {"code": "property does not exist"}}
2026-03-05 15:27:53 ERROR root remotelib error:IC143Panel:50001:{"property": "SetLevel", "value": [60.49382716049383], "qualifier": {"code": "property does not exist"}}
2026-03-05 15:27:53 ERROR root remotelib error:BreakRmPanel:50001:{"property": "SetLevel", "value": [60.49382716049383], "qualifier": {"code": "property does not exist"}}
2026-03-05 15:27:53 ERROR root remotelib error:LobbyPanel:50001:{"property": "SetLevel", "value": [60.49382716049383], "qualifier": {"code": "property does not exist"}}
2026-03-05 15:27:53 ERROR root remotelib error:HallPanel:50001:{"property": "SetLevel", "value": [60.49382716049383], "qualifier": {"code": "property does not exist"}}
2026-03-05 15:27:53 ERROR root remotelib error:BWDPanel:50001:{"property": "SetLevel", "value": [60.49382716049383], "qualifier": {"code": "property does not exist"}}
2026-03-05 15:27:53 ERROR root remotelib error:IC142Panel:50000:{"property": "SetText", "value": ["Step 50 of 81\ncreating device:spd11\ncable tv4 defined:CATV 5\ncreating device:spd12\ncable tv5 defined:CATV 6\ncreating device:spd13"], "qualifier": {"code": "property does not exist"}}
2026-03-05 15:27:53 ERROR root remotelib error:IC143Panel:50000:{"property": "SetText", "value": ["Step 50 of 81\ncreating device:spd11\ncable tv4 defined:CATV 5\ncreating device:spd12\ncable tv5 defined:CATV 6\ncreating device:spd13"], "qualifier": {"code": "property does not exist"}}
2026-03-05 15:27:53 ERROR root remotelib error:IC144Panel:50000:{"property": "SetText", "value": ["Step 50 of 81\ncreating device:spd11\ncable tv4 defined:CATV 5\ncreating device:spd12\ncable tv5 defined:CATV 6\ncreating device:spd13"], "qualifier": {"code": "property does not exist"}}
2026-03-05 15:27:53 ERROR root remotelib error:BreakRmPanel:50000:{"property": "SetText", "value": ["Step 50 of 81\ncreating device:spd11\ncable tv4 defined:CATV 5\ncreating device:spd12\ncable tv5 defined:CATV 6\ncreating device:spd13"], "qualifier": {"code": "property does not exist"}}
2026-03-05 15:27:54 ERROR root remotelib error:HallPanel:50000:{"property": "SetText", "value": ["Step 50 of 81\ncreating device:spd11\ncable tv4 defined:CATV 5\ncreating device:spd12\ncable tv5 defined:CATV 6\ncreating device:spd13"], "qualifier": {"code": "property does not exist"}}
2026-03-05 15:27:54 ERROR root remotelib error:LobbyPanel:50000:{"property": "SetText", "value": ["Step 50 of 81\ncreating device:spd11\ncable tv4 defined:CATV 5\ncreating device:spd12\ncable tv5 defined:CATV 6\ncreating device:spd13"], "qualifier": {"code": "property does not exist"}}
2026-03-05 15:27:54 ERROR root remotelib error:BWDPanel:50000:{"property": "SetText", "value": ["Step 50 of 81\ncreating device:spd11\ncable tv4 defined:CATV 5\ncreating device:spd12\ncable tv5 defined:CATV 6\ncreating device:spd13"], "qualifier": {"code": "property does not exist"}}
2026-03-05 15:27:54 ERROR root remotelib error:IC142Panel:50001:{"property": "SetLevel", "value": [61.72839506172839], "qualifier": {"code": "property does not exist"}}
2026-03-05 15:27:54 ERROR root remotelib error:IC143Panel:50001:{"property": "SetLevel", "value": [61.72839506172839], "qualifier": {"code": "property does not exist"}}
2026-03-05 15:27:54 ERROR root remotelib error:IC144Panel:50001:{"property": "SetLevel", "value": [61.72839506172839], "qualifier": {"code": "property does not exist"}}
2026-03-05 15:27:54 ERROR root remotelib error:BreakRmPanel:50001:{"property": "SetLevel", "value": [61.72839506172839], "qualifier": {"code": "property does not exist"}}
2026-03-05 15:27:54 ERROR root remotelib error:LobbyPanel:50001:{"property": "SetLevel", "value": [61.72839506172839], "qualifier": {"code": "property does not exist"}}
2026-03-05 15:27:54 ERROR root remotelib error:HallPanel:50001:{"property": "SetLevel", "value": [61.72839506172839], "qualifier": {"code": "property does not exist"}}
2026-03-05 15:27:54 ERROR root remotelib error:BWDPanel:50001:{"property": "SetLevel", "value": [61.72839506172839], "qualifier": {"code": "property does not exist"}}
