2026-03-05 15:31:45 INFO root Start primary API version 1.8.21
2026-03-05 15:31:46 INFO root loading script: main
2026-03-05 15:31:47 ERROR root [Errno 99] Cannot assign requested address
2026-03-05 15:31:47 INFO root successfully loaded script: main
2026-03-05 15:32:18 ERROR root [Errno 99] Cannot assign requested address
2026-03-05 15:32:18 INFO root Error Starting Remote Server:InterfaceUnavailable: AVLAN
2026-03-05 15:34:02 ERROR root remotelib error:IC142Panel:50000:{"property": "SetText", "value": ["Step 5 of 99\ntp0 defined:IC142Panel\ncreating device:IC142Panel\ntp1 defined:IC143Panel"], "qualifier": {"code": "property does not exist"}}
2026-03-05 15:34:02 ERROR root remotelib error:IC142Panel:50001:{"property": "SetLevel", "value": [5.05050505050505], "qualifier": {"code": "property does not exist"}}
2026-03-05 15:34:02 ERROR root remotelib error:IC142Panel:50000:{"property": "SetText", "value": ["Step 6 of 99\ntp0 defined:IC142Panel\ncreating device:IC142Panel\ntp1 defined:IC143Panel\ncreating device:IC143Panel"], "qualifier": {"code": "property does not exist"}}
2026-03-05 15:34:02 ERROR root remotelib error:IC142Panel:50001:{"property": "SetLevel", "value": [6.0606060606060606], "qualifier": {"code": "property does not exist"}}
2026-03-05 15:34:07 INFO root Device 16-0 VTLP sync handling began
2026-03-05 15:34:07 INFO root Device 16-0 VTLP sync handling ended
2026-03-05 15:34:07 INFO root Device 16-0 VTLP sync handling began
2026-03-05 15:34:07 INFO root Device 16-0 VTLP sync handling ended
2026-03-05 15:34:07 INFO root Device 16-0 VTLP sync handling began
2026-03-05 15:34:07 INFO root Device 16-0 VTLP sync handling ended
2026-03-05 15:34:07 INFO root Device 16-0 VTLP sync handling began
2026-03-05 15:34:07 INFO root Device 16-0 VTLP sync handling ended
2026-03-05 15:34:07 INFO root Device 16-0 VTLP sync handling began
2026-03-05 15:34:07 INFO root Device 16-0 VTLP sync handling ended
2026-03-05 15:34:07 INFO root Device 16-0 VTLP sync handling began
2026-03-05 15:34:07 INFO root Device 16-0 VTLP sync handling ended
2026-03-05 15:34:16 ERROR root Debug Server restarted:Listening
2026-03-05 15:34:18 ERROR root remotelib error:IC142Panel:50000:{"property": "SetText", "value": ["Step 7 of 99\ntp0 defined:IC142Panel\ncreating device:IC142Panel\ntp1 defined:IC143Panel\ncreating device:IC143Panel\ntp2 defined:IC144Panel"], "qualifier": {"code": "property does not exist"}}
2026-03-05 15:34:18 ERROR root remotelib error:IC143Panel:50000:{"property": "SetText", "value": ["Step 7 of 99\ntp0 defined:IC142Panel\ncreating device:IC142Panel\ntp1 defined:IC143Panel\ncreating device:IC143Panel\ntp2 defined:IC144Panel"], "qualifier": {"code": "property does not exist"}}
2026-03-05 15:34:18 ERROR root remotelib error:IC142Panel:50001:{"property": "SetLevel", "value": [7.070707070707071], "qualifier": {"code": "property does not exist"}}
2026-03-05 15:34:18 ERROR root remotelib error:IC143Panel:50001:{"property": "SetLevel", "value": [7.070707070707071], "qualifier": {"code": "property does not exist"}}
2026-03-05 15:34:18 ERROR root remotelib error:IC142Panel:50000:{"property": "SetText", "value": ["Step 8 of 99\ncreating device:IC142Panel\ntp1 defined:IC143Panel\ncreating device:IC143Panel\ntp2 defined:IC144Panel\ncreating device:IC144Panel"], "qualifier": {"code": "property does not exist"}}
2026-03-05 15:34:18 ERROR root remotelib error:IC143Panel:50000:{"property": "SetText", "value": ["Step 8 of 99\ncreating device:IC142Panel\ntp1 defined:IC143Panel\ncreating device:IC143Panel\ntp2 defined:IC144Panel\ncreating device:IC144Panel"], "qualifier": {"code": "property does not exist"}}
2026-03-05 15:34:18 ERROR root remotelib error:IC142Panel:50001:{"property": "SetLevel", "value": [8.080808080808081], "qualifier": {"code": "property does not exist"}}
2026-03-05 15:34:18 ERROR root remotelib error:IC143Panel:50001:{"property": "SetLevel", "value": [8.080808080808081], "qualifier": {"code": "property does not exist"}}
2026-03-05 15:34:34 ERROR root remotelib error:IC142Panel:50000:{"property": "SetText", "value": ["Step 9 of 99\ntp1 defined:IC143Panel\ncreating device:IC143Panel\ntp2 defined:IC144Panel\ncreating device:IC144Panel\ntp3 defined:BreakRmPanel"], "qualifier": {"code": "property does not exist"}}
2026-03-05 15:34:34 ERROR root remotelib error:IC143Panel:50000:{"property": "SetText", "value": ["Step 9 of 99\ntp1 defined:IC143Panel\ncreating device:IC143Panel\ntp2 defined:IC144Panel\ncreating device:IC144Panel\ntp3 defined:BreakRmPanel"], "qualifier": {"code": "property does not exist"}}
2026-03-05 15:34:34 ERROR root remotelib error:IC144Panel:50000:{"property": "SetText", "value": ["Step 9 of 99\ntp1 defined:IC143Panel\ncreating device:IC143Panel\ntp2 defined:IC144Panel\ncreating device:IC144Panel\ntp3 defined:BreakRmPanel"], "qualifier": {"code": "property does not exist"}}
2026-03-05 15:34:34 ERROR root remotelib error:IC142Panel:50001:{"property": "SetLevel", "value": [9.090909090909092], "qualifier": {"code": "property does not exist"}}
2026-03-05 15:34:34 ERROR root remotelib error:IC143Panel:50001:{"property": "SetLevel", "value": [9.090909090909092], "qualifier": {"code": "property does not exist"}}
2026-03-05 15:34:34 ERROR root remotelib error:IC144Panel:50001:{"property": "SetLevel", "value": [9.090909090909092], "qualifier": {"code": "property does not exist"}}
2026-03-05 15:34:34 ERROR root remotelib error:IC142Panel:50000:{"property": "SetText", "value": ["Step 10 of 99\ncreating device:IC143Panel\ntp2 defined:IC144Panel\ncreating device:IC144Panel\ntp3 defined:BreakRmPanel\ncreating device:BreakRmPanel"], "qualifier": {"code": "property does not exist"}}
2026-03-05 15:34:34 ERROR root remotelib error:IC143Panel:50000:{"property": "SetText", "value": ["Step 10 of 99\ncreating device:IC143Panel\ntp2 defined:IC144Panel\ncreating device:IC144Panel\ntp3 defined:BreakRmPanel\ncreating device:BreakRmPanel"], "qualifier": {"code": "property does not exist"}}
2026-03-05 15:34:34 ERROR root remotelib error:IC144Panel:50000:{"property": "SetText", "value": ["Step 10 of 99\ncreating device:IC143Panel\ntp2 defined:IC144Panel\ncreating device:IC144Panel\ntp3 defined:BreakRmPanel\ncreating device:BreakRmPanel"], "qualifier": {"code": "property does not exist"}}
2026-03-05 15:34:34 ERROR root remotelib error:IC142Panel:50001:{"property": "SetLevel", "value": [10.1010101010101], "qualifier": {"code": "property does not exist"}}
2026-03-05 15:34:34 ERROR root remotelib error:IC143Panel:50001:{"property": "SetLevel", "value": [10.1010101010101], "qualifier": {"code": "property does not exist"}}
2026-03-05 15:34:34 ERROR root remotelib error:IC144Panel:50001:{"property": "SetLevel", "value": [10.1010101010101], "qualifier": {"code": "property does not exist"}}
2026-03-05 15:34:46 ERROR root Debug Server restarted:Listening
2026-03-05 15:34:50 ERROR root remotelib error:IC142Panel:50000:{"property": "SetText", "value": ["Step 11 of 99\ntp2 defined:IC144Panel\ncreating device:IC144Panel\ntp3 defined:BreakRmPanel\ncreating device:BreakRmPanel\ntp4 defined:LobbyPanel"], "qualifier": {"code": "property does not exist"}}
2026-03-05 15:34:50 ERROR root remotelib error:IC143Panel:50000:{"property": "SetText", "value": ["Step 11 of 99\ntp2 defined:IC144Panel\ncreating device:IC144Panel\ntp3 defined:BreakRmPanel\ncreating device:BreakRmPanel\ntp4 defined:LobbyPanel"], "qualifier": {"code": "property does not exist"}}
2026-03-05 15:34:50 ERROR root remotelib error:IC144Panel:50000:{"property": "SetText", "value": ["Step 11 of 99\ntp2 defined:IC144Panel\ncreating device:IC144Panel\ntp3 defined:BreakRmPanel\ncreating device:BreakRmPanel\ntp4 defined:LobbyPanel"], "qualifier": {"code": "property does not exist"}}
2026-03-05 15:34:50 ERROR root remotelib error:BreakRmPanel:50000:{"property": "SetText", "value": ["Step 11 of 99\ntp2 defined:IC144Panel\ncreating device:IC144Panel\ntp3 defined:BreakRmPanel\ncreating device:BreakRmPanel\ntp4 defined:LobbyPanel"], "qualifier": {"code": "property does not exist"}}
2026-03-05 15:34:50 ERROR root remotelib error:IC142Panel:50001:{"property": "SetLevel", "value": [11.11111111111111], "qualifier": {"code": "property does not exist"}}
2026-03-05 15:34:50 ERROR root remotelib error:IC143Panel:50001:{"property": "SetLevel", "value": [11.11111111111111], "qualifier": {"code": "property does not exist"}}
2026-03-05 15:34:50 ERROR root remotelib error:IC144Panel:50001:{"property": "SetLevel", "value": [11.11111111111111], "qualifier": {"code": "property does not exist"}}
2026-03-05 15:34:50 ERROR root remotelib error:BreakRmPanel:50001:{"property": "SetLevel", "value": [11.11111111111111], "qualifier": {"code": "property does not exist"}}
2026-03-05 15:34:50 ERROR root remotelib error:IC142Panel:50000:{"property": "SetText", "value": ["Step 12 of 99\ncreating device:IC144Panel\ntp3 defined:BreakRmPanel\ncreating device:BreakRmPanel\ntp4 defined:LobbyPanel\ncreating device:LobbyPanel"], "qualifier": {"code": "property does not exist"}}
2026-03-05 15:34:50 ERROR root remotelib error:IC143Panel:50000:{"property": "SetText", "value": ["Step 12 of 99\ncreating device:IC144Panel\ntp3 defined:BreakRmPanel\ncreating device:BreakRmPanel\ntp4 defined:LobbyPanel\ncreating device:LobbyPanel"], "qualifier": {"code": "property does not exist"}}
2026-03-05 15:34:50 ERROR root remotelib error:IC144Panel:50000:{"property": "SetText", "value": ["Step 12 of 99\ncreating device:IC144Panel\ntp3 defined:BreakRmPanel\ncreating device:BreakRmPanel\ntp4 defined:LobbyPanel\ncreating device:LobbyPanel"], "qualifier": {"code": "property does not exist"}}
2026-03-05 15:34:50 ERROR root remotelib error:BreakRmPanel:50000:{"property": "SetText", "value": ["Step 12 of 99\ncreating device:IC144Panel\ntp3 defined:BreakRmPanel\ncreating device:BreakRmPanel\ntp4 defined:LobbyPanel\ncreating device:LobbyPanel"], "qualifier": {"code": "property does not exist"}}
2026-03-05 15:34:50 ERROR root remotelib error:IC142Panel:50001:{"property": "SetLevel", "value": [12.121212121212121], "qualifier": {"code": "property does not exist"}}
2026-03-05 15:34:50 ERROR root remotelib error:IC143Panel:50001:{"property": "SetLevel", "value": [12.121212121212121], "qualifier": {"code": "property does not exist"}}
2026-03-05 15:34:50 ERROR root remotelib error:IC144Panel:50001:{"property": "SetLevel", "value": [12.121212121212121], "qualifier": {"code": "property does not exist"}}
2026-03-05 15:34:50 ERROR root remotelib error:BreakRmPanel:50001:{"property": "SetLevel", "value": [12.121212121212121], "qualifier": {"code": "property does not exist"}}
2026-03-05 15:35:07 ERROR root remotelib error:IC142Panel:50000:{"property": "SetText", "value": ["Step 13 of 99\ntp3 defined:BreakRmPanel\ncreating device:BreakRmPanel\ntp4 defined:LobbyPanel\ncreating device:LobbyPanel\ntp5 defined:HallPanel"], "qualifier": {"code": "property does not exist"}}
2026-03-05 15:35:07 ERROR root remotelib error:IC143Panel:50000:{"property": "SetText", "value": ["Step 13 of 99\ntp3 defined:BreakRmPanel\ncreating device:BreakRmPanel\ntp4 defined:LobbyPanel\ncreating device:LobbyPanel\ntp5 defined:HallPanel"], "qualifier": {"code": "property does not exist"}}
2026-03-05 15:35:07 ERROR root remotelib error:IC144Panel:50000:{"property": "SetText", "value": ["Step 13 of 99\ntp3 defined:BreakRmPanel\ncreating device:BreakRmPanel\ntp4 defined:LobbyPanel\ncreating device:LobbyPanel\ntp5 defined:HallPanel"], "qualifier": {"code": "property does not exist"}}
2026-03-05 15:35:07 ERROR root remotelib error:LobbyPanel:50000:{"property": "SetText", "value": ["Step 13 of 99\ntp3 defined:BreakRmPanel\ncreating device:BreakRmPanel\ntp4 defined:LobbyPanel\ncreating device:LobbyPanel\ntp5 defined:HallPanel"], "qualifier": {"code": "property does not exist"}}
2026-03-05 15:35:07 ERROR root remotelib error:BreakRmPanel:50000:{"property": "SetText", "value": ["Step 13 of 99\ntp3 defined:BreakRmPanel\ncreating device:BreakRmPanel\ntp4 defined:LobbyPanel\ncreating device:LobbyPanel\ntp5 defined:HallPanel"], "qualifier": {"code": "property does not exist"}}
2026-03-05 15:35:07 ERROR root remotelib error:IC142Panel:50001:{"property": "SetLevel", "value": [13.131313131313131], "qualifier": {"code": "property does not exist"}}
2026-03-05 15:35:07 ERROR root remotelib error:IC143Panel:50001:{"property": "SetLevel", "value": [13.131313131313131], "qualifier": {"code": "property does not exist"}}
2026-03-05 15:35:07 ERROR root remotelib error:IC144Panel:50001:{"property": "SetLevel", "value": [13.131313131313131], "qualifier": {"code": "property does not exist"}}
2026-03-05 15:35:07 ERROR root remotelib error:BreakRmPanel:50001:{"property": "SetLevel", "value": [13.131313131313131], "qualifier": {"code": "property does not exist"}}
2026-03-05 15:35:07 ERROR root remotelib error:LobbyPanel:50001:{"property": "SetLevel", "value": [13.131313131313131], "qualifier": {"code": "property does not exist"}}
2026-03-05 15:35:07 ERROR root remotelib error:IC142Panel:50000:{"property": "SetText", "value": ["Step 14 of 99\ncreating device:BreakRmPanel\ntp4 defined:LobbyPanel\ncreating device:LobbyPanel\ntp5 defined:HallPanel\ncreating device:HallPanel"], "qualifier": {"code": "property does not exist"}}
2026-03-05 15:35:07 ERROR root remotelib error:IC143Panel:50000:{"property": "SetText", "value": ["Step 14 of 99\ncreating device:BreakRmPanel\ntp4 defined:LobbyPanel\ncreating device:LobbyPanel\ntp5 defined:HallPanel\ncreating device:HallPanel"], "qualifier": {"code": "property does not exist"}}
2026-03-05 15:35:07 ERROR root remotelib error:IC144Panel:50000:{"property": "SetText", "value": ["Step 14 of 99\ncreating device:BreakRmPanel\ntp4 defined:LobbyPanel\ncreating device:LobbyPanel\ntp5 defined:HallPanel\ncreating device:HallPanel"], "qualifier": {"code": "property does not exist"}}
2026-03-05 15:35:07 ERROR root remotelib error:BreakRmPanel:50000:{"property": "SetText", "value": ["Step 14 of 99\ncreating device:BreakRmPanel\ntp4 defined:LobbyPanel\ncreating device:LobbyPanel\ntp5 defined:HallPanel\ncreating device:HallPanel"], "qualifier": {"code": "property does not exist"}}
2026-03-05 15:35:07 ERROR root remotelib error:LobbyPanel:50000:{"property": "SetText", "value": ["Step 14 of 99\ncreating device:BreakRmPanel\ntp4 defined:LobbyPanel\ncreating device:LobbyPanel\ntp5 defined:HallPanel\ncreating device:HallPanel"], "qualifier": {"code": "property does not exist"}}
2026-03-05 15:35:07 ERROR root remotelib error:IC143Panel:50001:{"property": "SetLevel", "value": [14.141414141414142], "qualifier": {"code": "property does not exist"}}
2026-03-05 15:35:07 ERROR root remotelib error:IC142Panel:50001:{"property": "SetLevel", "value": [14.141414141414142], "qualifier": {"code": "property does not exist"}}
2026-03-05 15:35:07 ERROR root remotelib error:IC144Panel:50001:{"property": "SetLevel", "value": [14.141414141414142], "qualifier": {"code": "property does not exist"}}
2026-03-05 15:35:07 ERROR root remotelib error:BreakRmPanel:50001:{"property": "SetLevel", "value": [14.141414141414142], "qualifier": {"code": "property does not exist"}}
2026-03-05 15:35:07 ERROR root remotelib error:LobbyPanel:50001:{"property": "SetLevel", "value": [14.141414141414142], "qualifier": {"code": "property does not exist"}}
2026-03-05 15:35:07 INFO root Device 16-0 VTLP sync handling began
2026-03-05 15:35:07 INFO root Device 16-0 VTLP sync handling ended
2026-03-05 15:35:07 INFO root Device 16-0 VTLP sync handling began
2026-03-05 15:35:07 INFO root Device 20-0 VTLP sync handling began
2026-03-05 15:35:07 INFO root Device 17-0 VTLP sync handling began
2026-03-05 15:35:07 INFO root Device 16-0 VTLP sync handling ended
2026-03-05 15:35:07 INFO root Device 20-0 VTLP sync handling ended
2026-03-05 15:35:07 INFO root Device 17-0 VTLP sync handling ended
2026-03-05 15:35:07 INFO root Device 20-0 VTLP sync handling began
2026-03-05 15:35:07 INFO root Device 16-0 VTLP sync handling began
2026-03-05 15:35:07 INFO root Device 17-0 VTLP sync handling began
2026-03-05 15:35:07 INFO root Device 20-0 VTLP sync handling ended
2026-03-05 15:35:07 INFO root Device 16-0 VTLP sync handling ended
2026-03-05 15:35:07 INFO root Device 17-0 VTLP sync handling ended
2026-03-05 15:35:07 INFO root Device 18-0 VTLP sync handling began
2026-03-05 15:35:07 INFO root Device 20-0 VTLP sync handling began
2026-03-05 15:35:07 INFO root Device 16-0 VTLP sync handling began
2026-03-05 15:35:07 INFO root Device 17-0 VTLP sync handling began
2026-03-05 15:35:07 INFO root Device 19-0 VTLP sync handling began
2026-03-05 15:35:07 INFO root Device 18-0 VTLP sync handling ended
2026-03-05 15:35:07 INFO root Device 17-0 VTLP sync handling ended
2026-03-05 15:35:07 INFO root Device 20-0 VTLP sync handling ended
2026-03-05 15:35:07 INFO root Device 16-0 VTLP sync handling ended
2026-03-05 15:35:07 INFO root Device 18-0 VTLP sync handling began
2026-03-05 15:35:07 INFO root Device 19-0 VTLP sync handling ended
2026-03-05 15:35:07 INFO root Device 18-0 VTLP sync handling ended
2026-03-05 15:35:07 INFO root Device 16-0 VTLP sync handling began
2026-03-05 15:35:07 INFO root Device 20-0 VTLP sync handling began
2026-03-05 15:35:07 INFO root Device 17-0 VTLP sync handling began
2026-03-05 15:35:07 INFO root Device 16-0 VTLP sync handling ended
2026-03-05 15:35:07 INFO root Device 18-0 VTLP sync handling began
2026-03-05 15:35:07 INFO root Device 19-0 VTLP sync handling began
2026-03-05 15:35:07 INFO root Device 20-0 VTLP sync handling ended
2026-03-05 15:35:07 INFO root Device 17-0 VTLP sync handling ended
2026-03-05 15:35:07 INFO root Device 18-0 VTLP sync handling ended
2026-03-05 15:35:07 INFO root Device 19-0 VTLP sync handling ended
2026-03-05 15:35:07 INFO root Device 20-0 VTLP sync handling began
2026-03-05 15:35:07 INFO root Device 17-0 VTLP sync handling began
2026-03-05 15:35:07 INFO root Device 19-0 VTLP sync handling began
2026-03-05 15:35:07 INFO root Device 18-0 VTLP sync handling began
2026-03-05 15:35:07 INFO root Device 20-0 VTLP sync handling ended
2026-03-05 15:35:07 INFO root Device 17-0 VTLP sync handling ended
2026-03-05 15:35:07 INFO root Device 18-0 VTLP sync handling ended
2026-03-05 15:35:07 INFO root Device 19-0 VTLP sync handling ended
2026-03-05 15:35:07 INFO root Device 17-0 VTLP sync handling began
2026-03-05 15:35:07 INFO root Device 18-0 VTLP sync handling began
2026-03-05 15:35:07 INFO root Device 17-0 VTLP sync handling ended
2026-03-05 15:35:07 INFO root Device 19-0 VTLP sync handling began
2026-03-05 15:35:07 INFO root Device 20-0 VTLP sync handling began
2026-03-05 15:35:07 INFO root Device 18-0 VTLP sync handling ended
2026-03-05 15:35:07 INFO root Device 18-0 VTLP sync handling began
2026-03-05 15:35:07 INFO root Device 20-0 VTLP sync handling ended
2026-03-05 15:35:07 INFO root Device 19-0 VTLP sync handling ended
2026-03-05 15:35:07 INFO root Device 17-0 VTLP sync handling began
2026-03-05 15:35:07 INFO root Device 18-0 VTLP sync handling ended
2026-03-05 15:35:07 INFO root Device 19-0 VTLP sync handling began
2026-03-05 15:35:07 INFO root Device 20-0 VTLP sync handling began
2026-03-05 15:35:07 INFO root Device 19-0 VTLP sync handling ended
2026-03-05 15:35:07 INFO root Device 17-0 VTLP sync handling ended
2026-03-05 15:35:07 INFO root Device 20-0 VTLP sync handling ended
2026-03-05 15:35:07 INFO root Device 17-0 VTLP sync handling began
2026-03-05 15:35:07 INFO root Device 19-0 VTLP sync handling began
2026-03-05 15:35:07 INFO root Device 20-0 VTLP sync handling began
2026-03-05 15:35:07 INFO root Device 17-0 VTLP sync handling ended
2026-03-05 15:35:07 INFO root Device 20-0 VTLP sync handling ended
2026-03-05 15:35:07 INFO root Device 19-0 VTLP sync handling ended
2026-03-05 15:35:07 INFO root Device 17-0 VTLP sync handling began
2026-03-05 15:35:07 INFO root Device 19-0 VTLP sync handling began
2026-03-05 15:35:07 INFO root Device 17-0 VTLP sync handling ended
2026-03-05 15:35:07 INFO root Device 19-0 VTLP sync handling ended
2026-03-05 15:35:07 INFO root Device 19-0 VTLP sync handling began
2026-03-05 15:35:07 INFO root Device 19-0 VTLP sync handling ended
2026-03-05 15:35:07 INFO root Device 19-0 VTLP sync handling began
2026-03-05 15:35:07 INFO root Device 19-0 VTLP sync handling ended
2026-03-05 15:35:16 ERROR root Debug Server restarted:Listening
2026-03-05 15:35:23 ERROR root remotelib error:IC142Panel:50000:{"property": "SetText", "value": ["Step 15 of 99\ntp4 defined:LobbyPanel\ncreating device:LobbyPanel\ntp5 defined:HallPanel\ncreating device:HallPanel\ntp6 defined:BWDPanel"], "qualifier": {"code": "property does not exist"}}
2026-03-05 15:35:23 ERROR root remotelib error:IC143Panel:50000:{"property": "SetText", "value": ["Step 15 of 99\ntp4 defined:LobbyPanel\ncreating device:LobbyPanel\ntp5 defined:HallPanel\ncreating device:HallPanel\ntp6 defined:BWDPanel"], "qualifier": {"code": "property does not exist"}}
2026-03-05 15:35:23 ERROR root remotelib error:IC144Panel:50000:{"property": "SetText", "value": ["Step 15 of 99\ntp4 defined:LobbyPanel\ncreating device:LobbyPanel\ntp5 defined:HallPanel\ncreating device:HallPanel\ntp6 defined:BWDPanel"], "qualifier": {"code": "property does not exist"}}
2026-03-05 15:35:23 ERROR root remotelib error:BreakRmPanel:50000:{"property": "SetText", "value": ["Step 15 of 99\ntp4 defined:LobbyPanel\ncreating device:LobbyPanel\ntp5 defined:HallPanel\ncreating device:HallPanel\ntp6 defined:BWDPanel"], "qualifier": {"code": "property does not exist"}}
2026-03-05 15:35:23 ERROR root remotelib error:LobbyPanel:50000:{"property": "SetText", "value": ["Step 15 of 99\ntp4 defined:LobbyPanel\ncreating device:LobbyPanel\ntp5 defined:HallPanel\ncreating device:HallPanel\ntp6 defined:BWDPanel"], "qualifier": {"code": "property does not exist"}}
2026-03-05 15:35:23 ERROR root remotelib error:IC142Panel:50001:{"property": "SetLevel", "value": [15.151515151515152], "qualifier": {"code": "property does not exist"}}
2026-03-05 15:35:23 ERROR root remotelib error:HallPanel:50000:{"property": "SetText", "value": ["Step 15 of 99\ntp4 defined:LobbyPanel\ncreating device:LobbyPanel\ntp5 defined:HallPanel\ncreating device:HallPanel\ntp6 defined:BWDPanel"], "qualifier": {"code": "property does not exist"}}
2026-03-05 15:35:23 ERROR root remotelib error:IC143Panel:50001:{"property": "SetLevel", "value": [15.151515151515152], "qualifier": {"code": "property does not exist"}}
2026-03-05 15:35:23 ERROR root remotelib error:IC144Panel:50001:{"property": "SetLevel", "value": [15.151515151515152], "qualifier": {"code": "property does not exist"}}
2026-03-05 15:35:23 ERROR root remotelib error:BreakRmPanel:50001:{"property": "SetLevel", "value": [15.151515151515152], "qualifier": {"code": "property does not exist"}}
2026-03-05 15:35:23 ERROR root remotelib error:LobbyPanel:50001:{"property": "SetLevel", "value": [15.151515151515152], "qualifier": {"code": "property does not exist"}}
2026-03-05 15:35:23 ERROR root remotelib error:HallPanel:50001:{"property": "SetLevel", "value": [15.151515151515152], "qualifier": {"code": "property does not exist"}}
2026-03-05 15:35:23 ERROR root remotelib error:IC142Panel:50000:{"property": "SetText", "value": ["Step 16 of 99\ncreating device:LobbyPanel\ntp5 defined:HallPanel\ncreating device:HallPanel\ntp6 defined:BWDPanel\ncreating device:BWDPanel"], "qualifier": {"code": "property does not exist"}}
2026-03-05 15:35:23 ERROR root remotelib error:IC143Panel:50000:{"property": "SetText", "value": ["Step 16 of 99\ncreating device:LobbyPanel\ntp5 defined:HallPanel\ncreating device:HallPanel\ntp6 defined:BWDPanel\ncreating device:BWDPanel"], "qualifier": {"code": "property does not exist"}}
2026-03-05 15:35:23 ERROR root remotelib error:IC144Panel:50000:{"property": "SetText", "value": ["Step 16 of 99\ncreating device:LobbyPanel\ntp5 defined:HallPanel\ncreating device:HallPanel\ntp6 defined:BWDPanel\ncreating device:BWDPanel"], "qualifier": {"code": "property does not exist"}}
2026-03-05 15:35:23 ERROR root remotelib error:BreakRmPanel:50000:{"property": "SetText", "value": ["Step 16 of 99\ncreating device:LobbyPanel\ntp5 defined:HallPanel\ncreating device:HallPanel\ntp6 defined:BWDPanel\ncreating device:BWDPanel"], "qualifier": {"code": "property does not exist"}}
2026-03-05 15:35:23 ERROR root remotelib error:LobbyPanel:50000:{"property": "SetText", "value": ["Step 16 of 99\ncreating device:LobbyPanel\ntp5 defined:HallPanel\ncreating device:HallPanel\ntp6 defined:BWDPanel\ncreating device:BWDPanel"], "qualifier": {"code": "property does not exist"}}
2026-03-05 15:35:23 ERROR root remotelib error:HallPanel:50000:{"property": "SetText", "value": ["Step 16 of 99\ncreating device:LobbyPanel\ntp5 defined:HallPanel\ncreating device:HallPanel\ntp6 defined:BWDPanel\ncreating device:BWDPanel"], "qualifier": {"code": "property does not exist"}}
2026-03-05 15:35:23 ERROR root remotelib error:IC143Panel:50001:{"property": "SetLevel", "value": [16.161616161616163], "qualifier": {"code": "property does not exist"}}
2026-03-05 15:35:23 ERROR root remotelib error:IC142Panel:50001:{"property": "SetLevel", "value": [16.161616161616163], "qualifier": {"code": "property does not exist"}}
2026-03-05 15:35:23 ERROR root remotelib error:IC144Panel:50001:{"property": "SetLevel", "value": [16.161616161616163], "qualifier": {"code": "property does not exist"}}
2026-03-05 15:35:23 ERROR root remotelib error:BreakRmPanel:50001:{"property": "SetLevel", "value": [16.161616161616163], "qualifier": {"code": "property does not exist"}}
2026-03-05 15:35:23 ERROR root remotelib error:LobbyPanel:50001:{"property": "SetLevel", "value": [16.161616161616163], "qualifier": {"code": "property does not exist"}}
2026-03-05 15:35:23 ERROR root remotelib error:HallPanel:50001:{"property": "SetLevel", "value": [16.161616161616163], "qualifier": {"code": "property does not exist"}}
2026-03-05 15:35:39 ERROR root remotelib error:IC142Panel:50000:{"property": "SetText", "value": ["Step 17 of 99\ntp5 defined:HallPanel\ncreating device:HallPanel\ntp6 defined:BWDPanel\ncreating device:BWDPanel\nbegin define devices"], "qualifier": {"code": "property does not exist"}}
2026-03-05 15:35:39 ERROR root remotelib error:IC143Panel:50000:{"property": "SetText", "value": ["Step 17 of 99\ntp5 defined:HallPanel\ncreating device:HallPanel\ntp6 defined:BWDPanel\ncreating device:BWDPanel\nbegin define devices"], "qualifier": {"code": "property does not exist"}}
2026-03-05 15:35:39 ERROR root remotelib error:BreakRmPanel:50000:{"property": "SetText", "value": ["Step 17 of 99\ntp5 defined:HallPanel\ncreating device:HallPanel\ntp6 defined:BWDPanel\ncreating device:BWDPanel\nbegin define devices"], "qualifier": {"code": "property does not exist"}}
2026-03-05 15:35:39 ERROR root remotelib error:IC144Panel:50000:{"property": "SetText", "value": ["Step 17 of 99\ntp5 defined:HallPanel\ncreating device:HallPanel\ntp6 defined:BWDPanel\ncreating device:BWDPanel\nbegin define devices"], "qualifier": {"code": "property does not exist"}}
2026-03-05 15:35:39 ERROR root remotelib error:LobbyPanel:50000:{"property": "SetText", "value": ["Step 17 of 99\ntp5 defined:HallPanel\ncreating device:HallPanel\ntp6 defined:BWDPanel\ncreating device:BWDPanel\nbegin define devices"], "qualifier": {"code": "property does not exist"}}
2026-03-05 15:35:39 ERROR root remotelib error:HallPanel:50000:{"property": "SetText", "value": ["Step 17 of 99\ntp5 defined:HallPanel\ncreating device:HallPanel\ntp6 defined:BWDPanel\ncreating device:BWDPanel\nbegin define devices"], "qualifier": {"code": "property does not exist"}}
2026-03-05 15:35:39 ERROR root remotelib error:BWDPanel:50000:{"property": "SetText", "value": ["Step 17 of 99\ntp5 defined:HallPanel\ncreating device:HallPanel\ntp6 defined:BWDPanel\ncreating device:BWDPanel\nbegin define devices"], "qualifier": {"code": "property does not exist"}}
2026-03-05 15:35:39 ERROR root remotelib error:IC142Panel:50001:{"property": "SetLevel", "value": [17.171717171717173], "qualifier": {"code": "property does not exist"}}
2026-03-05 15:35:39 ERROR root remotelib error:IC143Panel:50001:{"property": "SetLevel", "value": [17.171717171717173], "qualifier": {"code": "property does not exist"}}
2026-03-05 15:35:39 ERROR root remotelib error:LobbyPanel:50001:{"property": "SetLevel", "value": [17.171717171717173], "qualifier": {"code": "property does not exist"}}
2026-03-05 15:35:39 ERROR root remotelib error:IC144Panel:50001:{"property": "SetLevel", "value": [17.171717171717173], "qualifier": {"code": "property does not exist"}}
2026-03-05 15:35:39 ERROR root remotelib error:BreakRmPanel:50001:{"property": "SetLevel", "value": [17.171717171717173], "qualifier": {"code": "property does not exist"}}
2026-03-05 15:35:39 ERROR root remotelib error:HallPanel:50001:{"property": "SetLevel", "value": [17.171717171717173], "qualifier": {"code": "property does not exist"}}
2026-03-05 15:35:39 ERROR root remotelib error:BWDPanel:50001:{"property": "SetLevel", "value": [17.171717171717173], "qualifier": {"code": "property does not exist"}}
2026-03-05 15:35:39 ERROR root remotelib error:IC143Panel:50000:{"property": "SetText", "value": ["Step 18 of 99\ncreating device:HallPanel\ntp6 defined:BWDPanel\ncreating device:BWDPanel\nbegin define devices\ndsp0 defined:DSP0"], "qualifier": {"code": "property does not exist"}}
2026-03-05 15:35:39 ERROR root remotelib error:IC142Panel:50000:{"property": "SetText", "value": ["Step 18 of 99\ncreating device:HallPanel\ntp6 defined:BWDPanel\ncreating device:BWDPanel\nbegin define devices\ndsp0 defined:DSP0"], "qualifier": {"code": "property does not exist"}}
2026-03-05 15:35:39 ERROR root remotelib error:IC144Panel:50000:{"property": "SetText", "value": ["Step 18 of 99\ncreating device:HallPanel\ntp6 defined:BWDPanel\ncreating device:BWDPanel\nbegin define devices\ndsp0 defined:DSP0"], "qualifier": {"code": "property does not exist"}}
2026-03-05 15:35:39 ERROR root remotelib error:BreakRmPanel:50000:{"property": "SetText", "value": ["Step 18 of 99\ncreating device:HallPanel\ntp6 defined:BWDPanel\ncreating device:BWDPanel\nbegin define devices\ndsp0 defined:DSP0"], "qualifier": {"code": "property does not exist"}}
2026-03-05 15:35:39 ERROR root remotelib error:LobbyPanel:50000:{"property": "SetText", "value": ["Step 18 of 99\ncreating device:HallPanel\ntp6 defined:BWDPanel\ncreating device:BWDPanel\nbegin define devices\ndsp0 defined:DSP0"], "qualifier": {"code": "property does not exist"}}
2026-03-05 15:35:39 ERROR root remotelib error:HallPanel:50000:{"property": "SetText", "value": ["Step 18 of 99\ncreating device:HallPanel\ntp6 defined:BWDPanel\ncreating device:BWDPanel\nbegin define devices\ndsp0 defined:DSP0"], "qualifier": {"code": "property does not exist"}}
2026-03-05 15:35:39 ERROR root remotelib error:BWDPanel:50000:{"property": "SetText", "value": ["Step 18 of 99\ncreating device:HallPanel\ntp6 defined:BWDPanel\ncreating device:BWDPanel\nbegin define devices\ndsp0 defined:DSP0"], "qualifier": {"code": "property does not exist"}}
2026-03-05 15:35:39 ERROR root remotelib error:IC142Panel:50001:{"property": "SetLevel", "value": [18.181818181818183], "qualifier": {"code": "property does not exist"}}
2026-03-05 15:35:39 ERROR root remotelib error:IC143Panel:50001:{"property": "SetLevel", "value": [18.181818181818183], "qualifier": {"code": "property does not exist"}}
2026-03-05 15:35:39 ERROR root remotelib error:IC144Panel:50001:{"property": "SetLevel", "value": [18.181818181818183], "qualifier": {"code": "property does not exist"}}
2026-03-05 15:35:39 ERROR root remotelib error:BreakRmPanel:50001:{"property": "SetLevel", "value": [18.181818181818183], "qualifier": {"code": "property does not exist"}}
2026-03-05 15:35:39 ERROR root remotelib error:LobbyPanel:50001:{"property": "SetLevel", "value": [18.181818181818183], "qualifier": {"code": "property does not exist"}}
2026-03-05 15:35:39 ERROR root remotelib error:HallPanel:50001:{"property": "SetLevel", "value": [18.181818181818183], "qualifier": {"code": "property does not exist"}}
2026-03-05 15:35:39 ERROR root remotelib error:BWDPanel:50001:{"property": "SetLevel", "value": [18.181818181818183], "qualifier": {"code": "property does not exist"}}
2026-03-05 15:35:39 ERROR root remotelib error:IC142Panel:50000:{"property": "SetText", "value": ["Step 19 of 99\ntp6 defined:BWDPanel\ncreating device:BWDPanel\nbegin define devices\ndsp0 defined:DSP0\nvtc0 defined:VTC0"], "qualifier": {"code": "property does not exist"}}
2026-03-05 15:35:39 ERROR root remotelib error:IC143Panel:50000:{"property": "SetText", "value": ["Step 19 of 99\ntp6 defined:BWDPanel\ncreating device:BWDPanel\nbegin define devices\ndsp0 defined:DSP0\nvtc0 defined:VTC0"], "qualifier": {"code": "property does not exist"}}
2026-03-05 15:35:39 ERROR root remotelib error:IC144Panel:50000:{"property": "SetText", "value": ["Step 19 of 99\ntp6 defined:BWDPanel\ncreating device:BWDPanel\nbegin define devices\ndsp0 defined:DSP0\nvtc0 defined:VTC0"], "qualifier": {"code": "property does not exist"}}
2026-03-05 15:35:39 ERROR root remotelib error:BreakRmPanel:50000:{"property": "SetText", "value": ["Step 19 of 99\ntp6 defined:BWDPanel\ncreating device:BWDPanel\nbegin define devices\ndsp0 defined:DSP0\nvtc0 defined:VTC0"], "qualifier": {"code": "property does not exist"}}
2026-03-05 15:35:39 ERROR root remotelib error:LobbyPanel:50000:{"property": "SetText", "value": ["Step 19 of 99\ntp6 defined:BWDPanel\ncreating device:BWDPanel\nbegin define devices\ndsp0 defined:DSP0\nvtc0 defined:VTC0"], "qualifier": {"code": "property does not exist"}}
2026-03-05 15:35:39 ERROR root remotelib error:HallPanel:50000:{"property": "SetText", "value": ["Step 19 of 99\ntp6 defined:BWDPanel\ncreating device:BWDPanel\nbegin define devices\ndsp0 defined:DSP0\nvtc0 defined:VTC0"], "qualifier": {"code": "property does not exist"}}
2026-03-05 15:35:39 ERROR root remotelib error:BWDPanel:50000:{"property": "SetText", "value": ["Step 19 of 99\ntp6 defined:BWDPanel\ncreating device:BWDPanel\nbegin define devices\ndsp0 defined:DSP0\nvtc0 defined:VTC0"], "qualifier": {"code": "property does not exist"}}
2026-03-05 15:35:39 ERROR root remotelib error:IC142Panel:50001:{"property": "SetLevel", "value": [19.19191919191919], "qualifier": {"code": "property does not exist"}}
2026-03-05 15:35:39 ERROR root remotelib error:IC143Panel:50001:{"property": "SetLevel", "value": [19.19191919191919], "qualifier": {"code": "property does not exist"}}
2026-03-05 15:35:39 ERROR root remotelib error:IC144Panel:50001:{"property": "SetLevel", "value": [19.19191919191919], "qualifier": {"code": "property does not exist"}}
2026-03-05 15:35:39 ERROR root remotelib error:BreakRmPanel:50001:{"property": "SetLevel", "value": [19.19191919191919], "qualifier": {"code": "property does not exist"}}
2026-03-05 15:35:39 ERROR root remotelib error:LobbyPanel:50001:{"property": "SetLevel", "value": [19.19191919191919], "qualifier": {"code": "property does not exist"}}
2026-03-05 15:35:39 ERROR root remotelib error:HallPanel:50001:{"property": "SetLevel", "value": [19.19191919191919], "qualifier": {"code": "property does not exist"}}
2026-03-05 15:35:39 ERROR root remotelib error:BWDPanel:50001:{"property": "SetLevel", "value": [19.19191919191919], "qualifier": {"code": "property does not exist"}}
2026-03-05 15:35:39 ERROR root remotelib error:IC142Panel:50000:{"property": "SetText", "value": ["Step 20 of 99\ncreating device:BWDPanel\nbegin define devices\ndsp0 defined:DSP0\nvtc0 defined:VTC0\nswitch0 defined:Video Switcher"], "qualifier": {"code": "property does not exist"}}
2026-03-05 15:35:39 ERROR root remotelib error:IC143Panel:50000:{"property": "SetText", "value": ["Step 20 of 99\ncreating device:BWDPanel\nbegin define devices\ndsp0 defined:DSP0\nvtc0 defined:VTC0\nswitch0 defined:Video Switcher"], "qualifier": {"code": "property does not exist"}}
2026-03-05 15:35:39 ERROR root remotelib error:IC144Panel:50000:{"property": "SetText", "value": ["Step 20 of 99\ncreating device:BWDPanel\nbegin define devices\ndsp0 defined:DSP0\nvtc0 defined:VTC0\nswitch0 defined:Video Switcher"], "qualifier": {"code": "property does not exist"}}
2026-03-05 15:35:39 ERROR root remotelib error:BreakRmPanel:50000:{"property": "SetText", "value": ["Step 20 of 99\ncreating device:BWDPanel\nbegin define devices\ndsp0 defined:DSP0\nvtc0 defined:VTC0\nswitch0 defined:Video Switcher"], "qualifier": {"code": "property does not exist"}}
2026-03-05 15:35:39 ERROR root remotelib error:LobbyPanel:50000:{"property": "SetText", "value": ["Step 20 of 99\ncreating device:BWDPanel\nbegin define devices\ndsp0 defined:DSP0\nvtc0 defined:VTC0\nswitch0 defined:Video Switcher"], "qualifier": {"code": "property does not exist"}}
2026-03-05 15:35:39 ERROR root remotelib error:BWDPanel:50000:{"property": "SetText", "value": ["Step 20 of 99\ncreating device:BWDPanel\nbegin define devices\ndsp0 defined:DSP0\nvtc0 defined:VTC0\nswitch0 defined:Video Switcher"], "qualifier": {"code": "property does not exist"}}
2026-03-05 15:35:39 ERROR root remotelib error:HallPanel:50000:{"property": "SetText", "value": ["Step 20 of 99\ncreating device:BWDPanel\nbegin define devices\ndsp0 defined:DSP0\nvtc0 defined:VTC0\nswitch0 defined:Video Switcher"], "qualifier": {"code": "property does not exist"}}
2026-03-05 15:35:39 ERROR root remotelib error:IC142Panel:50001:{"property": "SetLevel", "value": [20.2020202020202], "qualifier": {"code": "property does not exist"}}
2026-03-05 15:35:39 ERROR root remotelib error:IC144Panel:50001:{"property": "SetLevel", "value": [20.2020202020202], "qualifier": {"code": "property does not exist"}}
2026-03-05 15:35:39 ERROR root remotelib error:IC143Panel:50001:{"property": "SetLevel", "value": [20.2020202020202], "qualifier": {"code": "property does not exist"}}
2026-03-05 15:35:39 ERROR root remotelib error:BreakRmPanel:50001:{"property": "SetLevel", "value": [20.2020202020202], "qualifier": {"code": "property does not exist"}}
2026-03-05 15:35:39 ERROR root remotelib error:LobbyPanel:50001:{"property": "SetLevel", "value": [20.2020202020202], "qualifier": {"code": "property does not exist"}}
2026-03-05 15:35:39 ERROR root remotelib error:HallPanel:50001:{"property": "SetLevel", "value": [20.2020202020202], "qualifier": {"code": "property does not exist"}}
2026-03-05 15:35:39 ERROR root remotelib error:BWDPanel:50001:{"property": "SetLevel", "value": [20.2020202020202], "qualifier": {"code": "property does not exist"}}
2026-03-05 15:35:39 ERROR root remotelib error:IC142Panel:50000:{"property": "SetText", "value": ["Step 21 of 99\nbegin define devices\ndsp0 defined:DSP0\nvtc0 defined:VTC0\nswitch0 defined:Video Switcher\ncreating device:spd0"], "qualifier": {"code": "property does not exist"}}
2026-03-05 15:35:39 ERROR root remotelib error:IC143Panel:50000:{"property": "SetText", "value": ["Step 21 of 99\nbegin define devices\ndsp0 defined:DSP0\nvtc0 defined:VTC0\nswitch0 defined:Video Switcher\ncreating device:spd0"], "qualifier": {"code": "property does not exist"}}
2026-03-05 15:35:39 ERROR root remotelib error:IC144Panel:50000:{"property": "SetText", "value": ["Step 21 of 99\nbegin define devices\ndsp0 defined:DSP0\nvtc0 defined:VTC0\nswitch0 defined:Video Switcher\ncreating device:spd0"], "qualifier": {"code": "property does not exist"}}
2026-03-05 15:35:39 ERROR root remotelib error:BreakRmPanel:50000:{"property": "SetText", "value": ["Step 21 of 99\nbegin define devices\ndsp0 defined:DSP0\nvtc0 defined:VTC0\nswitch0 defined:Video Switcher\ncreating device:spd0"], "qualifier": {"code": "property does not exist"}}
2026-03-05 15:35:39 ERROR root remotelib error:LobbyPanel:50000:{"property": "SetText", "value": ["Step 21 of 99\nbegin define devices\ndsp0 defined:DSP0\nvtc0 defined:VTC0\nswitch0 defined:Video Switcher\ncreating device:spd0"], "qualifier": {"code": "property does not exist"}}
2026-03-05 15:35:39 ERROR root remotelib error:BWDPanel:50000:{"property": "SetText", "value": ["Step 21 of 99\nbegin define devices\ndsp0 defined:DSP0\nvtc0 defined:VTC0\nswitch0 defined:Video Switcher\ncreating device:spd0"], "qualifier": {"code": "property does not exist"}}
2026-03-05 15:35:39 ERROR root remotelib error:HallPanel:50000:{"property": "SetText", "value": ["Step 21 of 99\nbegin define devices\ndsp0 defined:DSP0\nvtc0 defined:VTC0\nswitch0 defined:Video Switcher\ncreating device:spd0"], "qualifier": {"code": "property does not exist"}}
2026-03-05 15:35:39 ERROR root remotelib error:IC142Panel:50001:{"property": "SetLevel", "value": [21.21212121212121], "qualifier": {"code": "property does not exist"}}
2026-03-05 15:35:39 ERROR root remotelib error:IC143Panel:50001:{"property": "SetLevel", "value": [21.21212121212121], "qualifier": {"code": "property does not exist"}}
2026-03-05 15:35:39 ERROR root remotelib error:IC144Panel:50001:{"property": "SetLevel", "value": [21.21212121212121], "qualifier": {"code": "property does not exist"}}
2026-03-05 15:35:39 ERROR root remotelib error:BreakRmPanel:50001:{"property": "SetLevel", "value": [21.21212121212121], "qualifier": {"code": "property does not exist"}}
2026-03-05 15:35:39 ERROR root remotelib error:LobbyPanel:50001:{"property": "SetLevel", "value": [21.21212121212121], "qualifier": {"code": "property does not exist"}}
2026-03-05 15:35:39 ERROR root remotelib error:HallPanel:50001:{"property": "SetLevel", "value": [21.21212121212121], "qualifier": {"code": "property does not exist"}}
2026-03-05 15:35:39 ERROR root remotelib error:BWDPanel:50001:{"property": "SetLevel", "value": [21.21212121212121], "qualifier": {"code": "property does not exist"}}
2026-03-05 15:35:42 INFO root Device 22-0 VTLP sync handling began
2026-03-05 15:35:42 INFO root Device 22-0 VTLP sync handling ended
2026-03-05 15:35:42 INFO root Device 22-0 VTLP sync handling began
2026-03-05 15:35:42 INFO root Device 22-0 VTLP sync handling ended
2026-03-05 15:35:46 ERROR root Debug Server restarted:Listening
2026-03-05 15:35:48 ERROR root Device 2-0 (None)  SPInterface Operable Unavailable port :AVI1 , connections status: Offline
2026-03-05 15:35:48 ERROR root remotelib error:IC142Panel:50000:{"property": "SetText", "value": ["Step 22 of 99\ndsp0 defined:DSP0\nvtc0 defined:VTC0\nswitch0 defined:Video Switcher\ncreating device:spd0\nswitch1 defined:switch1"], "qualifier": {"code": "property does not exist"}}
2026-03-05 15:35:48 ERROR root remotelib error:IC143Panel:50000:{"property": "SetText", "value": ["Step 22 of 99\ndsp0 defined:DSP0\nvtc0 defined:VTC0\nswitch0 defined:Video Switcher\ncreating device:spd0\nswitch1 defined:switch1"], "qualifier": {"code": "property does not exist"}}
2026-03-05 15:35:48 ERROR root remotelib error:IC144Panel:50000:{"property": "SetText", "value": ["Step 22 of 99\ndsp0 defined:DSP0\nvtc0 defined:VTC0\nswitch0 defined:Video Switcher\ncreating device:spd0\nswitch1 defined:switch1"], "qualifier": {"code": "property does not exist"}}
2026-03-05 15:35:48 ERROR root remotelib error:BreakRmPanel:50000:{"property": "SetText", "value": ["Step 22 of 99\ndsp0 defined:DSP0\nvtc0 defined:VTC0\nswitch0 defined:Video Switcher\ncreating device:spd0\nswitch1 defined:switch1"], "qualifier": {"code": "property does not exist"}}
2026-03-05 15:35:48 ERROR root remotelib error:LobbyPanel:50000:{"property": "SetText", "value": ["Step 22 of 99\ndsp0 defined:DSP0\nvtc0 defined:VTC0\nswitch0 defined:Video Switcher\ncreating device:spd0\nswitch1 defined:switch1"], "qualifier": {"code": "property does not exist"}}
2026-03-05 15:35:48 ERROR root remotelib error:HallPanel:50000:{"property": "SetText", "value": ["Step 22 of 99\ndsp0 defined:DSP0\nvtc0 defined:VTC0\nswitch0 defined:Video Switcher\ncreating device:spd0\nswitch1 defined:switch1"], "qualifier": {"code": "property does not exist"}}
2026-03-05 15:35:48 ERROR root remotelib error:BWDPanel:50000:{"property": "SetText", "value": ["Step 22 of 99\ndsp0 defined:DSP0\nvtc0 defined:VTC0\nswitch0 defined:Video Switcher\ncreating device:spd0\nswitch1 defined:switch1"], "qualifier": {"code": "property does not exist"}}
2026-03-05 15:35:48 ERROR root remotelib error:IC142Panel:50001:{"property": "SetLevel", "value": [22.22222222222222], "qualifier": {"code": "property does not exist"}}
2026-03-05 15:35:48 ERROR root remotelib error:IC143Panel:50001:{"property": "SetLevel", "value": [22.22222222222222], "qualifier": {"code": "property does not exist"}}
2026-03-05 15:35:48 ERROR root remotelib error:IC144Panel:50001:{"property": "SetLevel", "value": [22.22222222222222], "qualifier": {"code": "property does not exist"}}
2026-03-05 15:35:48 ERROR root remotelib error:BreakRmPanel:50001:{"property": "SetLevel", "value": [22.22222222222222], "qualifier": {"code": "property does not exist"}}
2026-03-05 15:35:48 ERROR root remotelib error:LobbyPanel:50001:{"property": "SetLevel", "value": [22.22222222222222], "qualifier": {"code": "property does not exist"}}
2026-03-05 15:35:48 ERROR root remotelib error:HallPanel:50001:{"property": "SetLevel", "value": [22.22222222222222], "qualifier": {"code": "property does not exist"}}
2026-03-05 15:35:48 ERROR root remotelib error:BWDPanel:50001:{"property": "SetLevel", "value": [22.22222222222222], "qualifier": {"code": "property does not exist"}}
2026-03-05 15:35:48 ERROR root remotelib error:IC142Panel:50000:{"property": "SetText", "value": ["Step 23 of 99\nvtc0 defined:VTC0\nswitch0 defined:Video Switcher\ncreating device:spd0\nswitch1 defined:switch1\ndisplay0 defined:Display"], "qualifier": {"code": "property does not exist"}}
2026-03-05 15:35:48 ERROR root remotelib error:IC143Panel:50000:{"property": "SetText", "value": ["Step 23 of 99\nvtc0 defined:VTC0\nswitch0 defined:Video Switcher\ncreating device:spd0\nswitch1 defined:switch1\ndisplay0 defined:Display"], "qualifier": {"code": "property does not exist"}}
2026-03-05 15:35:48 ERROR root remotelib error:IC144Panel:50000:{"property": "SetText", "value": ["Step 23 of 99\nvtc0 defined:VTC0\nswitch0 defined:Video Switcher\ncreating device:spd0\nswitch1 defined:switch1\ndisplay0 defined:Display"], "qualifier": {"code": "property does not exist"}}
2026-03-05 15:35:48 ERROR root remotelib error:BreakRmPanel:50000:{"property": "SetText", "value": ["Step 23 of 99\nvtc0 defined:VTC0\nswitch0 defined:Video Switcher\ncreating device:spd0\nswitch1 defined:switch1\ndisplay0 defined:Display"], "qualifier": {"code": "property does not exist"}}
2026-03-05 15:35:48 ERROR root remotelib error:LobbyPanel:50000:{"property": "SetText", "value": ["Step 23 of 99\nvtc0 defined:VTC0\nswitch0 defined:Video Switcher\ncreating device:spd0\nswitch1 defined:switch1\ndisplay0 defined:Display"], "qualifier": {"code": "property does not exist"}}
2026-03-05 15:35:48 ERROR root remotelib error:BWDPanel:50000:{"property": "SetText", "value": ["Step 23 of 99\nvtc0 defined:VTC0\nswitch0 defined:Video Switcher\ncreating device:spd0\nswitch1 defined:switch1\ndisplay0 defined:Display"], "qualifier": {"code": "property does not exist"}}
2026-03-05 15:35:48 ERROR root remotelib error:HallPanel:50000:{"property": "SetText", "value": ["Step 23 of 99\nvtc0 defined:VTC0\nswitch0 defined:Video Switcher\ncreating device:spd0\nswitch1 defined:switch1\ndisplay0 defined:Display"], "qualifier": {"code": "property does not exist"}}
2026-03-05 15:35:48 ERROR root remotelib error:IC142Panel:50001:{"property": "SetLevel", "value": [23.232323232323232], "qualifier": {"code": "property does not exist"}}
2026-03-05 15:35:48 ERROR root remotelib error:IC144Panel:50001:{"property": "SetLevel", "value": [23.232323232323232], "qualifier": {"code": "property does not exist"}}
2026-03-05 15:35:48 ERROR root remotelib error:IC143Panel:50001:{"property": "SetLevel", "value": [23.232323232323232], "qualifier": {"code": "property does not exist"}}
2026-03-05 15:35:48 ERROR root remotelib error:BreakRmPanel:50001:{"property": "SetLevel", "value": [23.232323232323232], "qualifier": {"code": "property does not exist"}}
2026-03-05 15:35:48 ERROR root remotelib error:HallPanel:50001:{"property": "SetLevel", "value": [23.232323232323232], "qualifier": {"code": "property does not exist"}}
2026-03-05 15:35:48 ERROR root remotelib error:LobbyPanel:50001:{"property": "SetLevel", "value": [23.232323232323232], "qualifier": {"code": "property does not exist"}}
2026-03-05 15:35:49 ERROR root remotelib error:BWDPanel:50001:{"property": "SetLevel", "value": [23.232323232323232], "qualifier": {"code": "property does not exist"}}
2026-03-05 15:35:49 ERROR root remotelib error:IC142Panel:50000:{"property": "SetText", "value": ["Step 24 of 99\nswitch0 defined:Video Switcher\ncreating device:spd0\nswitch1 defined:switch1\ndisplay0 defined:Display\ncreating device:spd1"], "qualifier": {"code": "property does not exist"}}
2026-03-05 15:35:49 ERROR root remotelib error:IC143Panel:50000:{"property": "SetText", "value": ["Step 24 of 99\nswitch0 defined:Video Switcher\ncreating device:spd0\nswitch1 defined:switch1\ndisplay0 defined:Display\ncreating device:spd1"], "qualifier": {"code": "property does not exist"}}
2026-03-05 15:35:49 ERROR root remotelib error:IC144Panel:50000:{"property": "SetText", "value": ["Step 24 of 99\nswitch0 defined:Video Switcher\ncreating device:spd0\nswitch1 defined:switch1\ndisplay0 defined:Display\ncreating device:spd1"], "qualifier": {"code": "property does not exist"}}
2026-03-05 15:35:49 ERROR root remotelib error:BreakRmPanel:50000:{"property": "SetText", "value": ["Step 24 of 99\nswitch0 defined:Video Switcher\ncreating device:spd0\nswitch1 defined:switch1\ndisplay0 defined:Display\ncreating device:spd1"], "qualifier": {"code": "property does not exist"}}
2026-03-05 15:35:49 ERROR root remotelib error:LobbyPanel:50000:{"property": "SetText", "value": ["Step 24 of 99\nswitch0 defined:Video Switcher\ncreating device:spd0\nswitch1 defined:switch1\ndisplay0 defined:Display\ncreating device:spd1"], "qualifier": {"code": "property does not exist"}}
2026-03-05 15:35:49 ERROR root remotelib error:HallPanel:50000:{"property": "SetText", "value": ["Step 24 of 99\nswitch0 defined:Video Switcher\ncreating device:spd0\nswitch1 defined:switch1\ndisplay0 defined:Display\ncreating device:spd1"], "qualifier": {"code": "property does not exist"}}
2026-03-05 15:35:49 ERROR root remotelib error:BWDPanel:50000:{"property": "SetText", "value": ["Step 24 of 99\nswitch0 defined:Video Switcher\ncreating device:spd0\nswitch1 defined:switch1\ndisplay0 defined:Display\ncreating device:spd1"], "qualifier": {"code": "property does not exist"}}
2026-03-05 15:35:49 ERROR root remotelib error:IC142Panel:50001:{"property": "SetLevel", "value": [24.242424242424242], "qualifier": {"code": "property does not exist"}}
2026-03-05 15:35:49 ERROR root remotelib error:IC143Panel:50001:{"property": "SetLevel", "value": [24.242424242424242], "qualifier": {"code": "property does not exist"}}
2026-03-05 15:35:49 ERROR root remotelib error:IC144Panel:50001:{"property": "SetLevel", "value": [24.242424242424242], "qualifier": {"code": "property does not exist"}}
2026-03-05 15:35:49 ERROR root remotelib error:BreakRmPanel:50001:{"property": "SetLevel", "value": [24.242424242424242], "qualifier": {"code": "property does not exist"}}
2026-03-05 15:35:49 ERROR root remotelib error:LobbyPanel:50001:{"property": "SetLevel", "value": [24.242424242424242], "qualifier": {"code": "property does not exist"}}
2026-03-05 15:35:49 ERROR root remotelib error:HallPanel:50001:{"property": "SetLevel", "value": [24.242424242424242], "qualifier": {"code": "property does not exist"}}
2026-03-05 15:35:49 ERROR root remotelib error:BWDPanel:50001:{"property": "SetLevel", "value": [24.242424242424242], "qualifier": {"code": "property does not exist"}}
2026-03-05 15:35:57 INFO root Device 22-0 VTLP sync handling began
2026-03-05 15:35:57 INFO root Device 22-0 VTLP sync handling ended
2026-03-05 15:35:57 INFO root Device 22-0 VTLP sync handling began
2026-03-05 15:35:57 INFO root Device 22-0 VTLP sync handling ended
2026-03-05 15:36:01 ERROR root SerialInterface spd1:COM1 Unavailable Port: COM1
2026-03-05 15:36:01 ERROR root SerialInterface spd1:COM1Device 3-0 (None)  Unavailable Port: COM1 , connections status Offline
2026-03-05 15:36:01 ERROR root remotelib error:IC142Panel:50000:{"property": "SetText", "value": ["Step 25 of 99\ncreating device:spd0\nswitch1 defined:switch1\ndisplay0 defined:Display\ncreating device:spd1\ndisplay1 defined:Display"], "qualifier": {"code": "property does not exist"}}
2026-03-05 15:36:01 ERROR root remotelib error:IC143Panel:50000:{"property": "SetText", "value": ["Step 25 of 99\ncreating device:spd0\nswitch1 defined:switch1\ndisplay0 defined:Display\ncreating device:spd1\ndisplay1 defined:Display"], "qualifier": {"code": "property does not exist"}}
2026-03-05 15:36:01 ERROR root remotelib error:IC144Panel:50000:{"property": "SetText", "value": ["Step 25 of 99\ncreating device:spd0\nswitch1 defined:switch1\ndisplay0 defined:Display\ncreating device:spd1\ndisplay1 defined:Display"], "qualifier": {"code": "property does not exist"}}
2026-03-05 15:36:01 ERROR root remotelib error:BreakRmPanel:50000:{"property": "SetText", "value": ["Step 25 of 99\ncreating device:spd0\nswitch1 defined:switch1\ndisplay0 defined:Display\ncreating device:spd1\ndisplay1 defined:Display"], "qualifier": {"code": "property does not exist"}}
2026-03-05 15:36:01 ERROR root remotelib error:LobbyPanel:50000:{"property": "SetText", "value": ["Step 25 of 99\ncreating device:spd0\nswitch1 defined:switch1\ndisplay0 defined:Display\ncreating device:spd1\ndisplay1 defined:Display"], "qualifier": {"code": "property does not exist"}}
2026-03-05 15:36:01 ERROR root remotelib error:HallPanel:50000:{"property": "SetText", "value": ["Step 25 of 99\ncreating device:spd0\nswitch1 defined:switch1\ndisplay0 defined:Display\ncreating device:spd1\ndisplay1 defined:Display"], "qualifier": {"code": "property does not exist"}}
2026-03-05 15:36:01 ERROR root remotelib error:BWDPanel:50000:{"property": "SetText", "value": ["Step 25 of 99\ncreating device:spd0\nswitch1 defined:switch1\ndisplay0 defined:Display\ncreating device:spd1\ndisplay1 defined:Display"], "qualifier": {"code": "property does not exist"}}
2026-03-05 15:36:01 ERROR root remotelib error:IC142Panel:50001:{"property": "SetLevel", "value": [25.252525252525253], "qualifier": {"code": "property does not exist"}}
2026-03-05 15:36:01 ERROR root remotelib error:IC143Panel:50001:{"property": "SetLevel", "value": [25.252525252525253], "qualifier": {"code": "property does not exist"}}
2026-03-05 15:36:01 ERROR root remotelib error:IC144Panel:50001:{"property": "SetLevel", "value": [25.252525252525253], "qualifier": {"code": "property does not exist"}}
2026-03-05 15:36:01 ERROR root remotelib error:BreakRmPanel:50001:{"property": "SetLevel", "value": [25.252525252525253], "qualifier": {"code": "property does not exist"}}
2026-03-05 15:36:01 ERROR root remotelib error:LobbyPanel:50001:{"property": "SetLevel", "value": [25.252525252525253], "qualifier": {"code": "property does not exist"}}
2026-03-05 15:36:01 ERROR root remotelib error:HallPanel:50001:{"property": "SetLevel", "value": [25.252525252525253], "qualifier": {"code": "property does not exist"}}
2026-03-05 15:36:01 ERROR root remotelib error:BWDPanel:50001:{"property": "SetLevel", "value": [25.252525252525253], "qualifier": {"code": "property does not exist"}}
2026-03-05 15:36:01 ERROR root remotelib error:IC142Panel:50000:{"property": "SetText", "value": ["Step 26 of 99\nswitch1 defined:switch1\ndisplay0 defined:Display\ncreating device:spd1\ndisplay1 defined:Display\ncreating device:spd2"], "qualifier": {"code": "property does not exist"}}
2026-03-05 15:36:01 ERROR root remotelib error:IC143Panel:50000:{"property": "SetText", "value": ["Step 26 of 99\nswitch1 defined:switch1\ndisplay0 defined:Display\ncreating device:spd1\ndisplay1 defined:Display\ncreating device:spd2"], "qualifier": {"code": "property does not exist"}}
2026-03-05 15:36:01 ERROR root remotelib error:IC144Panel:50000:{"property": "SetText", "value": ["Step 26 of 99\nswitch1 defined:switch1\ndisplay0 defined:Display\ncreating device:spd1\ndisplay1 defined:Display\ncreating device:spd2"], "qualifier": {"code": "property does not exist"}}
2026-03-05 15:36:01 ERROR root remotelib error:BreakRmPanel:50000:{"property": "SetText", "value": ["Step 26 of 99\nswitch1 defined:switch1\ndisplay0 defined:Display\ncreating device:spd1\ndisplay1 defined:Display\ncreating device:spd2"], "qualifier": {"code": "property does not exist"}}
2026-03-05 15:36:01 ERROR root remotelib error:LobbyPanel:50000:{"property": "SetText", "value": ["Step 26 of 99\nswitch1 defined:switch1\ndisplay0 defined:Display\ncreating device:spd1\ndisplay1 defined:Display\ncreating device:spd2"], "qualifier": {"code": "property does not exist"}}
2026-03-05 15:36:01 ERROR root remotelib error:HallPanel:50000:{"property": "SetText", "value": ["Step 26 of 99\nswitch1 defined:switch1\ndisplay0 defined:Display\ncreating device:spd1\ndisplay1 defined:Display\ncreating device:spd2"], "qualifier": {"code": "property does not exist"}}
2026-03-05 15:36:01 ERROR root remotelib error:BWDPanel:50000:{"property": "SetText", "value": ["Step 26 of 99\nswitch1 defined:switch1\ndisplay0 defined:Display\ncreating device:spd1\ndisplay1 defined:Display\ncreating device:spd2"], "qualifier": {"code": "property does not exist"}}
2026-03-05 15:36:01 ERROR root remotelib error:IC142Panel:50001:{"property": "SetLevel", "value": [26.262626262626263], "qualifier": {"code": "property does not exist"}}
2026-03-05 15:36:01 ERROR root remotelib error:IC143Panel:50001:{"property": "SetLevel", "value": [26.262626262626263], "qualifier": {"code": "property does not exist"}}
2026-03-05 15:36:01 ERROR root remotelib error:IC144Panel:50001:{"property": "SetLevel", "value": [26.262626262626263], "qualifier": {"code": "property does not exist"}}
2026-03-05 15:36:01 ERROR root remotelib error:BreakRmPanel:50001:{"property": "SetLevel", "value": [26.262626262626263], "qualifier": {"code": "property does not exist"}}
2026-03-05 15:36:01 ERROR root remotelib error:HallPanel:50001:{"property": "SetLevel", "value": [26.262626262626263], "qualifier": {"code": "property does not exist"}}
2026-03-05 15:36:01 ERROR root remotelib error:LobbyPanel:50001:{"property": "SetLevel", "value": [26.262626262626263], "qualifier": {"code": "property does not exist"}}
2026-03-05 15:36:01 ERROR root remotelib error:BWDPanel:50001:{"property": "SetLevel", "value": [26.262626262626263], "qualifier": {"code": "property does not exist"}}
2026-03-05 15:36:07 INFO root Device 17-0 VTLP sync handling began
2026-03-05 15:36:07 INFO root Device 17-0 VTLP sync handling ended
2026-03-05 15:36:07 INFO root Device 17-0 VTLP sync handling began
2026-03-05 15:36:07 INFO root Device 17-0 VTLP sync handling ended
2026-03-05 15:36:07 INFO root Device 20-0 VTLP sync handling began
2026-03-05 15:36:07 INFO root Device 17-0 VTLP sync handling began
2026-03-05 15:36:07 INFO root Device 17-0 VTLP sync handling ended
2026-03-05 15:36:07 INFO root Device 20-0 VTLP sync handling ended
2026-03-05 15:36:07 INFO root Device 21-0 VTLP sync handling began
2026-03-05 15:36:07 INFO root Device 17-0 VTLP sync handling began
2026-03-05 15:36:07 INFO root Device 21-0 VTLP sync handling ended
2026-03-05 15:36:07 INFO root Device 20-0 VTLP sync handling began
2026-03-05 15:36:07 INFO root Device 16-0 VTLP sync handling began
2026-03-05 15:36:07 INFO root Device 17-0 VTLP sync handling ended
2026-03-05 15:36:07 INFO root Device 21-0 VTLP sync handling began
2026-03-05 15:36:07 INFO root Device 17-0 VTLP sync handling began
2026-03-05 15:36:07 INFO root Device 20-0 VTLP sync handling ended
2026-03-05 15:36:07 INFO root Device 21-0 VTLP sync handling ended
2026-03-05 15:36:07 INFO root Device 16-0 VTLP sync handling ended
2026-03-05 15:36:07 INFO root Device 18-0 VTLP sync handling began
2026-03-05 15:36:07 INFO root Device 16-0 VTLP sync handling began
2026-03-05 15:36:07 INFO root Device 20-0 VTLP sync handling began
2026-03-05 15:36:07 INFO root Device 18-0 VTLP sync handling ended
2026-03-05 15:36:07 INFO root Device 16-0 VTLP sync handling ended
2026-03-05 15:36:07 INFO root Device 17-0 VTLP sync handling ended
2026-03-05 15:36:07 INFO root Device 19-0 VTLP sync handling began
2026-03-05 15:36:07 INFO root Device 21-0 VTLP sync handling began
2026-03-05 15:36:07 INFO root Device 21-0 VTLP sync handling ended
2026-03-05 15:36:07 INFO root Device 17-0 VTLP sync handling began
2026-03-05 15:36:07 INFO root Device 18-0 VTLP sync handling began
2026-03-05 15:36:07 INFO root Device 20-0 VTLP sync handling ended
2026-03-05 15:36:07 INFO root Device 16-0 VTLP sync handling began
2026-03-05 15:36:07 INFO root Device 19-0 VTLP sync handling ended
2026-03-05 15:36:07 INFO root Device 21-0 VTLP sync handling began
2026-03-05 15:36:07 INFO root Device 17-0 VTLP sync handling ended
2026-03-05 15:36:07 INFO root Device 18-0 VTLP sync handling ended
2026-03-05 15:36:07 INFO root Device 20-0 VTLP sync handling began
2026-03-05 15:36:07 INFO root Device 21-0 VTLP sync handling ended
2026-03-05 15:36:07 INFO root Device 16-0 VTLP sync handling ended
2026-03-05 15:36:07 INFO root Device 18-0 VTLP sync handling began
2026-03-05 15:36:07 INFO root Device 17-0 VTLP sync handling began
2026-03-05 15:36:07 INFO root Device 20-0 VTLP sync handling ended
2026-03-05 15:36:07 INFO root Device 19-0 VTLP sync handling began
2026-03-05 15:36:07 INFO root Device 16-0 VTLP sync handling began
2026-03-05 15:36:07 INFO root Device 21-0 VTLP sync handling began
2026-03-05 15:36:07 INFO root Device 17-0 VTLP sync handling ended
2026-03-05 15:36:07 INFO root Device 18-0 VTLP sync handling ended
2026-03-05 15:36:07 INFO root Device 20-0 VTLP sync handling began
2026-03-05 15:36:07 INFO root Device 16-0 VTLP sync handling ended
2026-03-05 15:36:07 INFO root Device 17-0 VTLP sync handling began
2026-03-05 15:36:07 INFO root Device 18-0 VTLP sync handling began
2026-03-05 15:36:07 INFO root Device 19-0 VTLP sync handling ended
2026-03-05 15:36:07 INFO root Device 20-0 VTLP sync handling ended
2026-03-05 15:36:07 INFO root Device 18-0 VTLP sync handling ended
2026-03-05 15:36:07 INFO root Device 19-0 VTLP sync handling began
2026-03-05 15:36:07 INFO root Device 19-0 VTLP sync handling ended
2026-03-05 15:36:07 INFO root Device 17-0 VTLP sync handling ended
2026-03-05 15:36:07 INFO root Device 21-0 VTLP sync handling ended
2026-03-05 15:36:07 INFO root Device 16-0 VTLP sync handling began
2026-03-05 15:36:07 INFO root Device 19-0 VTLP sync handling began
2026-03-05 15:36:07 INFO root Device 16-0 VTLP sync handling ended
2026-03-05 15:36:07 INFO root Device 18-0 VTLP sync handling began
2026-03-05 15:36:07 INFO root Device 21-0 VTLP sync handling began
2026-03-05 15:36:07 INFO root Device 19-0 VTLP sync handling ended
2026-03-05 15:36:07 INFO root Device 20-0 VTLP sync handling began
2026-03-05 15:36:07 INFO root Device 18-0 VTLP sync handling ended
2026-03-05 15:36:07 INFO root Device 19-0 VTLP sync handling began
2026-03-05 15:36:07 INFO root Device 20-0 VTLP sync handling ended
2026-03-05 15:36:07 INFO root Device 19-0 VTLP sync handling ended
2026-03-05 15:36:07 INFO root Device 21-0 VTLP sync handling ended
2026-03-05 15:36:07 INFO root Device 20-0 VTLP sync handling began
2026-03-05 15:36:07 INFO root Device 21-0 VTLP sync handling began
2026-03-05 15:36:07 INFO root Device 19-0 VTLP sync handling began
2026-03-05 15:36:07 INFO root Device 20-0 VTLP sync handling ended
2026-03-05 15:36:07 INFO root Device 21-0 VTLP sync handling ended
2026-03-05 15:36:07 INFO root Device 19-0 VTLP sync handling ended
2026-03-05 15:36:07 INFO root Device 19-0 VTLP sync handling began
2026-03-05 15:36:07 INFO root Device 19-0 VTLP sync handling ended
2026-03-05 15:36:07 INFO root Device 19-0 VTLP sync handling began
2026-03-05 15:36:07 INFO root Device 19-0 VTLP sync handling ended
2026-03-05 15:36:12 INFO root Device 22-0 VTLP sync handling began
2026-03-05 15:36:12 INFO root Device 22-0 VTLP sync handling ended
2026-03-05 15:36:12 INFO root Device 22-0 VTLP sync handling began
2026-03-05 15:36:12 INFO root Device 22-0 VTLP sync handling ended
2026-03-05 15:36:13 ERROR root SerialInterface spd2:COM1 Unavailable Port: COM1
2026-03-05 15:36:13 ERROR root SerialInterface spd2:COM1Device 4-0 (None)  Unavailable Port: COM1 , connections status Offline
2026-03-05 15:36:13 ERROR root remotelib error:IC142Panel:50000:{"property": "SetText", "value": ["Step 27 of 99\ndisplay0 defined:Display\ncreating device:spd1\ndisplay1 defined:Display\ncreating device:spd2\ndisplay2 defined:Display"], "qualifier": {"code": "property does not exist"}}
2026-03-05 15:36:13 ERROR root remotelib error:IC143Panel:50000:{"property": "SetText", "value": ["Step 27 of 99\ndisplay0 defined:Display\ncreating device:spd1\ndisplay1 defined:Display\ncreating device:spd2\ndisplay2 defined:Display"], "qualifier": {"code": "property does not exist"}}
2026-03-05 15:36:13 ERROR root remotelib error:IC144Panel:50000:{"property": "SetText", "value": ["Step 27 of 99\ndisplay0 defined:Display\ncreating device:spd1\ndisplay1 defined:Display\ncreating device:spd2\ndisplay2 defined:Display"], "qualifier": {"code": "property does not exist"}}
2026-03-05 15:36:13 ERROR root remotelib error:BreakRmPanel:50000:{"property": "SetText", "value": ["Step 27 of 99\ndisplay0 defined:Display\ncreating device:spd1\ndisplay1 defined:Display\ncreating device:spd2\ndisplay2 defined:Display"], "qualifier": {"code": "property does not exist"}}
2026-03-05 15:36:13 ERROR root remotelib error:LobbyPanel:50000:{"property": "SetText", "value": ["Step 27 of 99\ndisplay0 defined:Display\ncreating device:spd1\ndisplay1 defined:Display\ncreating device:spd2\ndisplay2 defined:Display"], "qualifier": {"code": "property does not exist"}}
2026-03-05 15:36:13 ERROR root remotelib error:HallPanel:50000:{"property": "SetText", "value": ["Step 27 of 99\ndisplay0 defined:Display\ncreating device:spd1\ndisplay1 defined:Display\ncreating device:spd2\ndisplay2 defined:Display"], "qualifier": {"code": "property does not exist"}}
2026-03-05 15:36:13 ERROR root remotelib error:IC142Panel:50001:{"property": "SetLevel", "value": [27.272727272727273], "qualifier": {"code": "property does not exist"}}
2026-03-05 15:36:13 ERROR root remotelib error:BWDPanel:50000:{"property": "SetText", "value": ["Step 27 of 99\ndisplay0 defined:Display\ncreating device:spd1\ndisplay1 defined:Display\ncreating device:spd2\ndisplay2 defined:Display"], "qualifier": {"code": "property does not exist"}}
2026-03-05 15:36:13 ERROR root remotelib error:IC143Panel:50001:{"property": "SetLevel", "value": [27.272727272727273], "qualifier": {"code": "property does not exist"}}
2026-03-05 15:36:13 ERROR root remotelib error:IC144Panel:50001:{"property": "SetLevel", "value": [27.272727272727273], "qualifier": {"code": "property does not exist"}}
2026-03-05 15:36:13 ERROR root remotelib error:BreakRmPanel:50001:{"property": "SetLevel", "value": [27.272727272727273], "qualifier": {"code": "property does not exist"}}
2026-03-05 15:36:13 ERROR root remotelib error:LobbyPanel:50001:{"property": "SetLevel", "value": [27.272727272727273], "qualifier": {"code": "property does not exist"}}
2026-03-05 15:36:13 ERROR root remotelib error:HallPanel:50001:{"property": "SetLevel", "value": [27.272727272727273], "qualifier": {"code": "property does not exist"}}
2026-03-05 15:36:13 ERROR root remotelib error:BWDPanel:50001:{"property": "SetLevel", "value": [27.272727272727273], "qualifier": {"code": "property does not exist"}}
2026-03-05 15:36:13 ERROR root remotelib error:IC143Panel:50000:{"property": "SetText", "value": ["Step 28 of 99\ncreating device:spd1\ndisplay1 defined:Display\ncreating device:spd2\ndisplay2 defined:Display\ncreating device:spd3"], "qualifier": {"code": "property does not exist"}}
2026-03-05 15:36:13 ERROR root remotelib error:IC142Panel:50000:{"property": "SetText", "value": ["Step 28 of 99\ncreating device:spd1\ndisplay1 defined:Display\ncreating device:spd2\ndisplay2 defined:Display\ncreating device:spd3"], "qualifier": {"code": "property does not exist"}}
2026-03-05 15:36:13 ERROR root remotelib error:IC144Panel:50000:{"property": "SetText", "value": ["Step 28 of 99\ncreating device:spd1\ndisplay1 defined:Display\ncreating device:spd2\ndisplay2 defined:Display\ncreating device:spd3"], "qualifier": {"code": "property does not exist"}}
2026-03-05 15:36:13 ERROR root remotelib error:LobbyPanel:50000:{"property": "SetText", "value": ["Step 28 of 99\ncreating device:spd1\ndisplay1 defined:Display\ncreating device:spd2\ndisplay2 defined:Display\ncreating device:spd3"], "qualifier": {"code": "property does not exist"}}
2026-03-05 15:36:13 ERROR root remotelib error:BreakRmPanel:50000:{"property": "SetText", "value": ["Step 28 of 99\ncreating device:spd1\ndisplay1 defined:Display\ncreating device:spd2\ndisplay2 defined:Display\ncreating device:spd3"], "qualifier": {"code": "property does not exist"}}
2026-03-05 15:36:13 ERROR root remotelib error:HallPanel:50000:{"property": "SetText", "value": ["Step 28 of 99\ncreating device:spd1\ndisplay1 defined:Display\ncreating device:spd2\ndisplay2 defined:Display\ncreating device:spd3"], "qualifier": {"code": "property does not exist"}}
2026-03-05 15:36:13 ERROR root remotelib error:BWDPanel:50000:{"property": "SetText", "value": ["Step 28 of 99\ncreating device:spd1\ndisplay1 defined:Display\ncreating device:spd2\ndisplay2 defined:Display\ncreating device:spd3"], "qualifier": {"code": "property does not exist"}}
2026-03-05 15:36:13 ERROR root remotelib error:IC142Panel:50001:{"property": "SetLevel", "value": [28.282828282828284], "qualifier": {"code": "property does not exist"}}
2026-03-05 15:36:13 ERROR root remotelib error:IC143Panel:50001:{"property": "SetLevel", "value": [28.282828282828284], "qualifier": {"code": "property does not exist"}}
2026-03-05 15:36:13 ERROR root remotelib error:IC144Panel:50001:{"property": "SetLevel", "value": [28.282828282828284], "qualifier": {"code": "property does not exist"}}
2026-03-05 15:36:13 ERROR root remotelib error:BreakRmPanel:50001:{"property": "SetLevel", "value": [28.282828282828284], "qualifier": {"code": "property does not exist"}}
2026-03-05 15:36:13 ERROR root remotelib error:LobbyPanel:50001:{"property": "SetLevel", "value": [28.282828282828284], "qualifier": {"code": "property does not exist"}}
2026-03-05 15:36:13 ERROR root remotelib error:HallPanel:50001:{"property": "SetLevel", "value": [28.282828282828284], "qualifier": {"code": "property does not exist"}}
2026-03-05 15:36:13 ERROR root remotelib error:BWDPanel:50001:{"property": "SetLevel", "value": [28.282828282828284], "qualifier": {"code": "property does not exist"}}
2026-03-05 15:36:16 ERROR root Debug Server restarted:Listening
2026-03-05 15:36:25 ERROR root SerialInterface spd3:COM1 Unavailable Port: COM1
2026-03-05 15:36:25 ERROR root SerialInterface spd3:COM1Device 5-0 (None)  Unavailable Port: COM1 , connections status Offline
2026-03-05 15:36:25 ERROR root remotelib error:IC142Panel:50000:{"property": "SetText", "value": ["Step 29 of 99\ndisplay1 defined:Display\ncreating device:spd2\ndisplay2 defined:Display\ncreating device:spd3\ndisplay3 defined:Display"], "qualifier": {"code": "property does not exist"}}
2026-03-05 15:36:25 ERROR root remotelib error:IC143Panel:50000:{"property": "SetText", "value": ["Step 29 of 99\ndisplay1 defined:Display\ncreating device:spd2\ndisplay2 defined:Display\ncreating device:spd3\ndisplay3 defined:Display"], "qualifier": {"code": "property does not exist"}}
2026-03-05 15:36:25 ERROR root remotelib error:IC144Panel:50000:{"property": "SetText", "value": ["Step 29 of 99\ndisplay1 defined:Display\ncreating device:spd2\ndisplay2 defined:Display\ncreating device:spd3\ndisplay3 defined:Display"], "qualifier": {"code": "property does not exist"}}
2026-03-05 15:36:25 ERROR root remotelib error:BreakRmPanel:50000:{"property": "SetText", "value": ["Step 29 of 99\ndisplay1 defined:Display\ncreating device:spd2\ndisplay2 defined:Display\ncreating device:spd3\ndisplay3 defined:Display"], "qualifier": {"code": "property does not exist"}}
2026-03-05 15:36:25 ERROR root remotelib error:LobbyPanel:50000:{"property": "SetText", "value": ["Step 29 of 99\ndisplay1 defined:Display\ncreating device:spd2\ndisplay2 defined:Display\ncreating device:spd3\ndisplay3 defined:Display"], "qualifier": {"code": "property does not exist"}}
2026-03-05 15:36:25 ERROR root remotelib error:HallPanel:50000:{"property": "SetText", "value": ["Step 29 of 99\ndisplay1 defined:Display\ncreating device:spd2\ndisplay2 defined:Display\ncreating device:spd3\ndisplay3 defined:Display"], "qualifier": {"code": "property does not exist"}}
2026-03-05 15:36:25 ERROR root remotelib error:IC142Panel:50001:{"property": "SetLevel", "value": [29.292929292929294], "qualifier": {"code": "property does not exist"}}
2026-03-05 15:36:25 ERROR root remotelib error:BWDPanel:50000:{"property": "SetText", "value": ["Step 29 of 99\ndisplay1 defined:Display\ncreating device:spd2\ndisplay2 defined:Display\ncreating device:spd3\ndisplay3 defined:Display"], "qualifier": {"code": "property does not exist"}}
2026-03-05 15:36:25 ERROR root remotelib error:IC143Panel:50001:{"property": "SetLevel", "value": [29.292929292929294], "qualifier": {"code": "property does not exist"}}
2026-03-05 15:36:25 ERROR root remotelib error:IC144Panel:50001:{"property": "SetLevel", "value": [29.292929292929294], "qualifier": {"code": "property does not exist"}}
2026-03-05 15:36:25 ERROR root remotelib error:BreakRmPanel:50001:{"property": "SetLevel", "value": [29.292929292929294], "qualifier": {"code": "property does not exist"}}
2026-03-05 15:36:25 ERROR root remotelib error:HallPanel:50001:{"property": "SetLevel", "value": [29.292929292929294], "qualifier": {"code": "property does not exist"}}
2026-03-05 15:36:25 ERROR root remotelib error:LobbyPanel:50001:{"property": "SetLevel", "value": [29.292929292929294], "qualifier": {"code": "property does not exist"}}
2026-03-05 15:36:25 ERROR root remotelib error:BWDPanel:50001:{"property": "SetLevel", "value": [29.292929292929294], "qualifier": {"code": "property does not exist"}}
2026-03-05 15:36:25 ERROR root remotelib error:IC142Panel:50000:{"property": "SetText", "value": ["Step 30 of 99\ncreating device:spd2\ndisplay2 defined:Display\ncreating device:spd3\ndisplay3 defined:Display\ncreating device:spd4"], "qualifier": {"code": "property does not exist"}}
2026-03-05 15:36:26 ERROR root remotelib error:IC143Panel:50000:{"property": "SetText", "value": ["Step 30 of 99\ncreating device:spd2\ndisplay2 defined:Display\ncreating device:spd3\ndisplay3 defined:Display\ncreating device:spd4"], "qualifier": {"code": "property does not exist"}}
2026-03-05 15:36:26 ERROR root remotelib error:IC144Panel:50000:{"property": "SetText", "value": ["Step 30 of 99\ncreating device:spd2\ndisplay2 defined:Display\ncreating device:spd3\ndisplay3 defined:Display\ncreating device:spd4"], "qualifier": {"code": "property does not exist"}}
2026-03-05 15:36:26 ERROR root remotelib error:LobbyPanel:50000:{"property": "SetText", "value": ["Step 30 of 99\ncreating device:spd2\ndisplay2 defined:Display\ncreating device:spd3\ndisplay3 defined:Display\ncreating device:spd4"], "qualifier": {"code": "property does not exist"}}
2026-03-05 15:36:26 ERROR root remotelib error:HallPanel:50000:{"property": "SetText", "value": ["Step 30 of 99\ncreating device:spd2\ndisplay2 defined:Display\ncreating device:spd3\ndisplay3 defined:Display\ncreating device:spd4"], "qualifier": {"code": "property does not exist"}}
2026-03-05 15:36:26 ERROR root remotelib error:BreakRmPanel:50000:{"property": "SetText", "value": ["Step 30 of 99\ncreating device:spd2\ndisplay2 defined:Display\ncreating device:spd3\ndisplay3 defined:Display\ncreating device:spd4"], "qualifier": {"code": "property does not exist"}}
2026-03-05 15:36:26 ERROR root remotelib error:BWDPanel:50000:{"property": "SetText", "value": ["Step 30 of 99\ncreating device:spd2\ndisplay2 defined:Display\ncreating device:spd3\ndisplay3 defined:Display\ncreating device:spd4"], "qualifier": {"code": "property does not exist"}}
2026-03-05 15:36:26 ERROR root remotelib error:IC142Panel:50001:{"property": "SetLevel", "value": [30.303030303030305], "qualifier": {"code": "property does not exist"}}
2026-03-05 15:36:26 ERROR root remotelib error:IC143Panel:50001:{"property": "SetLevel", "value": [30.303030303030305], "qualifier": {"code": "property does not exist"}}
2026-03-05 15:36:26 ERROR root remotelib error:IC144Panel:50001:{"property": "SetLevel", "value": [30.303030303030305], "qualifier": {"code": "property does not exist"}}
2026-03-05 15:36:26 ERROR root remotelib error:BreakRmPanel:50001:{"property": "SetLevel", "value": [30.303030303030305], "qualifier": {"code": "property does not exist"}}
2026-03-05 15:36:26 ERROR root remotelib error:LobbyPanel:50001:{"property": "SetLevel", "value": [30.303030303030305], "qualifier": {"code": "property does not exist"}}
2026-03-05 15:36:26 ERROR root remotelib error:HallPanel:50001:{"property": "SetLevel", "value": [30.303030303030305], "qualifier": {"code": "property does not exist"}}
2026-03-05 15:36:26 ERROR root remotelib error:BWDPanel:50001:{"property": "SetLevel", "value": [30.303030303030305], "qualifier": {"code": "property does not exist"}}
2026-03-05 15:36:27 INFO root Device 22-0 VTLP sync handling began
2026-03-05 15:36:27 INFO root Device 22-0 VTLP sync handling ended
2026-03-05 15:36:27 INFO root Device 22-0 VTLP sync handling began
2026-03-05 15:36:27 INFO root Device 22-0 VTLP sync handling ended
2026-03-05 15:36:38 ERROR root SerialInterface spd4:COM1 Unavailable Port: COM1
2026-03-05 15:36:38 ERROR root SerialInterface spd4:COM1Device 6-0 (None)  Unavailable Port: COM1 , connections status Offline
2026-03-05 15:36:38 ERROR root remotelib error:IC142Panel:50000:{"property": "SetText", "value": ["Step 31 of 99\ndisplay2 defined:Display\ncreating device:spd3\ndisplay3 defined:Display\ncreating device:spd4\ndisplay4 defined:Display"], "qualifier": {"code": "property does not exist"}}
2026-03-05 15:36:38 ERROR root remotelib error:IC143Panel:50000:{"property": "SetText", "value": ["Step 31 of 99\ndisplay2 defined:Display\ncreating device:spd3\ndisplay3 defined:Display\ncreating device:spd4\ndisplay4 defined:Display"], "qualifier": {"code": "property does not exist"}}
2026-03-05 15:36:38 ERROR root remotelib error:BreakRmPanel:50000:{"property": "SetText", "value": ["Step 31 of 99\ndisplay2 defined:Display\ncreating device:spd3\ndisplay3 defined:Display\ncreating device:spd4\ndisplay4 defined:Display"], "qualifier": {"code": "property does not exist"}}
2026-03-05 15:36:38 ERROR root remotelib error:IC144Panel:50000:{"property": "SetText", "value": ["Step 31 of 99\ndisplay2 defined:Display\ncreating device:spd3\ndisplay3 defined:Display\ncreating device:spd4\ndisplay4 defined:Display"], "qualifier": {"code": "property does not exist"}}
2026-03-05 15:36:38 ERROR root remotelib error:LobbyPanel:50000:{"property": "SetText", "value": ["Step 31 of 99\ndisplay2 defined:Display\ncreating device:spd3\ndisplay3 defined:Display\ncreating device:spd4\ndisplay4 defined:Display"], "qualifier": {"code": "property does not exist"}}
2026-03-05 15:36:38 ERROR root remotelib error:HallPanel:50000:{"property": "SetText", "value": ["Step 31 of 99\ndisplay2 defined:Display\ncreating device:spd3\ndisplay3 defined:Display\ncreating device:spd4\ndisplay4 defined:Display"], "qualifier": {"code": "property does not exist"}}
2026-03-05 15:36:38 ERROR root remotelib error:IC142Panel:50001:{"property": "SetLevel", "value": [31.31313131313131], "qualifier": {"code": "property does not exist"}}
2026-03-05 15:36:38 ERROR root remotelib error:BWDPanel:50000:{"property": "SetText", "value": ["Step 31 of 99\ndisplay2 defined:Display\ncreating device:spd3\ndisplay3 defined:Display\ncreating device:spd4\ndisplay4 defined:Display"], "qualifier": {"code": "property does not exist"}}
2026-03-05 15:36:38 ERROR root remotelib error:IC143Panel:50001:{"property": "SetLevel", "value": [31.31313131313131], "qualifier": {"code": "property does not exist"}}
2026-03-05 15:36:38 ERROR root remotelib error:IC144Panel:50001:{"property": "SetLevel", "value": [31.31313131313131], "qualifier": {"code": "property does not exist"}}
2026-03-05 15:36:38 ERROR root remotelib error:BreakRmPanel:50001:{"property": "SetLevel", "value": [31.31313131313131], "qualifier": {"code": "property does not exist"}}
2026-03-05 15:36:38 ERROR root remotelib error:LobbyPanel:50001:{"property": "SetLevel", "value": [31.31313131313131], "qualifier": {"code": "property does not exist"}}
2026-03-05 15:36:38 ERROR root remotelib error:HallPanel:50001:{"property": "SetLevel", "value": [31.31313131313131], "qualifier": {"code": "property does not exist"}}
2026-03-05 15:36:38 ERROR root remotelib error:BWDPanel:50001:{"property": "SetLevel", "value": [31.31313131313131], "qualifier": {"code": "property does not exist"}}
2026-03-05 15:36:38 ERROR root remotelib error:IC142Panel:50000:{"property": "SetText", "value": ["Step 32 of 99\ncreating device:spd3\ndisplay3 defined:Display\ncreating device:spd4\ndisplay4 defined:Display\ncreating device:spd5"], "qualifier": {"code": "property does not exist"}}
2026-03-05 15:36:38 ERROR root remotelib error:IC143Panel:50000:{"property": "SetText", "value": ["Step 32 of 99\ncreating device:spd3\ndisplay3 defined:Display\ncreating device:spd4\ndisplay4 defined:Display\ncreating device:spd5"], "qualifier": {"code": "property does not exist"}}
2026-03-05 15:36:38 ERROR root remotelib error:IC144Panel:50000:{"property": "SetText", "value": ["Step 32 of 99\ncreating device:spd3\ndisplay3 defined:Display\ncreating device:spd4\ndisplay4 defined:Display\ncreating device:spd5"], "qualifier": {"code": "property does not exist"}}
2026-03-05 15:36:38 ERROR root remotelib error:BreakRmPanel:50000:{"property": "SetText", "value": ["Step 32 of 99\ncreating device:spd3\ndisplay3 defined:Display\ncreating device:spd4\ndisplay4 defined:Display\ncreating device:spd5"], "qualifier": {"code": "property does not exist"}}
2026-03-05 15:36:38 ERROR root remotelib error:LobbyPanel:50000:{"property": "SetText", "value": ["Step 32 of 99\ncreating device:spd3\ndisplay3 defined:Display\ncreating device:spd4\ndisplay4 defined:Display\ncreating device:spd5"], "qualifier": {"code": "property does not exist"}}
2026-03-05 15:36:38 ERROR root remotelib error:HallPanel:50000:{"property": "SetText", "value": ["Step 32 of 99\ncreating device:spd3\ndisplay3 defined:Display\ncreating device:spd4\ndisplay4 defined:Display\ncreating device:spd5"], "qualifier": {"code": "property does not exist"}}
2026-03-05 15:36:38 ERROR root remotelib error:BWDPanel:50000:{"property": "SetText", "value": ["Step 32 of 99\ncreating device:spd3\ndisplay3 defined:Display\ncreating device:spd4\ndisplay4 defined:Display\ncreating device:spd5"], "qualifier": {"code": "property does not exist"}}
2026-03-05 15:36:38 ERROR root remotelib error:IC142Panel:50001:{"property": "SetLevel", "value": [32.323232323232325], "qualifier": {"code": "property does not exist"}}
2026-03-05 15:36:38 ERROR root remotelib error:IC144Panel:50001:{"property": "SetLevel", "value": [32.323232323232325], "qualifier": {"code": "property does not exist"}}
2026-03-05 15:36:38 ERROR root remotelib error:BreakRmPanel:50001:{"property": "SetLevel", "value": [32.323232323232325], "qualifier": {"code": "property does not exist"}}
2026-03-05 15:36:38 ERROR root remotelib error:IC143Panel:50001:{"property": "SetLevel", "value": [32.323232323232325], "qualifier": {"code": "property does not exist"}}
2026-03-05 15:36:38 ERROR root remotelib error:HallPanel:50001:{"property": "SetLevel", "value": [32.323232323232325], "qualifier": {"code": "property does not exist"}}
2026-03-05 15:36:38 ERROR root remotelib error:LobbyPanel:50001:{"property": "SetLevel", "value": [32.323232323232325], "qualifier": {"code": "property does not exist"}}
2026-03-05 15:36:38 ERROR root remotelib error:BWDPanel:50001:{"property": "SetLevel", "value": [32.323232323232325], "qualifier": {"code": "property does not exist"}}
2026-03-05 15:36:42 INFO root Device 22-0 VTLP sync handling began
2026-03-05 15:36:42 INFO root Device 22-0 VTLP sync handling ended
2026-03-05 15:36:42 INFO root Device 22-0 VTLP sync handling began
2026-03-05 15:36:42 INFO root Device 22-0 VTLP sync handling ended
2026-03-05 15:36:46 ERROR root Debug Server restarted:Listening
2026-03-05 15:36:51 ERROR root SerialInterface spd5:COM1 Unavailable Port: COM1
2026-03-05 15:36:51 ERROR root SerialInterface spd5:COM1Device 7-0 (None)  Unavailable Port: COM1 , connections status Offline
2026-03-05 15:36:51 ERROR root remotelib error:IC142Panel:50000:{"property": "SetText", "value": ["Step 33 of 99\ndisplay3 defined:Display\ncreating device:spd4\ndisplay4 defined:Display\ncreating device:spd5\ndisplay5 defined:Display"], "qualifier": {"code": "property does not exist"}}
2026-03-05 15:36:51 ERROR root remotelib error:IC143Panel:50000:{"property": "SetText", "value": ["Step 33 of 99\ndisplay3 defined:Display\ncreating device:spd4\ndisplay4 defined:Display\ncreating device:spd5\ndisplay5 defined:Display"], "qualifier": {"code": "property does not exist"}}
2026-03-05 15:36:51 ERROR root remotelib error:IC144Panel:50000:{"property": "SetText", "value": ["Step 33 of 99\ndisplay3 defined:Display\ncreating device:spd4\ndisplay4 defined:Display\ncreating device:spd5\ndisplay5 defined:Display"], "qualifier": {"code": "property does not exist"}}
2026-03-05 15:36:51 ERROR root remotelib error:BreakRmPanel:50000:{"property": "SetText", "value": ["Step 33 of 99\ndisplay3 defined:Display\ncreating device:spd4\ndisplay4 defined:Display\ncreating device:spd5\ndisplay5 defined:Display"], "qualifier": {"code": "property does not exist"}}
2026-03-05 15:36:51 ERROR root remotelib error:LobbyPanel:50000:{"property": "SetText", "value": ["Step 33 of 99\ndisplay3 defined:Display\ncreating device:spd4\ndisplay4 defined:Display\ncreating device:spd5\ndisplay5 defined:Display"], "qualifier": {"code": "property does not exist"}}
2026-03-05 15:36:51 ERROR root remotelib error:HallPanel:50000:{"property": "SetText", "value": ["Step 33 of 99\ndisplay3 defined:Display\ncreating device:spd4\ndisplay4 defined:Display\ncreating device:spd5\ndisplay5 defined:Display"], "qualifier": {"code": "property does not exist"}}
2026-03-05 15:36:51 ERROR root remotelib error:BWDPanel:50000:{"property": "SetText", "value": ["Step 33 of 99\ndisplay3 defined:Display\ncreating device:spd4\ndisplay4 defined:Display\ncreating device:spd5\ndisplay5 defined:Display"], "qualifier": {"code": "property does not exist"}}
2026-03-05 15:36:51 ERROR root remotelib error:IC142Panel:50001:{"property": "SetLevel", "value": [33.333333333333336], "qualifier": {"code": "property does not exist"}}
2026-03-05 15:36:51 ERROR root remotelib error:IC143Panel:50001:{"property": "SetLevel", "value": [33.333333333333336], "qualifier": {"code": "property does not exist"}}
2026-03-05 15:36:51 ERROR root remotelib error:IC144Panel:50001:{"property": "SetLevel", "value": [33.333333333333336], "qualifier": {"code": "property does not exist"}}
2026-03-05 15:36:51 ERROR root remotelib error:BreakRmPanel:50001:{"property": "SetLevel", "value": [33.333333333333336], "qualifier": {"code": "property does not exist"}}
2026-03-05 15:36:51 ERROR root remotelib error:LobbyPanel:50001:{"property": "SetLevel", "value": [33.333333333333336], "qualifier": {"code": "property does not exist"}}
2026-03-05 15:36:51 ERROR root remotelib error:HallPanel:50001:{"property": "SetLevel", "value": [33.333333333333336], "qualifier": {"code": "property does not exist"}}
2026-03-05 15:36:51 ERROR root remotelib error:BWDPanel:50001:{"property": "SetLevel", "value": [33.333333333333336], "qualifier": {"code": "property does not exist"}}
2026-03-05 15:36:51 ERROR root remotelib error:IC142Panel:50000:{"property": "SetText", "value": ["Step 34 of 99\ncreating device:spd4\ndisplay4 defined:Display\ncreating device:spd5\ndisplay5 defined:Display\ncreating device:spd6"], "qualifier": {"code": "property does not exist"}}
2026-03-05 15:36:51 ERROR root remotelib error:IC143Panel:50000:{"property": "SetText", "value": ["Step 34 of 99\ncreating device:spd4\ndisplay4 defined:Display\ncreating device:spd5\ndisplay5 defined:Display\ncreating device:spd6"], "qualifier": {"code": "property does not exist"}}
2026-03-05 15:36:51 ERROR root remotelib error:IC144Panel:50000:{"property": "SetText", "value": ["Step 34 of 99\ncreating device:spd4\ndisplay4 defined:Display\ncreating device:spd5\ndisplay5 defined:Display\ncreating device:spd6"], "qualifier": {"code": "property does not exist"}}
2026-03-05 15:36:51 ERROR root remotelib error:BreakRmPanel:50000:{"property": "SetText", "value": ["Step 34 of 99\ncreating device:spd4\ndisplay4 defined:Display\ncreating device:spd5\ndisplay5 defined:Display\ncreating device:spd6"], "qualifier": {"code": "property does not exist"}}
2026-03-05 15:36:51 ERROR root remotelib error:LobbyPanel:50000:{"property": "SetText", "value": ["Step 34 of 99\ncreating device:spd4\ndisplay4 defined:Display\ncreating device:spd5\ndisplay5 defined:Display\ncreating device:spd6"], "qualifier": {"code": "property does not exist"}}
2026-03-05 15:36:51 ERROR root remotelib error:HallPanel:50000:{"property": "SetText", "value": ["Step 34 of 99\ncreating device:spd4\ndisplay4 defined:Display\ncreating device:spd5\ndisplay5 defined:Display\ncreating device:spd6"], "qualifier": {"code": "property does not exist"}}
2026-03-05 15:36:51 ERROR root remotelib error:BWDPanel:50000:{"property": "SetText", "value": ["Step 34 of 99\ncreating device:spd4\ndisplay4 defined:Display\ncreating device:spd5\ndisplay5 defined:Display\ncreating device:spd6"], "qualifier": {"code": "property does not exist"}}
2026-03-05 15:36:51 ERROR root remotelib error:IC142Panel:50001:{"property": "SetLevel", "value": [34.343434343434346], "qualifier": {"code": "property does not exist"}}
2026-03-05 15:36:51 ERROR root remotelib error:IC143Panel:50001:{"property": "SetLevel", "value": [34.343434343434346], "qualifier": {"code": "property does not exist"}}
2026-03-05 15:36:51 ERROR root remotelib error:IC144Panel:50001:{"property": "SetLevel", "value": [34.343434343434346], "qualifier": {"code": "property does not exist"}}
2026-03-05 15:36:51 ERROR root remotelib error:BreakRmPanel:50001:{"property": "SetLevel", "value": [34.343434343434346], "qualifier": {"code": "property does not exist"}}
2026-03-05 15:36:51 ERROR root remotelib error:LobbyPanel:50001:{"property": "SetLevel", "value": [34.343434343434346], "qualifier": {"code": "property does not exist"}}
2026-03-05 15:36:51 ERROR root remotelib error:HallPanel:50001:{"property": "SetLevel", "value": [34.343434343434346], "qualifier": {"code": "property does not exist"}}
2026-03-05 15:36:51 ERROR root remotelib error:BWDPanel:50001:{"property": "SetLevel", "value": [34.343434343434346], "qualifier": {"code": "property does not exist"}}
2026-03-05 15:36:57 INFO root Device 22-0 VTLP sync handling began
2026-03-05 15:36:57 INFO root Device 22-0 VTLP sync handling ended
2026-03-05 15:36:57 INFO root Device 22-0 VTLP sync handling began
2026-03-05 15:36:57 INFO root Device 22-0 VTLP sync handling ended
2026-03-05 15:37:03 ERROR root SerialInterface spd6:COM1 Unavailable Port: COM1
2026-03-05 15:37:03 ERROR root SerialInterface spd6:COM1Device 8-0 (None)  Unavailable Port: COM1 , connections status Offline
2026-03-05 15:37:03 ERROR root remotelib error:IC142Panel:50000:{"property": "SetText", "value": ["Step 35 of 99\ndisplay4 defined:Display\ncreating device:spd5\ndisplay5 defined:Display\ncreating device:spd6\ndisplay6 defined:display6"], "qualifier": {"code": "property does not exist"}}
2026-03-05 15:37:03 ERROR root remotelib error:IC143Panel:50000:{"property": "SetText", "value": ["Step 35 of 99\ndisplay4 defined:Display\ncreating device:spd5\ndisplay5 defined:Display\ncreating device:spd6\ndisplay6 defined:display6"], "qualifier": {"code": "property does not exist"}}
2026-03-05 15:37:03 ERROR root remotelib error:IC144Panel:50000:{"property": "SetText", "value": ["Step 35 of 99\ndisplay4 defined:Display\ncreating device:spd5\ndisplay5 defined:Display\ncreating device:spd6\ndisplay6 defined:display6"], "qualifier": {"code": "property does not exist"}}
2026-03-05 15:37:03 ERROR root remotelib error:BreakRmPanel:50000:{"property": "SetText", "value": ["Step 35 of 99\ndisplay4 defined:Display\ncreating device:spd5\ndisplay5 defined:Display\ncreating device:spd6\ndisplay6 defined:display6"], "qualifier": {"code": "property does not exist"}}
2026-03-05 15:37:03 ERROR root remotelib error:LobbyPanel:50000:{"property": "SetText", "value": ["Step 35 of 99\ndisplay4 defined:Display\ncreating device:spd5\ndisplay5 defined:Display\ncreating device:spd6\ndisplay6 defined:display6"], "qualifier": {"code": "property does not exist"}}
2026-03-05 15:37:03 ERROR root remotelib error:HallPanel:50000:{"property": "SetText", "value": ["Step 35 of 99\ndisplay4 defined:Display\ncreating device:spd5\ndisplay5 defined:Display\ncreating device:spd6\ndisplay6 defined:display6"], "qualifier": {"code": "property does not exist"}}
2026-03-05 15:37:03 ERROR root remotelib error:IC142Panel:50001:{"property": "SetLevel", "value": [35.35353535353536], "qualifier": {"code": "property does not exist"}}
2026-03-05 15:37:03 ERROR root remotelib error:BWDPanel:50000:{"property": "SetText", "value": ["Step 35 of 99\ndisplay4 defined:Display\ncreating device:spd5\ndisplay5 defined:Display\ncreating device:spd6\ndisplay6 defined:display6"], "qualifier": {"code": "property does not exist"}}
2026-03-05 15:37:03 ERROR root remotelib error:IC143Panel:50001:{"property": "SetLevel", "value": [35.35353535353536], "qualifier": {"code": "property does not exist"}}
2026-03-05 15:37:03 ERROR root remotelib error:BreakRmPanel:50001:{"property": "SetLevel", "value": [35.35353535353536], "qualifier": {"code": "property does not exist"}}
2026-03-05 15:37:03 ERROR root remotelib error:IC144Panel:50001:{"property": "SetLevel", "value": [35.35353535353536], "qualifier": {"code": "property does not exist"}}
2026-03-05 15:37:03 ERROR root remotelib error:HallPanel:50001:{"property": "SetLevel", "value": [35.35353535353536], "qualifier": {"code": "property does not exist"}}
2026-03-05 15:37:03 ERROR root remotelib error:LobbyPanel:50001:{"property": "SetLevel", "value": [35.35353535353536], "qualifier": {"code": "property does not exist"}}
2026-03-05 15:37:03 ERROR root remotelib error:BWDPanel:50001:{"property": "SetLevel", "value": [35.35353535353536], "qualifier": {"code": "property does not exist"}}
2026-03-05 15:37:03 ERROR root remotelib error:IC142Panel:50000:{"property": "SetText", "value": ["Step 36 of 99\ncreating device:spd5\ndisplay5 defined:Display\ncreating device:spd6\ndisplay6 defined:display6\ncamera0 defined:camera0"], "qualifier": {"code": "property does not exist"}}
2026-03-05 15:37:03 ERROR root remotelib error:IC143Panel:50000:{"property": "SetText", "value": ["Step 36 of 99\ncreating device:spd5\ndisplay5 defined:Display\ncreating device:spd6\ndisplay6 defined:display6\ncamera0 defined:camera0"], "qualifier": {"code": "property does not exist"}}
2026-03-05 15:37:03 ERROR root remotelib error:IC144Panel:50000:{"property": "SetText", "value": ["Step 36 of 99\ncreating device:spd5\ndisplay5 defined:Display\ncreating device:spd6\ndisplay6 defined:display6\ncamera0 defined:camera0"], "qualifier": {"code": "property does not exist"}}
2026-03-05 15:37:03 ERROR root remotelib error:BreakRmPanel:50000:{"property": "SetText", "value": ["Step 36 of 99\ncreating device:spd5\ndisplay5 defined:Display\ncreating device:spd6\ndisplay6 defined:display6\ncamera0 defined:camera0"], "qualifier": {"code": "property does not exist"}}
2026-03-05 15:37:03 ERROR root remotelib error:LobbyPanel:50000:{"property": "SetText", "value": ["Step 36 of 99\ncreating device:spd5\ndisplay5 defined:Display\ncreating device:spd6\ndisplay6 defined:display6\ncamera0 defined:camera0"], "qualifier": {"code": "property does not exist"}}
2026-03-05 15:37:03 ERROR root remotelib error:HallPanel:50000:{"property": "SetText", "value": ["Step 36 of 99\ncreating device:spd5\ndisplay5 defined:Display\ncreating device:spd6\ndisplay6 defined:display6\ncamera0 defined:camera0"], "qualifier": {"code": "property does not exist"}}
2026-03-05 15:37:03 ERROR root remotelib error:BWDPanel:50000:{"property": "SetText", "value": ["Step 36 of 99\ncreating device:spd5\ndisplay5 defined:Display\ncreating device:spd6\ndisplay6 defined:display6\ncamera0 defined:camera0"], "qualifier": {"code": "property does not exist"}}
2026-03-05 15:37:03 ERROR root remotelib error:IC142Panel:50001:{"property": "SetLevel", "value": [36.36363636363637], "qualifier": {"code": "property does not exist"}}
2026-03-05 15:37:03 ERROR root remotelib error:IC143Panel:50001:{"property": "SetLevel", "value": [36.36363636363637], "qualifier": {"code": "property does not exist"}}
2026-03-05 15:37:03 ERROR root remotelib error:IC144Panel:50001:{"property": "SetLevel", "value": [36.36363636363637], "qualifier": {"code": "property does not exist"}}
2026-03-05 15:37:03 ERROR root remotelib error:BreakRmPanel:50001:{"property": "SetLevel", "value": [36.36363636363637], "qualifier": {"code": "property does not exist"}}
2026-03-05 15:37:03 ERROR root remotelib error:LobbyPanel:50001:{"property": "SetLevel", "value": [36.36363636363637], "qualifier": {"code": "property does not exist"}}
2026-03-05 15:37:03 ERROR root remotelib error:HallPanel:50001:{"property": "SetLevel", "value": [36.36363636363637], "qualifier": {"code": "property does not exist"}}
2026-03-05 15:37:03 ERROR root remotelib error:BWDPanel:50001:{"property": "SetLevel", "value": [36.36363636363637], "qualifier": {"code": "property does not exist"}}
2026-03-05 15:37:03 ERROR root remotelib error:IC142Panel:50000:{"property": "SetText", "value": ["Step 37 of 99\ndisplay5 defined:Display\ncreating device:spd6\ndisplay6 defined:display6\ncamera0 defined:camera0\nceiling mic0 defined:ceiling mic0"], "qualifier": {"code": "property does not exist"}}
2026-03-05 15:37:03 ERROR root remotelib error:IC143Panel:50000:{"property": "SetText", "value": ["Step 37 of 99\ndisplay5 defined:Display\ncreating device:spd6\ndisplay6 defined:display6\ncamera0 defined:camera0\nceiling mic0 defined:ceiling mic0"], "qualifier": {"code": "property does not exist"}}
2026-03-05 15:37:03 ERROR root remotelib error:IC144Panel:50000:{"property": "SetText", "value": ["Step 37 of 99\ndisplay5 defined:Display\ncreating device:spd6\ndisplay6 defined:display6\ncamera0 defined:camera0\nceiling mic0 defined:ceiling mic0"], "qualifier": {"code": "property does not exist"}}
2026-03-05 15:37:03 ERROR root remotelib error:BreakRmPanel:50000:{"property": "SetText", "value": ["Step 37 of 99\ndisplay5 defined:Display\ncreating device:spd6\ndisplay6 defined:display6\ncamera0 defined:camera0\nceiling mic0 defined:ceiling mic0"], "qualifier": {"code": "property does not exist"}}
2026-03-05 15:37:03 ERROR root remotelib error:LobbyPanel:50000:{"property": "SetText", "value": ["Step 37 of 99\ndisplay5 defined:Display\ncreating device:spd6\ndisplay6 defined:display6\ncamera0 defined:camera0\nceiling mic0 defined:ceiling mic0"], "qualifier": {"code": "property does not exist"}}
2026-03-05 15:37:03 ERROR root remotelib error:HallPanel:50000:{"property": "SetText", "value": ["Step 37 of 99\ndisplay5 defined:Display\ncreating device:spd6\ndisplay6 defined:display6\ncamera0 defined:camera0\nceiling mic0 defined:ceiling mic0"], "qualifier": {"code": "property does not exist"}}
2026-03-05 15:37:03 ERROR root remotelib error:BWDPanel:50000:{"property": "SetText", "value": ["Step 37 of 99\ndisplay5 defined:Display\ncreating device:spd6\ndisplay6 defined:display6\ncamera0 defined:camera0\nceiling mic0 defined:ceiling mic0"], "qualifier": {"code": "property does not exist"}}
2026-03-05 15:37:03 ERROR root remotelib error:IC142Panel:50001:{"property": "SetLevel", "value": [37.37373737373738], "qualifier": {"code": "property does not exist"}}
2026-03-05 15:37:03 ERROR root remotelib error:IC143Panel:50001:{"property": "SetLevel", "value": [37.37373737373738], "qualifier": {"code": "property does not exist"}}
2026-03-05 15:37:03 ERROR root remotelib error:IC144Panel:50001:{"property": "SetLevel", "value": [37.37373737373738], "qualifier": {"code": "property does not exist"}}
2026-03-05 15:37:03 ERROR root remotelib error:BreakRmPanel:50001:{"property": "SetLevel", "value": [37.37373737373738], "qualifier": {"code": "property does not exist"}}
2026-03-05 15:37:03 ERROR root remotelib error:LobbyPanel:50001:{"property": "SetLevel", "value": [37.37373737373738], "qualifier": {"code": "property does not exist"}}
2026-03-05 15:37:03 ERROR root remotelib error:HallPanel:50001:{"property": "SetLevel", "value": [37.37373737373738], "qualifier": {"code": "property does not exist"}}
2026-03-05 15:37:03 ERROR root remotelib error:BWDPanel:50001:{"property": "SetLevel", "value": [37.37373737373738], "qualifier": {"code": "property does not exist"}}
2026-03-05 15:37:03 ERROR root remotelib error:IC142Panel:50000:{"property": "SetText", "value": ["Step 38 of 99\ncreating device:spd6\ndisplay6 defined:display6\ncamera0 defined:camera0\nceiling mic0 defined:ceiling mic0\nwireless mic receiver0 defined:wireless mic reciever0"], "qualifier": {"code": "property does not exist"}}
2026-03-05 15:37:03 ERROR root remotelib error:IC143Panel:50000:{"property": "SetText", "value": ["Step 38 of 99\ncreating device:spd6\ndisplay6 defined:display6\ncamera0 defined:camera0\nceiling mic0 defined:ceiling mic0\nwireless mic receiver0 defined:wireless mic reciever0"], "qualifier": {"code": "property does not exist"}}
2026-03-05 15:37:03 ERROR root remotelib error:IC144Panel:50000:{"property": "SetText", "value": ["Step 38 of 99\ncreating device:spd6\ndisplay6 defined:display6\ncamera0 defined:camera0\nceiling mic0 defined:ceiling mic0\nwireless mic receiver0 defined:wireless mic reciever0"], "qualifier": {"code": "property does not exist"}}
2026-03-05 15:37:03 ERROR root remotelib error:BreakRmPanel:50000:{"property": "SetText", "value": ["Step 38 of 99\ncreating device:spd6\ndisplay6 defined:display6\ncamera0 defined:camera0\nceiling mic0 defined:ceiling mic0\nwireless mic receiver0 defined:wireless mic reciever0"], "qualifier": {"code": "property does not exist"}}
2026-03-05 15:37:03 ERROR root remotelib error:LobbyPanel:50000:{"property": "SetText", "value": ["Step 38 of 99\ncreating device:spd6\ndisplay6 defined:display6\ncamera0 defined:camera0\nceiling mic0 defined:ceiling mic0\nwireless mic receiver0 defined:wireless mic reciever0"], "qualifier": {"code": "property does not exist"}}
2026-03-05 15:37:03 ERROR root remotelib error:BWDPanel:50000:{"property": "SetText", "value": ["Step 38 of 99\ncreating device:spd6\ndisplay6 defined:display6\ncamera0 defined:camera0\nceiling mic0 defined:ceiling mic0\nwireless mic receiver0 defined:wireless mic reciever0"], "qualifier": {"code": "property does not exist"}}
2026-03-05 15:37:03 ERROR root remotelib error:HallPanel:50000:{"property": "SetText", "value": ["Step 38 of 99\ncreating device:spd6\ndisplay6 defined:display6\ncamera0 defined:camera0\nceiling mic0 defined:ceiling mic0\nwireless mic receiver0 defined:wireless mic reciever0"], "qualifier": {"code": "property does not exist"}}
2026-03-05 15:37:03 ERROR root remotelib error:IC142Panel:50001:{"property": "SetLevel", "value": [38.38383838383838], "qualifier": {"code": "property does not exist"}}
2026-03-05 15:37:03 ERROR root remotelib error:IC143Panel:50001:{"property": "SetLevel", "value": [38.38383838383838], "qualifier": {"code": "property does not exist"}}
2026-03-05 15:37:03 ERROR root remotelib error:IC144Panel:50001:{"property": "SetLevel", "value": [38.38383838383838], "qualifier": {"code": "property does not exist"}}
2026-03-05 15:37:03 ERROR root remotelib error:BreakRmPanel:50001:{"property": "SetLevel", "value": [38.38383838383838], "qualifier": {"code": "property does not exist"}}
2026-03-05 15:37:03 ERROR root remotelib error:LobbyPanel:50001:{"property": "SetLevel", "value": [38.38383838383838], "qualifier": {"code": "property does not exist"}}
2026-03-05 15:37:03 ERROR root remotelib error:HallPanel:50001:{"property": "SetLevel", "value": [38.38383838383838], "qualifier": {"code": "property does not exist"}}
2026-03-05 15:37:03 ERROR root remotelib error:BWDPanel:50001:{"property": "SetLevel", "value": [38.38383838383838], "qualifier": {"code": "property does not exist"}}
2026-03-05 15:37:03 ERROR root remotelib error:IC142Panel:50000:{"property": "SetText", "value": ["Step 39 of 99\ndisplay6 defined:display6\ncamera0 defined:camera0\nceiling mic0 defined:ceiling mic0\nwireless mic receiver0 defined:wireless mic reciever0\ncable tv0 defined:CATV 1"], "qualifier": {"code": "property does not exist"}}
2026-03-05 15:37:03 ERROR root remotelib error:IC143Panel:50000:{"property": "SetText", "value": ["Step 39 of 99\ndisplay6 defined:display6\ncamera0 defined:camera0\nceiling mic0 defined:ceiling mic0\nwireless mic receiver0 defined:wireless mic reciever0\ncable tv0 defined:CATV 1"], "qualifier": {"code": "property does not exist"}}
2026-03-05 15:37:03 ERROR root remotelib error:IC144Panel:50000:{"property": "SetText", "value": ["Step 39 of 99\ndisplay6 defined:display6\ncamera0 defined:camera0\nceiling mic0 defined:ceiling mic0\nwireless mic receiver0 defined:wireless mic reciever0\ncable tv0 defined:CATV 1"], "qualifier": {"code": "property does not exist"}}
2026-03-05 15:37:03 ERROR root remotelib error:BreakRmPanel:50000:{"property": "SetText", "value": ["Step 39 of 99\ndisplay6 defined:display6\ncamera0 defined:camera0\nceiling mic0 defined:ceiling mic0\nwireless mic receiver0 defined:wireless mic reciever0\ncable tv0 defined:CATV 1"], "qualifier": {"code": "property does not exist"}}
2026-03-05 15:37:03 ERROR root remotelib error:HallPanel:50000:{"property": "SetText", "value": ["Step 39 of 99\ndisplay6 defined:display6\ncamera0 defined:camera0\nceiling mic0 defined:ceiling mic0\nwireless mic receiver0 defined:wireless mic reciever0\ncable tv0 defined:CATV 1"], "qualifier": {"code": "property does not exist"}}
2026-03-05 15:37:03 ERROR root remotelib error:BWDPanel:50000:{"property": "SetText", "value": ["Step 39 of 99\ndisplay6 defined:display6\ncamera0 defined:camera0\nceiling mic0 defined:ceiling mic0\nwireless mic receiver0 defined:wireless mic reciever0\ncable tv0 defined:CATV 1"], "qualifier": {"code": "property does not exist"}}
2026-03-05 15:37:03 ERROR root remotelib error:LobbyPanel:50000:{"property": "SetText", "value": ["Step 39 of 99\ndisplay6 defined:display6\ncamera0 defined:camera0\nceiling mic0 defined:ceiling mic0\nwireless mic receiver0 defined:wireless mic reciever0\ncable tv0 defined:CATV 1"], "qualifier": {"code": "property does not exist"}}
2026-03-05 15:37:03 ERROR root remotelib error:IC143Panel:50001:{"property": "SetLevel", "value": [39.39393939393939], "qualifier": {"code": "property does not exist"}}
2026-03-05 15:37:03 ERROR root remotelib error:IC142Panel:50001:{"property": "SetLevel", "value": [39.39393939393939], "qualifier": {"code": "property does not exist"}}
2026-03-05 15:37:03 ERROR root remotelib error:IC144Panel:50001:{"property": "SetLevel", "value": [39.39393939393939], "qualifier": {"code": "property does not exist"}}
2026-03-05 15:37:03 ERROR root remotelib error:BreakRmPanel:50001:{"property": "SetLevel", "value": [39.39393939393939], "qualifier": {"code": "property does not exist"}}
2026-03-05 15:37:03 ERROR root remotelib error:LobbyPanel:50001:{"property": "SetLevel", "value": [39.39393939393939], "qualifier": {"code": "property does not exist"}}
2026-03-05 15:37:03 ERROR root remotelib error:HallPanel:50001:{"property": "SetLevel", "value": [39.39393939393939], "qualifier": {"code": "property does not exist"}}
2026-03-05 15:37:03 ERROR root remotelib error:BWDPanel:50001:{"property": "SetLevel", "value": [39.39393939393939], "qualifier": {"code": "property does not exist"}}
2026-03-05 15:37:03 ERROR root remotelib error:IC142Panel:50000:{"property": "SetText", "value": ["Step 40 of 99\ncamera0 defined:camera0\nceiling mic0 defined:ceiling mic0\nwireless mic receiver0 defined:wireless mic reciever0\ncable tv0 defined:CATV 1\ncreating device:spd8"], "qualifier": {"code": "property does not exist"}}
2026-03-05 15:37:03 ERROR root remotelib error:IC143Panel:50000:{"property": "SetText", "value": ["Step 40 of 99\ncamera0 defined:camera0\nceiling mic0 defined:ceiling mic0\nwireless mic receiver0 defined:wireless mic reciever0\ncable tv0 defined:CATV 1\ncreating device:spd8"], "qualifier": {"code": "property does not exist"}}
2026-03-05 15:37:03 ERROR root remotelib error:IC144Panel:50000:{"property": "SetText", "value": ["Step 40 of 99\ncamera0 defined:camera0\nceiling mic0 defined:ceiling mic0\nwireless mic receiver0 defined:wireless mic reciever0\ncable tv0 defined:CATV 1\ncreating device:spd8"], "qualifier": {"code": "property does not exist"}}
2026-03-05 15:37:03 ERROR root remotelib error:BreakRmPanel:50000:{"property": "SetText", "value": ["Step 40 of 99\ncamera0 defined:camera0\nceiling mic0 defined:ceiling mic0\nwireless mic receiver0 defined:wireless mic reciever0\ncable tv0 defined:CATV 1\ncreating device:spd8"], "qualifier": {"code": "property does not exist"}}
2026-03-05 15:37:03 ERROR root remotelib error:HallPanel:50000:{"property": "SetText", "value": ["Step 40 of 99\ncamera0 defined:camera0\nceiling mic0 defined:ceiling mic0\nwireless mic receiver0 defined:wireless mic reciever0\ncable tv0 defined:CATV 1\ncreating device:spd8"], "qualifier": {"code": "property does not exist"}}
2026-03-05 15:37:03 ERROR root remotelib error:LobbyPanel:50000:{"property": "SetText", "value": ["Step 40 of 99\ncamera0 defined:camera0\nceiling mic0 defined:ceiling mic0\nwireless mic receiver0 defined:wireless mic reciever0\ncable tv0 defined:CATV 1\ncreating device:spd8"], "qualifier": {"code": "property does not exist"}}
2026-03-05 15:37:03 ERROR root remotelib error:BWDPanel:50000:{"property": "SetText", "value": ["Step 40 of 99\ncamera0 defined:camera0\nceiling mic0 defined:ceiling mic0\nwireless mic receiver0 defined:wireless mic reciever0\ncable tv0 defined:CATV 1\ncreating device:spd8"], "qualifier": {"code": "property does not exist"}}
2026-03-05 15:37:03 ERROR root remotelib error:IC142Panel:50001:{"property": "SetLevel", "value": [40.4040404040404], "qualifier": {"code": "property does not exist"}}
2026-03-05 15:37:03 ERROR root remotelib error:IC143Panel:50001:{"property": "SetLevel", "value": [40.4040404040404], "qualifier": {"code": "property does not exist"}}
2026-03-05 15:37:03 ERROR root remotelib error:IC144Panel:50001:{"property": "SetLevel", "value": [40.4040404040404], "qualifier": {"code": "property does not exist"}}
2026-03-05 15:37:03 ERROR root remotelib error:BreakRmPanel:50001:{"property": "SetLevel", "value": [40.4040404040404], "qualifier": {"code": "property does not exist"}}
2026-03-05 15:37:03 ERROR root remotelib error:LobbyPanel:50001:{"property": "SetLevel", "value": [40.4040404040404], "qualifier": {"code": "property does not exist"}}
2026-03-05 15:37:03 ERROR root remotelib error:HallPanel:50001:{"property": "SetLevel", "value": [40.4040404040404], "qualifier": {"code": "property does not exist"}}
2026-03-05 15:37:03 ERROR root remotelib error:BWDPanel:50001:{"property": "SetLevel", "value": [40.4040404040404], "qualifier": {"code": "property does not exist"}}
2026-03-05 15:37:07 INFO root Device 17-0 VTLP sync handling began
2026-03-05 15:37:07 INFO root Device 18-0 VTLP sync handling began
2026-03-05 15:37:07 INFO root Device 17-0 VTLP sync handling ended
2026-03-05 15:37:07 INFO root Device 18-0 VTLP sync handling ended
2026-03-05 15:37:07 INFO root Device 17-0 VTLP sync handling began
2026-03-05 15:37:07 INFO root Device 18-0 VTLP sync handling began
2026-03-05 15:37:07 INFO root Device 20-0 VTLP sync handling began
2026-03-05 15:37:07 INFO root Device 18-0 VTLP sync handling ended
2026-03-05 15:37:07 INFO root Device 17-0 VTLP sync handling ended
2026-03-05 15:37:07 INFO root Device 19-0 VTLP sync handling began
2026-03-05 15:37:07 INFO root Device 20-0 VTLP sync handling ended
2026-03-05 15:37:07 INFO root Device 18-0 VTLP sync handling began
2026-03-05 15:37:07 INFO root Device 19-0 VTLP sync handling ended
2026-03-05 15:37:07 INFO root Device 18-0 VTLP sync handling ended
2026-03-05 15:37:07 INFO root Device 17-0 VTLP sync handling began
2026-03-05 15:37:07 INFO root Device 19-0 VTLP sync handling began
2026-03-05 15:37:07 INFO root Device 18-0 VTLP sync handling began
2026-03-05 15:37:07 INFO root Device 20-0 VTLP sync handling began
2026-03-05 15:37:07 INFO root Device 19-0 VTLP sync handling ended
2026-03-05 15:37:07 INFO root Device 17-0 VTLP sync handling ended
2026-03-05 15:37:07 INFO root Device 20-0 VTLP sync handling ended
2026-03-05 15:37:07 INFO root Device 18-0 VTLP sync handling ended
2026-03-05 15:37:07 INFO root Device 19-0 VTLP sync handling began
2026-03-05 15:37:07 INFO root Device 16-0 VTLP sync handling began
2026-03-05 15:37:07 INFO root Device 21-0 VTLP sync handling began
2026-03-05 15:37:07 INFO root Device 17-0 VTLP sync handling began
2026-03-05 15:37:07 INFO root Device 18-0 VTLP sync handling began
2026-03-05 15:37:07 INFO root Device 19-0 VTLP sync handling ended
2026-03-05 15:37:07 INFO root Device 16-0 VTLP sync handling ended
2026-03-05 15:37:07 INFO root Device 17-0 VTLP sync handling ended
2026-03-05 15:37:07 INFO root Device 20-0 VTLP sync handling began
2026-03-05 15:37:07 INFO root Device 21-0 VTLP sync handling ended
2026-03-05 15:37:07 INFO root Device 21-0 VTLP sync handling began
2026-03-05 15:37:07 INFO root Device 19-0 VTLP sync handling began
2026-03-05 15:37:07 INFO root Device 18-0 VTLP sync handling ended
2026-03-05 15:37:07 INFO root Device 16-0 VTLP sync handling began
2026-03-05 15:37:07 INFO root Device 21-0 VTLP sync handling ended
2026-03-05 15:37:07 INFO root Device 20-0 VTLP sync handling ended
2026-03-05 15:37:07 INFO root Device 16-0 VTLP sync handling ended
2026-03-05 15:37:07 INFO root Device 19-0 VTLP sync handling ended
2026-03-05 15:37:07 INFO root Device 17-0 VTLP sync handling began
2026-03-05 15:37:07 INFO root Device 20-0 VTLP sync handling began
2026-03-05 15:37:07 INFO root Device 16-0 VTLP sync handling began
2026-03-05 15:37:07 INFO root Device 16-0 VTLP sync handling ended
2026-03-05 15:37:07 INFO root Device 21-0 VTLP sync handling began
2026-03-05 15:37:07 INFO root Device 19-0 VTLP sync handling began
2026-03-05 15:37:07 INFO root Device 17-0 VTLP sync handling ended
2026-03-05 15:37:07 INFO root Device 21-0 VTLP sync handling ended
2026-03-05 15:37:07 INFO root Device 16-0 VTLP sync handling began
2026-03-05 15:37:07 INFO root Device 19-0 VTLP sync handling ended
2026-03-05 15:37:07 INFO root Device 20-0 VTLP sync handling ended
2026-03-05 15:37:07 INFO root Device 17-0 VTLP sync handling began
2026-03-05 15:37:07 INFO root Device 21-0 VTLP sync handling began
2026-03-05 15:37:07 INFO root Device 16-0 VTLP sync handling ended
2026-03-05 15:37:07 INFO root Device 17-0 VTLP sync handling ended
2026-03-05 15:37:07 INFO root Device 21-0 VTLP sync handling ended
2026-03-05 15:37:07 INFO root Device 19-0 VTLP sync handling began
2026-03-05 15:37:07 INFO root Device 16-0 VTLP sync handling began
2026-03-05 15:37:07 INFO root Device 17-0 VTLP sync handling began
2026-03-05 15:37:07 INFO root Device 19-0 VTLP sync handling ended
2026-03-05 15:37:07 INFO root Device 20-0 VTLP sync handling began
2026-03-05 15:37:07 INFO root Device 21-0 VTLP sync handling began
2026-03-05 15:37:07 INFO root Device 16-0 VTLP sync handling ended
2026-03-05 15:37:07 INFO root Device 17-0 VTLP sync handling ended
2026-03-05 15:37:07 INFO root Device 19-0 VTLP sync handling began
2026-03-05 15:37:07 INFO root Device 21-0 VTLP sync handling ended
2026-03-05 15:37:07 INFO root Device 20-0 VTLP sync handling ended
2026-03-05 15:37:07 INFO root Device 17-0 VTLP sync handling began
2026-03-05 15:37:07 INFO root Device 19-0 VTLP sync handling ended
2026-03-05 15:37:07 INFO root Device 21-0 VTLP sync handling began
2026-03-05 15:37:07 INFO root Device 20-0 VTLP sync handling began
2026-03-05 15:37:07 INFO root Device 19-0 VTLP sync handling began
2026-03-05 15:37:07 INFO root Device 17-0 VTLP sync handling ended
2026-03-05 15:37:07 INFO root Device 21-0 VTLP sync handling ended
2026-03-05 15:37:07 INFO root Device 20-0 VTLP sync handling ended
2026-03-05 15:37:07 INFO root Device 19-0 VTLP sync handling ended
2026-03-05 15:37:07 INFO root Device 20-0 VTLP sync handling began
2026-03-05 15:37:07 INFO root Device 20-0 VTLP sync handling ended
2026-03-05 15:37:12 INFO root Device 22-0 VTLP sync handling began
2026-03-05 15:37:12 INFO root Device 22-0 VTLP sync handling ended
2026-03-05 15:37:12 INFO root Device 22-0 VTLP sync handling began
2026-03-05 15:37:12 INFO root Device 22-0 VTLP sync handling ended
2026-03-05 15:37:13 ERROR root Device 10-0 (None)  Unavailable Port: IRS1 , connections status Offline
2026-03-05 15:37:13 ERROR root remotelib error:IC142Panel:50000:{"property": "SetText", "value": ["Step 41 of 99\nceiling mic0 defined:ceiling mic0\nwireless mic receiver0 defined:wireless mic reciever0\ncable tv0 defined:CATV 1\ncreating device:spd8\ncable tv1 defined:CATV 2"], "qualifier": {"code": "property does not exist"}}
2026-03-05 15:37:13 ERROR root remotelib error:IC143Panel:50000:{"property": "SetText", "value": ["Step 41 of 99\nceiling mic0 defined:ceiling mic0\nwireless mic receiver0 defined:wireless mic reciever0\ncable tv0 defined:CATV 1\ncreating device:spd8\ncable tv1 defined:CATV 2"], "qualifier": {"code": "property does not exist"}}
2026-03-05 15:37:13 ERROR root remotelib error:IC144Panel:50000:{"property": "SetText", "value": ["Step 41 of 99\nceiling mic0 defined:ceiling mic0\nwireless mic receiver0 defined:wireless mic reciever0\ncable tv0 defined:CATV 1\ncreating device:spd8\ncable tv1 defined:CATV 2"], "qualifier": {"code": "property does not exist"}}
2026-03-05 15:37:13 ERROR root remotelib error:BreakRmPanel:50000:{"property": "SetText", "value": ["Step 41 of 99\nceiling mic0 defined:ceiling mic0\nwireless mic receiver0 defined:wireless mic reciever0\ncable tv0 defined:CATV 1\ncreating device:spd8\ncable tv1 defined:CATV 2"], "qualifier": {"code": "property does not exist"}}
2026-03-05 15:37:13 ERROR root remotelib error:LobbyPanel:50000:{"property": "SetText", "value": ["Step 41 of 99\nceiling mic0 defined:ceiling mic0\nwireless mic receiver0 defined:wireless mic reciever0\ncable tv0 defined:CATV 1\ncreating device:spd8\ncable tv1 defined:CATV 2"], "qualifier": {"code": "property does not exist"}}
2026-03-05 15:37:13 ERROR root remotelib error:BWDPanel:50000:{"property": "SetText", "value": ["Step 41 of 99\nceiling mic0 defined:ceiling mic0\nwireless mic receiver0 defined:wireless mic reciever0\ncable tv0 defined:CATV 1\ncreating device:spd8\ncable tv1 defined:CATV 2"], "qualifier": {"code": "property does not exist"}}
2026-03-05 15:37:13 ERROR root remotelib error:HallPanel:50000:{"property": "SetText", "value": ["Step 41 of 99\nceiling mic0 defined:ceiling mic0\nwireless mic receiver0 defined:wireless mic reciever0\ncable tv0 defined:CATV 1\ncreating device:spd8\ncable tv1 defined:CATV 2"], "qualifier": {"code": "property does not exist"}}
2026-03-05 15:37:13 ERROR root remotelib error:IC142Panel:50001:{"property": "SetLevel", "value": [41.41414141414141], "qualifier": {"code": "property does not exist"}}
2026-03-05 15:37:13 ERROR root remotelib error:IC143Panel:50001:{"property": "SetLevel", "value": [41.41414141414141], "qualifier": {"code": "property does not exist"}}
2026-03-05 15:37:13 ERROR root remotelib error:IC144Panel:50001:{"property": "SetLevel", "value": [41.41414141414141], "qualifier": {"code": "property does not exist"}}
2026-03-05 15:37:13 ERROR root remotelib error:BreakRmPanel:50001:{"property": "SetLevel", "value": [41.41414141414141], "qualifier": {"code": "property does not exist"}}
2026-03-05 15:37:13 ERROR root remotelib error:LobbyPanel:50001:{"property": "SetLevel", "value": [41.41414141414141], "qualifier": {"code": "property does not exist"}}
2026-03-05 15:37:13 ERROR root remotelib error:HallPanel:50001:{"property": "SetLevel", "value": [41.41414141414141], "qualifier": {"code": "property does not exist"}}
2026-03-05 15:37:13 ERROR root remotelib error:BWDPanel:50001:{"property": "SetLevel", "value": [41.41414141414141], "qualifier": {"code": "property does not exist"}}
2026-03-05 15:37:13 ERROR root remotelib error:IC142Panel:50000:{"property": "SetText", "value": ["Step 42 of 99\nwireless mic receiver0 defined:wireless mic reciever0\ncable tv0 defined:CATV 1\ncreating device:spd8\ncable tv1 defined:CATV 2\ncreating device:spd9"], "qualifier": {"code": "property does not exist"}}
2026-03-05 15:37:13 ERROR root remotelib error:IC143Panel:50000:{"property": "SetText", "value": ["Step 42 of 99\nwireless mic receiver0 defined:wireless mic reciever0\ncable tv0 defined:CATV 1\ncreating device:spd8\ncable tv1 defined:CATV 2\ncreating device:spd9"], "qualifier": {"code": "property does not exist"}}
2026-03-05 15:37:13 ERROR root remotelib error:IC144Panel:50000:{"property": "SetText", "value": ["Step 42 of 99\nwireless mic receiver0 defined:wireless mic reciever0\ncable tv0 defined:CATV 1\ncreating device:spd8\ncable tv1 defined:CATV 2\ncreating device:spd9"], "qualifier": {"code": "property does not exist"}}
2026-03-05 15:37:13 ERROR root remotelib error:BreakRmPanel:50000:{"property": "SetText", "value": ["Step 42 of 99\nwireless mic receiver0 defined:wireless mic reciever0\ncable tv0 defined:CATV 1\ncreating device:spd8\ncable tv1 defined:CATV 2\ncreating device:spd9"], "qualifier": {"code": "property does not exist"}}
2026-03-05 15:37:13 ERROR root remotelib error:LobbyPanel:50000:{"property": "SetText", "value": ["Step 42 of 99\nwireless mic receiver0 defined:wireless mic reciever0\ncable tv0 defined:CATV 1\ncreating device:spd8\ncable tv1 defined:CATV 2\ncreating device:spd9"], "qualifier": {"code": "property does not exist"}}
2026-03-05 15:37:13 ERROR root remotelib error:HallPanel:50000:{"property": "SetText", "value": ["Step 42 of 99\nwireless mic receiver0 defined:wireless mic reciever0\ncable tv0 defined:CATV 1\ncreating device:spd8\ncable tv1 defined:CATV 2\ncreating device:spd9"], "qualifier": {"code": "property does not exist"}}
2026-03-05 15:37:13 ERROR root remotelib error:BWDPanel:50000:{"property": "SetText", "value": ["Step 42 of 99\nwireless mic receiver0 defined:wireless mic reciever0\ncable tv0 defined:CATV 1\ncreating device:spd8\ncable tv1 defined:CATV 2\ncreating device:spd9"], "qualifier": {"code": "property does not exist"}}
2026-03-05 15:37:13 ERROR root remotelib error:IC142Panel:50001:{"property": "SetLevel", "value": [42.42424242424242], "qualifier": {"code": "property does not exist"}}
2026-03-05 15:37:13 ERROR root remotelib error:IC144Panel:50001:{"property": "SetLevel", "value": [42.42424242424242], "qualifier": {"code": "property does not exist"}}
2026-03-05 15:37:13 ERROR root remotelib error:IC143Panel:50001:{"property": "SetLevel", "value": [42.42424242424242], "qualifier": {"code": "property does not exist"}}
2026-03-05 15:37:13 ERROR root remotelib error:BreakRmPanel:50001:{"property": "SetLevel", "value": [42.42424242424242], "qualifier": {"code": "property does not exist"}}
2026-03-05 15:37:13 ERROR root remotelib error:HallPanel:50001:{"property": "SetLevel", "value": [42.42424242424242], "qualifier": {"code": "property does not exist"}}
2026-03-05 15:37:13 ERROR root remotelib error:LobbyPanel:50001:{"property": "SetLevel", "value": [42.42424242424242], "qualifier": {"code": "property does not exist"}}
2026-03-05 15:37:13 ERROR root remotelib error:BWDPanel:50001:{"property": "SetLevel", "value": [42.42424242424242], "qualifier": {"code": "property does not exist"}}
2026-03-05 15:37:16 ERROR root Debug Server restarted:Listening
2026-03-05 15:37:22 ERROR root Device 11-0 (None)  Unavailable Port: IRS1 , connections status Offline
2026-03-05 15:37:22 ERROR root remotelib error:IC142Panel:50000:{"property": "SetText", "value": ["Step 43 of 99\ncable tv0 defined:CATV 1\ncreating device:spd8\ncable tv1 defined:CATV 2\ncreating device:spd9\ncable tv2 defined:CATV 3"], "qualifier": {"code": "property does not exist"}}
2026-03-05 15:37:22 ERROR root remotelib error:IC143Panel:50000:{"property": "SetText", "value": ["Step 43 of 99\ncable tv0 defined:CATV 1\ncreating device:spd8\ncable tv1 defined:CATV 2\ncreating device:spd9\ncable tv2 defined:CATV 3"], "qualifier": {"code": "property does not exist"}}
2026-03-05 15:37:22 ERROR root remotelib error:IC144Panel:50000:{"property": "SetText", "value": ["Step 43 of 99\ncable tv0 defined:CATV 1\ncreating device:spd8\ncable tv1 defined:CATV 2\ncreating device:spd9\ncable tv2 defined:CATV 3"], "qualifier": {"code": "property does not exist"}}
2026-03-05 15:37:22 ERROR root remotelib error:BreakRmPanel:50000:{"property": "SetText", "value": ["Step 43 of 99\ncable tv0 defined:CATV 1\ncreating device:spd8\ncable tv1 defined:CATV 2\ncreating device:spd9\ncable tv2 defined:CATV 3"], "qualifier": {"code": "property does not exist"}}
2026-03-05 15:37:22 ERROR root remotelib error:HallPanel:50000:{"property": "SetText", "value": ["Step 43 of 99\ncable tv0 defined:CATV 1\ncreating device:spd8\ncable tv1 defined:CATV 2\ncreating device:spd9\ncable tv2 defined:CATV 3"], "qualifier": {"code": "property does not exist"}}
2026-03-05 15:37:22 ERROR root remotelib error:LobbyPanel:50000:{"property": "SetText", "value": ["Step 43 of 99\ncable tv0 defined:CATV 1\ncreating device:spd8\ncable tv1 defined:CATV 2\ncreating device:spd9\ncable tv2 defined:CATV 3"], "qualifier": {"code": "property does not exist"}}
2026-03-05 15:37:22 ERROR root remotelib error:IC142Panel:50001:{"property": "SetLevel", "value": [43.43434343434343], "qualifier": {"code": "property does not exist"}}
2026-03-05 15:37:22 ERROR root remotelib error:BWDPanel:50000:{"property": "SetText", "value": ["Step 43 of 99\ncable tv0 defined:CATV 1\ncreating device:spd8\ncable tv1 defined:CATV 2\ncreating device:spd9\ncable tv2 defined:CATV 3"], "qualifier": {"code": "property does not exist"}}
2026-03-05 15:37:22 ERROR root remotelib error:IC143Panel:50001:{"property": "SetLevel", "value": [43.43434343434343], "qualifier": {"code": "property does not exist"}}
2026-03-05 15:37:22 ERROR root remotelib error:IC144Panel:50001:{"property": "SetLevel", "value": [43.43434343434343], "qualifier": {"code": "property does not exist"}}
2026-03-05 15:37:22 ERROR root remotelib error:BreakRmPanel:50001:{"property": "SetLevel", "value": [43.43434343434343], "qualifier": {"code": "property does not exist"}}
2026-03-05 15:37:22 ERROR root remotelib error:LobbyPanel:50001:{"property": "SetLevel", "value": [43.43434343434343], "qualifier": {"code": "property does not exist"}}
2026-03-05 15:37:22 ERROR root remotelib error:HallPanel:50001:{"property": "SetLevel", "value": [43.43434343434343], "qualifier": {"code": "property does not exist"}}
2026-03-05 15:37:22 ERROR root remotelib error:BWDPanel:50001:{"property": "SetLevel", "value": [43.43434343434343], "qualifier": {"code": "property does not exist"}}
2026-03-05 15:37:22 ERROR root remotelib error:IC142Panel:50000:{"property": "SetText", "value": ["Step 44 of 99\ncreating device:spd8\ncable tv1 defined:CATV 2\ncreating device:spd9\ncable tv2 defined:CATV 3\ncreating device:spd10"], "qualifier": {"code": "property does not exist"}}
2026-03-05 15:37:22 ERROR root remotelib error:IC143Panel:50000:{"property": "SetText", "value": ["Step 44 of 99\ncreating device:spd8\ncable tv1 defined:CATV 2\ncreating device:spd9\ncable tv2 defined:CATV 3\ncreating device:spd10"], "qualifier": {"code": "property does not exist"}}
2026-03-05 15:37:22 ERROR root remotelib error:IC144Panel:50000:{"property": "SetText", "value": ["Step 44 of 99\ncreating device:spd8\ncable tv1 defined:CATV 2\ncreating device:spd9\ncable tv2 defined:CATV 3\ncreating device:spd10"], "qualifier": {"code": "property does not exist"}}
2026-03-05 15:37:22 ERROR root remotelib error:BreakRmPanel:50000:{"property": "SetText", "value": ["Step 44 of 99\ncreating device:spd8\ncable tv1 defined:CATV 2\ncreating device:spd9\ncable tv2 defined:CATV 3\ncreating device:spd10"], "qualifier": {"code": "property does not exist"}}
2026-03-05 15:37:22 ERROR root remotelib error:HallPanel:50000:{"property": "SetText", "value": ["Step 44 of 99\ncreating device:spd8\ncable tv1 defined:CATV 2\ncreating device:spd9\ncable tv2 defined:CATV 3\ncreating device:spd10"], "qualifier": {"code": "property does not exist"}}
2026-03-05 15:37:22 ERROR root remotelib error:BWDPanel:50000:{"property": "SetText", "value": ["Step 44 of 99\ncreating device:spd8\ncable tv1 defined:CATV 2\ncreating device:spd9\ncable tv2 defined:CATV 3\ncreating device:spd10"], "qualifier": {"code": "property does not exist"}}
2026-03-05 15:37:22 ERROR root remotelib error:LobbyPanel:50000:{"property": "SetText", "value": ["Step 44 of 99\ncreating device:spd8\ncable tv1 defined:CATV 2\ncreating device:spd9\ncable tv2 defined:CATV 3\ncreating device:spd10"], "qualifier": {"code": "property does not exist"}}
2026-03-05 15:37:22 ERROR root remotelib error:IC142Panel:50001:{"property": "SetLevel", "value": [44.44444444444444], "qualifier": {"code": "property does not exist"}}
2026-03-05 15:37:22 ERROR root remotelib error:IC143Panel:50001:{"property": "SetLevel", "value": [44.44444444444444], "qualifier": {"code": "property does not exist"}}
2026-03-05 15:37:22 ERROR root remotelib error:IC144Panel:50001:{"property": "SetLevel", "value": [44.44444444444444], "qualifier": {"code": "property does not exist"}}
2026-03-05 15:37:22 ERROR root remotelib error:BreakRmPanel:50001:{"property": "SetLevel", "value": [44.44444444444444], "qualifier": {"code": "property does not exist"}}
2026-03-05 15:37:22 ERROR root remotelib error:LobbyPanel:50001:{"property": "SetLevel", "value": [44.44444444444444], "qualifier": {"code": "property does not exist"}}
2026-03-05 15:37:22 ERROR root remotelib error:HallPanel:50001:{"property": "SetLevel", "value": [44.44444444444444], "qualifier": {"code": "property does not exist"}}
2026-03-05 15:37:22 ERROR root remotelib error:BWDPanel:50001:{"property": "SetLevel", "value": [44.44444444444444], "qualifier": {"code": "property does not exist"}}
2026-03-05 15:37:27 INFO root Device 22-0 VTLP sync handling began
2026-03-05 15:37:27 INFO root Device 22-0 VTLP sync handling ended
2026-03-05 15:37:27 INFO root Device 22-0 VTLP sync handling began
2026-03-05 15:37:27 INFO root Device 22-0 VTLP sync handling ended
2026-03-05 15:37:31 ERROR root Device 12-0 (None)  Unavailable Port: IRS1 , connections status Offline
2026-03-05 15:37:32 ERROR root remotelib error:IC143Panel:50000:{"property": "SetText", "value": ["Step 45 of 99\ncable tv1 defined:CATV 2\ncreating device:spd9\ncable tv2 defined:CATV 3\ncreating device:spd10\ncable tv3 defined:CATV 4"], "qualifier": {"code": "property does not exist"}}
2026-03-05 15:37:32 ERROR root remotelib error:IC142Panel:50000:{"property": "SetText", "value": ["Step 45 of 99\ncable tv1 defined:CATV 2\ncreating device:spd9\ncable tv2 defined:CATV 3\ncreating device:spd10\ncable tv3 defined:CATV 4"], "qualifier": {"code": "property does not exist"}}
2026-03-05 15:37:32 ERROR root remotelib error:IC144Panel:50000:{"property": "SetText", "value": ["Step 45 of 99\ncable tv1 defined:CATV 2\ncreating device:spd9\ncable tv2 defined:CATV 3\ncreating device:spd10\ncable tv3 defined:CATV 4"], "qualifier": {"code": "property does not exist"}}
2026-03-05 15:37:32 ERROR root remotelib error:BreakRmPanel:50000:{"property": "SetText", "value": ["Step 45 of 99\ncable tv1 defined:CATV 2\ncreating device:spd9\ncable tv2 defined:CATV 3\ncreating device:spd10\ncable tv3 defined:CATV 4"], "qualifier": {"code": "property does not exist"}}
2026-03-05 15:37:32 ERROR root remotelib error:LobbyPanel:50000:{"property": "SetText", "value": ["Step 45 of 99\ncable tv1 defined:CATV 2\ncreating device:spd9\ncable tv2 defined:CATV 3\ncreating device:spd10\ncable tv3 defined:CATV 4"], "qualifier": {"code": "property does not exist"}}
2026-03-05 15:37:32 ERROR root remotelib error:HallPanel:50000:{"property": "SetText", "value": ["Step 45 of 99\ncable tv1 defined:CATV 2\ncreating device:spd9\ncable tv2 defined:CATV 3\ncreating device:spd10\ncable tv3 defined:CATV 4"], "qualifier": {"code": "property does not exist"}}
2026-03-05 15:37:32 ERROR root remotelib error:BWDPanel:50000:{"property": "SetText", "value": ["Step 45 of 99\ncable tv1 defined:CATV 2\ncreating device:spd9\ncable tv2 defined:CATV 3\ncreating device:spd10\ncable tv3 defined:CATV 4"], "qualifier": {"code": "property does not exist"}}
2026-03-05 15:37:32 ERROR root remotelib error:IC143Panel:50001:{"property": "SetLevel", "value": [45.45454545454545], "qualifier": {"code": "property does not exist"}}
2026-03-05 15:37:32 ERROR root remotelib error:IC142Panel:50001:{"property": "SetLevel", "value": [45.45454545454545], "qualifier": {"code": "property does not exist"}}
2026-03-05 15:37:32 ERROR root remotelib error:IC144Panel:50001:{"property": "SetLevel", "value": [45.45454545454545], "qualifier": {"code": "property does not exist"}}
2026-03-05 15:37:32 ERROR root remotelib error:BreakRmPanel:50001:{"property": "SetLevel", "value": [45.45454545454545], "qualifier": {"code": "property does not exist"}}
2026-03-05 15:37:32 ERROR root remotelib error:LobbyPanel:50001:{"property": "SetLevel", "value": [45.45454545454545], "qualifier": {"code": "property does not exist"}}
2026-03-05 15:37:32 ERROR root remotelib error:HallPanel:50001:{"property": "SetLevel", "value": [45.45454545454545], "qualifier": {"code": "property does not exist"}}
2026-03-05 15:37:32 ERROR root remotelib error:BWDPanel:50001:{"property": "SetLevel", "value": [45.45454545454545], "qualifier": {"code": "property does not exist"}}
2026-03-05 15:37:32 ERROR root remotelib error:IC142Panel:50000:{"property": "SetText", "value": ["Step 46 of 99\ncreating device:spd9\ncable tv2 defined:CATV 3\ncreating device:spd10\ncable tv3 defined:CATV 4\ncreating device:spd11"], "qualifier": {"code": "property does not exist"}}
2026-03-05 15:37:32 ERROR root remotelib error:IC143Panel:50000:{"property": "SetText", "value": ["Step 46 of 99\ncreating device:spd9\ncable tv2 defined:CATV 3\ncreating device:spd10\ncable tv3 defined:CATV 4\ncreating device:spd11"], "qualifier": {"code": "property does not exist"}}
2026-03-05 15:37:32 ERROR root remotelib error:BreakRmPanel:50000:{"property": "SetText", "value": ["Step 46 of 99\ncreating device:spd9\ncable tv2 defined:CATV 3\ncreating device:spd10\ncable tv3 defined:CATV 4\ncreating device:spd11"], "qualifier": {"code": "property does not exist"}}
2026-03-05 15:37:32 ERROR root remotelib error:IC144Panel:50000:{"property": "SetText", "value": ["Step 46 of 99\ncreating device:spd9\ncable tv2 defined:CATV 3\ncreating device:spd10\ncable tv3 defined:CATV 4\ncreating device:spd11"], "qualifier": {"code": "property does not exist"}}
2026-03-05 15:37:32 ERROR root remotelib error:LobbyPanel:50000:{"property": "SetText", "value": ["Step 46 of 99\ncreating device:spd9\ncable tv2 defined:CATV 3\ncreating device:spd10\ncable tv3 defined:CATV 4\ncreating device:spd11"], "qualifier": {"code": "property does not exist"}}
2026-03-05 15:37:32 ERROR root remotelib error:HallPanel:50000:{"property": "SetText", "value": ["Step 46 of 99\ncreating device:spd9\ncable tv2 defined:CATV 3\ncreating device:spd10\ncable tv3 defined:CATV 4\ncreating device:spd11"], "qualifier": {"code": "property does not exist"}}
2026-03-05 15:37:32 ERROR root remotelib error:BWDPanel:50000:{"property": "SetText", "value": ["Step 46 of 99\ncreating device:spd9\ncable tv2 defined:CATV 3\ncreating device:spd10\ncable tv3 defined:CATV 4\ncreating device:spd11"], "qualifier": {"code": "property does not exist"}}
2026-03-05 15:37:32 ERROR root remotelib error:IC142Panel:50001:{"property": "SetLevel", "value": [46.464646464646464], "qualifier": {"code": "property does not exist"}}
2026-03-05 15:37:32 ERROR root remotelib error:IC143Panel:50001:{"property": "SetLevel", "value": [46.464646464646464], "qualifier": {"code": "property does not exist"}}
2026-03-05 15:37:32 ERROR root remotelib error:IC144Panel:50001:{"property": "SetLevel", "value": [46.464646464646464], "qualifier": {"code": "property does not exist"}}
2026-03-05 15:37:32 ERROR root remotelib error:BreakRmPanel:50001:{"property": "SetLevel", "value": [46.464646464646464], "qualifier": {"code": "property does not exist"}}
2026-03-05 15:37:32 ERROR root remotelib error:LobbyPanel:50001:{"property": "SetLevel", "value": [46.464646464646464], "qualifier": {"code": "property does not exist"}}
2026-03-05 15:37:32 ERROR root remotelib error:HallPanel:50001:{"property": "SetLevel", "value": [46.464646464646464], "qualifier": {"code": "property does not exist"}}
2026-03-05 15:37:32 ERROR root remotelib error:BWDPanel:50001:{"property": "SetLevel", "value": [46.464646464646464], "qualifier": {"code": "property does not exist"}}
2026-03-05 15:37:41 ERROR root Device 13-0 (None)  Unavailable Port: IRS1 , connections status Offline
2026-03-05 15:37:41 ERROR root remotelib error:IC142Panel:50000:{"property": "SetText", "value": ["Step 47 of 99\ncable tv2 defined:CATV 3\ncreating device:spd10\ncable tv3 defined:CATV 4\ncreating device:spd11\ncable tv4 defined:CATV 5"], "qualifier": {"code": "property does not exist"}}
2026-03-05 15:37:41 ERROR root remotelib error:IC143Panel:50000:{"property": "SetText", "value": ["Step 47 of 99\ncable tv2 defined:CATV 3\ncreating device:spd10\ncable tv3 defined:CATV 4\ncreating device:spd11\ncable tv4 defined:CATV 5"], "qualifier": {"code": "property does not exist"}}
2026-03-05 15:37:41 ERROR root remotelib error:IC144Panel:50000:{"property": "SetText", "value": ["Step 47 of 99\ncable tv2 defined:CATV 3\ncreating device:spd10\ncable tv3 defined:CATV 4\ncreating device:spd11\ncable tv4 defined:CATV 5"], "qualifier": {"code": "property does not exist"}}
2026-03-05 15:37:41 ERROR root remotelib error:BreakRmPanel:50000:{"property": "SetText", "value": ["Step 47 of 99\ncable tv2 defined:CATV 3\ncreating device:spd10\ncable tv3 defined:CATV 4\ncreating device:spd11\ncable tv4 defined:CATV 5"], "qualifier": {"code": "property does not exist"}}
2026-03-05 15:37:41 ERROR root remotelib error:LobbyPanel:50000:{"property": "SetText", "value": ["Step 47 of 99\ncable tv2 defined:CATV 3\ncreating device:spd10\ncable tv3 defined:CATV 4\ncreating device:spd11\ncable tv4 defined:CATV 5"], "qualifier": {"code": "property does not exist"}}
2026-03-05 15:37:41 ERROR root remotelib error:HallPanel:50000:{"property": "SetText", "value": ["Step 47 of 99\ncable tv2 defined:CATV 3\ncreating device:spd10\ncable tv3 defined:CATV 4\ncreating device:spd11\ncable tv4 defined:CATV 5"], "qualifier": {"code": "property does not exist"}}
2026-03-05 15:37:41 ERROR root remotelib error:BWDPanel:50000:{"property": "SetText", "value": ["Step 47 of 99\ncable tv2 defined:CATV 3\ncreating device:spd10\ncable tv3 defined:CATV 4\ncreating device:spd11\ncable tv4 defined:CATV 5"], "qualifier": {"code": "property does not exist"}}
2026-03-05 15:37:41 ERROR root remotelib error:IC142Panel:50001:{"property": "SetLevel", "value": [47.474747474747474], "qualifier": {"code": "property does not exist"}}
2026-03-05 15:37:41 ERROR root remotelib error:IC143Panel:50001:{"property": "SetLevel", "value": [47.474747474747474], "qualifier": {"code": "property does not exist"}}
2026-03-05 15:37:41 ERROR root remotelib error:IC144Panel:50001:{"property": "SetLevel", "value": [47.474747474747474], "qualifier": {"code": "property does not exist"}}
2026-03-05 15:37:41 ERROR root remotelib error:BreakRmPanel:50001:{"property": "SetLevel", "value": [47.474747474747474], "qualifier": {"code": "property does not exist"}}
2026-03-05 15:37:41 ERROR root remotelib error:LobbyPanel:50001:{"property": "SetLevel", "value": [47.474747474747474], "qualifier": {"code": "property does not exist"}}
2026-03-05 15:37:41 ERROR root remotelib error:HallPanel:50001:{"property": "SetLevel", "value": [47.474747474747474], "qualifier": {"code": "property does not exist"}}
2026-03-05 15:37:41 ERROR root remotelib error:BWDPanel:50001:{"property": "SetLevel", "value": [47.474747474747474], "qualifier": {"code": "property does not exist"}}
2026-03-05 15:37:41 ERROR root remotelib error:IC142Panel:50000:{"property": "SetText", "value": ["Step 48 of 99\ncreating device:spd10\ncable tv3 defined:CATV 4\ncreating device:spd11\ncable tv4 defined:CATV 5\ncreating device:spd12"], "qualifier": {"code": "property does not exist"}}
2026-03-05 15:37:41 ERROR root remotelib error:IC144Panel:50000:{"property": "SetText", "value": ["Step 48 of 99\ncreating device:spd10\ncable tv3 defined:CATV 4\ncreating device:spd11\ncable tv4 defined:CATV 5\ncreating device:spd12"], "qualifier": {"code": "property does not exist"}}
2026-03-05 15:37:41 ERROR root remotelib error:IC143Panel:50000:{"property": "SetText", "value": ["Step 48 of 99\ncreating device:spd10\ncable tv3 defined:CATV 4\ncreating device:spd11\ncable tv4 defined:CATV 5\ncreating device:spd12"], "qualifier": {"code": "property does not exist"}}
2026-03-05 15:37:41 ERROR root remotelib error:LobbyPanel:50000:{"property": "SetText", "value": ["Step 48 of 99\ncreating device:spd10\ncable tv3 defined:CATV 4\ncreating device:spd11\ncable tv4 defined:CATV 5\ncreating device:spd12"], "qualifier": {"code": "property does not exist"}}
2026-03-05 15:37:41 ERROR root remotelib error:BreakRmPanel:50000:{"property": "SetText", "value": ["Step 48 of 99\ncreating device:spd10\ncable tv3 defined:CATV 4\ncreating device:spd11\ncable tv4 defined:CATV 5\ncreating device:spd12"], "qualifier": {"code": "property does not exist"}}
2026-03-05 15:37:41 ERROR root remotelib error:HallPanel:50000:{"property": "SetText", "value": ["Step 48 of 99\ncreating device:spd10\ncable tv3 defined:CATV 4\ncreating device:spd11\ncable tv4 defined:CATV 5\ncreating device:spd12"], "qualifier": {"code": "property does not exist"}}
2026-03-05 15:37:41 ERROR root remotelib error:BWDPanel:50000:{"property": "SetText", "value": ["Step 48 of 99\ncreating device:spd10\ncable tv3 defined:CATV 4\ncreating device:spd11\ncable tv4 defined:CATV 5\ncreating device:spd12"], "qualifier": {"code": "property does not exist"}}
2026-03-05 15:37:41 ERROR root remotelib error:IC142Panel:50001:{"property": "SetLevel", "value": [48.484848484848484], "qualifier": {"code": "property does not exist"}}
2026-03-05 15:37:41 ERROR root remotelib error:IC143Panel:50001:{"property": "SetLevel", "value": [48.484848484848484], "qualifier": {"code": "property does not exist"}}
2026-03-05 15:37:41 ERROR root remotelib error:BreakRmPanel:50001:{"property": "SetLevel", "value": [48.484848484848484], "qualifier": {"code": "property does not exist"}}
2026-03-05 15:37:41 ERROR root remotelib error:IC144Panel:50001:{"property": "SetLevel", "value": [48.484848484848484], "qualifier": {"code": "property does not exist"}}
2026-03-05 15:37:41 ERROR root remotelib error:LobbyPanel:50001:{"property": "SetLevel", "value": [48.484848484848484], "qualifier": {"code": "property does not exist"}}
2026-03-05 15:37:41 ERROR root remotelib error:HallPanel:50001:{"property": "SetLevel", "value": [48.484848484848484], "qualifier": {"code": "property does not exist"}}
2026-03-05 15:37:41 ERROR root remotelib error:BWDPanel:50001:{"property": "SetLevel", "value": [48.484848484848484], "qualifier": {"code": "property does not exist"}}
2026-03-05 15:37:42 INFO root Device 22-0 VTLP sync handling began
2026-03-05 15:37:42 INFO root Device 22-0 VTLP sync handling ended
2026-03-05 15:37:42 INFO root Device 22-0 VTLP sync handling began
2026-03-05 15:37:42 INFO root Device 22-0 VTLP sync handling ended
2026-03-05 15:37:46 ERROR root Debug Server restarted:Listening
2026-03-05 15:37:50 ERROR root Device 14-0 (None)  Unavailable Port: IRS1 , connections status Offline
2026-03-05 15:37:52 ERROR root remotelib error:IC142Panel:50000:{"property": "SetText", "value": ["Step 49 of 99\ncable tv3 defined:CATV 4\ncreating device:spd11\ncable tv4 defined:CATV 5\ncreating device:spd12\ncable tv5 defined:CATV 6"], "qualifier": {"code": "property does not exist"}}
2026-03-05 15:37:52 ERROR root remotelib error:BreakRmPanel:50000:{"property": "SetText", "value": ["Step 49 of 99\ncable tv3 defined:CATV 4\ncreating device:spd11\ncable tv4 defined:CATV 5\ncreating device:spd12\ncable tv5 defined:CATV 6"], "qualifier": {"code": "property does not exist"}}
2026-03-05 15:37:52 ERROR root remotelib error:IC143Panel:50000:{"property": "SetText", "value": ["Step 49 of 99\ncable tv3 defined:CATV 4\ncreating device:spd11\ncable tv4 defined:CATV 5\ncreating device:spd12\ncable tv5 defined:CATV 6"], "qualifier": {"code": "property does not exist"}}
2026-03-05 15:37:52 ERROR root remotelib error:IC144Panel:50000:{"property": "SetText", "value": ["Step 49 of 99\ncable tv3 defined:CATV 4\ncreating device:spd11\ncable tv4 defined:CATV 5\ncreating device:spd12\ncable tv5 defined:CATV 6"], "qualifier": {"code": "property does not exist"}}
2026-03-05 15:37:52 ERROR root remotelib error:LobbyPanel:50000:{"property": "SetText", "value": ["Step 49 of 99\ncable tv3 defined:CATV 4\ncreating device:spd11\ncable tv4 defined:CATV 5\ncreating device:spd12\ncable tv5 defined:CATV 6"], "qualifier": {"code": "property does not exist"}}
2026-03-05 15:37:52 ERROR root remotelib error:BWDPanel:50000:{"property": "SetText", "value": ["Step 49 of 99\ncable tv3 defined:CATV 4\ncreating device:spd11\ncable tv4 defined:CATV 5\ncreating device:spd12\ncable tv5 defined:CATV 6"], "qualifier": {"code": "property does not exist"}}
2026-03-05 15:37:52 ERROR root remotelib error:HallPanel:50000:{"property": "SetText", "value": ["Step 49 of 99\ncable tv3 defined:CATV 4\ncreating device:spd11\ncable tv4 defined:CATV 5\ncreating device:spd12\ncable tv5 defined:CATV 6"], "qualifier": {"code": "property does not exist"}}
2026-03-05 15:37:52 ERROR root remotelib error:IC142Panel:50001:{"property": "SetLevel", "value": [49.494949494949495], "qualifier": {"code": "property does not exist"}}
2026-03-05 15:37:52 ERROR root remotelib error:IC143Panel:50001:{"property": "SetLevel", "value": [49.494949494949495], "qualifier": {"code": "property does not exist"}}
2026-03-05 15:37:52 ERROR root remotelib error:IC144Panel:50001:{"property": "SetLevel", "value": [49.494949494949495], "qualifier": {"code": "property does not exist"}}
2026-03-05 15:37:52 ERROR root remotelib error:LobbyPanel:50001:{"property": "SetLevel", "value": [49.494949494949495], "qualifier": {"code": "property does not exist"}}
2026-03-05 15:37:52 ERROR root remotelib error:BreakRmPanel:50001:{"property": "SetLevel", "value": [49.494949494949495], "qualifier": {"code": "property does not exist"}}
2026-03-05 15:37:52 ERROR root remotelib error:HallPanel:50001:{"property": "SetLevel", "value": [49.494949494949495], "qualifier": {"code": "property does not exist"}}
2026-03-05 15:37:52 ERROR root remotelib error:BWDPanel:50001:{"property": "SetLevel", "value": [49.494949494949495], "qualifier": {"code": "property does not exist"}}
2026-03-05 15:37:52 ERROR root remotelib error:IC142Panel:50000:{"property": "SetText", "value": ["Step 50 of 99\ncreating device:spd11\ncable tv4 defined:CATV 5\ncreating device:spd12\ncable tv5 defined:CATV 6\ncreating device:spd13"], "qualifier": {"code": "property does not exist"}}
2026-03-05 15:37:52 ERROR root remotelib error:IC143Panel:50000:{"property": "SetText", "value": ["Step 50 of 99\ncreating device:spd11\ncable tv4 defined:CATV 5\ncreating device:spd12\ncable tv5 defined:CATV 6\ncreating device:spd13"], "qualifier": {"code": "property does not exist"}}
2026-03-05 15:37:52 ERROR root remotelib error:IC144Panel:50000:{"property": "SetText", "value": ["Step 50 of 99\ncreating device:spd11\ncable tv4 defined:CATV 5\ncreating device:spd12\ncable tv5 defined:CATV 6\ncreating device:spd13"], "qualifier": {"code": "property does not exist"}}
2026-03-05 15:37:52 ERROR root remotelib error:LobbyPanel:50000:{"property": "SetText", "value": ["Step 50 of 99\ncreating device:spd11\ncable tv4 defined:CATV 5\ncreating device:spd12\ncable tv5 defined:CATV 6\ncreating device:spd13"], "qualifier": {"code": "property does not exist"}}
2026-03-05 15:37:52 ERROR root remotelib error:BreakRmPanel:50000:{"property": "SetText", "value": ["Step 50 of 99\ncreating device:spd11\ncable tv4 defined:CATV 5\ncreating device:spd12\ncable tv5 defined:CATV 6\ncreating device:spd13"], "qualifier": {"code": "property does not exist"}}
2026-03-05 15:37:52 ERROR root remotelib error:HallPanel:50000:{"property": "SetText", "value": ["Step 50 of 99\ncreating device:spd11\ncable tv4 defined:CATV 5\ncreating device:spd12\ncable tv5 defined:CATV 6\ncreating device:spd13"], "qualifier": {"code": "property does not exist"}}
2026-03-05 15:37:52 ERROR root remotelib error:BWDPanel:50000:{"property": "SetText", "value": ["Step 50 of 99\ncreating device:spd11\ncable tv4 defined:CATV 5\ncreating device:spd12\ncable tv5 defined:CATV 6\ncreating device:spd13"], "qualifier": {"code": "property does not exist"}}
2026-03-05 15:37:52 ERROR root remotelib error:IC142Panel:50001:{"property": "SetLevel", "value": [50.505050505050505], "qualifier": {"code": "property does not exist"}}
2026-03-05 15:37:52 ERROR root remotelib error:IC143Panel:50001:{"property": "SetLevel", "value": [50.505050505050505], "qualifier": {"code": "property does not exist"}}
2026-03-05 15:37:52 ERROR root remotelib error:IC144Panel:50001:{"property": "SetLevel", "value": [50.505050505050505], "qualifier": {"code": "property does not exist"}}
2026-03-05 15:37:52 ERROR root remotelib error:BreakRmPanel:50001:{"property": "SetLevel", "value": [50.505050505050505], "qualifier": {"code": "property does not exist"}}
2026-03-05 15:37:52 ERROR root remotelib error:LobbyPanel:50001:{"property": "SetLevel", "value": [50.505050505050505], "qualifier": {"code": "property does not exist"}}
2026-03-05 15:37:52 ERROR root remotelib error:HallPanel:50001:{"property": "SetLevel", "value": [50.505050505050505], "qualifier": {"code": "property does not exist"}}
2026-03-05 15:37:52 ERROR root remotelib error:BWDPanel:50001:{"property": "SetLevel", "value": [50.505050505050505], "qualifier": {"code": "property does not exist"}}
2026-03-05 15:37:57 INFO root Device 22-0 VTLP sync handling began
2026-03-05 15:37:57 INFO root Device 22-0 VTLP sync handling ended
2026-03-05 15:37:57 INFO root Device 22-0 VTLP sync handling began
2026-03-05 15:37:57 INFO root Device 22-0 VTLP sync handling ended
2026-03-05 15:38:01 ERROR root Device 15-0 (None)  Unavailable Port: IRS1 , connections status Offline
2026-03-05 15:38:01 ERROR root remotelib error:IC142Panel:50000:{"property": "SetText", "value": ["Step 51 of 99\ncable tv4 defined:CATV 5\ncreating device:spd12\ncable tv5 defined:CATV 6\ncreating device:spd13\ncable tv6 defined:cable tv6"], "qualifier": {"code": "property does not exist"}}
2026-03-05 15:38:01 ERROR root remotelib error:IC144Panel:50000:{"property": "SetText", "value": ["Step 51 of 99\ncable tv4 defined:CATV 5\ncreating device:spd12\ncable tv5 defined:CATV 6\ncreating device:spd13\ncable tv6 defined:cable tv6"], "qualifier": {"code": "property does not exist"}}
2026-03-05 15:38:01 ERROR root remotelib error:IC143Panel:50000:{"property": "SetText", "value": ["Step 51 of 99\ncable tv4 defined:CATV 5\ncreating device:spd12\ncable tv5 defined:CATV 6\ncreating device:spd13\ncable tv6 defined:cable tv6"], "qualifier": {"code": "property does not exist"}}
2026-03-05 15:38:01 ERROR root remotelib error:BreakRmPanel:50000:{"property": "SetText", "value": ["Step 51 of 99\ncable tv4 defined:CATV 5\ncreating device:spd12\ncable tv5 defined:CATV 6\ncreating device:spd13\ncable tv6 defined:cable tv6"], "qualifier": {"code": "property does not exist"}}
2026-03-05 15:38:01 ERROR root remotelib error:LobbyPanel:50000:{"property": "SetText", "value": ["Step 51 of 99\ncable tv4 defined:CATV 5\ncreating device:spd12\ncable tv5 defined:CATV 6\ncreating device:spd13\ncable tv6 defined:cable tv6"], "qualifier": {"code": "property does not exist"}}
2026-03-05 15:38:02 ERROR root remotelib error:HallPanel:50000:{"property": "SetText", "value": ["Step 51 of 99\ncable tv4 defined:CATV 5\ncreating device:spd12\ncable tv5 defined:CATV 6\ncreating device:spd13\ncable tv6 defined:cable tv6"], "qualifier": {"code": "property does not exist"}}
2026-03-05 15:38:02 ERROR root remotelib error:BWDPanel:50000:{"property": "SetText", "value": ["Step 51 of 99\ncable tv4 defined:CATV 5\ncreating device:spd12\ncable tv5 defined:CATV 6\ncreating device:spd13\ncable tv6 defined:cable tv6"], "qualifier": {"code": "property does not exist"}}
2026-03-05 15:38:02 ERROR root remotelib error:IC142Panel:50001:{"property": "SetLevel", "value": [51.515151515151516], "qualifier": {"code": "property does not exist"}}
2026-03-05 15:38:02 ERROR root remotelib error:IC143Panel:50001:{"property": "SetLevel", "value": [51.515151515151516], "qualifier": {"code": "property does not exist"}}
2026-03-05 15:38:02 ERROR root remotelib error:IC144Panel:50001:{"property": "SetLevel", "value": [51.515151515151516], "qualifier": {"code": "property does not exist"}}
2026-03-05 15:38:02 ERROR root remotelib error:LobbyPanel:50001:{"property": "SetLevel", "value": [51.515151515151516], "qualifier": {"code": "property does not exist"}}
2026-03-05 15:38:02 ERROR root remotelib error:BreakRmPanel:50001:{"property": "SetLevel", "value": [51.515151515151516], "qualifier": {"code": "property does not exist"}}
2026-03-05 15:38:02 ERROR root remotelib error:HallPanel:50001:{"property": "SetLevel", "value": [51.515151515151516], "qualifier": {"code": "property does not exist"}}
2026-03-05 15:38:02 ERROR root remotelib error:BWDPanel:50001:{"property": "SetLevel", "value": [51.515151515151516], "qualifier": {"code": "property does not exist"}}
2026-03-05 15:38:02 ERROR root remotelib error:IC143Panel:50000:{"property": "SetText", "value": ["Step 52 of 99\ncreating device:spd12\ncable tv5 defined:CATV 6\ncreating device:spd13\ncable tv6 defined:cable tv6\ncable tv6 plugin FAILED:cable tv6"], "qualifier": {"code": "property does not exist"}}
2026-03-05 15:38:02 ERROR root remotelib error:IC142Panel:50000:{"property": "SetText", "value": ["Step 52 of 99\ncreating device:spd12\ncable tv5 defined:CATV 6\ncreating device:spd13\ncable tv6 defined:cable tv6\ncable tv6 plugin FAILED:cable tv6"], "qualifier": {"code": "property does not exist"}}
2026-03-05 15:38:02 ERROR root remotelib error:IC144Panel:50000:{"property": "SetText", "value": ["Step 52 of 99\ncreating device:spd12\ncable tv5 defined:CATV 6\ncreating device:spd13\ncable tv6 defined:cable tv6\ncable tv6 plugin FAILED:cable tv6"], "qualifier": {"code": "property does not exist"}}
2026-03-05 15:38:02 ERROR root remotelib error:BreakRmPanel:50000:{"property": "SetText", "value": ["Step 52 of 99\ncreating device:spd12\ncable tv5 defined:CATV 6\ncreating device:spd13\ncable tv6 defined:cable tv6\ncable tv6 plugin FAILED:cable tv6"], "qualifier": {"code": "property does not exist"}}
2026-03-05 15:38:02 ERROR root remotelib error:LobbyPanel:50000:{"property": "SetText", "value": ["Step 52 of 99\ncreating device:spd12\ncable tv5 defined:CATV 6\ncreating device:spd13\ncable tv6 defined:cable tv6\ncable tv6 plugin FAILED:cable tv6"], "qualifier": {"code": "property does not exist"}}
2026-03-05 15:38:02 ERROR root remotelib error:HallPanel:50000:{"property": "SetText", "value": ["Step 52 of 99\ncreating device:spd12\ncable tv5 defined:CATV 6\ncreating device:spd13\ncable tv6 defined:cable tv6\ncable tv6 plugin FAILED:cable tv6"], "qualifier": {"code": "property does not exist"}}
2026-03-05 15:38:02 ERROR root remotelib error:BWDPanel:50000:{"property": "SetText", "value": ["Step 52 of 99\ncreating device:spd12\ncable tv5 defined:CATV 6\ncreating device:spd13\ncable tv6 defined:cable tv6\ncable tv6 plugin FAILED:cable tv6"], "qualifier": {"code": "property does not exist"}}
2026-03-05 15:38:02 ERROR root remotelib error:IC142Panel:50001:{"property": "SetLevel", "value": [52.525252525252526], "qualifier": {"code": "property does not exist"}}
2026-03-05 15:38:02 ERROR root remotelib error:IC143Panel:50001:{"property": "SetLevel", "value": [52.525252525252526], "qualifier": {"code": "property does not exist"}}
2026-03-05 15:38:02 ERROR root remotelib error:IC144Panel:50001:{"property": "SetLevel", "value": [52.525252525252526], "qualifier": {"code": "property does not exist"}}
2026-03-05 15:38:02 ERROR root remotelib error:BreakRmPanel:50001:{"property": "SetLevel", "value": [52.525252525252526], "qualifier": {"code": "property does not exist"}}
2026-03-05 15:38:02 ERROR root remotelib error:LobbyPanel:50001:{"property": "SetLevel", "value": [52.525252525252526], "qualifier": {"code": "property does not exist"}}
2026-03-05 15:38:02 ERROR root remotelib error:HallPanel:50001:{"property": "SetLevel", "value": [52.525252525252526], "qualifier": {"code": "property does not exist"}}
2026-03-05 15:38:02 ERROR root remotelib error:BWDPanel:50001:{"property": "SetLevel", "value": [52.525252525252526], "qualifier": {"code": "property does not exist"}}
2026-03-05 15:38:02 ERROR root remotelib error:IC143Panel:50000:{"property": "SetText", "value": ["Step 53 of 99\ncable tv5 defined:CATV 6\ncreating device:spd13\ncable tv6 defined:cable tv6\ncable tv6 plugin FAILED:cable tv6\nwall sensor0 defined:Wall Sensor0"], "qualifier": {"code": "property does not exist"}}
2026-03-05 15:38:02 ERROR root remotelib error:IC142Panel:50000:{"property": "SetText", "value": ["Step 53 of 99\ncable tv5 defined:CATV 6\ncreating device:spd13\ncable tv6 defined:cable tv6\ncable tv6 plugin FAILED:cable tv6\nwall sensor0 defined:Wall Sensor0"], "qualifier": {"code": "property does not exist"}}
2026-03-05 15:38:02 ERROR root remotelib error:IC144Panel:50000:{"property": "SetText", "value": ["Step 53 of 99\ncable tv5 defined:CATV 6\ncreating device:spd13\ncable tv6 defined:cable tv6\ncable tv6 plugin FAILED:cable tv6\nwall sensor0 defined:Wall Sensor0"], "qualifier": {"code": "property does not exist"}}
2026-03-05 15:38:02 ERROR root remotelib error:BreakRmPanel:50000:{"property": "SetText", "value": ["Step 53 of 99\ncable tv5 defined:CATV 6\ncreating device:spd13\ncable tv6 defined:cable tv6\ncable tv6 plugin FAILED:cable tv6\nwall sensor0 defined:Wall Sensor0"], "qualifier": {"code": "property does not exist"}}
2026-03-05 15:38:02 ERROR root remotelib error:LobbyPanel:50000:{"property": "SetText", "value": ["Step 53 of 99\ncable tv5 defined:CATV 6\ncreating device:spd13\ncable tv6 defined:cable tv6\ncable tv6 plugin FAILED:cable tv6\nwall sensor0 defined:Wall Sensor0"], "qualifier": {"code": "property does not exist"}}
2026-03-05 15:38:02 ERROR root remotelib error:HallPanel:50000:{"property": "SetText", "value": ["Step 53 of 99\ncable tv5 defined:CATV 6\ncreating device:spd13\ncable tv6 defined:cable tv6\ncable tv6 plugin FAILED:cable tv6\nwall sensor0 defined:Wall Sensor0"], "qualifier": {"code": "property does not exist"}}
2026-03-05 15:38:02 ERROR root remotelib error:BWDPanel:50000:{"property": "SetText", "value": ["Step 53 of 99\ncable tv5 defined:CATV 6\ncreating device:spd13\ncable tv6 defined:cable tv6\ncable tv6 plugin FAILED:cable tv6\nwall sensor0 defined:Wall Sensor0"], "qualifier": {"code": "property does not exist"}}
2026-03-05 15:38:02 ERROR root remotelib error:IC143Panel:50001:{"property": "SetLevel", "value": [53.535353535353536], "qualifier": {"code": "property does not exist"}}
2026-03-05 15:38:02 ERROR root remotelib error:IC142Panel:50001:{"property": "SetLevel", "value": [53.535353535353536], "qualifier": {"code": "property does not exist"}}
2026-03-05 15:38:02 ERROR root remotelib error:IC144Panel:50001:{"property": "SetLevel", "value": [53.535353535353536], "qualifier": {"code": "property does not exist"}}
2026-03-05 15:38:02 ERROR root remotelib error:BreakRmPanel:50001:{"property": "SetLevel", "value": [53.535353535353536], "qualifier": {"code": "property does not exist"}}
2026-03-05 15:38:02 ERROR root remotelib error:LobbyPanel:50001:{"property": "SetLevel", "value": [53.535353535353536], "qualifier": {"code": "property does not exist"}}
2026-03-05 15:38:02 ERROR root remotelib error:HallPanel:50001:{"property": "SetLevel", "value": [53.535353535353536], "qualifier": {"code": "property does not exist"}}
2026-03-05 15:38:02 ERROR root remotelib error:BWDPanel:50001:{"property": "SetLevel", "value": [53.535353535353536], "qualifier": {"code": "property does not exist"}}
2026-03-05 15:38:02 ERROR root remotelib error:IC142Panel:50000:{"property": "SetText", "value": ["Step 54 of 99\ncreating device:spd13\ncable tv6 defined:cable tv6\ncable tv6 plugin FAILED:cable tv6\nwall sensor0 defined:Wall Sensor0\nend define devices"], "qualifier": {"code": "property does not exist"}}
2026-03-05 15:38:02 ERROR root remotelib error:IC143Panel:50000:{"property": "SetText", "value": ["Step 54 of 99\ncreating device:spd13\ncable tv6 defined:cable tv6\ncable tv6 plugin FAILED:cable tv6\nwall sensor0 defined:Wall Sensor0\nend define devices"], "qualifier": {"code": "property does not exist"}}
2026-03-05 15:38:02 ERROR root remotelib error:IC144Panel:50000:{"property": "SetText", "value": ["Step 54 of 99\ncreating device:spd13\ncable tv6 defined:cable tv6\ncable tv6 plugin FAILED:cable tv6\nwall sensor0 defined:Wall Sensor0\nend define devices"], "qualifier": {"code": "property does not exist"}}
2026-03-05 15:38:02 ERROR root remotelib error:BreakRmPanel:50000:{"property": "SetText", "value": ["Step 54 of 99\ncreating device:spd13\ncable tv6 defined:cable tv6\ncable tv6 plugin FAILED:cable tv6\nwall sensor0 defined:Wall Sensor0\nend define devices"], "qualifier": {"code": "property does not exist"}}
2026-03-05 15:38:02 ERROR root remotelib error:LobbyPanel:50000:{"property": "SetText", "value": ["Step 54 of 99\ncreating device:spd13\ncable tv6 defined:cable tv6\ncable tv6 plugin FAILED:cable tv6\nwall sensor0 defined:Wall Sensor0\nend define devices"], "qualifier": {"code": "property does not exist"}}
2026-03-05 15:38:02 ERROR root remotelib error:HallPanel:50000:{"property": "SetText", "value": ["Step 54 of 99\ncreating device:spd13\ncable tv6 defined:cable tv6\ncable tv6 plugin FAILED:cable tv6\nwall sensor0 defined:Wall Sensor0\nend define devices"], "qualifier": {"code": "property does not exist"}}
2026-03-05 15:38:02 ERROR root remotelib error:BWDPanel:50000:{"property": "SetText", "value": ["Step 54 of 99\ncreating device:spd13\ncable tv6 defined:cable tv6\ncable tv6 plugin FAILED:cable tv6\nwall sensor0 defined:Wall Sensor0\nend define devices"], "qualifier": {"code": "property does not exist"}}
2026-03-05 15:38:02 ERROR root remotelib error:IC142Panel:50001:{"property": "SetLevel", "value": [54.54545454545455], "qualifier": {"code": "property does not exist"}}
2026-03-05 15:38:02 ERROR root remotelib error:IC143Panel:50001:{"property": "SetLevel", "value": [54.54545454545455], "qualifier": {"code": "property does not exist"}}
2026-03-05 15:38:02 ERROR root remotelib error:IC144Panel:50001:{"property": "SetLevel", "value": [54.54545454545455], "qualifier": {"code": "property does not exist"}}
2026-03-05 15:38:02 ERROR root remotelib error:LobbyPanel:50001:{"property": "SetLevel", "value": [54.54545454545455], "qualifier": {"code": "property does not exist"}}
2026-03-05 15:38:02 ERROR root remotelib error:BreakRmPanel:50001:{"property": "SetLevel", "value": [54.54545454545455], "qualifier": {"code": "property does not exist"}}
2026-03-05 15:38:02 ERROR root remotelib error:HallPanel:50001:{"property": "SetLevel", "value": [54.54545454545455], "qualifier": {"code": "property does not exist"}}
2026-03-05 15:38:02 ERROR root remotelib error:BWDPanel:50001:{"property": "SetLevel", "value": [54.54545454545455], "qualifier": {"code": "property does not exist"}}
2026-03-05 15:38:02 ERROR root remotelib error:IC142Panel:50000:{"property": "SetText", "value": ["Step 55 of 99\ncable tv6 defined:cable tv6\ncable tv6 plugin FAILED:cable tv6\nwall sensor0 defined:Wall Sensor0\nend define devices\nbegin define rooms"], "qualifier": {"code": "property does not exist"}}
2026-03-05 15:38:02 ERROR root remotelib error:IC143Panel:50000:{"property": "SetText", "value": ["Step 55 of 99\ncable tv6 defined:cable tv6\ncable tv6 plugin FAILED:cable tv6\nwall sensor0 defined:Wall Sensor0\nend define devices\nbegin define rooms"], "qualifier": {"code": "property does not exist"}}
2026-03-05 15:38:02 ERROR root remotelib error:BreakRmPanel:50000:{"property": "SetText", "value": ["Step 55 of 99\ncable tv6 defined:cable tv6\ncable tv6 plugin FAILED:cable tv6\nwall sensor0 defined:Wall Sensor0\nend define devices\nbegin define rooms"], "qualifier": {"code": "property does not exist"}}
2026-03-05 15:38:02 ERROR root remotelib error:IC144Panel:50000:{"property": "SetText", "value": ["Step 55 of 99\ncable tv6 defined:cable tv6\ncable tv6 plugin FAILED:cable tv6\nwall sensor0 defined:Wall Sensor0\nend define devices\nbegin define rooms"], "qualifier": {"code": "property does not exist"}}
2026-03-05 15:38:02 ERROR root remotelib error:LobbyPanel:50000:{"property": "SetText", "value": ["Step 55 of 99\ncable tv6 defined:cable tv6\ncable tv6 plugin FAILED:cable tv6\nwall sensor0 defined:Wall Sensor0\nend define devices\nbegin define rooms"], "qualifier": {"code": "property does not exist"}}
2026-03-05 15:38:02 ERROR root remotelib error:HallPanel:50000:{"property": "SetText", "value": ["Step 55 of 99\ncable tv6 defined:cable tv6\ncable tv6 plugin FAILED:cable tv6\nwall sensor0 defined:Wall Sensor0\nend define devices\nbegin define rooms"], "qualifier": {"code": "property does not exist"}}
2026-03-05 15:38:02 ERROR root remotelib error:IC142Panel:50001:{"property": "SetLevel", "value": [55.55555555555556], "qualifier": {"code": "property does not exist"}}
2026-03-05 15:38:02 ERROR root remotelib error:BWDPanel:50000:{"property": "SetText", "value": ["Step 55 of 99\ncable tv6 defined:cable tv6\ncable tv6 plugin FAILED:cable tv6\nwall sensor0 defined:Wall Sensor0\nend define devices\nbegin define rooms"], "qualifier": {"code": "property does not exist"}}
2026-03-05 15:38:02 ERROR root remotelib error:IC143Panel:50001:{"property": "SetLevel", "value": [55.55555555555556], "qualifier": {"code": "property does not exist"}}
2026-03-05 15:38:02 ERROR root remotelib error:IC144Panel:50001:{"property": "SetLevel", "value": [55.55555555555556], "qualifier": {"code": "property does not exist"}}
2026-03-05 15:38:02 ERROR root remotelib error:BreakRmPanel:50001:{"property": "SetLevel", "value": [55.55555555555556], "qualifier": {"code": "property does not exist"}}
2026-03-05 15:38:02 ERROR root remotelib error:HallPanel:50001:{"property": "SetLevel", "value": [55.55555555555556], "qualifier": {"code": "property does not exist"}}
2026-03-05 15:38:02 ERROR root remotelib error:LobbyPanel:50001:{"property": "SetLevel", "value": [55.55555555555556], "qualifier": {"code": "property does not exist"}}
2026-03-05 15:38:02 ERROR root remotelib error:BWDPanel:50001:{"property": "SetLevel", "value": [55.55555555555556], "qualifier": {"code": "property does not exist"}}
2026-03-05 15:38:02 ERROR root remotelib error:IC142Panel:50000:{"property": "SetText", "value": ["Step 56 of 99\ncable tv6 plugin FAILED:cable tv6\nwall sensor0 defined:Wall Sensor0\nend define devices\nbegin define rooms\nroom0 defined:IC Room 142"], "qualifier": {"code": "property does not exist"}}
2026-03-05 15:38:02 ERROR root remotelib error:IC143Panel:50000:{"property": "SetText", "value": ["Step 56 of 99\ncable tv6 plugin FAILED:cable tv6\nwall sensor0 defined:Wall Sensor0\nend define devices\nbegin define rooms\nroom0 defined:IC Room 142"], "qualifier": {"code": "property does not exist"}}
2026-03-05 15:38:02 ERROR root remotelib error:IC144Panel:50000:{"property": "SetText", "value": ["Step 56 of 99\ncable tv6 plugin FAILED:cable tv6\nwall sensor0 defined:Wall Sensor0\nend define devices\nbegin define rooms\nroom0 defined:IC Room 142"], "qualifier": {"code": "property does not exist"}}
2026-03-05 15:38:02 ERROR root remotelib error:BreakRmPanel:50000:{"property": "SetText", "value": ["Step 56 of 99\ncable tv6 plugin FAILED:cable tv6\nwall sensor0 defined:Wall Sensor0\nend define devices\nbegin define rooms\nroom0 defined:IC Room 142"], "qualifier": {"code": "property does not exist"}}
2026-03-05 15:38:02 ERROR root remotelib error:LobbyPanel:50000:{"property": "SetText", "value": ["Step 56 of 99\ncable tv6 plugin FAILED:cable tv6\nwall sensor0 defined:Wall Sensor0\nend define devices\nbegin define rooms\nroom0 defined:IC Room 142"], "qualifier": {"code": "property does not exist"}}
2026-03-05 15:38:02 ERROR root remotelib error:HallPanel:50000:{"property": "SetText", "value": ["Step 56 of 99\ncable tv6 plugin FAILED:cable tv6\nwall sensor0 defined:Wall Sensor0\nend define devices\nbegin define rooms\nroom0 defined:IC Room 142"], "qualifier": {"code": "property does not exist"}}
2026-03-05 15:38:02 ERROR root remotelib error:BWDPanel:50000:{"property": "SetText", "value": ["Step 56 of 99\ncable tv6 plugin FAILED:cable tv6\nwall sensor0 defined:Wall Sensor0\nend define devices\nbegin define rooms\nroom0 defined:IC Room 142"], "qualifier": {"code": "property does not exist"}}
2026-03-05 15:38:02 ERROR root remotelib error:IC143Panel:50001:{"property": "SetLevel", "value": [56.56565656565657], "qualifier": {"code": "property does not exist"}}
2026-03-05 15:38:02 ERROR root remotelib error:IC144Panel:50001:{"property": "SetLevel", "value": [56.56565656565657], "qualifier": {"code": "property does not exist"}}
2026-03-05 15:38:02 ERROR root remotelib error:IC142Panel:50001:{"property": "SetLevel", "value": [56.56565656565657], "qualifier": {"code": "property does not exist"}}
2026-03-05 15:38:02 ERROR root remotelib error:BreakRmPanel:50001:{"property": "SetLevel", "value": [56.56565656565657], "qualifier": {"code": "property does not exist"}}
2026-03-05 15:38:02 ERROR root remotelib error:LobbyPanel:50001:{"property": "SetLevel", "value": [56.56565656565657], "qualifier": {"code": "property does not exist"}}
2026-03-05 15:38:02 ERROR root remotelib error:HallPanel:50001:{"property": "SetLevel", "value": [56.56565656565657], "qualifier": {"code": "property does not exist"}}
2026-03-05 15:38:02 ERROR root remotelib error:BWDPanel:50001:{"property": "SetLevel", "value": [56.56565656565657], "qualifier": {"code": "property does not exist"}}
2026-03-05 15:38:02 ERROR root remotelib error:IC142Panel:50000:{"property": "SetText", "value": ["Step 57 of 99\nwall sensor0 defined:Wall Sensor0\nend define devices\nbegin define rooms\nroom0 defined:IC Room 142\nroom1 defined:IC Room 143"], "qualifier": {"code": "property does not exist"}}
2026-03-05 15:38:02 ERROR root remotelib error:IC143Panel:50000:{"property": "SetText", "value": ["Step 57 of 99\nwall sensor0 defined:Wall Sensor0\nend define devices\nbegin define rooms\nroom0 defined:IC Room 142\nroom1 defined:IC Room 143"], "qualifier": {"code": "property does not exist"}}
2026-03-05 15:38:02 ERROR root remotelib error:IC144Panel:50000:{"property": "SetText", "value": ["Step 57 of 99\nwall sensor0 defined:Wall Sensor0\nend define devices\nbegin define rooms\nroom0 defined:IC Room 142\nroom1 defined:IC Room 143"], "qualifier": {"code": "property does not exist"}}
2026-03-05 15:38:02 ERROR root remotelib error:BreakRmPanel:50000:{"property": "SetText", "value": ["Step 57 of 99\nwall sensor0 defined:Wall Sensor0\nend define devices\nbegin define rooms\nroom0 defined:IC Room 142\nroom1 defined:IC Room 143"], "qualifier": {"code": "property does not exist"}}
2026-03-05 15:38:02 ERROR root remotelib error:LobbyPanel:50000:{"property": "SetText", "value": ["Step 57 of 99\nwall sensor0 defined:Wall Sensor0\nend define devices\nbegin define rooms\nroom0 defined:IC Room 142\nroom1 defined:IC Room 143"], "qualifier": {"code": "property does not exist"}}
2026-03-05 15:38:02 ERROR root remotelib error:HallPanel:50000:{"property": "SetText", "value": ["Step 57 of 99\nwall sensor0 defined:Wall Sensor0\nend define devices\nbegin define rooms\nroom0 defined:IC Room 142\nroom1 defined:IC Room 143"], "qualifier": {"code": "property does not exist"}}
2026-03-05 15:38:02 ERROR root remotelib error:BWDPanel:50000:{"property": "SetText", "value": ["Step 57 of 99\nwall sensor0 defined:Wall Sensor0\nend define devices\nbegin define rooms\nroom0 defined:IC Room 142\nroom1 defined:IC Room 143"], "qualifier": {"code": "property does not exist"}}
2026-03-05 15:38:02 ERROR root remotelib error:IC142Panel:50001:{"property": "SetLevel", "value": [57.57575757575758], "qualifier": {"code": "property does not exist"}}
2026-03-05 15:38:02 ERROR root remotelib error:IC143Panel:50001:{"property": "SetLevel", "value": [57.57575757575758], "qualifier": {"code": "property does not exist"}}
2026-03-05 15:38:02 ERROR root remotelib error:IC144Panel:50001:{"property": "SetLevel", "value": [57.57575757575758], "qualifier": {"code": "property does not exist"}}
2026-03-05 15:38:02 ERROR root remotelib error:BreakRmPanel:50001:{"property": "SetLevel", "value": [57.57575757575758], "qualifier": {"code": "property does not exist"}}
2026-03-05 15:38:02 ERROR root remotelib error:LobbyPanel:50001:{"property": "SetLevel", "value": [57.57575757575758], "qualifier": {"code": "property does not exist"}}
2026-03-05 15:38:02 ERROR root remotelib error:HallPanel:50001:{"property": "SetLevel", "value": [57.57575757575758], "qualifier": {"code": "property does not exist"}}
2026-03-05 15:38:02 ERROR root remotelib error:BWDPanel:50001:{"property": "SetLevel", "value": [57.57575757575758], "qualifier": {"code": "property does not exist"}}
2026-03-05 15:38:02 ERROR root remotelib error:IC142Panel:50000:{"property": "SetText", "value": ["Step 58 of 99\nend define devices\nbegin define rooms\nroom0 defined:IC Room 142\nroom1 defined:IC Room 143\nroom2 defined:IC Room 144"], "qualifier": {"code": "property does not exist"}}
2026-03-05 15:38:02 ERROR root remotelib error:IC143Panel:50000:{"property": "SetText", "value": ["Step 58 of 99\nend define devices\nbegin define rooms\nroom0 defined:IC Room 142\nroom1 defined:IC Room 143\nroom2 defined:IC Room 144"], "qualifier": {"code": "property does not exist"}}
2026-03-05 15:38:02 ERROR root remotelib error:IC144Panel:50000:{"property": "SetText", "value": ["Step 58 of 99\nend define devices\nbegin define rooms\nroom0 defined:IC Room 142\nroom1 defined:IC Room 143\nroom2 defined:IC Room 144"], "qualifier": {"code": "property does not exist"}}
2026-03-05 15:38:02 ERROR root remotelib error:BreakRmPanel:50000:{"property": "SetText", "value": ["Step 58 of 99\nend define devices\nbegin define rooms\nroom0 defined:IC Room 142\nroom1 defined:IC Room 143\nroom2 defined:IC Room 144"], "qualifier": {"code": "property does not exist"}}
2026-03-05 15:38:02 ERROR root remotelib error:HallPanel:50000:{"property": "SetText", "value": ["Step 58 of 99\nend define devices\nbegin define rooms\nroom0 defined:IC Room 142\nroom1 defined:IC Room 143\nroom2 defined:IC Room 144"], "qualifier": {"code": "property does not exist"}}
2026-03-05 15:38:02 ERROR root remotelib error:LobbyPanel:50000:{"property": "SetText", "value": ["Step 58 of 99\nend define devices\nbegin define rooms\nroom0 defined:IC Room 142\nroom1 defined:IC Room 143\nroom2 defined:IC Room 144"], "qualifier": {"code": "property does not exist"}}
2026-03-05 15:38:02 ERROR root remotelib error:BWDPanel:50000:{"property": "SetText", "value": ["Step 58 of 99\nend define devices\nbegin define rooms\nroom0 defined:IC Room 142\nroom1 defined:IC Room 143\nroom2 defined:IC Room 144"], "qualifier": {"code": "property does not exist"}}
2026-03-05 15:38:02 ERROR root remotelib error:IC142Panel:50001:{"property": "SetLevel", "value": [58.58585858585859], "qualifier": {"code": "property does not exist"}}
2026-03-05 15:38:02 ERROR root remotelib error:IC144Panel:50001:{"property": "SetLevel", "value": [58.58585858585859], "qualifier": {"code": "property does not exist"}}
2026-03-05 15:38:02 ERROR root remotelib error:IC143Panel:50001:{"property": "SetLevel", "value": [58.58585858585859], "qualifier": {"code": "property does not exist"}}
2026-03-05 15:38:02 ERROR root remotelib error:BreakRmPanel:50001:{"property": "SetLevel", "value": [58.58585858585859], "qualifier": {"code": "property does not exist"}}
2026-03-05 15:38:02 ERROR root remotelib error:LobbyPanel:50001:{"property": "SetLevel", "value": [58.58585858585859], "qualifier": {"code": "property does not exist"}}
2026-03-05 15:38:02 ERROR root remotelib error:HallPanel:50001:{"property": "SetLevel", "value": [58.58585858585859], "qualifier": {"code": "property does not exist"}}
2026-03-05 15:38:02 ERROR root remotelib error:BWDPanel:50001:{"property": "SetLevel", "value": [58.58585858585859], "qualifier": {"code": "property does not exist"}}
2026-03-05 15:38:02 ERROR root remotelib error:IC142Panel:50000:{"property": "SetText", "value": ["Step 59 of 99\nbegin define rooms\nroom0 defined:IC Room 142\nroom1 defined:IC Room 143\nroom2 defined:IC Room 144\nroom3 defined:Breakroom"], "qualifier": {"code": "property does not exist"}}
2026-03-05 15:38:02 ERROR root remotelib error:IC143Panel:50000:{"property": "SetText", "value": ["Step 59 of 99\nbegin define rooms\nroom0 defined:IC Room 142\nroom1 defined:IC Room 143\nroom2 defined:IC Room 144\nroom3 defined:Breakroom"], "qualifier": {"code": "property does not exist"}}
2026-03-05 15:38:02 ERROR root remotelib error:IC144Panel:50000:{"property": "SetText", "value": ["Step 59 of 99\nbegin define rooms\nroom0 defined:IC Room 142\nroom1 defined:IC Room 143\nroom2 defined:IC Room 144\nroom3 defined:Breakroom"], "qualifier": {"code": "property does not exist"}}
2026-03-05 15:38:02 ERROR root remotelib error:BreakRmPanel:50000:{"property": "SetText", "value": ["Step 59 of 99\nbegin define rooms\nroom0 defined:IC Room 142\nroom1 defined:IC Room 143\nroom2 defined:IC Room 144\nroom3 defined:Breakroom"], "qualifier": {"code": "property does not exist"}}
2026-03-05 15:38:02 ERROR root remotelib error:LobbyPanel:50000:{"property": "SetText", "value": ["Step 59 of 99\nbegin define rooms\nroom0 defined:IC Room 142\nroom1 defined:IC Room 143\nroom2 defined:IC Room 144\nroom3 defined:Breakroom"], "qualifier": {"code": "property does not exist"}}
2026-03-05 15:38:02 ERROR root remotelib error:HallPanel:50000:{"property": "SetText", "value": ["Step 59 of 99\nbegin define rooms\nroom0 defined:IC Room 142\nroom1 defined:IC Room 143\nroom2 defined:IC Room 144\nroom3 defined:Breakroom"], "qualifier": {"code": "property does not exist"}}
2026-03-05 15:38:02 ERROR root remotelib error:BWDPanel:50000:{"property": "SetText", "value": ["Step 59 of 99\nbegin define rooms\nroom0 defined:IC Room 142\nroom1 defined:IC Room 143\nroom2 defined:IC Room 144\nroom3 defined:Breakroom"], "qualifier": {"code": "property does not exist"}}
2026-03-05 15:38:02 ERROR root remotelib error:IC142Panel:50001:{"property": "SetLevel", "value": [59.5959595959596], "qualifier": {"code": "property does not exist"}}
2026-03-05 15:38:02 ERROR root remotelib error:IC143Panel:50001:{"property": "SetLevel", "value": [59.5959595959596], "qualifier": {"code": "property does not exist"}}
2026-03-05 15:38:02 ERROR root remotelib error:IC144Panel:50001:{"property": "SetLevel", "value": [59.5959595959596], "qualifier": {"code": "property does not exist"}}
2026-03-05 15:38:02 ERROR root remotelib error:BreakRmPanel:50001:{"property": "SetLevel", "value": [59.5959595959596], "qualifier": {"code": "property does not exist"}}
2026-03-05 15:38:02 ERROR root remotelib error:LobbyPanel:50001:{"property": "SetLevel", "value": [59.5959595959596], "qualifier": {"code": "property does not exist"}}
2026-03-05 15:38:02 ERROR root remotelib error:HallPanel:50001:{"property": "SetLevel", "value": [59.5959595959596], "qualifier": {"code": "property does not exist"}}
2026-03-05 15:38:02 ERROR root remotelib error:BWDPanel:50001:{"property": "SetLevel", "value": [59.5959595959596], "qualifier": {"code": "property does not exist"}}
2026-03-05 15:38:02 ERROR root remotelib error:IC143Panel:50000:{"property": "SetText", "value": ["Step 60 of 99\nroom0 defined:IC Room 142\nroom1 defined:IC Room 143\nroom2 defined:IC Room 144\nroom3 defined:Breakroom\nroom4 defined:Lobby"], "qualifier": {"code": "property does not exist"}}
2026-03-05 15:38:02 ERROR root remotelib error:IC142Panel:50000:{"property": "SetText", "value": ["Step 60 of 99\nroom0 defined:IC Room 142\nroom1 defined:IC Room 143\nroom2 defined:IC Room 144\nroom3 defined:Breakroom\nroom4 defined:Lobby"], "qualifier": {"code": "property does not exist"}}
2026-03-05 15:38:02 ERROR root remotelib error:IC144Panel:50000:{"property": "SetText", "value": ["Step 60 of 99\nroom0 defined:IC Room 142\nroom1 defined:IC Room 143\nroom2 defined:IC Room 144\nroom3 defined:Breakroom\nroom4 defined:Lobby"], "qualifier": {"code": "property does not exist"}}
2026-03-05 15:38:02 ERROR root remotelib error:BreakRmPanel:50000:{"property": "SetText", "value": ["Step 60 of 99\nroom0 defined:IC Room 142\nroom1 defined:IC Room 143\nroom2 defined:IC Room 144\nroom3 defined:Breakroom\nroom4 defined:Lobby"], "qualifier": {"code": "property does not exist"}}
2026-03-05 15:38:02 ERROR root remotelib error:LobbyPanel:50000:{"property": "SetText", "value": ["Step 60 of 99\nroom0 defined:IC Room 142\nroom1 defined:IC Room 143\nroom2 defined:IC Room 144\nroom3 defined:Breakroom\nroom4 defined:Lobby"], "qualifier": {"code": "property does not exist"}}
2026-03-05 15:38:02 ERROR root remotelib error:BWDPanel:50000:{"property": "SetText", "value": ["Step 60 of 99\nroom0 defined:IC Room 142\nroom1 defined:IC Room 143\nroom2 defined:IC Room 144\nroom3 defined:Breakroom\nroom4 defined:Lobby"], "qualifier": {"code": "property does not exist"}}
2026-03-05 15:38:02 ERROR root remotelib error:HallPanel:50000:{"property": "SetText", "value": ["Step 60 of 99\nroom0 defined:IC Room 142\nroom1 defined:IC Room 143\nroom2 defined:IC Room 144\nroom3 defined:Breakroom\nroom4 defined:Lobby"], "qualifier": {"code": "property does not exist"}}
2026-03-05 15:38:02 ERROR root remotelib error:IC142Panel:50001:{"property": "SetLevel", "value": [60.60606060606061], "qualifier": {"code": "property does not exist"}}
2026-03-05 15:38:02 ERROR root remotelib error:IC143Panel:50001:{"property": "SetLevel", "value": [60.60606060606061], "qualifier": {"code": "property does not exist"}}
2026-03-05 15:38:02 ERROR root remotelib error:BreakRmPanel:50001:{"property": "SetLevel", "value": [60.60606060606061], "qualifier": {"code": "property does not exist"}}
2026-03-05 15:38:02 ERROR root remotelib error:IC144Panel:50001:{"property": "SetLevel", "value": [60.60606060606061], "qualifier": {"code": "property does not exist"}}
2026-03-05 15:38:02 ERROR root remotelib error:LobbyPanel:50001:{"property": "SetLevel", "value": [60.60606060606061], "qualifier": {"code": "property does not exist"}}
2026-03-05 15:38:02 ERROR root remotelib error:HallPanel:50001:{"property": "SetLevel", "value": [60.60606060606061], "qualifier": {"code": "property does not exist"}}
2026-03-05 15:38:02 ERROR root remotelib error:BWDPanel:50001:{"property": "SetLevel", "value": [60.60606060606061], "qualifier": {"code": "property does not exist"}}
2026-03-05 15:38:02 ERROR root remotelib error:IC142Panel:50000:{"property": "SetText", "value": ["Step 61 of 99\nroom1 defined:IC Room 143\nroom2 defined:IC Room 144\nroom3 defined:Breakroom\nroom4 defined:Lobby\nroom5 defined:Hallway 200"], "qualifier": {"code": "property does not exist"}}
2026-03-05 15:38:02 ERROR root remotelib error:IC143Panel:50000:{"property": "SetText", "value": ["Step 61 of 99\nroom1 defined:IC Room 143\nroom2 defined:IC Room 144\nroom3 defined:Breakroom\nroom4 defined:Lobby\nroom5 defined:Hallway 200"], "qualifier": {"code": "property does not exist"}}
2026-03-05 15:38:02 ERROR root remotelib error:IC144Panel:50000:{"property": "SetText", "value": ["Step 61 of 99\nroom1 defined:IC Room 143\nroom2 defined:IC Room 144\nroom3 defined:Breakroom\nroom4 defined:Lobby\nroom5 defined:Hallway 200"], "qualifier": {"code": "property does not exist"}}
2026-03-05 15:38:02 ERROR root remotelib error:BreakRmPanel:50000:{"property": "SetText", "value": ["Step 61 of 99\nroom1 defined:IC Room 143\nroom2 defined:IC Room 144\nroom3 defined:Breakroom\nroom4 defined:Lobby\nroom5 defined:Hallway 200"], "qualifier": {"code": "property does not exist"}}
2026-03-05 15:38:02 ERROR root remotelib error:LobbyPanel:50000:{"property": "SetText", "value": ["Step 61 of 99\nroom1 defined:IC Room 143\nroom2 defined:IC Room 144\nroom3 defined:Breakroom\nroom4 defined:Lobby\nroom5 defined:Hallway 200"], "qualifier": {"code": "property does not exist"}}
2026-03-05 15:38:02 ERROR root remotelib error:HallPanel:50000:{"property": "SetText", "value": ["Step 61 of 99\nroom1 defined:IC Room 143\nroom2 defined:IC Room 144\nroom3 defined:Breakroom\nroom4 defined:Lobby\nroom5 defined:Hallway 200"], "qualifier": {"code": "property does not exist"}}
2026-03-05 15:38:02 ERROR root remotelib error:BWDPanel:50000:{"property": "SetText", "value": ["Step 61 of 99\nroom1 defined:IC Room 143\nroom2 defined:IC Room 144\nroom3 defined:Breakroom\nroom4 defined:Lobby\nroom5 defined:Hallway 200"], "qualifier": {"code": "property does not exist"}}
2026-03-05 15:38:02 ERROR root remotelib error:IC142Panel:50001:{"property": "SetLevel", "value": [61.61616161616162], "qualifier": {"code": "property does not exist"}}
2026-03-05 15:38:02 ERROR root remotelib error:IC143Panel:50001:{"property": "SetLevel", "value": [61.61616161616162], "qualifier": {"code": "property does not exist"}}
2026-03-05 15:38:02 ERROR root remotelib error:IC144Panel:50001:{"property": "SetLevel", "value": [61.61616161616162], "qualifier": {"code": "property does not exist"}}
2026-03-05 15:38:02 ERROR root remotelib error:BreakRmPanel:50001:{"property": "SetLevel", "value": [61.61616161616162], "qualifier": {"code": "property does not exist"}}
2026-03-05 15:38:02 ERROR root remotelib error:LobbyPanel:50001:{"property": "SetLevel", "value": [61.61616161616162], "qualifier": {"code": "property does not exist"}}
2026-03-05 15:38:02 ERROR root remotelib error:BWDPanel:50001:{"property": "SetLevel", "value": [61.61616161616162], "qualifier": {"code": "property does not exist"}}
2026-03-05 15:38:02 ERROR root remotelib error:HallPanel:50001:{"property": "SetLevel", "value": [61.61616161616162], "qualifier": {"code": "property does not exist"}}
2026-03-05 15:38:02 ERROR root remotelib error:IC142Panel:50000:{"property": "SetText", "value": ["Step 62 of 99\nroom2 defined:IC Room 144\nroom3 defined:Breakroom\nroom4 defined:Lobby\nroom5 defined:Hallway 200\nroom6 defined:Building Wide Distribution"], "qualifier": {"code": "property does not exist"}}
2026-03-05 15:38:02 ERROR root remotelib error:IC143Panel:50000:{"property": "SetText", "value": ["Step 62 of 99\nroom2 defined:IC Room 144\nroom3 defined:Breakroom\nroom4 defined:Lobby\nroom5 defined:Hallway 200\nroom6 defined:Building Wide Distribution"], "qualifier": {"code": "property does not exist"}}
2026-03-05 15:38:02 ERROR root remotelib error:IC144Panel:50000:{"property": "SetText", "value": ["Step 62 of 99\nroom2 defined:IC Room 144\nroom3 defined:Breakroom\nroom4 defined:Lobby\nroom5 defined:Hallway 200\nroom6 defined:Building Wide Distribution"], "qualifier": {"code": "property does not exist"}}
2026-03-05 15:38:02 ERROR root remotelib error:BreakRmPanel:50000:{"property": "SetText", "value": ["Step 62 of 99\nroom2 defined:IC Room 144\nroom3 defined:Breakroom\nroom4 defined:Lobby\nroom5 defined:Hallway 200\nroom6 defined:Building Wide Distribution"], "qualifier": {"code": "property does not exist"}}
2026-03-05 15:38:02 ERROR root remotelib error:LobbyPanel:50000:{"property": "SetText", "value": ["Step 62 of 99\nroom2 defined:IC Room 144\nroom3 defined:Breakroom\nroom4 defined:Lobby\nroom5 defined:Hallway 200\nroom6 defined:Building Wide Distribution"], "qualifier": {"code": "property does not exist"}}
2026-03-05 15:38:02 ERROR root remotelib error:HallPanel:50000:{"property": "SetText", "value": ["Step 62 of 99\nroom2 defined:IC Room 144\nroom3 defined:Breakroom\nroom4 defined:Lobby\nroom5 defined:Hallway 200\nroom6 defined:Building Wide Distribution"], "qualifier": {"code": "property does not exist"}}
2026-03-05 15:38:02 ERROR root remotelib error:BWDPanel:50000:{"property": "SetText", "value": ["Step 62 of 99\nroom2 defined:IC Room 144\nroom3 defined:Breakroom\nroom4 defined:Lobby\nroom5 defined:Hallway 200\nroom6 defined:Building Wide Distribution"], "qualifier": {"code": "property does not exist"}}
2026-03-05 15:38:02 ERROR root remotelib error:IC142Panel:50001:{"property": "SetLevel", "value": [62.62626262626262], "qualifier": {"code": "property does not exist"}}
2026-03-05 15:38:02 ERROR root remotelib error:IC143Panel:50001:{"property": "SetLevel", "value": [62.62626262626262], "qualifier": {"code": "property does not exist"}}
2026-03-05 15:38:02 ERROR root remotelib error:IC144Panel:50001:{"property": "SetLevel", "value": [62.62626262626262], "qualifier": {"code": "property does not exist"}}
2026-03-05 15:38:02 ERROR root remotelib error:BreakRmPanel:50001:{"property": "SetLevel", "value": [62.62626262626262], "qualifier": {"code": "property does not exist"}}
2026-03-05 15:38:02 ERROR root remotelib error:LobbyPanel:50001:{"property": "SetLevel", "value": [62.62626262626262], "qualifier": {"code": "property does not exist"}}
2026-03-05 15:38:02 ERROR root remotelib error:HallPanel:50001:{"property": "SetLevel", "value": [62.62626262626262], "qualifier": {"code": "property does not exist"}}
2026-03-05 15:38:02 ERROR root remotelib error:BWDPanel:50001:{"property": "SetLevel", "value": [62.62626262626262], "qualifier": {"code": "property does not exist"}}
2026-03-05 15:38:02 ERROR root remotelib error:IC142Panel:50000:{"property": "SetText", "value": ["Step 63 of 99\nroom3 defined:Breakroom\nroom4 defined:Lobby\nroom5 defined:Hallway 200\nroom6 defined:Building Wide Distribution\nend define rooms"], "qualifier": {"code": "property does not exist"}}
2026-03-05 15:38:02 ERROR root remotelib error:IC143Panel:50000:{"property": "SetText", "value": ["Step 63 of 99\nroom3 defined:Breakroom\nroom4 defined:Lobby\nroom5 defined:Hallway 200\nroom6 defined:Building Wide Distribution\nend define rooms"], "qualifier": {"code": "property does not exist"}}
2026-03-05 15:38:02 ERROR root remotelib error:IC144Panel:50000:{"property": "SetText", "value": ["Step 63 of 99\nroom3 defined:Breakroom\nroom4 defined:Lobby\nroom5 defined:Hallway 200\nroom6 defined:Building Wide Distribution\nend define rooms"], "qualifier": {"code": "property does not exist"}}
2026-03-05 15:38:02 ERROR root remotelib error:BreakRmPanel:50000:{"property": "SetText", "value": ["Step 63 of 99\nroom3 defined:Breakroom\nroom4 defined:Lobby\nroom5 defined:Hallway 200\nroom6 defined:Building Wide Distribution\nend define rooms"], "qualifier": {"code": "property does not exist"}}
2026-03-05 15:38:02 ERROR root remotelib error:LobbyPanel:50000:{"property": "SetText", "value": ["Step 63 of 99\nroom3 defined:Breakroom\nroom4 defined:Lobby\nroom5 defined:Hallway 200\nroom6 defined:Building Wide Distribution\nend define rooms"], "qualifier": {"code": "property does not exist"}}
2026-03-05 15:38:02 ERROR root remotelib error:HallPanel:50000:{"property": "SetText", "value": ["Step 63 of 99\nroom3 defined:Breakroom\nroom4 defined:Lobby\nroom5 defined:Hallway 200\nroom6 defined:Building Wide Distribution\nend define rooms"], "qualifier": {"code": "property does not exist"}}
2026-03-05 15:38:02 ERROR root remotelib error:BWDPanel:50000:{"property": "SetText", "value": ["Step 63 of 99\nroom3 defined:Breakroom\nroom4 defined:Lobby\nroom5 defined:Hallway 200\nroom6 defined:Building Wide Distribution\nend define rooms"], "qualifier": {"code": "property does not exist"}}
2026-03-05 15:38:02 ERROR root remotelib error:IC142Panel:50001:{"property": "SetLevel", "value": [63.63636363636363], "qualifier": {"code": "property does not exist"}}
2026-03-05 15:38:02 ERROR root remotelib error:IC143Panel:50001:{"property": "SetLevel", "value": [63.63636363636363], "qualifier": {"code": "property does not exist"}}
2026-03-05 15:38:02 ERROR root remotelib error:IC144Panel:50001:{"property": "SetLevel", "value": [63.63636363636363], "qualifier": {"code": "property does not exist"}}
2026-03-05 15:38:02 ERROR root remotelib error:BreakRmPanel:50001:{"property": "SetLevel", "value": [63.63636363636363], "qualifier": {"code": "property does not exist"}}
2026-03-05 15:38:02 ERROR root remotelib error:LobbyPanel:50001:{"property": "SetLevel", "value": [63.63636363636363], "qualifier": {"code": "property does not exist"}}
2026-03-05 15:38:02 ERROR root remotelib error:HallPanel:50001:{"property": "SetLevel", "value": [63.63636363636363], "qualifier": {"code": "property does not exist"}}
2026-03-05 15:38:02 ERROR root remotelib error:BWDPanel:50001:{"property": "SetLevel", "value": [63.63636363636363], "qualifier": {"code": "property does not exist"}}
2026-03-05 15:38:02 ERROR root remotelib error:IC142Panel:50000:{"property": "SetText", "value": ["Step 64 of 99\nroom4 defined:Lobby\nroom5 defined:Hallway 200\nroom6 defined:Building Wide Distribution\nend define rooms\nbegin initialize device modules"], "qualifier": {"code": "property does not exist"}}
2026-03-05 15:38:02 ERROR root remotelib error:IC143Panel:50000:{"property": "SetText", "value": ["Step 64 of 99\nroom4 defined:Lobby\nroom5 defined:Hallway 200\nroom6 defined:Building Wide Distribution\nend define rooms\nbegin initialize device modules"], "qualifier": {"code": "property does not exist"}}
2026-03-05 15:38:02 ERROR root remotelib error:IC144Panel:50000:{"property": "SetText", "value": ["Step 64 of 99\nroom4 defined:Lobby\nroom5 defined:Hallway 200\nroom6 defined:Building Wide Distribution\nend define rooms\nbegin initialize device modules"], "qualifier": {"code": "property does not exist"}}
2026-03-05 15:38:02 ERROR root remotelib error:BreakRmPanel:50000:{"property": "SetText", "value": ["Step 64 of 99\nroom4 defined:Lobby\nroom5 defined:Hallway 200\nroom6 defined:Building Wide Distribution\nend define rooms\nbegin initialize device modules"], "qualifier": {"code": "property does not exist"}}
2026-03-05 15:38:02 ERROR root remotelib error:LobbyPanel:50000:{"property": "SetText", "value": ["Step 64 of 99\nroom4 defined:Lobby\nroom5 defined:Hallway 200\nroom6 defined:Building Wide Distribution\nend define rooms\nbegin initialize device modules"], "qualifier": {"code": "property does not exist"}}
2026-03-05 15:38:02 ERROR root remotelib error:HallPanel:50000:{"property": "SetText", "value": ["Step 64 of 99\nroom4 defined:Lobby\nroom5 defined:Hallway 200\nroom6 defined:Building Wide Distribution\nend define rooms\nbegin initialize device modules"], "qualifier": {"code": "property does not exist"}}
2026-03-05 15:38:02 ERROR root remotelib error:BWDPanel:50000:{"property": "SetText", "value": ["Step 64 of 99\nroom4 defined:Lobby\nroom5 defined:Hallway 200\nroom6 defined:Building Wide Distribution\nend define rooms\nbegin initialize device modules"], "qualifier": {"code": "property does not exist"}}
2026-03-05 15:38:02 ERROR root remotelib error:IC142Panel:50001:{"property": "SetLevel", "value": [64.64646464646465], "qualifier": {"code": "property does not exist"}}
2026-03-05 15:38:02 ERROR root remotelib error:IC143Panel:50001:{"property": "SetLevel", "value": [64.64646464646465], "qualifier": {"code": "property does not exist"}}
2026-03-05 15:38:02 ERROR root remotelib error:IC144Panel:50001:{"property": "SetLevel", "value": [64.64646464646465], "qualifier": {"code": "property does not exist"}}
2026-03-05 15:38:02 ERROR root remotelib error:BreakRmPanel:50001:{"property": "SetLevel", "value": [64.64646464646465], "qualifier": {"code": "property does not exist"}}
2026-03-05 15:38:02 ERROR root remotelib error:LobbyPanel:50001:{"property": "SetLevel", "value": [64.64646464646465], "qualifier": {"code": "property does not exist"}}
2026-03-05 15:38:02 ERROR root remotelib error:BWDPanel:50001:{"property": "SetLevel", "value": [64.64646464646465], "qualifier": {"code": "property does not exist"}}
2026-03-05 15:38:02 ERROR root remotelib error:HallPanel:50001:{"property": "SetLevel", "value": [64.64646464646465], "qualifier": {"code": "property does not exist"}}
2026-03-05 15:38:02 ERROR root remotelib error:IC142Panel:50000:{"property": "SetText", "value": ["Step 65 of 99\nroom5 defined:Hallway 200\nroom6 defined:Building Wide Distribution\nend define rooms\nbegin initialize device modules\ndevice room0 module initialized"], "qualifier": {"code": "property does not exist"}}
2026-03-05 15:38:02 ERROR root remotelib error:IC143Panel:50000:{"property": "SetText", "value": ["Step 65 of 99\nroom5 defined:Hallway 200\nroom6 defined:Building Wide Distribution\nend define rooms\nbegin initialize device modules\ndevice room0 module initialized"], "qualifier": {"code": "property does not exist"}}
2026-03-05 15:38:02 ERROR root remotelib error:IC144Panel:50000:{"property": "SetText", "value": ["Step 65 of 99\nroom5 defined:Hallway 200\nroom6 defined:Building Wide Distribution\nend define rooms\nbegin initialize device modules\ndevice room0 module initialized"], "qualifier": {"code": "property does not exist"}}
2026-03-05 15:38:02 ERROR root remotelib error:BreakRmPanel:50000:{"property": "SetText", "value": ["Step 65 of 99\nroom5 defined:Hallway 200\nroom6 defined:Building Wide Distribution\nend define rooms\nbegin initialize device modules\ndevice room0 module initialized"], "qualifier": {"code": "property does not exist"}}
2026-03-05 15:38:02 ERROR root remotelib error:LobbyPanel:50000:{"property": "SetText", "value": ["Step 65 of 99\nroom5 defined:Hallway 200\nroom6 defined:Building Wide Distribution\nend define rooms\nbegin initialize device modules\ndevice room0 module initialized"], "qualifier": {"code": "property does not exist"}}
2026-03-05 15:38:02 ERROR root remotelib error:HallPanel:50000:{"property": "SetText", "value": ["Step 65 of 99\nroom5 defined:Hallway 200\nroom6 defined:Building Wide Distribution\nend define rooms\nbegin initialize device modules\ndevice room0 module initialized"], "qualifier": {"code": "property does not exist"}}
2026-03-05 15:38:02 ERROR root remotelib error:BWDPanel:50000:{"property": "SetText", "value": ["Step 65 of 99\nroom5 defined:Hallway 200\nroom6 defined:Building Wide Distribution\nend define rooms\nbegin initialize device modules\ndevice room0 module initialized"], "qualifier": {"code": "property does not exist"}}
2026-03-05 15:38:02 ERROR root remotelib error:IC142Panel:50001:{"property": "SetLevel", "value": [65.65656565656566], "qualifier": {"code": "property does not exist"}}
2026-03-05 15:38:02 ERROR root remotelib error:IC143Panel:50001:{"property": "SetLevel", "value": [65.65656565656566], "qualifier": {"code": "property does not exist"}}
2026-03-05 15:38:02 ERROR root remotelib error:IC144Panel:50001:{"property": "SetLevel", "value": [65.65656565656566], "qualifier": {"code": "property does not exist"}}
2026-03-05 15:38:02 ERROR root remotelib error:BreakRmPanel:50001:{"property": "SetLevel", "value": [65.65656565656566], "qualifier": {"code": "property does not exist"}}
2026-03-05 15:38:02 ERROR root remotelib error:LobbyPanel:50001:{"property": "SetLevel", "value": [65.65656565656566], "qualifier": {"code": "property does not exist"}}
2026-03-05 15:38:02 ERROR root remotelib error:HallPanel:50001:{"property": "SetLevel", "value": [65.65656565656566], "qualifier": {"code": "property does not exist"}}
2026-03-05 15:38:02 ERROR root remotelib error:BWDPanel:50001:{"property": "SetLevel", "value": [65.65656565656566], "qualifier": {"code": "property does not exist"}}
2026-03-05 15:38:02 ERROR root remotelib error:IC142Panel:50000:{"property": "SetText", "value": ["Step 66 of 99\nroom6 defined:Building Wide Distribution\nend define rooms\nbegin initialize device modules\ndevice room0 module initialized\ndevice room1 module initialized"], "qualifier": {"code": "property does not exist"}}
2026-03-05 15:38:02 ERROR root remotelib error:IC143Panel:50000:{"property": "SetText", "value": ["Step 66 of 99\nroom6 defined:Building Wide Distribution\nend define rooms\nbegin initialize device modules\ndevice room0 module initialized\ndevice room1 module initialized"], "qualifier": {"code": "property does not exist"}}
2026-03-05 15:38:02 ERROR root remotelib error:IC144Panel:50000:{"property": "SetText", "value": ["Step 66 of 99\nroom6 defined:Building Wide Distribution\nend define rooms\nbegin initialize device modules\ndevice room0 module initialized\ndevice room1 module initialized"], "qualifier": {"code": "property does not exist"}}
2026-03-05 15:38:02 ERROR root remotelib error:LobbyPanel:50000:{"property": "SetText", "value": ["Step 66 of 99\nroom6 defined:Building Wide Distribution\nend define rooms\nbegin initialize device modules\ndevice room0 module initialized\ndevice room1 module initialized"], "qualifier": {"code": "property does not exist"}}
2026-03-05 15:38:02 ERROR root remotelib error:BreakRmPanel:50000:{"property": "SetText", "value": ["Step 66 of 99\nroom6 defined:Building Wide Distribution\nend define rooms\nbegin initialize device modules\ndevice room0 module initialized\ndevice room1 module initialized"], "qualifier": {"code": "property does not exist"}}
2026-03-05 15:38:02 ERROR root remotelib error:HallPanel:50000:{"property": "SetText", "value": ["Step 66 of 99\nroom6 defined:Building Wide Distribution\nend define rooms\nbegin initialize device modules\ndevice room0 module initialized\ndevice room1 module initialized"], "qualifier": {"code": "property does not exist"}}
2026-03-05 15:38:02 ERROR root remotelib error:BWDPanel:50000:{"property": "SetText", "value": ["Step 66 of 99\nroom6 defined:Building Wide Distribution\nend define rooms\nbegin initialize device modules\ndevice room0 module initialized\ndevice room1 module initialized"], "qualifier": {"code": "property does not exist"}}
2026-03-05 15:38:02 ERROR root remotelib error:IC142Panel:50001:{"property": "SetLevel", "value": [66.66666666666667], "qualifier": {"code": "property does not exist"}}
2026-03-05 15:38:02 ERROR root remotelib error:IC143Panel:50001:{"property": "SetLevel", "value": [66.66666666666667], "qualifier": {"code": "property does not exist"}}
2026-03-05 15:38:02 ERROR root remotelib error:IC144Panel:50001:{"property": "SetLevel", "value": [66.66666666666667], "qualifier": {"code": "property does not exist"}}
2026-03-05 15:38:02 ERROR root remotelib error:BreakRmPanel:50001:{"property": "SetLevel", "value": [66.66666666666667], "qualifier": {"code": "property does not exist"}}
2026-03-05 15:38:02 ERROR root remotelib error:LobbyPanel:50001:{"property": "SetLevel", "value": [66.66666666666667], "qualifier": {"code": "property does not exist"}}
2026-03-05 15:38:02 ERROR root remotelib error:HallPanel:50001:{"property": "SetLevel", "value": [66.66666666666667], "qualifier": {"code": "property does not exist"}}
2026-03-05 15:38:02 ERROR root remotelib error:BWDPanel:50001:{"property": "SetLevel", "value": [66.66666666666667], "qualifier": {"code": "property does not exist"}}
2026-03-05 15:38:02 ERROR root remotelib error:IC142Panel:50000:{"property": "SetText", "value": ["Step 67 of 99\nend define rooms\nbegin initialize device modules\ndevice room0 module initialized\ndevice room1 module initialized\ndevice room2 module initialized"], "qualifier": {"code": "property does not exist"}}
2026-03-05 15:38:02 ERROR root remotelib error:IC143Panel:50000:{"property": "SetText", "value": ["Step 67 of 99\nend define rooms\nbegin initialize device modules\ndevice room0 module initialized\ndevice room1 module initialized\ndevice room2 module initialized"], "qualifier": {"code": "property does not exist"}}
2026-03-05 15:38:02 ERROR root remotelib error:IC144Panel:50000:{"property": "SetText", "value": ["Step 67 of 99\nend define rooms\nbegin initialize device modules\ndevice room0 module initialized\ndevice room1 module initialized\ndevice room2 module initialized"], "qualifier": {"code": "property does not exist"}}
2026-03-05 15:38:02 ERROR root remotelib error:BreakRmPanel:50000:{"property": "SetText", "value": ["Step 67 of 99\nend define rooms\nbegin initialize device modules\ndevice room0 module initialized\ndevice room1 module initialized\ndevice room2 module initialized"], "qualifier": {"code": "property does not exist"}}
2026-03-05 15:38:02 ERROR root remotelib error:LobbyPanel:50000:{"property": "SetText", "value": ["Step 67 of 99\nend define rooms\nbegin initialize device modules\ndevice room0 module initialized\ndevice room1 module initialized\ndevice room2 module initialized"], "qualifier": {"code": "property does not exist"}}
2026-03-05 15:38:02 ERROR root remotelib error:HallPanel:50000:{"property": "SetText", "value": ["Step 67 of 99\nend define rooms\nbegin initialize device modules\ndevice room0 module initialized\ndevice room1 module initialized\ndevice room2 module initialized"], "qualifier": {"code": "property does not exist"}}
2026-03-05 15:38:02 ERROR root remotelib error:BWDPanel:50000:{"property": "SetText", "value": ["Step 67 of 99\nend define rooms\nbegin initialize device modules\ndevice room0 module initialized\ndevice room1 module initialized\ndevice room2 module initialized"], "qualifier": {"code": "property does not exist"}}
2026-03-05 15:38:02 ERROR root remotelib error:IC142Panel:50001:{"property": "SetLevel", "value": [67.67676767676768], "qualifier": {"code": "property does not exist"}}
2026-03-05 15:38:02 ERROR root remotelib error:IC143Panel:50001:{"property": "SetLevel", "value": [67.67676767676768], "qualifier": {"code": "property does not exist"}}
2026-03-05 15:38:02 ERROR root remotelib error:IC144Panel:50001:{"property": "SetLevel", "value": [67.67676767676768], "qualifier": {"code": "property does not exist"}}
2026-03-05 15:38:02 ERROR root remotelib error:BreakRmPanel:50001:{"property": "SetLevel", "value": [67.67676767676768], "qualifier": {"code": "property does not exist"}}
2026-03-05 15:38:02 ERROR root remotelib error:LobbyPanel:50001:{"property": "SetLevel", "value": [67.67676767676768], "qualifier": {"code": "property does not exist"}}
2026-03-05 15:38:02 ERROR root remotelib error:HallPanel:50001:{"property": "SetLevel", "value": [67.67676767676768], "qualifier": {"code": "property does not exist"}}
2026-03-05 15:38:02 ERROR root remotelib error:BWDPanel:50001:{"property": "SetLevel", "value": [67.67676767676768], "qualifier": {"code": "property does not exist"}}
2026-03-05 15:38:02 ERROR root remotelib error:IC142Panel:50000:{"property": "SetText", "value": ["Step 68 of 99\nbegin initialize device modules\ndevice room0 module initialized\ndevice room1 module initialized\ndevice room2 module initialized\ndevice room3 module initialized"], "qualifier": {"code": "property does not exist"}}
2026-03-05 15:38:02 ERROR root remotelib error:IC143Panel:50000:{"property": "SetText", "value": ["Step 68 of 99\nbegin initialize device modules\ndevice room0 module initialized\ndevice room1 module initialized\ndevice room2 module initialized\ndevice room3 module initialized"], "qualifier": {"code": "property does not exist"}}
2026-03-05 15:38:02 ERROR root remotelib error:IC144Panel:50000:{"property": "SetText", "value": ["Step 68 of 99\nbegin initialize device modules\ndevice room0 module initialized\ndevice room1 module initialized\ndevice room2 module initialized\ndevice room3 module initialized"], "qualifier": {"code": "property does not exist"}}
2026-03-05 15:38:02 ERROR root remotelib error:BreakRmPanel:50000:{"property": "SetText", "value": ["Step 68 of 99\nbegin initialize device modules\ndevice room0 module initialized\ndevice room1 module initialized\ndevice room2 module initialized\ndevice room3 module initialized"], "qualifier": {"code": "property does not exist"}}
2026-03-05 15:38:02 ERROR root remotelib error:LobbyPanel:50000:{"property": "SetText", "value": ["Step 68 of 99\nbegin initialize device modules\ndevice room0 module initialized\ndevice room1 module initialized\ndevice room2 module initialized\ndevice room3 module initialized"], "qualifier": {"code": "property does not exist"}}
2026-03-05 15:38:02 ERROR root remotelib error:HallPanel:50000:{"property": "SetText", "value": ["Step 68 of 99\nbegin initialize device modules\ndevice room0 module initialized\ndevice room1 module initialized\ndevice room2 module initialized\ndevice room3 module initialized"], "qualifier": {"code": "property does not exist"}}
2026-03-05 15:38:02 ERROR root remotelib error:BWDPanel:50000:{"property": "SetText", "value": ["Step 68 of 99\nbegin initialize device modules\ndevice room0 module initialized\ndevice room1 module initialized\ndevice room2 module initialized\ndevice room3 module initialized"], "qualifier": {"code": "property does not exist"}}
2026-03-05 15:38:02 ERROR root remotelib error:IC142Panel:50001:{"property": "SetLevel", "value": [68.68686868686869], "qualifier": {"code": "property does not exist"}}
2026-03-05 15:38:02 ERROR root remotelib error:IC143Panel:50001:{"property": "SetLevel", "value": [68.68686868686869], "qualifier": {"code": "property does not exist"}}
2026-03-05 15:38:02 ERROR root remotelib error:IC144Panel:50001:{"property": "SetLevel", "value": [68.68686868686869], "qualifier": {"code": "property does not exist"}}
2026-03-05 15:38:02 ERROR root remotelib error:BreakRmPanel:50001:{"property": "SetLevel", "value": [68.68686868686869], "qualifier": {"code": "property does not exist"}}
2026-03-05 15:38:02 ERROR root remotelib error:LobbyPanel:50001:{"property": "SetLevel", "value": [68.68686868686869], "qualifier": {"code": "property does not exist"}}
2026-03-05 15:38:02 ERROR root remotelib error:BWDPanel:50001:{"property": "SetLevel", "value": [68.68686868686869], "qualifier": {"code": "property does not exist"}}
2026-03-05 15:38:02 ERROR root remotelib error:HallPanel:50001:{"property": "SetLevel", "value": [68.68686868686869], "qualifier": {"code": "property does not exist"}}
2026-03-05 15:38:02 ERROR root remotelib error:IC142Panel:50000:{"property": "SetText", "value": ["Step 69 of 99\ndevice room0 module initialized\ndevice room1 module initialized\ndevice room2 module initialized\ndevice room3 module initialized\ndevice room4 module initialized"], "qualifier": {"code": "property does not exist"}}
2026-03-05 15:38:02 ERROR root remotelib error:IC143Panel:50000:{"property": "SetText", "value": ["Step 69 of 99\ndevice room0 module initialized\ndevice room1 module initialized\ndevice room2 module initialized\ndevice room3 module initialized\ndevice room4 module initialized"], "qualifier": {"code": "property does not exist"}}
2026-03-05 15:38:02 ERROR root remotelib error:IC144Panel:50000:{"property": "SetText", "value": ["Step 69 of 99\ndevice room0 module initialized\ndevice room1 module initialized\ndevice room2 module initialized\ndevice room3 module initialized\ndevice room4 module initialized"], "qualifier": {"code": "property does not exist"}}
2026-03-05 15:38:02 ERROR root remotelib error:BreakRmPanel:50000:{"property": "SetText", "value": ["Step 69 of 99\ndevice room0 module initialized\ndevice room1 module initialized\ndevice room2 module initialized\ndevice room3 module initialized\ndevice room4 module initialized"], "qualifier": {"code": "property does not exist"}}
2026-03-05 15:38:02 ERROR root remotelib error:LobbyPanel:50000:{"property": "SetText", "value": ["Step 69 of 99\ndevice room0 module initialized\ndevice room1 module initialized\ndevice room2 module initialized\ndevice room3 module initialized\ndevice room4 module initialized"], "qualifier": {"code": "property does not exist"}}
2026-03-05 15:38:02 ERROR root remotelib error:HallPanel:50000:{"property": "SetText", "value": ["Step 69 of 99\ndevice room0 module initialized\ndevice room1 module initialized\ndevice room2 module initialized\ndevice room3 module initialized\ndevice room4 module initialized"], "qualifier": {"code": "property does not exist"}}
2026-03-05 15:38:02 ERROR root remotelib error:BWDPanel:50000:{"property": "SetText", "value": ["Step 69 of 99\ndevice room0 module initialized\ndevice room1 module initialized\ndevice room2 module initialized\ndevice room3 module initialized\ndevice room4 module initialized"], "qualifier": {"code": "property does not exist"}}
2026-03-05 15:38:02 ERROR root remotelib error:IC142Panel:50001:{"property": "SetLevel", "value": [69.6969696969697], "qualifier": {"code": "property does not exist"}}
2026-03-05 15:38:02 ERROR root remotelib error:IC143Panel:50001:{"property": "SetLevel", "value": [69.6969696969697], "qualifier": {"code": "property does not exist"}}
2026-03-05 15:38:02 ERROR root remotelib error:IC144Panel:50001:{"property": "SetLevel", "value": [69.6969696969697], "qualifier": {"code": "property does not exist"}}
2026-03-05 15:38:02 ERROR root remotelib error:BreakRmPanel:50001:{"property": "SetLevel", "value": [69.6969696969697], "qualifier": {"code": "property does not exist"}}
2026-03-05 15:38:02 ERROR root remotelib error:LobbyPanel:50001:{"property": "SetLevel", "value": [69.6969696969697], "qualifier": {"code": "property does not exist"}}
2026-03-05 15:38:02 ERROR root remotelib error:HallPanel:50001:{"property": "SetLevel", "value": [69.6969696969697], "qualifier": {"code": "property does not exist"}}
2026-03-05 15:38:02 ERROR root remotelib error:BWDPanel:50001:{"property": "SetLevel", "value": [69.6969696969697], "qualifier": {"code": "property does not exist"}}
2026-03-05 15:38:02 ERROR root remotelib error:IC142Panel:50000:{"property": "SetText", "value": ["Step 70 of 99\ndevice room1 module initialized\ndevice room2 module initialized\ndevice room3 module initialized\ndevice room4 module initialized\ndevice room5 module initialized"], "qualifier": {"code": "property does not exist"}}
2026-03-05 15:38:02 ERROR root remotelib error:IC143Panel:50000:{"property": "SetText", "value": ["Step 70 of 99\ndevice room1 module initialized\ndevice room2 module initialized\ndevice room3 module initialized\ndevice room4 module initialized\ndevice room5 module initialized"], "qualifier": {"code": "property does not exist"}}
2026-03-05 15:38:02 ERROR root remotelib error:IC144Panel:50000:{"property": "SetText", "value": ["Step 70 of 99\ndevice room1 module initialized\ndevice room2 module initialized\ndevice room3 module initialized\ndevice room4 module initialized\ndevice room5 module initialized"], "qualifier": {"code": "property does not exist"}}
2026-03-05 15:38:02 ERROR root remotelib error:BreakRmPanel:50000:{"property": "SetText", "value": ["Step 70 of 99\ndevice room1 module initialized\ndevice room2 module initialized\ndevice room3 module initialized\ndevice room4 module initialized\ndevice room5 module initialized"], "qualifier": {"code": "property does not exist"}}
2026-03-05 15:38:02 ERROR root remotelib error:LobbyPanel:50000:{"property": "SetText", "value": ["Step 70 of 99\ndevice room1 module initialized\ndevice room2 module initialized\ndevice room3 module initialized\ndevice room4 module initialized\ndevice room5 module initialized"], "qualifier": {"code": "property does not exist"}}
2026-03-05 15:38:02 ERROR root remotelib error:HallPanel:50000:{"property": "SetText", "value": ["Step 70 of 99\ndevice room1 module initialized\ndevice room2 module initialized\ndevice room3 module initialized\ndevice room4 module initialized\ndevice room5 module initialized"], "qualifier": {"code": "property does not exist"}}
2026-03-05 15:38:02 ERROR root remotelib error:BWDPanel:50000:{"property": "SetText", "value": ["Step 70 of 99\ndevice room1 module initialized\ndevice room2 module initialized\ndevice room3 module initialized\ndevice room4 module initialized\ndevice room5 module initialized"], "qualifier": {"code": "property does not exist"}}
2026-03-05 15:38:02 ERROR root remotelib error:IC142Panel:50001:{"property": "SetLevel", "value": [70.70707070707071], "qualifier": {"code": "property does not exist"}}
2026-03-05 15:38:02 ERROR root remotelib error:IC143Panel:50001:{"property": "SetLevel", "value": [70.70707070707071], "qualifier": {"code": "property does not exist"}}
2026-03-05 15:38:02 ERROR root remotelib error:IC144Panel:50001:{"property": "SetLevel", "value": [70.70707070707071], "qualifier": {"code": "property does not exist"}}
2026-03-05 15:38:02 ERROR root remotelib error:BreakRmPanel:50001:{"property": "SetLevel", "value": [70.70707070707071], "qualifier": {"code": "property does not exist"}}
2026-03-05 15:38:02 ERROR root remotelib error:LobbyPanel:50001:{"property": "SetLevel", "value": [70.70707070707071], "qualifier": {"code": "property does not exist"}}
2026-03-05 15:38:03 ERROR root remotelib error:HallPanel:50001:{"property": "SetLevel", "value": [70.70707070707071], "qualifier": {"code": "property does not exist"}}
2026-03-05 15:38:03 ERROR root remotelib error:BWDPanel:50001:{"property": "SetLevel", "value": [70.70707070707071], "qualifier": {"code": "property does not exist"}}
2026-03-05 15:38:03 ERROR root remotelib error:IC143Panel:50000:{"property": "SetText", "value": ["Step 71 of 99\ndevice room2 module initialized\ndevice room3 module initialized\ndevice room4 module initialized\ndevice room5 module initialized\ndevice room6 module initialized"], "qualifier": {"code": "property does not exist"}}
2026-03-05 15:38:03 ERROR root remotelib error:IC144Panel:50000:{"property": "SetText", "value": ["Step 71 of 99\ndevice room2 module initialized\ndevice room3 module initialized\ndevice room4 module initialized\ndevice room5 module initialized\ndevice room6 module initialized"], "qualifier": {"code": "property does not exist"}}
2026-03-05 15:38:03 ERROR root remotelib error:IC142Panel:50000:{"property": "SetText", "value": ["Step 71 of 99\ndevice room2 module initialized\ndevice room3 module initialized\ndevice room4 module initialized\ndevice room5 module initialized\ndevice room6 module initialized"], "qualifier": {"code": "property does not exist"}}
2026-03-05 15:38:03 ERROR root remotelib error:BreakRmPanel:50000:{"property": "SetText", "value": ["Step 71 of 99\ndevice room2 module initialized\ndevice room3 module initialized\ndevice room4 module initialized\ndevice room5 module initialized\ndevice room6 module initialized"], "qualifier": {"code": "property does not exist"}}
2026-03-05 15:38:03 ERROR root remotelib error:LobbyPanel:50000:{"property": "SetText", "value": ["Step 71 of 99\ndevice room2 module initialized\ndevice room3 module initialized\ndevice room4 module initialized\ndevice room5 module initialized\ndevice room6 module initialized"], "qualifier": {"code": "property does not exist"}}
2026-03-05 15:38:03 ERROR root remotelib error:HallPanel:50000:{"property": "SetText", "value": ["Step 71 of 99\ndevice room2 module initialized\ndevice room3 module initialized\ndevice room4 module initialized\ndevice room5 module initialized\ndevice room6 module initialized"], "qualifier": {"code": "property does not exist"}}
2026-03-05 15:38:03 ERROR root remotelib error:BWDPanel:50000:{"property": "SetText", "value": ["Step 71 of 99\ndevice room2 module initialized\ndevice room3 module initialized\ndevice room4 module initialized\ndevice room5 module initialized\ndevice room6 module initialized"], "qualifier": {"code": "property does not exist"}}
2026-03-05 15:38:03 ERROR root remotelib error:IC142Panel:50001:{"property": "SetLevel", "value": [71.71717171717172], "qualifier": {"code": "property does not exist"}}
2026-03-05 15:38:03 ERROR root remotelib error:IC143Panel:50001:{"property": "SetLevel", "value": [71.71717171717172], "qualifier": {"code": "property does not exist"}}
2026-03-05 15:38:03 ERROR root remotelib error:IC144Panel:50001:{"property": "SetLevel", "value": [71.71717171717172], "qualifier": {"code": "property does not exist"}}
2026-03-05 15:38:03 ERROR root remotelib error:LobbyPanel:50001:{"property": "SetLevel", "value": [71.71717171717172], "qualifier": {"code": "property does not exist"}}
2026-03-05 15:38:03 ERROR root remotelib error:BreakRmPanel:50001:{"property": "SetLevel", "value": [71.71717171717172], "qualifier": {"code": "property does not exist"}}
2026-03-05 15:38:03 ERROR root remotelib error:HallPanel:50001:{"property": "SetLevel", "value": [71.71717171717172], "qualifier": {"code": "property does not exist"}}
2026-03-05 15:38:03 ERROR root remotelib error:BWDPanel:50001:{"property": "SetLevel", "value": [71.71717171717172], "qualifier": {"code": "property does not exist"}}
2026-03-05 15:38:03 ERROR root remotelib error:IC142Panel:50000:{"property": "SetText", "value": ["Step 72 of 99\ndevice room3 module initialized\ndevice room4 module initialized\ndevice room5 module initialized\ndevice room6 module initialized\ndevice switch0 module initialized"], "qualifier": {"code": "property does not exist"}}
2026-03-05 15:38:03 ERROR root remotelib error:IC143Panel:50000:{"property": "SetText", "value": ["Step 72 of 99\ndevice room3 module initialized\ndevice room4 module initialized\ndevice room5 module initialized\ndevice room6 module initialized\ndevice switch0 module initialized"], "qualifier": {"code": "property does not exist"}}
2026-03-05 15:38:03 ERROR root remotelib error:BreakRmPanel:50000:{"property": "SetText", "value": ["Step 72 of 99\ndevice room3 module initialized\ndevice room4 module initialized\ndevice room5 module initialized\ndevice room6 module initialized\ndevice switch0 module initialized"], "qualifier": {"code": "property does not exist"}}
2026-03-05 15:38:03 ERROR root remotelib error:IC144Panel:50000:{"property": "SetText", "value": ["Step 72 of 99\ndevice room3 module initialized\ndevice room4 module initialized\ndevice room5 module initialized\ndevice room6 module initialized\ndevice switch0 module initialized"], "qualifier": {"code": "property does not exist"}}
2026-03-05 15:38:03 ERROR root remotelib error:LobbyPanel:50000:{"property": "SetText", "value": ["Step 72 of 99\ndevice room3 module initialized\ndevice room4 module initialized\ndevice room5 module initialized\ndevice room6 module initialized\ndevice switch0 module initialized"], "qualifier": {"code": "property does not exist"}}
2026-03-05 15:38:03 ERROR root remotelib error:HallPanel:50000:{"property": "SetText", "value": ["Step 72 of 99\ndevice room3 module initialized\ndevice room4 module initialized\ndevice room5 module initialized\ndevice room6 module initialized\ndevice switch0 module initialized"], "qualifier": {"code": "property does not exist"}}
2026-03-05 15:38:03 ERROR root remotelib error:BWDPanel:50000:{"property": "SetText", "value": ["Step 72 of 99\ndevice room3 module initialized\ndevice room4 module initialized\ndevice room5 module initialized\ndevice room6 module initialized\ndevice switch0 module initialized"], "qualifier": {"code": "property does not exist"}}
2026-03-05 15:38:03 ERROR root remotelib error:IC142Panel:50001:{"property": "SetLevel", "value": [72.72727272727273], "qualifier": {"code": "property does not exist"}}
2026-03-05 15:38:03 ERROR root can't start new thread
2026-03-05 15:38:03 ERROR root remotelib error:IC144Panel:50001:{"property": "SetLevel", "value": [72.72727272727273], "qualifier": {"code": "property does not exist"}}
2026-03-05 15:38:03 ERROR root remotelib error:BreakRmPanel:50001:{"property": "SetLevel", "value": [72.72727272727273], "qualifier": {"code": "property does not exist"}}
2026-03-05 15:38:03 ERROR root remotelib error:LobbyPanel:50001:{"property": "SetLevel", "value": [72.72727272727273], "qualifier": {"code": "property does not exist"}}
2026-03-05 15:38:03 ERROR root remotelib error:IC143Panel:50001:{"property": "SetLevel", "value": [72.72727272727273], "qualifier": {"code": "property does not exist"}}
2026-03-05 15:38:03 ERROR root remotelib error:HallPanel:50001:{"property": "SetLevel", "value": [72.72727272727273], "qualifier": {"code": "property does not exist"}}
2026-03-05 15:38:03 ERROR root remotelib error:IC142Panel:50000:{"property": "SetText", "value": ["Step 73 of 99\ndevice room4 module initialized\ndevice room5 module initialized\ndevice room6 module initialized\ndevice switch0 module initialized\ndevice display0 module initialized"], "qualifier": {"code": "property does not exist"}}
2026-03-05 15:38:03 ERROR root remotelib error:BWDPanel:50001:{"property": "SetLevel", "value": [72.72727272727273], "qualifier": {"code": "property does not exist"}}
2026-03-05 15:38:03 ERROR root remotelib error:IC143Panel:50000:{"property": "SetText", "value": ["Step 73 of 99\ndevice room4 module initialized\ndevice room5 module initialized\ndevice room6 module initialized\ndevice switch0 module initialized\ndevice display0 module initialized"], "qualifier": {"code": "property does not exist"}}
2026-03-05 15:38:03 ERROR root remotelib error:IC144Panel:50000:{"property": "SetText", "value": ["Step 73 of 99\ndevice room4 module initialized\ndevice room5 module initialized\ndevice room6 module initialized\ndevice switch0 module initialized\ndevice display0 module initialized"], "qualifier": {"code": "property does not exist"}}
2026-03-05 15:38:03 ERROR root remotelib error:BreakRmPanel:50000:{"property": "SetText", "value": ["Step 73 of 99\ndevice room4 module initialized\ndevice room5 module initialized\ndevice room6 module initialized\ndevice switch0 module initialized\ndevice display0 module initialized"], "qualifier": {"code": "property does not exist"}}
2026-03-05 15:38:03 ERROR root remotelib error:LobbyPanel:50000:{"property": "SetText", "value": ["Step 73 of 99\ndevice room4 module initialized\ndevice room5 module initialized\ndevice room6 module initialized\ndevice switch0 module initialized\ndevice display0 module initialized"], "qualifier": {"code": "property does not exist"}}
2026-03-05 15:38:03 ERROR root remotelib error:HallPanel:50000:{"property": "SetText", "value": ["Step 73 of 99\ndevice room4 module initialized\ndevice room5 module initialized\ndevice room6 module initialized\ndevice switch0 module initialized\ndevice display0 module initialized"], "qualifier": {"code": "property does not exist"}}
2026-03-05 15:38:03 ERROR root remotelib error:BWDPanel:50000:{"property": "SetText", "value": ["Step 73 of 99\ndevice room4 module initialized\ndevice room5 module initialized\ndevice room6 module initialized\ndevice switch0 module initialized\ndevice display0 module initialized"], "qualifier": {"code": "property does not exist"}}
2026-03-05 15:38:03 ERROR root remotelib error:IC142Panel:50001:{"property": "SetLevel", "value": [73.73737373737374], "qualifier": {"code": "property does not exist"}}
2026-03-05 15:38:03 ERROR root remotelib error:IC144Panel:50001:{"property": "SetLevel", "value": [73.73737373737374], "qualifier": {"code": "property does not exist"}}
2026-03-05 15:38:03 ERROR root remotelib error:IC143Panel:50001:{"property": "SetLevel", "value": [73.73737373737374], "qualifier": {"code": "property does not exist"}}
2026-03-05 15:38:03 ERROR root remotelib error:BreakRmPanel:50001:{"property": "SetLevel", "value": [73.73737373737374], "qualifier": {"code": "property does not exist"}}
2026-03-05 15:38:03 ERROR root remotelib error:LobbyPanel:50001:{"property": "SetLevel", "value": [73.73737373737374], "qualifier": {"code": "property does not exist"}}
2026-03-05 15:38:03 ERROR root remotelib error:HallPanel:50001:{"property": "SetLevel", "value": [73.73737373737374], "qualifier": {"code": "property does not exist"}}
2026-03-05 15:38:03 ERROR root remotelib error:BWDPanel:50001:{"property": "SetLevel", "value": [73.73737373737374], "qualifier": {"code": "property does not exist"}}
2026-03-05 15:38:03 ERROR root remotelib error:IC142Panel:50000:{"property": "SetText", "value": ["Step 74 of 99\ndevice room5 module initialized\ndevice room6 module initialized\ndevice switch0 module initialized\ndevice display0 module initialized\ndevice display1 module initialized"], "qualifier": {"code": "property does not exist"}}
2026-03-05 15:38:03 ERROR root remotelib error:IC144Panel:50000:{"property": "SetText", "value": ["Step 74 of 99\ndevice room5 module initialized\ndevice room6 module initialized\ndevice switch0 module initialized\ndevice display0 module initialized\ndevice display1 module initialized"], "qualifier": {"code": "property does not exist"}}
2026-03-05 15:38:03 ERROR root remotelib error:IC143Panel:50000:{"property": "SetText", "value": ["Step 74 of 99\ndevice room5 module initialized\ndevice room6 module initialized\ndevice switch0 module initialized\ndevice display0 module initialized\ndevice display1 module initialized"], "qualifier": {"code": "property does not exist"}}
2026-03-05 15:38:03 ERROR root remotelib error:BreakRmPanel:50000:{"property": "SetText", "value": ["Step 74 of 99\ndevice room5 module initialized\ndevice room6 module initialized\ndevice switch0 module initialized\ndevice display0 module initialized\ndevice display1 module initialized"], "qualifier": {"code": "property does not exist"}}
2026-03-05 15:38:03 ERROR root remotelib error:LobbyPanel:50000:{"property": "SetText", "value": ["Step 74 of 99\ndevice room5 module initialized\ndevice room6 module initialized\ndevice switch0 module initialized\ndevice display0 module initialized\ndevice display1 module initialized"], "qualifier": {"code": "property does not exist"}}
2026-03-05 15:38:03 ERROR root remotelib error:HallPanel:50000:{"property": "SetText", "value": ["Step 74 of 99\ndevice room5 module initialized\ndevice room6 module initialized\ndevice switch0 module initialized\ndevice display0 module initialized\ndevice display1 module initialized"], "qualifier": {"code": "property does not exist"}}
2026-03-05 15:38:03 ERROR root remotelib error:BWDPanel:50000:{"property": "SetText", "value": ["Step 74 of 99\ndevice room5 module initialized\ndevice room6 module initialized\ndevice switch0 module initialized\ndevice display0 module initialized\ndevice display1 module initialized"], "qualifier": {"code": "property does not exist"}}
2026-03-05 15:38:03 ERROR root remotelib error:IC143Panel:50001:{"property": "SetLevel", "value": [74.74747474747475], "qualifier": {"code": "property does not exist"}}
2026-03-05 15:38:03 ERROR root remotelib error:IC142Panel:50001:{"property": "SetLevel", "value": [74.74747474747475], "qualifier": {"code": "property does not exist"}}
2026-03-05 15:38:03 ERROR root remotelib error:IC144Panel:50001:{"property": "SetLevel", "value": [74.74747474747475], "qualifier": {"code": "property does not exist"}}
2026-03-05 15:38:03 ERROR root remotelib error:BreakRmPanel:50001:{"property": "SetLevel", "value": [74.74747474747475], "qualifier": {"code": "property does not exist"}}
2026-03-05 15:38:03 ERROR root remotelib error:LobbyPanel:50001:{"property": "SetLevel", "value": [74.74747474747475], "qualifier": {"code": "property does not exist"}}
2026-03-05 15:38:03 ERROR root remotelib error:HallPanel:50001:{"property": "SetLevel", "value": [74.74747474747475], "qualifier": {"code": "property does not exist"}}
2026-03-05 15:38:03 ERROR root remotelib error:BWDPanel:50001:{"property": "SetLevel", "value": [74.74747474747475], "qualifier": {"code": "property does not exist"}}
2026-03-05 15:38:03 ERROR root remotelib error:IC142Panel:50000:{"property": "SetText", "value": ["Step 75 of 99\ndevice room6 module initialized\ndevice switch0 module initialized\ndevice display0 module initialized\ndevice display1 module initialized\ndevice display2 module initialized"], "qualifier": {"code": "property does not exist"}}
2026-03-05 15:38:03 ERROR root remotelib error:IC143Panel:50000:{"property": "SetText", "value": ["Step 75 of 99\ndevice room6 module initialized\ndevice switch0 module initialized\ndevice display0 module initialized\ndevice display1 module initialized\ndevice display2 module initialized"], "qualifier": {"code": "property does not exist"}}
2026-03-05 15:38:03 ERROR root remotelib error:IC144Panel:50000:{"property": "SetText", "value": ["Step 75 of 99\ndevice room6 module initialized\ndevice switch0 module initialized\ndevice display0 module initialized\ndevice display1 module initialized\ndevice display2 module initialized"], "qualifier": {"code": "property does not exist"}}
2026-03-05 15:38:03 ERROR root remotelib error:BreakRmPanel:50000:{"property": "SetText", "value": ["Step 75 of 99\ndevice room6 module initialized\ndevice switch0 module initialized\ndevice display0 module initialized\ndevice display1 module initialized\ndevice display2 module initialized"], "qualifier": {"code": "property does not exist"}}
2026-03-05 15:38:03 ERROR root remotelib error:LobbyPanel:50000:{"property": "SetText", "value": ["Step 75 of 99\ndevice room6 module initialized\ndevice switch0 module initialized\ndevice display0 module initialized\ndevice display1 module initialized\ndevice display2 module initialized"], "qualifier": {"code": "property does not exist"}}
2026-03-05 15:38:03 ERROR root remotelib error:HallPanel:50000:{"property": "SetText", "value": ["Step 75 of 99\ndevice room6 module initialized\ndevice switch0 module initialized\ndevice display0 module initialized\ndevice display1 module initialized\ndevice display2 module initialized"], "qualifier": {"code": "property does not exist"}}
2026-03-05 15:38:03 ERROR root remotelib error:BWDPanel:50000:{"property": "SetText", "value": ["Step 75 of 99\ndevice room6 module initialized\ndevice switch0 module initialized\ndevice display0 module initialized\ndevice display1 module initialized\ndevice display2 module initialized"], "qualifier": {"code": "property does not exist"}}
2026-03-05 15:38:03 ERROR root remotelib error:IC142Panel:50001:{"property": "SetLevel", "value": [75.75757575757575], "qualifier": {"code": "property does not exist"}}
2026-03-05 15:38:03 ERROR root remotelib error:IC143Panel:50001:{"property": "SetLevel", "value": [75.75757575757575], "qualifier": {"code": "property does not exist"}}
2026-03-05 15:38:03 ERROR root remotelib error:IC144Panel:50001:{"property": "SetLevel", "value": [75.75757575757575], "qualifier": {"code": "property does not exist"}}
2026-03-05 15:38:03 ERROR root remotelib error:LobbyPanel:50001:{"property": "SetLevel", "value": [75.75757575757575], "qualifier": {"code": "property does not exist"}}
2026-03-05 15:38:03 ERROR root remotelib error:BreakRmPanel:50001:{"property": "SetLevel", "value": [75.75757575757575], "qualifier": {"code": "property does not exist"}}
2026-03-05 15:38:03 ERROR root remotelib error:HallPanel:50001:{"property": "SetLevel", "value": [75.75757575757575], "qualifier": {"code": "property does not exist"}}
2026-03-05 15:38:03 ERROR root remotelib error:BWDPanel:50001:{"property": "SetLevel", "value": [75.75757575757575], "qualifier": {"code": "property does not exist"}}
2026-03-05 15:38:03 ERROR root remotelib error:IC142Panel:50000:{"property": "SetText", "value": ["Step 76 of 99\ndevice switch0 module initialized\ndevice display0 module initialized\ndevice display1 module initialized\ndevice display2 module initialized\ndevice display3 module initialized"], "qualifier": {"code": "property does not exist"}}
2026-03-05 15:38:03 ERROR root remotelib error:IC143Panel:50000:{"property": "SetText", "value": ["Step 76 of 99\ndevice switch0 module initialized\ndevice display0 module initialized\ndevice display1 module initialized\ndevice display2 module initialized\ndevice display3 module initialized"], "qualifier": {"code": "property does not exist"}}
2026-03-05 15:38:03 ERROR root remotelib error:IC144Panel:50000:{"property": "SetText", "value": ["Step 76 of 99\ndevice switch0 module initialized\ndevice display0 module initialized\ndevice display1 module initialized\ndevice display2 module initialized\ndevice display3 module initialized"], "qualifier": {"code": "property does not exist"}}
2026-03-05 15:38:03 ERROR root remotelib error:BreakRmPanel:50000:{"property": "SetText", "value": ["Step 76 of 99\ndevice switch0 module initialized\ndevice display0 module initialized\ndevice display1 module initialized\ndevice display2 module initialized\ndevice display3 module initialized"], "qualifier": {"code": "property does not exist"}}
2026-03-05 15:38:03 ERROR root remotelib error:LobbyPanel:50000:{"property": "SetText", "value": ["Step 76 of 99\ndevice switch0 module initialized\ndevice display0 module initialized\ndevice display1 module initialized\ndevice display2 module initialized\ndevice display3 module initialized"], "qualifier": {"code": "property does not exist"}}
2026-03-05 15:38:03 ERROR root remotelib error:HallPanel:50000:{"property": "SetText", "value": ["Step 76 of 99\ndevice switch0 module initialized\ndevice display0 module initialized\ndevice display1 module initialized\ndevice display2 module initialized\ndevice display3 module initialized"], "qualifier": {"code": "property does not exist"}}
2026-03-05 15:38:03 ERROR root remotelib error:BWDPanel:50000:{"property": "SetText", "value": ["Step 76 of 99\ndevice switch0 module initialized\ndevice display0 module initialized\ndevice display1 module initialized\ndevice display2 module initialized\ndevice display3 module initialized"], "qualifier": {"code": "property does not exist"}}
2026-03-05 15:38:03 ERROR root remotelib error:IC142Panel:50001:{"property": "SetLevel", "value": [76.76767676767676], "qualifier": {"code": "property does not exist"}}
2026-03-05 15:38:03 ERROR root remotelib error:IC143Panel:50001:{"property": "SetLevel", "value": [76.76767676767676], "qualifier": {"code": "property does not exist"}}
2026-03-05 15:38:03 ERROR root remotelib error:IC144Panel:50001:{"property": "SetLevel", "value": [76.76767676767676], "qualifier": {"code": "property does not exist"}}
2026-03-05 15:38:03 ERROR root remotelib error:BreakRmPanel:50001:{"property": "SetLevel", "value": [76.76767676767676], "qualifier": {"code": "property does not exist"}}
2026-03-05 15:38:03 ERROR root remotelib error:LobbyPanel:50001:{"property": "SetLevel", "value": [76.76767676767676], "qualifier": {"code": "property does not exist"}}
2026-03-05 15:38:03 ERROR root remotelib error:HallPanel:50001:{"property": "SetLevel", "value": [76.76767676767676], "qualifier": {"code": "property does not exist"}}
2026-03-05 15:38:03 ERROR root remotelib error:BWDPanel:50001:{"property": "SetLevel", "value": [76.76767676767676], "qualifier": {"code": "property does not exist"}}
2026-03-05 15:38:03 ERROR root remotelib error:IC142Panel:50000:{"property": "SetText", "value": ["Step 77 of 99\ndevice display0 module initialized\ndevice display1 module initialized\ndevice display2 module initialized\ndevice display3 module initialized\ndevice display4 module initialized"], "qualifier": {"code": "property does not exist"}}
2026-03-05 15:38:03 ERROR root remotelib error:IC143Panel:50000:{"property": "SetText", "value": ["Step 77 of 99\ndevice display0 module initialized\ndevice display1 module initialized\ndevice display2 module initialized\ndevice display3 module initialized\ndevice display4 module initialized"], "qualifier": {"code": "property does not exist"}}
2026-03-05 15:38:03 ERROR root remotelib error:IC144Panel:50000:{"property": "SetText", "value": ["Step 77 of 99\ndevice display0 module initialized\ndevice display1 module initialized\ndevice display2 module initialized\ndevice display3 module initialized\ndevice display4 module initialized"], "qualifier": {"code": "property does not exist"}}
2026-03-05 15:38:03 ERROR root remotelib error:BreakRmPanel:50000:{"property": "SetText", "value": ["Step 77 of 99\ndevice display0 module initialized\ndevice display1 module initialized\ndevice display2 module initialized\ndevice display3 module initialized\ndevice display4 module initialized"], "qualifier": {"code": "property does not exist"}}
2026-03-05 15:38:03 ERROR root remotelib error:LobbyPanel:50000:{"property": "SetText", "value": ["Step 77 of 99\ndevice display0 module initialized\ndevice display1 module initialized\ndevice display2 module initialized\ndevice display3 module initialized\ndevice display4 module initialized"], "qualifier": {"code": "property does not exist"}}
2026-03-05 15:38:03 ERROR root remotelib error:HallPanel:50000:{"property": "SetText", "value": ["Step 77 of 99\ndevice display0 module initialized\ndevice display1 module initialized\ndevice display2 module initialized\ndevice display3 module initialized\ndevice display4 module initialized"], "qualifier": {"code": "property does not exist"}}
2026-03-05 15:38:03 ERROR root remotelib error:BWDPanel:50000:{"property": "SetText", "value": ["Step 77 of 99\ndevice display0 module initialized\ndevice display1 module initialized\ndevice display2 module initialized\ndevice display3 module initialized\ndevice display4 module initialized"], "qualifier": {"code": "property does not exist"}}
2026-03-05 15:38:03 ERROR root remotelib error:IC142Panel:50001:{"property": "SetLevel", "value": [77.77777777777777], "qualifier": {"code": "property does not exist"}}
2026-03-05 15:38:03 ERROR root remotelib error:IC143Panel:50001:{"property": "SetLevel", "value": [77.77777777777777], "qualifier": {"code": "property does not exist"}}
2026-03-05 15:38:03 ERROR root remotelib error:IC144Panel:50001:{"property": "SetLevel", "value": [77.77777777777777], "qualifier": {"code": "property does not exist"}}
2026-03-05 15:38:03 ERROR root remotelib error:BreakRmPanel:50001:{"property": "SetLevel", "value": [77.77777777777777], "qualifier": {"code": "property does not exist"}}
2026-03-05 15:38:03 ERROR root remotelib error:LobbyPanel:50001:{"property": "SetLevel", "value": [77.77777777777777], "qualifier": {"code": "property does not exist"}}
2026-03-05 15:38:03 ERROR root remotelib error:HallPanel:50001:{"property": "SetLevel", "value": [77.77777777777777], "qualifier": {"code": "property does not exist"}}
2026-03-05 15:38:03 ERROR root remotelib error:BWDPanel:50001:{"property": "SetLevel", "value": [77.77777777777777], "qualifier": {"code": "property does not exist"}}
2026-03-05 15:38:03 ERROR root remotelib error:IC142Panel:50000:{"property": "SetText", "value": ["Step 78 of 99\ndevice display1 module initialized\ndevice display2 module initialized\ndevice display3 module initialized\ndevice display4 module initialized\ndevice display5 module initialized"], "qualifier": {"code": "property does not exist"}}
2026-03-05 15:38:03 ERROR root remotelib error:IC144Panel:50000:{"property": "SetText", "value": ["Step 78 of 99\ndevice display1 module initialized\ndevice display2 module initialized\ndevice display3 module initialized\ndevice display4 module initialized\ndevice display5 module initialized"], "qualifier": {"code": "property does not exist"}}
2026-03-05 15:38:03 ERROR root remotelib error:IC143Panel:50000:{"property": "SetText", "value": ["Step 78 of 99\ndevice display1 module initialized\ndevice display2 module initialized\ndevice display3 module initialized\ndevice display4 module initialized\ndevice display5 module initialized"], "qualifier": {"code": "property does not exist"}}
2026-03-05 15:38:03 ERROR root remotelib error:BreakRmPanel:50000:{"property": "SetText", "value": ["Step 78 of 99\ndevice display1 module initialized\ndevice display2 module initialized\ndevice display3 module initialized\ndevice display4 module initialized\ndevice display5 module initialized"], "qualifier": {"code": "property does not exist"}}
2026-03-05 15:38:03 ERROR root remotelib error:LobbyPanel:50000:{"property": "SetText", "value": ["Step 78 of 99\ndevice display1 module initialized\ndevice display2 module initialized\ndevice display3 module initialized\ndevice display4 module initialized\ndevice display5 module initialized"], "qualifier": {"code": "property does not exist"}}
2026-03-05 15:38:03 ERROR root remotelib error:HallPanel:50000:{"property": "SetText", "value": ["Step 78 of 99\ndevice display1 module initialized\ndevice display2 module initialized\ndevice display3 module initialized\ndevice display4 module initialized\ndevice display5 module initialized"], "qualifier": {"code": "property does not exist"}}
2026-03-05 15:38:03 ERROR root remotelib error:BWDPanel:50000:{"property": "SetText", "value": ["Step 78 of 99\ndevice display1 module initialized\ndevice display2 module initialized\ndevice display3 module initialized\ndevice display4 module initialized\ndevice display5 module initialized"], "qualifier": {"code": "property does not exist"}}
2026-03-05 15:38:03 ERROR root remotelib error:IC142Panel:50001:{"property": "SetLevel", "value": [78.78787878787878], "qualifier": {"code": "property does not exist"}}
2026-03-05 15:38:03 ERROR root remotelib error:IC143Panel:50001:{"property": "SetLevel", "value": [78.78787878787878], "qualifier": {"code": "property does not exist"}}
2026-03-05 15:38:03 ERROR root remotelib error:IC144Panel:50001:{"property": "SetLevel", "value": [78.78787878787878], "qualifier": {"code": "property does not exist"}}
2026-03-05 15:38:03 ERROR root remotelib error:BreakRmPanel:50001:{"property": "SetLevel", "value": [78.78787878787878], "qualifier": {"code": "property does not exist"}}
2026-03-05 15:38:03 ERROR root remotelib error:LobbyPanel:50001:{"property": "SetLevel", "value": [78.78787878787878], "qualifier": {"code": "property does not exist"}}
2026-03-05 15:38:03 ERROR root remotelib error:HallPanel:50001:{"property": "SetLevel", "value": [78.78787878787878], "qualifier": {"code": "property does not exist"}}
2026-03-05 15:38:03 ERROR root remotelib error:BWDPanel:50001:{"property": "SetLevel", "value": [78.78787878787878], "qualifier": {"code": "property does not exist"}}
2026-03-05 15:38:03 ERROR root remotelib error:IC142Panel:50000:{"property": "SetText", "value": ["Step 79 of 99\ndevice display2 module initialized\ndevice display3 module initialized\ndevice display4 module initialized\ndevice display5 module initialized\nend initialize device modules"], "qualifier": {"code": "property does not exist"}}
2026-03-05 15:38:03 ERROR root remotelib error:IC143Panel:50000:{"property": "SetText", "value": ["Step 79 of 99\ndevice display2 module initialized\ndevice display3 module initialized\ndevice display4 module initialized\ndevice display5 module initialized\nend initialize device modules"], "qualifier": {"code": "property does not exist"}}
2026-03-05 15:38:03 ERROR root remotelib error:IC144Panel:50000:{"property": "SetText", "value": ["Step 79 of 99\ndevice display2 module initialized\ndevice display3 module initialized\ndevice display4 module initialized\ndevice display5 module initialized\nend initialize device modules"], "qualifier": {"code": "property does not exist"}}
2026-03-05 15:38:03 ERROR root remotelib error:BreakRmPanel:50000:{"property": "SetText", "value": ["Step 79 of 99\ndevice display2 module initialized\ndevice display3 module initialized\ndevice display4 module initialized\ndevice display5 module initialized\nend initialize device modules"], "qualifier": {"code": "property does not exist"}}
2026-03-05 15:38:03 ERROR root remotelib error:LobbyPanel:50000:{"property": "SetText", "value": ["Step 79 of 99\ndevice display2 module initialized\ndevice display3 module initialized\ndevice display4 module initialized\ndevice display5 module initialized\nend initialize device modules"], "qualifier": {"code": "property does not exist"}}
2026-03-05 15:38:03 ERROR root remotelib error:HallPanel:50000:{"property": "SetText", "value": ["Step 79 of 99\ndevice display2 module initialized\ndevice display3 module initialized\ndevice display4 module initialized\ndevice display5 module initialized\nend initialize device modules"], "qualifier": {"code": "property does not exist"}}
2026-03-05 15:38:03 ERROR root remotelib error:BWDPanel:50000:{"property": "SetText", "value": ["Step 79 of 99\ndevice display2 module initialized\ndevice display3 module initialized\ndevice display4 module initialized\ndevice display5 module initialized\nend initialize device modules"], "qualifier": {"code": "property does not exist"}}
2026-03-05 15:38:03 ERROR root remotelib error:IC142Panel:50001:{"property": "SetLevel", "value": [79.79797979797979], "qualifier": {"code": "property does not exist"}}
2026-03-05 15:38:03 ERROR root remotelib error:IC143Panel:50001:{"property": "SetLevel", "value": [79.79797979797979], "qualifier": {"code": "property does not exist"}}
2026-03-05 15:38:03 ERROR root remotelib error:IC144Panel:50001:{"property": "SetLevel", "value": [79.79797979797979], "qualifier": {"code": "property does not exist"}}
2026-03-05 15:38:03 ERROR root remotelib error:LobbyPanel:50001:{"property": "SetLevel", "value": [79.79797979797979], "qualifier": {"code": "property does not exist"}}
2026-03-05 15:38:03 ERROR root remotelib error:BreakRmPanel:50001:{"property": "SetLevel", "value": [79.79797979797979], "qualifier": {"code": "property does not exist"}}
2026-03-05 15:38:03 ERROR root remotelib error:HallPanel:50001:{"property": "SetLevel", "value": [79.79797979797979], "qualifier": {"code": "property does not exist"}}
2026-03-05 15:38:03 ERROR root remotelib error:BWDPanel:50001:{"property": "SetLevel", "value": [79.79797979797979], "qualifier": {"code": "property does not exist"}}
2026-03-05 15:38:03 ERROR root SerialInterface spd1:COM1SendAndWait: Port COM1 not open
2026-03-05 15:38:03 ERROR root SerialInterface spd2:COM1SendAndWait: Port COM1 not open
2026-03-05 15:38:03 ERROR root SerialInterface spd3:COM1SendAndWait: Port COM1 not open
2026-03-05 15:38:03 ERROR root SerialInterface spd4:COM1SendAndWait: Port COM1 not open
2026-03-05 15:38:03 ERROR root SerialInterface spd5:COM1SendAndWait: Port COM1 not open
2026-03-05 15:38:03 ERROR root SerialInterface spd6:COM1SendAndWait: Port COM1 not open
2026-03-05 15:38:07 INFO root Device 17-0 VTLP sync handling began
2026-03-05 15:38:07 INFO root Device 19-0 VTLP sync handling began
2026-03-05 15:38:07 INFO root Device 17-0 VTLP sync handling ended
2026-03-05 15:38:07 INFO root Device 19-0 VTLP sync handling ended
2026-03-05 15:38:07 INFO root Device 21-0 VTLP sync handling began
2026-03-05 15:38:07 INFO root Device 19-0 VTLP sync handling began
2026-03-05 15:38:07 INFO root Device 17-0 VTLP sync handling began
2026-03-05 15:38:07 INFO root Device 21-0 VTLP sync handling ended
2026-03-05 15:38:07 INFO root Device 19-0 VTLP sync handling ended
2026-03-05 15:38:07 INFO root Device 20-0 VTLP sync handling began
2026-03-05 15:38:07 INFO root Device 17-0 VTLP sync handling ended
2026-03-05 15:38:07 INFO root Device 20-0 VTLP sync handling ended
2026-03-05 15:38:07 INFO root Device 21-0 VTLP sync handling began
2026-03-05 15:38:07 INFO root Device 18-0 VTLP sync handling began
2026-03-05 15:38:07 INFO root Device 19-0 VTLP sync handling began
2026-03-05 15:38:07 INFO root Device 17-0 VTLP sync handling began
2026-03-05 15:38:07 INFO root Device 21-0 VTLP sync handling ended
2026-03-05 15:38:07 INFO root Device 18-0 VTLP sync handling ended
2026-03-05 15:38:07 INFO root Device 19-0 VTLP sync handling ended
2026-03-05 15:38:07 INFO root Device 17-0 VTLP sync handling ended
2026-03-05 15:38:07 INFO root Device 20-0 VTLP sync handling began
2026-03-05 15:38:07 INFO root Device 18-0 VTLP sync handling began
2026-03-05 15:38:07 INFO root Device 21-0 VTLP sync handling began
2026-03-05 15:38:07 INFO root Device 16-0 VTLP sync handling began
2026-03-05 15:38:07 INFO root Device 19-0 VTLP sync handling began
2026-03-05 15:38:07 INFO root Device 17-0 VTLP sync handling began
2026-03-05 15:38:07 INFO root Device 20-0 VTLP sync handling ended
2026-03-05 15:38:07 INFO root Device 21-0 VTLP sync handling ended
2026-03-05 15:38:07 INFO root Device 18-0 VTLP sync handling ended
2026-03-05 15:38:07 INFO root Device 20-0 VTLP sync handling began
2026-03-05 15:38:07 INFO root Device 21-0 VTLP sync handling began
2026-03-05 15:38:07 INFO root Device 18-0 VTLP sync handling began
2026-03-05 15:38:07 INFO root Device 16-0 VTLP sync handling ended
2026-03-05 15:38:07 INFO root Device 17-0 VTLP sync handling ended
2026-03-05 15:38:07 INFO root Device 20-0 VTLP sync handling ended
2026-03-05 15:38:07 INFO root Device 18-0 VTLP sync handling ended
2026-03-05 15:38:07 INFO root Device 21-0 VTLP sync handling ended
2026-03-05 15:38:07 INFO root Device 16-0 VTLP sync handling began
2026-03-05 15:38:07 INFO root Device 19-0 VTLP sync handling ended
2026-03-05 15:38:07 INFO root Device 17-0 VTLP sync handling began
2026-03-05 15:38:07 INFO root Device 19-0 VTLP sync handling began
2026-03-05 15:38:07 INFO root Device 17-0 VTLP sync handling ended
2026-03-05 15:38:07 INFO root Device 16-0 VTLP sync handling ended
2026-03-05 15:38:07 INFO root Device 20-0 VTLP sync handling began
2026-03-05 15:38:07 INFO root Device 21-0 VTLP sync handling began
2026-03-05 15:38:07 INFO root Device 18-0 VTLP sync handling began
2026-03-05 15:38:07 INFO root Device 17-0 VTLP sync handling began
2026-03-05 15:38:07 INFO root Device 19-0 VTLP sync handling ended
2026-03-05 15:38:07 INFO root Device 21-0 VTLP sync handling ended
2026-03-05 15:38:07 INFO root Device 16-0 VTLP sync handling began
2026-03-05 15:38:07 INFO root Device 20-0 VTLP sync handling ended
2026-03-05 15:38:07 INFO root Device 18-0 VTLP sync handling ended
2026-03-05 15:38:07 INFO root Device 19-0 VTLP sync handling began
2026-03-05 15:38:07 INFO root Device 20-0 VTLP sync handling began
2026-03-05 15:38:07 INFO root Device 21-0 VTLP sync handling began
2026-03-05 15:38:07 INFO root Device 19-0 VTLP sync handling ended
2026-03-05 15:38:07 INFO root Device 18-0 VTLP sync handling began
2026-03-05 15:38:07 INFO root Device 20-0 VTLP sync handling ended
2026-03-05 15:38:07 INFO root Device 17-0 VTLP sync handling ended
2026-03-05 15:38:07 INFO root Device 16-0 VTLP sync handling ended
2026-03-05 15:38:07 INFO root Device 18-0 VTLP sync handling ended
2026-03-05 15:38:07 INFO root Device 20-0 VTLP sync handling began
2026-03-05 15:38:07 INFO root Device 19-0 VTLP sync handling began
2026-03-05 15:38:07 INFO root Device 21-0 VTLP sync handling ended
2026-03-05 15:38:07 INFO root Device 16-0 VTLP sync handling began
2026-03-05 15:38:07 INFO root Device 20-0 VTLP sync handling ended
2026-03-05 15:38:07 INFO root Device 19-0 VTLP sync handling ended
2026-03-05 15:38:07 INFO root Device 17-0 VTLP sync handling began
2026-03-05 15:38:07 INFO root Device 16-0 VTLP sync handling ended
2026-03-05 15:38:07 INFO root Device 20-0 VTLP sync handling began
2026-03-05 15:38:07 INFO root Device 17-0 VTLP sync handling ended
2026-03-05 15:38:07 INFO root Device 20-0 VTLP sync handling ended
2026-03-05 15:38:07 INFO root Device 19-0 VTLP sync handling began
2026-03-05 15:38:07 INFO root Device 17-0 VTLP sync handling began
2026-03-05 15:38:07 INFO root Device 16-0 VTLP sync handling began
2026-03-05 15:38:07 INFO root Device 17-0 VTLP sync handling ended
2026-03-05 15:38:07 INFO root Device 19-0 VTLP sync handling ended
2026-03-05 15:38:07 INFO root Device 16-0 VTLP sync handling ended
2026-03-05 15:38:12 INFO root Device 22-0 VTLP sync handling began
2026-03-05 15:38:12 INFO root Device 22-0 VTLP sync handling ended
2026-03-05 15:38:12 INFO root Device 22-0 VTLP sync handling began
2026-03-05 15:38:12 INFO root Device 22-0 VTLP sync handling ended
2026-03-05 15:38:12 ERROR root remotelib error:IC142Panel:50000:{"property": "SetText", "value": ["Step 80 of 99\ndevice display3 module initialized\ndevice display4 module initialized\ndevice display5 module initialized\nend initialize device modules\nsetting up rooms"], "qualifier": {"code": "property does not exist"}}
2026-03-05 15:38:12 ERROR root remotelib error:IC143Panel:50000:{"property": "SetText", "value": ["Step 80 of 99\ndevice display3 module initialized\ndevice display4 module initialized\ndevice display5 module initialized\nend initialize device modules\nsetting up rooms"], "qualifier": {"code": "property does not exist"}}
2026-03-05 15:38:12 ERROR root remotelib error:IC144Panel:50000:{"property": "SetText", "value": ["Step 80 of 99\ndevice display3 module initialized\ndevice display4 module initialized\ndevice display5 module initialized\nend initialize device modules\nsetting up rooms"], "qualifier": {"code": "property does not exist"}}
2026-03-05 15:38:12 ERROR root remotelib error:BreakRmPanel:50000:{"property": "SetText", "value": ["Step 80 of 99\ndevice display3 module initialized\ndevice display4 module initialized\ndevice display5 module initialized\nend initialize device modules\nsetting up rooms"], "qualifier": {"code": "property does not exist"}}
2026-03-05 15:38:12 ERROR root remotelib error:LobbyPanel:50000:{"property": "SetText", "value": ["Step 80 of 99\ndevice display3 module initialized\ndevice display4 module initialized\ndevice display5 module initialized\nend initialize device modules\nsetting up rooms"], "qualifier": {"code": "property does not exist"}}
2026-03-05 15:38:12 ERROR root remotelib error:HallPanel:50000:{"property": "SetText", "value": ["Step 80 of 99\ndevice display3 module initialized\ndevice display4 module initialized\ndevice display5 module initialized\nend initialize device modules\nsetting up rooms"], "qualifier": {"code": "property does not exist"}}
2026-03-05 15:38:12 ERROR root remotelib error:BWDPanel:50000:{"property": "SetText", "value": ["Step 80 of 99\ndevice display3 module initialized\ndevice display4 module initialized\ndevice display5 module initialized\nend initialize device modules\nsetting up rooms"], "qualifier": {"code": "property does not exist"}}
2026-03-05 15:38:12 ERROR root remotelib error:IC142Panel:50001:{"property": "SetLevel", "value": [80.8080808080808], "qualifier": {"code": "property does not exist"}}
2026-03-05 15:38:12 ERROR root remotelib error:IC144Panel:50001:{"property": "SetLevel", "value": [80.8080808080808], "qualifier": {"code": "property does not exist"}}
2026-03-05 15:38:12 ERROR root remotelib error:IC143Panel:50001:{"property": "SetLevel", "value": [80.8080808080808], "qualifier": {"code": "property does not exist"}}
2026-03-05 15:38:12 ERROR root remotelib error:LobbyPanel:50001:{"property": "SetLevel", "value": [80.8080808080808], "qualifier": {"code": "property does not exist"}}
2026-03-05 15:38:12 ERROR root remotelib error:BreakRmPanel:50001:{"property": "SetLevel", "value": [80.8080808080808], "qualifier": {"code": "property does not exist"}}
2026-03-05 15:38:12 ERROR root remotelib error:HallPanel:50001:{"property": "SetLevel", "value": [80.8080808080808], "qualifier": {"code": "property does not exist"}}
2026-03-05 15:38:12 ERROR root remotelib error:BWDPanel:50001:{"property": "SetLevel", "value": [80.8080808080808], "qualifier": {"code": "property does not exist"}}
2026-03-05 15:38:12 ERROR root remotelib error:IC142Panel:50000:{"property": "SetText", "value": ["Step 81 of 99\ndevice display4 module initialized\ndevice display5 module initialized\nend initialize device modules\nsetting up rooms\nsetting up room:IC Room 142"], "qualifier": {"code": "property does not exist"}}
2026-03-05 15:38:12 ERROR root remotelib error:IC143Panel:50000:{"property": "SetText", "value": ["Step 81 of 99\ndevice display4 module initialized\ndevice display5 module initialized\nend initialize device modules\nsetting up rooms\nsetting up room:IC Room 142"], "qualifier": {"code": "property does not exist"}}
2026-03-05 15:38:12 ERROR root remotelib error:IC144Panel:50000:{"property": "SetText", "value": ["Step 81 of 99\ndevice display4 module initialized\ndevice display5 module initialized\nend initialize device modules\nsetting up rooms\nsetting up room:IC Room 142"], "qualifier": {"code": "property does not exist"}}
2026-03-05 15:38:12 ERROR root remotelib error:BreakRmPanel:50000:{"property": "SetText", "value": ["Step 81 of 99\ndevice display4 module initialized\ndevice display5 module initialized\nend initialize device modules\nsetting up rooms\nsetting up room:IC Room 142"], "qualifier": {"code": "property does not exist"}}
2026-03-05 15:38:12 ERROR root remotelib error:LobbyPanel:50000:{"property": "SetText", "value": ["Step 81 of 99\ndevice display4 module initialized\ndevice display5 module initialized\nend initialize device modules\nsetting up rooms\nsetting up room:IC Room 142"], "qualifier": {"code": "property does not exist"}}
2026-03-05 15:38:12 ERROR root remotelib error:HallPanel:50000:{"property": "SetText", "value": ["Step 81 of 99\ndevice display4 module initialized\ndevice display5 module initialized\nend initialize device modules\nsetting up rooms\nsetting up room:IC Room 142"], "qualifier": {"code": "property does not exist"}}
2026-03-05 15:38:12 ERROR root remotelib error:BWDPanel:50000:{"property": "SetText", "value": ["Step 81 of 99\ndevice display4 module initialized\ndevice display5 module initialized\nend initialize device modules\nsetting up rooms\nsetting up room:IC Room 142"], "qualifier": {"code": "property does not exist"}}
2026-03-05 15:38:12 ERROR root remotelib error:IC142Panel:50001:{"property": "SetLevel", "value": [81.81818181818181], "qualifier": {"code": "property does not exist"}}
2026-03-05 15:38:12 ERROR root remotelib error:IC144Panel:50001:{"property": "SetLevel", "value": [81.81818181818181], "qualifier": {"code": "property does not exist"}}
2026-03-05 15:38:12 ERROR root remotelib error:IC143Panel:50001:{"property": "SetLevel", "value": [81.81818181818181], "qualifier": {"code": "property does not exist"}}
2026-03-05 15:38:12 ERROR root remotelib error:BreakRmPanel:50001:{"property": "SetLevel", "value": [81.81818181818181], "qualifier": {"code": "property does not exist"}}
2026-03-05 15:38:12 ERROR root remotelib error:LobbyPanel:50001:{"property": "SetLevel", "value": [81.81818181818181], "qualifier": {"code": "property does not exist"}}
2026-03-05 15:38:12 ERROR root remotelib error:HallPanel:50001:{"property": "SetLevel", "value": [81.81818181818181], "qualifier": {"code": "property does not exist"}}
2026-03-05 15:38:12 ERROR root remotelib error:IC142Panel:50000:{"property": "SetText", "value": ["Step 82 of 99\ndevice display5 module initialized\nend initialize device modules\nsetting up rooms\nsetting up room:IC Room 142\nsetting up room:IC Room 143"], "qualifier": {"code": "property does not exist"}}
2026-03-05 15:38:12 ERROR root remotelib error:BWDPanel:50001:{"property": "SetLevel", "value": [81.81818181818181], "qualifier": {"code": "property does not exist"}}
2026-03-05 15:38:12 ERROR root remotelib error:IC143Panel:50000:{"property": "SetText", "value": ["Step 82 of 99\ndevice display5 module initialized\nend initialize device modules\nsetting up rooms\nsetting up room:IC Room 142\nsetting up room:IC Room 143"], "qualifier": {"code": "property does not exist"}}
2026-03-05 15:38:12 ERROR root remotelib error:IC144Panel:50000:{"property": "SetText", "value": ["Step 82 of 99\ndevice display5 module initialized\nend initialize device modules\nsetting up rooms\nsetting up room:IC Room 142\nsetting up room:IC Room 143"], "qualifier": {"code": "property does not exist"}}
2026-03-05 15:38:12 ERROR root remotelib error:LobbyPanel:50000:{"property": "SetText", "value": ["Step 82 of 99\ndevice display5 module initialized\nend initialize device modules\nsetting up rooms\nsetting up room:IC Room 142\nsetting up room:IC Room 143"], "qualifier": {"code": "property does not exist"}}
2026-03-05 15:38:12 ERROR root remotelib error:BreakRmPanel:50000:{"property": "SetText", "value": ["Step 82 of 99\ndevice display5 module initialized\nend initialize device modules\nsetting up rooms\nsetting up room:IC Room 142\nsetting up room:IC Room 143"], "qualifier": {"code": "property does not exist"}}
2026-03-05 15:38:12 ERROR root remotelib error:BWDPanel:50000:{"property": "SetText", "value": ["Step 82 of 99\ndevice display5 module initialized\nend initialize device modules\nsetting up rooms\nsetting up room:IC Room 142\nsetting up room:IC Room 143"], "qualifier": {"code": "property does not exist"}}
2026-03-05 15:38:12 ERROR root remotelib error:HallPanel:50000:{"property": "SetText", "value": ["Step 82 of 99\ndevice display5 module initialized\nend initialize device modules\nsetting up rooms\nsetting up room:IC Room 142\nsetting up room:IC Room 143"], "qualifier": {"code": "property does not exist"}}
2026-03-05 15:38:12 ERROR root remotelib error:IC142Panel:50001:{"property": "SetLevel", "value": [82.82828282828282], "qualifier": {"code": "property does not exist"}}
2026-03-05 15:38:12 ERROR root remotelib error:IC143Panel:50001:{"property": "SetLevel", "value": [82.82828282828282], "qualifier": {"code": "property does not exist"}}
2026-03-05 15:38:12 ERROR root remotelib error:IC144Panel:50001:{"property": "SetLevel", "value": [82.82828282828282], "qualifier": {"code": "property does not exist"}}
2026-03-05 15:38:12 ERROR root remotelib error:BreakRmPanel:50001:{"property": "SetLevel", "value": [82.82828282828282], "qualifier": {"code": "property does not exist"}}
2026-03-05 15:38:12 ERROR root remotelib error:HallPanel:50001:{"property": "SetLevel", "value": [82.82828282828282], "qualifier": {"code": "property does not exist"}}
2026-03-05 15:38:12 ERROR root remotelib error:LobbyPanel:50001:{"property": "SetLevel", "value": [82.82828282828282], "qualifier": {"code": "property does not exist"}}
2026-03-05 15:38:12 ERROR root remotelib error:BWDPanel:50001:{"property": "SetLevel", "value": [82.82828282828282], "qualifier": {"code": "property does not exist"}}
2026-03-05 15:38:12 ERROR root remotelib error:IC142Panel:50000:{"property": "SetText", "value": ["Step 83 of 99\nend initialize device modules\nsetting up rooms\nsetting up room:IC Room 142\nsetting up room:IC Room 143\nsetting up room:IC Room 144"], "qualifier": {"code": "property does not exist"}}
2026-03-05 15:38:12 ERROR root remotelib error:IC143Panel:50000:{"property": "SetText", "value": ["Step 83 of 99\nend initialize device modules\nsetting up rooms\nsetting up room:IC Room 142\nsetting up room:IC Room 143\nsetting up room:IC Room 144"], "qualifier": {"code": "property does not exist"}}
2026-03-05 15:38:12 ERROR root remotelib error:IC144Panel:50000:{"property": "SetText", "value": ["Step 83 of 99\nend initialize device modules\nsetting up rooms\nsetting up room:IC Room 142\nsetting up room:IC Room 143\nsetting up room:IC Room 144"], "qualifier": {"code": "property does not exist"}}
2026-03-05 15:38:12 ERROR root remotelib error:BreakRmPanel:50000:{"property": "SetText", "value": ["Step 83 of 99\nend initialize device modules\nsetting up rooms\nsetting up room:IC Room 142\nsetting up room:IC Room 143\nsetting up room:IC Room 144"], "qualifier": {"code": "property does not exist"}}
2026-03-05 15:38:12 ERROR root remotelib error:LobbyPanel:50000:{"property": "SetText", "value": ["Step 83 of 99\nend initialize device modules\nsetting up rooms\nsetting up room:IC Room 142\nsetting up room:IC Room 143\nsetting up room:IC Room 144"], "qualifier": {"code": "property does not exist"}}
2026-03-05 15:38:12 ERROR root remotelib error:HallPanel:50000:{"property": "SetText", "value": ["Step 83 of 99\nend initialize device modules\nsetting up rooms\nsetting up room:IC Room 142\nsetting up room:IC Room 143\nsetting up room:IC Room 144"], "qualifier": {"code": "property does not exist"}}
2026-03-05 15:38:13 ERROR root remotelib error:BWDPanel:50000:{"property": "SetText", "value": ["Step 83 of 99\nend initialize device modules\nsetting up rooms\nsetting up room:IC Room 142\nsetting up room:IC Room 143\nsetting up room:IC Room 144"], "qualifier": {"code": "property does not exist"}}
2026-03-05 15:38:13 ERROR root remotelib error:IC142Panel:50001:{"property": "SetLevel", "value": [83.83838383838383], "qualifier": {"code": "property does not exist"}}
2026-03-05 15:38:13 ERROR root remotelib error:IC143Panel:50001:{"property": "SetLevel", "value": [83.83838383838383], "qualifier": {"code": "property does not exist"}}
2026-03-05 15:38:13 ERROR root remotelib error:IC144Panel:50001:{"property": "SetLevel", "value": [83.83838383838383], "qualifier": {"code": "property does not exist"}}
2026-03-05 15:38:13 ERROR root remotelib error:BreakRmPanel:50001:{"property": "SetLevel", "value": [83.83838383838383], "qualifier": {"code": "property does not exist"}}
2026-03-05 15:38:13 ERROR root remotelib error:LobbyPanel:50001:{"property": "SetLevel", "value": [83.83838383838383], "qualifier": {"code": "property does not exist"}}
2026-03-05 15:38:13 ERROR root remotelib error:HallPanel:50001:{"property": "SetLevel", "value": [83.83838383838383], "qualifier": {"code": "property does not exist"}}
2026-03-05 15:38:13 ERROR root remotelib error:BWDPanel:50001:{"property": "SetLevel", "value": [83.83838383838383], "qualifier": {"code": "property does not exist"}}
2026-03-05 15:38:13 ERROR root remotelib error:IC142Panel:50000:{"property": "SetText", "value": ["Step 84 of 99\nsetting up rooms\nsetting up room:IC Room 142\nsetting up room:IC Room 143\nsetting up room:IC Room 144\nsetting up room:Breakroom"], "qualifier": {"code": "property does not exist"}}
2026-03-05 15:38:13 ERROR root remotelib error:IC143Panel:50000:{"property": "SetText", "value": ["Step 84 of 99\nsetting up rooms\nsetting up room:IC Room 142\nsetting up room:IC Room 143\nsetting up room:IC Room 144\nsetting up room:Breakroom"], "qualifier": {"code": "property does not exist"}}
2026-03-05 15:38:13 ERROR root remotelib error:IC144Panel:50000:{"property": "SetText", "value": ["Step 84 of 99\nsetting up rooms\nsetting up room:IC Room 142\nsetting up room:IC Room 143\nsetting up room:IC Room 144\nsetting up room:Breakroom"], "qualifier": {"code": "property does not exist"}}
2026-03-05 15:38:13 ERROR root remotelib error:BreakRmPanel:50000:{"property": "SetText", "value": ["Step 84 of 99\nsetting up rooms\nsetting up room:IC Room 142\nsetting up room:IC Room 143\nsetting up room:IC Room 144\nsetting up room:Breakroom"], "qualifier": {"code": "property does not exist"}}
2026-03-05 15:38:13 ERROR root remotelib error:LobbyPanel:50000:{"property": "SetText", "value": ["Step 84 of 99\nsetting up rooms\nsetting up room:IC Room 142\nsetting up room:IC Room 143\nsetting up room:IC Room 144\nsetting up room:Breakroom"], "qualifier": {"code": "property does not exist"}}
2026-03-05 15:38:13 ERROR root remotelib error:HallPanel:50000:{"property": "SetText", "value": ["Step 84 of 99\nsetting up rooms\nsetting up room:IC Room 142\nsetting up room:IC Room 143\nsetting up room:IC Room 144\nsetting up room:Breakroom"], "qualifier": {"code": "property does not exist"}}
2026-03-05 15:38:13 ERROR root remotelib error:BWDPanel:50000:{"property": "SetText", "value": ["Step 84 of 99\nsetting up rooms\nsetting up room:IC Room 142\nsetting up room:IC Room 143\nsetting up room:IC Room 144\nsetting up room:Breakroom"], "qualifier": {"code": "property does not exist"}}
2026-03-05 15:38:13 ERROR root remotelib error:IC142Panel:50001:{"property": "SetLevel", "value": [84.84848484848484], "qualifier": {"code": "property does not exist"}}
2026-03-05 15:38:13 ERROR root remotelib error:IC143Panel:50001:{"property": "SetLevel", "value": [84.84848484848484], "qualifier": {"code": "property does not exist"}}
2026-03-05 15:38:13 ERROR root remotelib error:IC144Panel:50001:{"property": "SetLevel", "value": [84.84848484848484], "qualifier": {"code": "property does not exist"}}
2026-03-05 15:38:13 ERROR root remotelib error:BreakRmPanel:50001:{"property": "SetLevel", "value": [84.84848484848484], "qualifier": {"code": "property does not exist"}}
2026-03-05 15:38:13 ERROR root remotelib error:LobbyPanel:50001:{"property": "SetLevel", "value": [84.84848484848484], "qualifier": {"code": "property does not exist"}}
2026-03-05 15:38:13 ERROR root remotelib error:HallPanel:50001:{"property": "SetLevel", "value": [84.84848484848484], "qualifier": {"code": "property does not exist"}}
2026-03-05 15:38:13 ERROR root remotelib error:BWDPanel:50001:{"property": "SetLevel", "value": [84.84848484848484], "qualifier": {"code": "property does not exist"}}
2026-03-05 15:38:13 ERROR root remotelib error:IC142Panel:50000:{"property": "SetText", "value": ["Step 85 of 99\nsetting up room:IC Room 142\nsetting up room:IC Room 143\nsetting up room:IC Room 144\nsetting up room:Breakroom\nsetting up room:Lobby"], "qualifier": {"code": "property does not exist"}}
2026-03-05 15:38:13 ERROR root remotelib error:IC143Panel:50000:{"property": "SetText", "value": ["Step 85 of 99\nsetting up room:IC Room 142\nsetting up room:IC Room 143\nsetting up room:IC Room 144\nsetting up room:Breakroom\nsetting up room:Lobby"], "qualifier": {"code": "property does not exist"}}
2026-03-05 15:38:13 ERROR root remotelib error:IC144Panel:50000:{"property": "SetText", "value": ["Step 85 of 99\nsetting up room:IC Room 142\nsetting up room:IC Room 143\nsetting up room:IC Room 144\nsetting up room:Breakroom\nsetting up room:Lobby"], "qualifier": {"code": "property does not exist"}}
2026-03-05 15:38:13 ERROR root remotelib error:BreakRmPanel:50000:{"property": "SetText", "value": ["Step 85 of 99\nsetting up room:IC Room 142\nsetting up room:IC Room 143\nsetting up room:IC Room 144\nsetting up room:Breakroom\nsetting up room:Lobby"], "qualifier": {"code": "property does not exist"}}
2026-03-05 15:38:13 ERROR root remotelib error:LobbyPanel:50000:{"property": "SetText", "value": ["Step 85 of 99\nsetting up room:IC Room 142\nsetting up room:IC Room 143\nsetting up room:IC Room 144\nsetting up room:Breakroom\nsetting up room:Lobby"], "qualifier": {"code": "property does not exist"}}
2026-03-05 15:38:13 ERROR root remotelib error:HallPanel:50000:{"property": "SetText", "value": ["Step 85 of 99\nsetting up room:IC Room 142\nsetting up room:IC Room 143\nsetting up room:IC Room 144\nsetting up room:Breakroom\nsetting up room:Lobby"], "qualifier": {"code": "property does not exist"}}
2026-03-05 15:38:13 ERROR root remotelib error:BWDPanel:50000:{"property": "SetText", "value": ["Step 85 of 99\nsetting up room:IC Room 142\nsetting up room:IC Room 143\nsetting up room:IC Room 144\nsetting up room:Breakroom\nsetting up room:Lobby"], "qualifier": {"code": "property does not exist"}}
2026-03-05 15:38:13 ERROR root remotelib error:IC142Panel:50001:{"property": "SetLevel", "value": [85.85858585858585], "qualifier": {"code": "property does not exist"}}
2026-03-05 15:38:13 ERROR root remotelib error:IC143Panel:50001:{"property": "SetLevel", "value": [85.85858585858585], "qualifier": {"code": "property does not exist"}}
2026-03-05 15:38:13 ERROR root remotelib error:IC144Panel:50001:{"property": "SetLevel", "value": [85.85858585858585], "qualifier": {"code": "property does not exist"}}
2026-03-05 15:38:13 ERROR root remotelib error:BreakRmPanel:50001:{"property": "SetLevel", "value": [85.85858585858585], "qualifier": {"code": "property does not exist"}}
2026-03-05 15:38:13 ERROR root remotelib error:LobbyPanel:50001:{"property": "SetLevel", "value": [85.85858585858585], "qualifier": {"code": "property does not exist"}}
2026-03-05 15:38:13 ERROR root remotelib error:HallPanel:50001:{"property": "SetLevel", "value": [85.85858585858585], "qualifier": {"code": "property does not exist"}}
2026-03-05 15:38:13 ERROR root remotelib error:BWDPanel:50001:{"property": "SetLevel", "value": [85.85858585858585], "qualifier": {"code": "property does not exist"}}
2026-03-05 15:38:13 ERROR root remotelib error:IC142Panel:50000:{"property": "SetText", "value": ["Step 86 of 99\nsetting up room:IC Room 143\nsetting up room:IC Room 144\nsetting up room:Breakroom\nsetting up room:Lobby\nsetting up room:Hallway 200"], "qualifier": {"code": "property does not exist"}}
2026-03-05 15:38:13 ERROR root remotelib error:IC143Panel:50000:{"property": "SetText", "value": ["Step 86 of 99\nsetting up room:IC Room 143\nsetting up room:IC Room 144\nsetting up room:Breakroom\nsetting up room:Lobby\nsetting up room:Hallway 200"], "qualifier": {"code": "property does not exist"}}
2026-03-05 15:38:13 ERROR root remotelib error:IC144Panel:50000:{"property": "SetText", "value": ["Step 86 of 99\nsetting up room:IC Room 143\nsetting up room:IC Room 144\nsetting up room:Breakroom\nsetting up room:Lobby\nsetting up room:Hallway 200"], "qualifier": {"code": "property does not exist"}}
2026-03-05 15:38:13 ERROR root remotelib error:BreakRmPanel:50000:{"property": "SetText", "value": ["Step 86 of 99\nsetting up room:IC Room 143\nsetting up room:IC Room 144\nsetting up room:Breakroom\nsetting up room:Lobby\nsetting up room:Hallway 200"], "qualifier": {"code": "property does not exist"}}
2026-03-05 15:38:13 ERROR root remotelib error:LobbyPanel:50000:{"property": "SetText", "value": ["Step 86 of 99\nsetting up room:IC Room 143\nsetting up room:IC Room 144\nsetting up room:Breakroom\nsetting up room:Lobby\nsetting up room:Hallway 200"], "qualifier": {"code": "property does not exist"}}
2026-03-05 15:38:13 ERROR root remotelib error:HallPanel:50000:{"property": "SetText", "value": ["Step 86 of 99\nsetting up room:IC Room 143\nsetting up room:IC Room 144\nsetting up room:Breakroom\nsetting up room:Lobby\nsetting up room:Hallway 200"], "qualifier": {"code": "property does not exist"}}
2026-03-05 15:38:13 ERROR root remotelib error:BWDPanel:50000:{"property": "SetText", "value": ["Step 86 of 99\nsetting up room:IC Room 143\nsetting up room:IC Room 144\nsetting up room:Breakroom\nsetting up room:Lobby\nsetting up room:Hallway 200"], "qualifier": {"code": "property does not exist"}}
2026-03-05 15:38:13 ERROR root remotelib error:IC142Panel:50001:{"property": "SetLevel", "value": [86.86868686868686], "qualifier": {"code": "property does not exist"}}
2026-03-05 15:38:13 ERROR root remotelib error:IC143Panel:50001:{"property": "SetLevel", "value": [86.86868686868686], "qualifier": {"code": "property does not exist"}}
2026-03-05 15:38:13 ERROR root remotelib error:IC144Panel:50001:{"property": "SetLevel", "value": [86.86868686868686], "qualifier": {"code": "property does not exist"}}
2026-03-05 15:38:13 ERROR root remotelib error:BreakRmPanel:50001:{"property": "SetLevel", "value": [86.86868686868686], "qualifier": {"code": "property does not exist"}}
2026-03-05 15:38:13 ERROR root remotelib error:LobbyPanel:50001:{"property": "SetLevel", "value": [86.86868686868686], "qualifier": {"code": "property does not exist"}}
2026-03-05 15:38:13 ERROR root remotelib error:HallPanel:50001:{"property": "SetLevel", "value": [86.86868686868686], "qualifier": {"code": "property does not exist"}}
2026-03-05 15:38:13 ERROR root remotelib error:BWDPanel:50001:{"property": "SetLevel", "value": [86.86868686868686], "qualifier": {"code": "property does not exist"}}
2026-03-05 15:38:14 ERROR root remotelib error:IC142Panel:50000:{"property": "SetText", "value": ["Step 87 of 99\nsetting up room:IC Room 144\nsetting up room:Breakroom\nsetting up room:Lobby\nsetting up room:Hallway 200\nsetting up room:Building Wide Distribution"], "qualifier": {"code": "property does not exist"}}
2026-03-05 15:38:14 ERROR root remotelib error:IC143Panel:50000:{"property": "SetText", "value": ["Step 87 of 99\nsetting up room:IC Room 144\nsetting up room:Breakroom\nsetting up room:Lobby\nsetting up room:Hallway 200\nsetting up room:Building Wide Distribution"], "qualifier": {"code": "property does not exist"}}
2026-03-05 15:38:14 ERROR root remotelib error:IC144Panel:50000:{"property": "SetText", "value": ["Step 87 of 99\nsetting up room:IC Room 144\nsetting up room:Breakroom\nsetting up room:Lobby\nsetting up room:Hallway 200\nsetting up room:Building Wide Distribution"], "qualifier": {"code": "property does not exist"}}
2026-03-05 15:38:14 ERROR root remotelib error:BreakRmPanel:50000:{"property": "SetText", "value": ["Step 87 of 99\nsetting up room:IC Room 144\nsetting up room:Breakroom\nsetting up room:Lobby\nsetting up room:Hallway 200\nsetting up room:Building Wide Distribution"], "qualifier": {"code": "property does not exist"}}
2026-03-05 15:38:14 ERROR root remotelib error:LobbyPanel:50000:{"property": "SetText", "value": ["Step 87 of 99\nsetting up room:IC Room 144\nsetting up room:Breakroom\nsetting up room:Lobby\nsetting up room:Hallway 200\nsetting up room:Building Wide Distribution"], "qualifier": {"code": "property does not exist"}}
2026-03-05 15:38:14 ERROR root remotelib error:HallPanel:50000:{"property": "SetText", "value": ["Step 87 of 99\nsetting up room:IC Room 144\nsetting up room:Breakroom\nsetting up room:Lobby\nsetting up room:Hallway 200\nsetting up room:Building Wide Distribution"], "qualifier": {"code": "property does not exist"}}
2026-03-05 15:38:14 ERROR root remotelib error:BWDPanel:50000:{"property": "SetText", "value": ["Step 87 of 99\nsetting up room:IC Room 144\nsetting up room:Breakroom\nsetting up room:Lobby\nsetting up room:Hallway 200\nsetting up room:Building Wide Distribution"], "qualifier": {"code": "property does not exist"}}
2026-03-05 15:38:14 ERROR root remotelib error:IC142Panel:50001:{"property": "SetLevel", "value": [87.87878787878788], "qualifier": {"code": "property does not exist"}}
2026-03-05 15:38:14 ERROR root remotelib error:IC143Panel:50001:{"property": "SetLevel", "value": [87.87878787878788], "qualifier": {"code": "property does not exist"}}
2026-03-05 15:38:14 ERROR root remotelib error:IC144Panel:50001:{"property": "SetLevel", "value": [87.87878787878788], "qualifier": {"code": "property does not exist"}}
2026-03-05 15:38:14 ERROR root remotelib error:BreakRmPanel:50001:{"property": "SetLevel", "value": [87.87878787878788], "qualifier": {"code": "property does not exist"}}
2026-03-05 15:38:14 ERROR root remotelib error:LobbyPanel:50001:{"property": "SetLevel", "value": [87.87878787878788], "qualifier": {"code": "property does not exist"}}
2026-03-05 15:38:14 ERROR root remotelib error:HallPanel:50001:{"property": "SetLevel", "value": [87.87878787878788], "qualifier": {"code": "property does not exist"}}
2026-03-05 15:38:14 ERROR root remotelib error:BWDPanel:50001:{"property": "SetLevel", "value": [87.87878787878788], "qualifier": {"code": "property does not exist"}}
2026-03-05 15:38:27 INFO root Device 22-0 VTLP sync handling began
2026-03-05 15:38:27 INFO root Device 22-0 VTLP sync handling ended
2026-03-05 15:38:27 INFO root Device 22-0 VTLP sync handling began
2026-03-05 15:38:27 INFO root Device 22-0 VTLP sync handling ended
2026-03-05 15:38:42 INFO root Device 22-0 VTLP sync handling began
2026-03-05 15:38:42 INFO root Device 22-0 VTLP sync handling ended
2026-03-05 15:38:42 INFO root Device 22-0 VTLP sync handling began
2026-03-05 15:38:42 INFO root Device 22-0 VTLP sync handling ended
2026-03-05 15:38:57 INFO root Device 22-0 VTLP sync handling began
2026-03-05 15:38:57 INFO root Device 22-0 VTLP sync handling ended
2026-03-05 15:38:57 INFO root Device 22-0 VTLP sync handling began
2026-03-05 15:38:57 INFO root Device 22-0 VTLP sync handling ended
2026-03-05 15:39:07 INFO root Device 19-0 VTLP sync handling began
2026-03-05 15:39:07 INFO root Device 21-0 VTLP sync handling began
2026-03-05 15:39:07 INFO root Device 21-0 VTLP sync handling ended
2026-03-05 15:39:07 INFO root Device 19-0 VTLP sync handling ended
2026-03-05 15:39:07 INFO root Device 21-0 VTLP sync handling began
2026-03-05 15:39:07 INFO root Device 19-0 VTLP sync handling began
2026-03-05 15:39:07 INFO root Device 21-0 VTLP sync handling ended
2026-03-05 15:39:07 INFO root Device 16-0 VTLP sync handling began
2026-03-05 15:39:07 INFO root Device 19-0 VTLP sync handling ended
2026-03-05 15:39:07 INFO root Device 21-0 VTLP sync handling began
2026-03-05 15:39:07 INFO root Device 16-0 VTLP sync handling ended
2026-03-05 15:39:07 INFO root Device 19-0 VTLP sync handling began
2026-03-05 15:39:07 INFO root Device 19-0 VTLP sync handling ended
2026-03-05 15:39:07 INFO root Device 19-0 VTLP sync handling began
2026-03-05 15:39:07 INFO root Device 16-0 VTLP sync handling began
2026-03-05 15:39:07 INFO root Device 21-0 VTLP sync handling ended
2026-03-05 15:39:07 INFO root Device 20-0 VTLP sync handling began
2026-03-05 15:39:07 INFO root Device 18-0 VTLP sync handling began
2026-03-05 15:39:07 INFO root Device 16-0 VTLP sync handling ended
2026-03-05 15:39:07 INFO root Device 21-0 VTLP sync handling began
2026-03-05 15:39:07 INFO root Device 20-0 VTLP sync handling ended
2026-03-05 15:39:07 INFO root Device 19-0 VTLP sync handling ended
2026-03-05 15:39:07 INFO root Device 18-0 VTLP sync handling ended
2026-03-05 15:39:07 INFO root Device 16-0 VTLP sync handling began
2026-03-05 15:39:07 INFO root Device 17-0 VTLP sync handling began
2026-03-05 15:39:07 INFO root Device 20-0 VTLP sync handling began
2026-03-05 15:39:07 INFO root Device 18-0 VTLP sync handling began
2026-03-05 15:39:07 INFO root Device 16-0 VTLP sync handling ended
2026-03-05 15:39:07 INFO root Device 21-0 VTLP sync handling ended
2026-03-05 15:39:07 INFO root Device 19-0 VTLP sync handling began
2026-03-05 15:39:07 INFO root Device 18-0 VTLP sync handling ended
2026-03-05 15:39:07 INFO root Device 19-0 VTLP sync handling ended
2026-03-05 15:39:07 INFO root Device 17-0 VTLP sync handling ended
2026-03-05 15:39:07 INFO root Device 20-0 VTLP sync handling ended
2026-03-05 15:39:07 INFO root Device 18-0 VTLP sync handling began
2026-03-05 15:39:07 INFO root Device 16-0 VTLP sync handling began
2026-03-05 15:39:07 INFO root Device 21-0 VTLP sync handling began
2026-03-05 15:39:07 INFO root Device 19-0 VTLP sync handling began
2026-03-05 15:39:07 INFO root Device 17-0 VTLP sync handling began
2026-03-05 15:39:07 INFO root Device 18-0 VTLP sync handling ended
2026-03-05 15:39:07 INFO root Device 20-0 VTLP sync handling began
2026-03-05 15:39:07 INFO root Device 16-0 VTLP sync handling ended
2026-03-05 15:39:07 INFO root Device 17-0 VTLP sync handling ended
2026-03-05 15:39:07 INFO root Device 19-0 VTLP sync handling ended
2026-03-05 15:39:07 INFO root Device 18-0 VTLP sync handling began
2026-03-05 15:39:07 INFO root Device 20-0 VTLP sync handling ended
2026-03-05 15:39:07 INFO root Device 21-0 VTLP sync handling ended
2026-03-05 15:39:07 INFO root Device 16-0 VTLP sync handling began
2026-03-05 15:39:07 INFO root Device 18-0 VTLP sync handling ended
2026-03-05 15:39:07 INFO root Device 17-0 VTLP sync handling began
2026-03-05 15:39:07 INFO root Device 19-0 VTLP sync handling began
2026-03-05 15:39:07 INFO root Device 21-0 VTLP sync handling began
2026-03-05 15:39:07 INFO root Device 21-0 VTLP sync handling ended
2026-03-05 15:39:07 INFO root Device 16-0 VTLP sync handling ended
2026-03-05 15:39:07 INFO root Device 20-0 VTLP sync handling began
2026-03-05 15:39:07 INFO root Device 18-0 VTLP sync handling began
2026-03-05 15:39:07 INFO root Device 19-0 VTLP sync handling ended
2026-03-05 15:39:07 INFO root Device 18-0 VTLP sync handling ended
2026-03-05 15:39:07 INFO root Device 17-0 VTLP sync handling ended
2026-03-05 15:39:08 INFO root Device 20-0 VTLP sync handling ended
2026-03-05 15:39:08 INFO root Device 17-0 VTLP sync handling began
2026-03-05 15:39:08 INFO root Device 19-0 VTLP sync handling began
2026-03-05 15:39:08 INFO root Device 20-0 VTLP sync handling began
2026-03-05 15:39:08 INFO root Device 17-0 VTLP sync handling ended
2026-03-05 15:39:08 INFO root Device 19-0 VTLP sync handling ended
2026-03-05 15:39:08 INFO root Device 20-0 VTLP sync handling ended
2026-03-05 15:39:08 INFO root Device 17-0 VTLP sync handling began
2026-03-05 15:39:08 INFO root Device 17-0 VTLP sync handling ended
2026-03-05 15:39:08 INFO root Device 20-0 VTLP sync handling began
2026-03-05 15:39:08 INFO root Device 20-0 VTLP sync handling ended
2026-03-05 15:39:08 INFO root Device 17-0 VTLP sync handling began
2026-03-05 15:39:08 INFO root Device 20-0 VTLP sync handling began
2026-03-05 15:39:08 INFO root Device 17-0 VTLP sync handling ended
2026-03-05 15:39:08 INFO root Device 20-0 VTLP sync handling ended
2026-03-05 15:39:08 INFO root Device 17-0 VTLP sync handling began
2026-03-05 15:39:08 INFO root Device 17-0 VTLP sync handling ended
2026-03-05 15:39:08 INFO root Device 17-0 VTLP sync handling began
2026-03-05 15:39:08 INFO root Device 17-0 VTLP sync handling ended
2026-03-05 15:39:12 INFO root Device 22-0 VTLP sync handling began
2026-03-05 15:39:12 INFO root Device 22-0 VTLP sync handling ended
2026-03-05 15:39:12 INFO root Device 22-0 VTLP sync handling began
2026-03-05 15:39:12 INFO root Device 22-0 VTLP sync handling ended
2026-03-05 15:39:21 ERROR root remotelib error:IC143Panel:2:{"property": "SetText", "value": ["IC Room 143"], "qualifier": {"code": "property does not exist"}}
2026-03-05 15:39:22 ERROR root remotelib error:IC143Panel:4:{"property": "SetText", "value": ["| IC Room 143 |"], "qualifier": {"code": "property does not exist"}}
2026-03-05 15:39:22 ERROR root remotelib error:IC143Panel:85:{"property": "SetVisible", "value": [false], "qualifier": {"code": "property does not exist"}}
2026-03-05 15:39:22 ERROR root remotelib error:IC143Panel:1281:{"property": "SetVisible", "value": [false], "qualifier": {"code": "property does not exist"}}
2026-03-05 15:39:22 ERROR root remotelib error:IC143Panel:1282:{"property": "SetVisible", "value": [false], "qualifier": {"code": "property does not exist"}}
2026-03-05 15:39:22 ERROR root remotelib error:IC143Panel:1283:{"property": "SetVisible", "value": [false], "qualifier": {"code": "property does not exist"}}
2026-03-05 15:39:22 ERROR root remotelib error:IC143Panel:1284:{"property": "SetVisible", "value": [false], "qualifier": {"code": "property does not exist"}}
2026-03-05 15:39:22 ERROR root remotelib error:IC143Panel:1285:{"property": "SetVisible", "value": [false], "qualifier": {"code": "property does not exist"}}
2026-03-05 15:39:23 ERROR root remotelib error:IC143Panel:1286:{"property": "SetVisible", "value": [false], "qualifier": {"code": "property does not exist"}}
2026-03-05 15:39:23 ERROR root remotelib error:IC143Panel:1287:{"property": "SetVisible", "value": [false], "qualifier": {"code": "property does not exist"}}
2026-03-05 15:39:23 ERROR root remotelib error:IC143Panel:1288:{"property": "SetVisible", "value": [false], "qualifier": {"code": "property does not exist"}}
2026-03-05 15:39:23 ERROR root remotelib error:IC143Panel:1289:{"property": "SetVisible", "value": [false], "qualifier": {"code": "property does not exist"}}
2026-03-05 15:39:23 ERROR root remotelib error:IC143Panel:1290:{"property": "SetVisible", "value": [false], "qualifier": {"code": "property does not exist"}}
2026-03-05 15:39:23 ERROR root remotelib error:IC143Panel:2301:{"property": "SetVisible", "value": [false], "qualifier": {"code": "property does not exist"}}
2026-03-05 15:39:24 ERROR root remotelib error:IC143Panel:2302:{"property": "SetVisible", "value": [false], "qualifier": {"code": "property does not exist"}}
2026-03-05 15:39:24 ERROR root remotelib error:IC143Panel:2303:{"property": "SetVisible", "value": [false], "qualifier": {"code": "property does not exist"}}
2026-03-05 15:39:24 ERROR root remotelib error:IC143Panel:2304:{"property": "SetVisible", "value": [false], "qualifier": {"code": "property does not exist"}}
2026-03-05 15:39:24 ERROR root remotelib error:IC143Panel:2305:{"property": "SetVisible", "value": [false], "qualifier": {"code": "property does not exist"}}
2026-03-05 15:39:25 ERROR root remotelib error:IC143Panel:2306:{"property": "SetVisible", "value": [false], "qualifier": {"code": "property does not exist"}}
2026-03-05 15:39:25 ERROR root remotelib error:IC143Panel:2307:{"property": "SetVisible", "value": [false], "qualifier": {"code": "property does not exist"}}
2026-03-05 15:39:26 ERROR root remotelib error:IC143Panel:2308:{"property": "SetVisible", "value": [false], "qualifier": {"code": "property does not exist"}}
2026-03-05 15:39:26 ERROR root remotelib error:IC143Panel:2309:{"property": "SetVisible", "value": [false], "qualifier": {"code": "property does not exist"}}
2026-03-05 15:39:26 ERROR root remotelib error:IC143Panel:2310:{"property": "SetVisible", "value": [false], "qualifier": {"code": "property does not exist"}}
2026-03-05 15:39:26 ERROR root remotelib error:IC143Panel:2311:{"property": "SetVisible", "value": [false], "qualifier": {"code": "property does not exist"}}
2026-03-05 15:39:26 ERROR root remotelib error:IC143Panel:2312:{"property": "SetVisible", "value": [false], "qualifier": {"code": "property does not exist"}}
2026-03-05 15:39:26 ERROR root remotelib error:IC143Panel:2313:{"property": "SetVisible", "value": [false], "qualifier": {"code": "property does not exist"}}
2026-03-05 15:39:26 ERROR root remotelib error:IC143Panel:2314:{"property": "SetVisible", "value": [false], "qualifier": {"code": "property does not exist"}}
2026-03-05 15:39:27 ERROR root remotelib error:IC143Panel:2315:{"property": "SetVisible", "value": [false], "qualifier": {"code": "property does not exist"}}
2026-03-05 15:39:27 INFO root Device 22-0 VTLP sync handling began
2026-03-05 15:39:27 ERROR root remotelib error:IC143Panel:2316:{"property": "SetVisible", "value": [false], "qualifier": {"code": "property does not exist"}}
2026-03-05 15:39:27 INFO root Device 22-0 VTLP sync handling ended
2026-03-05 15:39:27 INFO root Device 22-0 VTLP sync handling began
2026-03-05 15:39:27 ERROR root remotelib error:IC143Panel:2317:{"property": "SetVisible", "value": [false], "qualifier": {"code": "property does not exist"}}
2026-03-05 15:39:27 INFO root Device 22-0 VTLP sync handling ended
2026-03-05 15:39:27 ERROR root remotelib error:IC143Panel:2318:{"property": "SetVisible", "value": [false], "qualifier": {"code": "property does not exist"}}
2026-03-05 15:39:27 ERROR root remotelib error:IC143Panel:2319:{"property": "SetVisible", "value": [false], "qualifier": {"code": "property does not exist"}}
2026-03-05 15:39:27 ERROR root remotelib error:IC143Panel:793:{"property": "SetText", "value": [""], "qualifier": {"code": "property does not exist"}}
2026-03-05 15:39:27 ERROR root remotelib error:IC143Panel:4925:{"property": "SetVisible", "value": [false], "qualifier": {"code": "property does not exist"}}
2026-03-05 15:39:28 ERROR root remotelib error:IC143Panel:4926:{"property": "SetVisible", "value": [false], "qualifier": {"code": "property does not exist"}}
2026-03-05 15:39:28 ERROR root remotelib error:IC143Panel:4927:{"property": "SetVisible", "value": [false], "qualifier": {"code": "property does not exist"}}
2026-03-05 15:39:28 ERROR root remotelib error:IC143Panel:4928:{"property": "SetVisible", "value": [false], "qualifier": {"code": "property does not exist"}}
2026-03-05 15:39:29 ERROR root remotelib error:IC143Panel:4929:{"property": "SetVisible", "value": [false], "qualifier": {"code": "property does not exist"}}
2026-03-05 15:39:29 ERROR root remotelib error:IC143Panel:4930:{"property": "SetVisible", "value": [false], "qualifier": {"code": "property does not exist"}}
2026-03-05 15:39:29 ERROR root remotelib error:IC143Panel:4931:{"property": "SetVisible", "value": [false], "qualifier": {"code": "property does not exist"}}
2026-03-05 15:39:29 ERROR root remotelib error:IC143Panel:4932:{"property": "SetVisible", "value": [false], "qualifier": {"code": "property does not exist"}}
2026-03-05 15:39:29 ERROR root remotelib error:IC143Panel:4900:{"property": "SetVisible", "value": [true], "qualifier": {"code": "property does not exist"}}
2026-03-05 15:39:29 ERROR root remotelib error:IC143Panel:4901:{"property": "SetVisible", "value": [true], "qualifier": {"code": "property does not exist"}}
2026-03-05 15:39:30 ERROR root remotelib error:IC143Panel:4902:{"property": "SetVisible", "value": [true], "qualifier": {"code": "property does not exist"}}
2026-03-05 15:39:30 ERROR root remotelib error:IC143Panel:4903:{"property": "SetVisible", "value": [true], "qualifier": {"code": "property does not exist"}}
2026-03-05 15:39:31 ERROR root remotelib error:BreakRmPanel:2:{"property": "SetText", "value": ["Breakroom"], "qualifier": {"code": "property does not exist"}}
2026-03-05 15:39:31 ERROR root remotelib error:BreakRmPanel:4:{"property": "SetText", "value": ["| Breakroom |"], "qualifier": {"code": "property does not exist"}}
2026-03-05 15:39:31 ERROR root remotelib error:BreakRmPanel:85:{"property": "SetVisible", "value": [false], "qualifier": {"code": "property does not exist"}}
2026-03-05 15:39:31 ERROR root remotelib error:IC143Panel:4904:{"property": "SetVisible", "value": [true], "qualifier": {"code": "property does not exist"}}
2026-03-05 15:39:31 ERROR root remotelib error:BreakRmPanel:1281:{"property": "SetVisible", "value": [false], "qualifier": {"code": "property does not exist"}}
2026-03-05 15:39:32 ERROR root remotelib error:IC143Panel:4905:{"property": "SetVisible", "value": [true], "qualifier": {"code": "property does not exist"}}
2026-03-05 15:39:32 ERROR root remotelib error:BreakRmPanel:1282:{"property": "SetVisible", "value": [false], "qualifier": {"code": "property does not exist"}}
2026-03-05 15:39:32 ERROR root remotelib error:IC143Panel:4906:{"property": "SetVisible", "value": [true], "qualifier": {"code": "property does not exist"}}
2026-03-05 15:39:32 ERROR root remotelib error:IC143Panel:4907:{"property": "SetVisible", "value": [true], "qualifier": {"code": "property does not exist"}}
2026-03-05 15:39:32 ERROR root remotelib error:BreakRmPanel:1283:{"property": "SetVisible", "value": [false], "qualifier": {"code": "property does not exist"}}
2026-03-05 15:39:32 ERROR root remotelib error:IC143Panel:4908:{"property": "SetVisible", "value": [true], "qualifier": {"code": "property does not exist"}}
2026-03-05 15:39:32 ERROR root remotelib error:BreakRmPanel:1284:{"property": "SetVisible", "value": [false], "qualifier": {"code": "property does not exist"}}
2026-03-05 15:39:33 ERROR root remotelib error:IC143Panel:4909:{"property": "SetVisible", "value": [true], "qualifier": {"code": "property does not exist"}}
2026-03-05 15:39:33 ERROR root remotelib error:BreakRmPanel:1285:{"property": "SetVisible", "value": [false], "qualifier": {"code": "property does not exist"}}
2026-03-05 15:39:33 ERROR root remotelib error:IC143Panel:4910:{"property": "SetVisible", "value": [true], "qualifier": {"code": "property does not exist"}}
2026-03-05 15:39:33 ERROR root remotelib error:BWDPanel:2:{"property": "SetText", "value": ["Building Wide Distribution"], "qualifier": {"code": "property does not exist"}}
2026-03-05 15:39:33 ERROR root remotelib error:BreakRmPanel:1286:{"property": "SetVisible", "value": [false], "qualifier": {"code": "property does not exist"}}
2026-03-05 15:39:33 ERROR root remotelib error:BWDPanel:4:{"property": "SetText", "value": ["| Building Wide Distribution |"], "qualifier": {"code": "property does not exist"}}
2026-03-05 15:39:33 ERROR root remotelib error:BreakRmPanel:1287:{"property": "SetVisible", "value": [false], "qualifier": {"code": "property does not exist"}}
2026-03-05 15:39:33 ERROR root remotelib error:BWDPanel:85:{"property": "SetVisible", "value": [false], "qualifier": {"code": "property does not exist"}}
2026-03-05 15:39:33 ERROR root remotelib error:BreakRmPanel:1288:{"property": "SetVisible", "value": [false], "qualifier": {"code": "property does not exist"}}
2026-03-05 15:39:34 ERROR root remotelib error:IC143Panel:4911:{"property": "SetVisible", "value": [true], "qualifier": {"code": "property does not exist"}}
2026-03-05 15:39:34 ERROR root remotelib error:BWDPanel:1281:{"property": "SetVisible", "value": [false], "qualifier": {"code": "property does not exist"}}
2026-03-05 15:39:34 ERROR root remotelib error:BreakRmPanel:1289:{"property": "SetVisible", "value": [false], "qualifier": {"code": "property does not exist"}}
2026-03-05 15:39:34 ERROR root remotelib error:IC143Panel:4912:{"property": "SetVisible", "value": [true], "qualifier": {"code": "property does not exist"}}
2026-03-05 15:39:34 ERROR root remotelib error:BWDPanel:1282:{"property": "SetVisible", "value": [false], "qualifier": {"code": "property does not exist"}}
2026-03-05 15:39:34 ERROR root remotelib error:IC143Panel:4913:{"property": "SetVisible", "value": [true], "qualifier": {"code": "property does not exist"}}
2026-03-05 15:39:34 ERROR root remotelib error:BreakRmPanel:1290:{"property": "SetVisible", "value": [false], "qualifier": {"code": "property does not exist"}}
2026-03-05 15:39:35 ERROR root remotelib error:IC142Panel:2:{"property": "SetText", "value": ["IC Room 142"], "qualifier": {"code": "property does not exist"}}
2026-03-05 15:39:35 ERROR root remotelib error:BWDPanel:1283:{"property": "SetVisible", "value": [false], "qualifier": {"code": "property does not exist"}}
2026-03-05 15:39:35 ERROR root remotelib error:LobbyPanel:2:{"property": "SetText", "value": ["Lobby"], "qualifier": {"code": "property does not exist"}}
2026-03-05 15:39:35 ERROR root remotelib error:IC143Panel:4914:{"property": "SetVisible", "value": [true], "qualifier": {"code": "property does not exist"}}
2026-03-05 15:39:35 ERROR root remotelib error:IC142Panel:4:{"property": "SetText", "value": ["| IC Room 142 |"], "qualifier": {"code": "property does not exist"}}
2026-03-05 15:39:36 ERROR root remotelib error:IC144Panel:2:{"property": "SetText", "value": ["IC Room 144"], "qualifier": {"code": "property does not exist"}}
2026-03-05 15:39:36 ERROR root remotelib error:LobbyPanel:4:{"property": "SetText", "value": ["| Lobby |"], "qualifier": {"code": "property does not exist"}}
2026-03-05 15:39:36 ERROR root remotelib error:IC143Panel:4915:{"property": "SetVisible", "value": [true], "qualifier": {"code": "property does not exist"}}
2026-03-05 15:39:36 ERROR root remotelib error:IC142Panel:85:{"property": "SetVisible", "value": [false], "qualifier": {"code": "property does not exist"}}
2026-03-05 15:39:36 ERROR root remotelib error:HallPanel:2:{"property": "SetText", "value": ["Hallway 200"], "qualifier": {"code": "property does not exist"}}
2026-03-05 15:39:36 ERROR root remotelib error:IC144Panel:4:{"property": "SetText", "value": ["| IC Room 144 |"], "qualifier": {"code": "property does not exist"}}
2026-03-05 15:39:36 ERROR root remotelib error:BWDPanel:1284:{"property": "SetVisible", "value": [false], "qualifier": {"code": "property does not exist"}}
2026-03-05 15:39:36 ERROR root remotelib error:IC143Panel:4916:{"property": "SetVisible", "value": [true], "qualifier": {"code": "property does not exist"}}
2026-03-05 15:39:36 ERROR root remotelib error:LobbyPanel:85:{"property": "SetVisible", "value": [false], "qualifier": {"code": "property does not exist"}}
2026-03-05 15:39:36 ERROR root remotelib error:IC144Panel:85:{"property": "SetVisible", "value": [false], "qualifier": {"code": "property does not exist"}}
2026-03-05 15:39:36 ERROR root remotelib error:IC142Panel:1281:{"property": "SetVisible", "value": [false], "qualifier": {"code": "property does not exist"}}
2026-03-05 15:39:36 ERROR root remotelib error:HallPanel:4:{"property": "SetText", "value": ["| Hallway 200 |"], "qualifier": {"code": "property does not exist"}}
2026-03-05 15:39:36 ERROR root remotelib error:BreakRmPanel:2301:{"property": "SetVisible", "value": [false], "qualifier": {"code": "property does not exist"}}
2026-03-05 15:39:36 ERROR root remotelib error:IC144Panel:1281:{"property": "SetVisible", "value": [false], "qualifier": {"code": "property does not exist"}}
2026-03-05 15:39:36 ERROR root remotelib error:IC143Panel:4917:{"property": "SetVisible", "value": [true], "qualifier": {"code": "property does not exist"}}
2026-03-05 15:39:36 ERROR root remotelib error:HallPanel:85:{"property": "SetVisible", "value": [false], "qualifier": {"code": "property does not exist"}}
2026-03-05 15:39:36 ERROR root remotelib error:BreakRmPanel:2302:{"property": "SetVisible", "value": [false], "qualifier": {"code": "property does not exist"}}
2026-03-05 15:39:36 ERROR root remotelib error:IC144Panel:1282:{"property": "SetVisible", "value": [false], "qualifier": {"code": "property does not exist"}}
2026-03-05 15:39:36 ERROR root remotelib error:LobbyPanel:1281:{"property": "SetVisible", "value": [false], "qualifier": {"code": "property does not exist"}}
2026-03-05 15:39:36 ERROR root remotelib error:BWDPanel:1285:{"property": "SetVisible", "value": [false], "qualifier": {"code": "property does not exist"}}
2026-03-05 15:39:36 ERROR root remotelib error:IC142Panel:1282:{"property": "SetVisible", "value": [false], "qualifier": {"code": "property does not exist"}}
2026-03-05 15:39:36 ERROR root remotelib error:IC143Panel:4918:{"property": "SetVisible", "value": [true], "qualifier": {"code": "property does not exist"}}
2026-03-05 15:39:36 ERROR root remotelib error:HallPanel:1281:{"property": "SetVisible", "value": [false], "qualifier": {"code": "property does not exist"}}
2026-03-05 15:39:36 ERROR root remotelib error:BreakRmPanel:2303:{"property": "SetVisible", "value": [false], "qualifier": {"code": "property does not exist"}}
2026-03-05 15:39:36 ERROR root remotelib error:IC144Panel:1283:{"property": "SetVisible", "value": [false], "qualifier": {"code": "property does not exist"}}
2026-03-05 15:39:36 ERROR root remotelib error:LobbyPanel:1282:{"property": "SetVisible", "value": [false], "qualifier": {"code": "property does not exist"}}
2026-03-05 15:39:36 ERROR root remotelib error:BWDPanel:1286:{"property": "SetVisible", "value": [false], "qualifier": {"code": "property does not exist"}}
2026-03-05 15:39:36 ERROR root remotelib error:IC143Panel:4919:{"property": "SetVisible", "value": [true], "qualifier": {"code": "property does not exist"}}
2026-03-05 15:39:36 ERROR root remotelib error:IC142Panel:1283:{"property": "SetVisible", "value": [false], "qualifier": {"code": "property does not exist"}}
2026-03-05 15:39:36 ERROR root remotelib error:HallPanel:1282:{"property": "SetVisible", "value": [false], "qualifier": {"code": "property does not exist"}}
2026-03-05 15:39:36 ERROR root remotelib error:BreakRmPanel:2304:{"property": "SetVisible", "value": [false], "qualifier": {"code": "property does not exist"}}
2026-03-05 15:39:36 ERROR root remotelib error:IC144Panel:1284:{"property": "SetVisible", "value": [false], "qualifier": {"code": "property does not exist"}}
2026-03-05 15:39:36 ERROR root remotelib error:LobbyPanel:1283:{"property": "SetVisible", "value": [false], "qualifier": {"code": "property does not exist"}}
2026-03-05 15:39:36 ERROR root remotelib error:BWDPanel:1287:{"property": "SetVisible", "value": [false], "qualifier": {"code": "property does not exist"}}
2026-03-05 15:39:36 ERROR root remotelib error:IC142Panel:1284:{"property": "SetVisible", "value": [false], "qualifier": {"code": "property does not exist"}}
2026-03-05 15:39:36 ERROR root remotelib error:IC143Panel:4920:{"property": "SetVisible", "value": [true], "qualifier": {"code": "property does not exist"}}
2026-03-05 15:39:36 ERROR root remotelib error:LobbyPanel:1284:{"property": "SetVisible", "value": [false], "qualifier": {"code": "property does not exist"}}
2026-03-05 15:39:36 ERROR root remotelib error:BWDPanel:1288:{"property": "SetVisible", "value": [false], "qualifier": {"code": "property does not exist"}}
2026-03-05 15:39:36 ERROR root remotelib error:HallPanel:1283:{"property": "SetVisible", "value": [false], "qualifier": {"code": "property does not exist"}}
2026-03-05 15:39:36 ERROR root remotelib error:IC142Panel:1285:{"property": "SetVisible", "value": [false], "qualifier": {"code": "property does not exist"}}
2026-03-05 15:39:36 ERROR root remotelib error:BreakRmPanel:2305:{"property": "SetVisible", "value": [false], "qualifier": {"code": "property does not exist"}}
2026-03-05 15:39:36 ERROR root remotelib error:BWDPanel:1289:{"property": "SetVisible", "value": [false], "qualifier": {"code": "property does not exist"}}
2026-03-05 15:39:36 ERROR root remotelib error:LobbyPanel:1285:{"property": "SetVisible", "value": [false], "qualifier": {"code": "property does not exist"}}
2026-03-05 15:39:36 ERROR root remotelib error:IC142Panel:1286:{"property": "SetVisible", "value": [false], "qualifier": {"code": "property does not exist"}}
2026-03-05 15:39:36 ERROR root remotelib error:BreakRmPanel:2306:{"property": "SetVisible", "value": [false], "qualifier": {"code": "property does not exist"}}
2026-03-05 15:39:36 ERROR root remotelib error:BWDPanel:1290:{"property": "SetVisible", "value": [false], "qualifier": {"code": "property does not exist"}}
2026-03-05 15:39:36 ERROR root remotelib error:IC144Panel:1285:{"property": "SetVisible", "value": [false], "qualifier": {"code": "property does not exist"}}
2026-03-05 15:39:36 ERROR root remotelib error:IC142Panel:1287:{"property": "SetVisible", "value": [false], "qualifier": {"code": "property does not exist"}}
2026-03-05 15:39:36 ERROR root remotelib error:BreakRmPanel:2307:{"property": "SetVisible", "value": [false], "qualifier": {"code": "property does not exist"}}
2026-03-05 15:39:36 ERROR root remotelib error:BWDPanel:2301:{"property": "SetVisible", "value": [false], "qualifier": {"code": "property does not exist"}}
2026-03-05 15:39:36 ERROR root remotelib error:BWDPanel:2302:{"property": "SetVisible", "value": [false], "qualifier": {"code": "property does not exist"}}
2026-03-05 15:39:36 ERROR root remotelib error:LobbyPanel:1286:{"property": "SetVisible", "value": [false], "qualifier": {"code": "property does not exist"}}
2026-03-05 15:39:36 ERROR root remotelib error:IC142Panel:1288:{"property": "SetVisible", "value": [false], "qualifier": {"code": "property does not exist"}}
2026-03-05 15:39:36 ERROR root remotelib error:IC144Panel:1286:{"property": "SetVisible", "value": [false], "qualifier": {"code": "property does not exist"}}
2026-03-05 15:39:36 ERROR root remotelib error:HallPanel:1284:{"property": "SetVisible", "value": [false], "qualifier": {"code": "property does not exist"}}
2026-03-05 15:39:36 ERROR root remotelib error:BreakRmPanel:2308:{"property": "SetVisible", "value": [false], "qualifier": {"code": "property does not exist"}}
2026-03-05 15:39:36 ERROR root remotelib error:IC143Panel:4921:{"property": "SetVisible", "value": [true], "qualifier": {"code": "property does not exist"}}
2026-03-05 15:39:36 ERROR root remotelib error:BWDPanel:2303:{"property": "SetVisible", "value": [false], "qualifier": {"code": "property does not exist"}}
2026-03-05 15:39:36 ERROR root remotelib error:IC142Panel:1289:{"property": "SetVisible", "value": [false], "qualifier": {"code": "property does not exist"}}
2026-03-05 15:39:36 ERROR root remotelib error:LobbyPanel:1287:{"property": "SetVisible", "value": [false], "qualifier": {"code": "property does not exist"}}
2026-03-05 15:39:36 ERROR root remotelib error:HallPanel:1285:{"property": "SetVisible", "value": [false], "qualifier": {"code": "property does not exist"}}
2026-03-05 15:39:36 ERROR root remotelib error:IC144Panel:1287:{"property": "SetVisible", "value": [false], "qualifier": {"code": "property does not exist"}}
2026-03-05 15:39:36 ERROR root remotelib error:BreakRmPanel:2309:{"property": "SetVisible", "value": [false], "qualifier": {"code": "property does not exist"}}
2026-03-05 15:39:36 ERROR root remotelib error:IC143Panel:4922:{"property": "SetVisible", "value": [true], "qualifier": {"code": "property does not exist"}}
2026-03-05 15:39:36 ERROR root remotelib error:BWDPanel:2304:{"property": "SetVisible", "value": [false], "qualifier": {"code": "property does not exist"}}
2026-03-05 15:39:36 ERROR root remotelib error:IC142Panel:1290:{"property": "SetVisible", "value": [false], "qualifier": {"code": "property does not exist"}}
2026-03-05 15:39:36 ERROR root remotelib error:BreakRmPanel:2310:{"property": "SetVisible", "value": [false], "qualifier": {"code": "property does not exist"}}
2026-03-05 15:39:36 ERROR root remotelib error:IC143Panel:4923:{"property": "SetVisible", "value": [true], "qualifier": {"code": "property does not exist"}}
2026-03-05 15:39:36 ERROR root remotelib error:BWDPanel:2305:{"property": "SetVisible", "value": [false], "qualifier": {"code": "property does not exist"}}
2026-03-05 15:39:36 ERROR root remotelib error:IC142Panel:2301:{"property": "SetVisible", "value": [false], "qualifier": {"code": "property does not exist"}}
2026-03-05 15:39:36 ERROR root remotelib error:HallPanel:1286:{"property": "SetVisible", "value": [false], "qualifier": {"code": "property does not exist"}}
2026-03-05 15:39:36 ERROR root remotelib error:LobbyPanel:1288:{"property": "SetVisible", "value": [false], "qualifier": {"code": "property does not exist"}}
2026-03-05 15:39:36 ERROR root remotelib error:IC144Panel:1288:{"property": "SetVisible", "value": [false], "qualifier": {"code": "property does not exist"}}
2026-03-05 15:39:36 ERROR root remotelib error:BreakRmPanel:2311:{"property": "SetVisible", "value": [false], "qualifier": {"code": "property does not exist"}}
2026-03-05 15:39:36 ERROR root remotelib error:IC143Panel:4924:{"property": "SetVisible", "value": [true], "qualifier": {"code": "property does not exist"}}
2026-03-05 15:39:36 ERROR root remotelib error:HallPanel:1287:{"property": "SetVisible", "value": [false], "qualifier": {"code": "property does not exist"}}
2026-03-05 15:39:36 ERROR root remotelib error:LobbyPanel:1289:{"property": "SetVisible", "value": [false], "qualifier": {"code": "property does not exist"}}
2026-03-05 15:39:36 ERROR root remotelib error:BreakRmPanel:2312:{"property": "SetVisible", "value": [false], "qualifier": {"code": "property does not exist"}}
2026-03-05 15:39:36 ERROR root remotelib error:IC144Panel:1289:{"property": "SetVisible", "value": [false], "qualifier": {"code": "property does not exist"}}
2026-03-05 15:39:36 ERROR root remotelib error:IC143Panel:4625:{"property": "SetVisible", "value": [false], "qualifier": {"code": "property does not exist"}}
2026-03-05 15:39:36 ERROR root remotelib error:HallPanel:1288:{"property": "SetVisible", "value": [false], "qualifier": {"code": "property does not exist"}}
2026-03-05 15:39:36 ERROR root remotelib error:LobbyPanel:1290:{"property": "SetVisible", "value": [false], "qualifier": {"code": "property does not exist"}}
2026-03-05 15:39:36 ERROR root remotelib error:IC144Panel:1290:{"property": "SetVisible", "value": [false], "qualifier": {"code": "property does not exist"}}
2026-03-05 15:39:36 ERROR root remotelib error:BreakRmPanel:2313:{"property": "SetVisible", "value": [false], "qualifier": {"code": "property does not exist"}}
2026-03-05 15:39:36 ERROR root remotelib error:IC143Panel:4626:{"property": "SetVisible", "value": [false], "qualifier": {"code": "property does not exist"}}
2026-03-05 15:39:36 ERROR root remotelib error:HallPanel:1289:{"property": "SetVisible", "value": [false], "qualifier": {"code": "property does not exist"}}
2026-03-05 15:39:36 ERROR root remotelib error:IC142Panel:2302:{"property": "SetVisible", "value": [false], "qualifier": {"code": "property does not exist"}}
2026-03-05 15:39:36 ERROR root remotelib error:BWDPanel:2306:{"property": "SetVisible", "value": [false], "qualifier": {"code": "property does not exist"}}
2026-03-05 15:39:37 ERROR root remotelib error:IC143Panel:4627:{"property": "SetVisible", "value": [false], "qualifier": {"code": "property does not exist"}}
2026-03-05 15:39:37 ERROR root remotelib error:HallPanel:1290:{"property": "SetVisible", "value": [false], "qualifier": {"code": "property does not exist"}}
2026-03-05 15:39:37 ERROR root remotelib error:IC142Panel:2303:{"property": "SetVisible", "value": [false], "qualifier": {"code": "property does not exist"}}
2026-03-05 15:39:37 ERROR root remotelib error:BWDPanel:2307:{"property": "SetVisible", "value": [false], "qualifier": {"code": "property does not exist"}}
2026-03-05 15:39:37 ERROR root remotelib error:BreakRmPanel:2314:{"property": "SetVisible", "value": [false], "qualifier": {"code": "property does not exist"}}
2026-03-05 15:39:37 ERROR root remotelib error:LobbyPanel:2301:{"property": "SetVisible", "value": [false], "qualifier": {"code": "property does not exist"}}
2026-03-05 15:39:37 ERROR root remotelib error:IC143Panel:4628:{"property": "SetVisible", "value": [false], "qualifier": {"code": "property does not exist"}}
2026-03-05 15:39:37 ERROR root remotelib error:BreakRmPanel:2315:{"property": "SetVisible", "value": [false], "qualifier": {"code": "property does not exist"}}
2026-03-05 15:39:37 ERROR root remotelib error:IC144Panel:2301:{"property": "SetVisible", "value": [false], "qualifier": {"code": "property does not exist"}}
2026-03-05 15:39:37 ERROR root remotelib error:IC144Panel:2302:{"property": "SetVisible", "value": [false], "qualifier": {"code": "property does not exist"}}
2026-03-05 15:39:37 ERROR root remotelib error:LobbyPanel:2302:{"property": "SetVisible", "value": [false], "qualifier": {"code": "property does not exist"}}
2026-03-05 15:39:37 ERROR root remotelib error:IC143Panel:4629:{"property": "SetVisible", "value": [false], "qualifier": {"code": "property does not exist"}}
2026-03-05 15:39:37 ERROR root remotelib error:IC142Panel:2304:{"property": "SetVisible", "value": [false], "qualifier": {"code": "property does not exist"}}
2026-03-05 15:39:37 ERROR root remotelib error:LobbyPanel:2303:{"property": "SetVisible", "value": [false], "qualifier": {"code": "property does not exist"}}
2026-03-05 15:39:37 ERROR root remotelib error:IC144Panel:2303:{"property": "SetVisible", "value": [false], "qualifier": {"code": "property does not exist"}}
2026-03-05 15:39:37 ERROR root remotelib error:IC142Panel:2305:{"property": "SetVisible", "value": [false], "qualifier": {"code": "property does not exist"}}
2026-03-05 15:39:37 ERROR root remotelib error:BWDPanel:2308:{"property": "SetVisible", "value": [false], "qualifier": {"code": "property does not exist"}}
2026-03-05 15:39:37 ERROR root remotelib error:BreakRmPanel:2316:{"property": "SetVisible", "value": [false], "qualifier": {"code": "property does not exist"}}
2026-03-05 15:39:37 ERROR root remotelib error:IC143Panel:4630:{"property": "SetVisible", "value": [false], "qualifier": {"code": "property does not exist"}}
2026-03-05 15:39:37 ERROR root remotelib error:LobbyPanel:2304:{"property": "SetVisible", "value": [false], "qualifier": {"code": "property does not exist"}}
2026-03-05 15:39:37 ERROR root remotelib error:IC144Panel:2304:{"property": "SetVisible", "value": [false], "qualifier": {"code": "property does not exist"}}
2026-03-05 15:39:37 ERROR root remotelib error:HallPanel:2301:{"property": "SetVisible", "value": [false], "qualifier": {"code": "property does not exist"}}
2026-03-05 15:39:37 ERROR root remotelib error:IC143Panel:4631:{"property": "SetVisible", "value": [false], "qualifier": {"code": "property does not exist"}}
2026-03-05 15:39:37 ERROR root remotelib error:HallPanel:2302:{"property": "SetVisible", "value": [false], "qualifier": {"code": "property does not exist"}}
2026-03-05 15:39:37 ERROR root remotelib error:BreakRmPanel:2317:{"property": "SetVisible", "value": [false], "qualifier": {"code": "property does not exist"}}
2026-03-05 15:39:37 ERROR root remotelib error:BWDPanel:2309:{"property": "SetVisible", "value": [false], "qualifier": {"code": "property does not exist"}}
2026-03-05 15:39:37 ERROR root remotelib error:IC142Panel:2306:{"property": "SetVisible", "value": [false], "qualifier": {"code": "property does not exist"}}
2026-03-05 15:39:37 ERROR root remotelib error:LobbyPanel:2305:{"property": "SetVisible", "value": [false], "qualifier": {"code": "property does not exist"}}
2026-03-05 15:39:37 ERROR root remotelib error:IC144Panel:2305:{"property": "SetVisible", "value": [false], "qualifier": {"code": "property does not exist"}}
2026-03-05 15:39:37 ERROR root remotelib error:BWDPanel:2310:{"property": "SetVisible", "value": [false], "qualifier": {"code": "property does not exist"}}
2026-03-05 15:39:37 ERROR root remotelib error:HallPanel:2303:{"property": "SetVisible", "value": [false], "qualifier": {"code": "property does not exist"}}
2026-03-05 15:39:37 ERROR root remotelib error:BreakRmPanel:2318:{"property": "SetVisible", "value": [false], "qualifier": {"code": "property does not exist"}}
2026-03-05 15:39:37 ERROR root remotelib error:IC144Panel:2306:{"property": "SetVisible", "value": [false], "qualifier": {"code": "property does not exist"}}
2026-03-05 15:39:37 ERROR root remotelib error:IC142Panel:2307:{"property": "SetVisible", "value": [false], "qualifier": {"code": "property does not exist"}}
2026-03-05 15:39:37 ERROR root remotelib error:LobbyPanel:2306:{"property": "SetVisible", "value": [false], "qualifier": {"code": "property does not exist"}}
2026-03-05 15:39:37 ERROR root remotelib error:IC143Panel:4632:{"property": "SetVisible", "value": [false], "qualifier": {"code": "property does not exist"}}
2026-03-05 15:39:37 ERROR root remotelib error:BreakRmPanel:2319:{"property": "SetVisible", "value": [false], "qualifier": {"code": "property does not exist"}}
2026-03-05 15:39:37 ERROR root remotelib error:IC144Panel:2307:{"property": "SetVisible", "value": [false], "qualifier": {"code": "property does not exist"}}
2026-03-05 15:39:37 ERROR root remotelib error:BWDPanel:2311:{"property": "SetVisible", "value": [false], "qualifier": {"code": "property does not exist"}}
2026-03-05 15:39:37 ERROR root remotelib error:HallPanel:2304:{"property": "SetVisible", "value": [false], "qualifier": {"code": "property does not exist"}}
2026-03-05 15:39:37 ERROR root remotelib error:IC142Panel:2308:{"property": "SetVisible", "value": [false], "qualifier": {"code": "property does not exist"}}
2026-03-05 15:39:37 ERROR root remotelib error:BreakRmPanel:793:{"property": "SetText", "value": [""], "qualifier": {"code": "property does not exist"}}
2026-03-05 15:39:37 ERROR root remotelib error:IC144Panel:2308:{"property": "SetVisible", "value": [false], "qualifier": {"code": "property does not exist"}}
2026-03-05 15:39:37 ERROR root remotelib error:IC143Panel:4600:{"property": "SetVisible", "value": [true], "qualifier": {"code": "property does not exist"}}
2026-03-05 15:39:37 ERROR root remotelib error:HallPanel:2305:{"property": "SetVisible", "value": [false], "qualifier": {"code": "property does not exist"}}
2026-03-05 15:39:37 ERROR root remotelib error:IC142Panel:2309:{"property": "SetVisible", "value": [false], "qualifier": {"code": "property does not exist"}}
2026-03-05 15:39:37 ERROR root remotelib error:BreakRmPanel:4925:{"property": "SetVisible", "value": [false], "qualifier": {"code": "property does not exist"}}
2026-03-05 15:39:37 ERROR root remotelib error:IC144Panel:2309:{"property": "SetVisible", "value": [false], "qualifier": {"code": "property does not exist"}}
2026-03-05 15:39:37 ERROR root remotelib error:IC143Panel:4601:{"property": "SetVisible", "value": [true], "qualifier": {"code": "property does not exist"}}
2026-03-05 15:39:37 ERROR root remotelib error:HallPanel:2306:{"property": "SetVisible", "value": [false], "qualifier": {"code": "property does not exist"}}
2026-03-05 15:39:37 ERROR root remotelib error:IC142Panel:2310:{"property": "SetVisible", "value": [false], "qualifier": {"code": "property does not exist"}}
2026-03-05 15:39:37 ERROR root remotelib error:BreakRmPanel:4926:{"property": "SetVisible", "value": [false], "qualifier": {"code": "property does not exist"}}
2026-03-05 15:39:37 ERROR root remotelib error:IC144Panel:2310:{"property": "SetVisible", "value": [false], "qualifier": {"code": "property does not exist"}}
2026-03-05 15:39:37 ERROR root remotelib error:HallPanel:2307:{"property": "SetVisible", "value": [false], "qualifier": {"code": "property does not exist"}}
2026-03-05 15:39:37 ERROR root remotelib error:IC142Panel:2311:{"property": "SetVisible", "value": [false], "qualifier": {"code": "property does not exist"}}
2026-03-05 15:39:37 ERROR root remotelib error:BreakRmPanel:4927:{"property": "SetVisible", "value": [false], "qualifier": {"code": "property does not exist"}}
2026-03-05 15:39:37 ERROR root remotelib error:IC143Panel:4602:{"property": "SetVisible", "value": [true], "qualifier": {"code": "property does not exist"}}
2026-03-05 15:39:37 ERROR root remotelib error:IC144Panel:2311:{"property": "SetVisible", "value": [false], "qualifier": {"code": "property does not exist"}}
2026-03-05 15:39:37 ERROR root remotelib error:BreakRmPanel:4928:{"property": "SetVisible", "value": [false], "qualifier": {"code": "property does not exist"}}
2026-03-05 15:39:37 ERROR root remotelib error:LobbyPanel:2307:{"property": "SetVisible", "value": [false], "qualifier": {"code": "property does not exist"}}
2026-03-05 15:39:37 ERROR root remotelib error:IC143Panel:4603:{"property": "SetVisible", "value": [true], "qualifier": {"code": "property does not exist"}}
2026-03-05 15:39:37 ERROR root remotelib error:HallPanel:2308:{"property": "SetVisible", "value": [false], "qualifier": {"code": "property does not exist"}}
2026-03-05 15:39:37 ERROR root remotelib error:LobbyPanel:2308:{"property": "SetVisible", "value": [false], "qualifier": {"code": "property does not exist"}}
2026-03-05 15:39:37 ERROR root remotelib error:LobbyPanel:2309:{"property": "SetVisible", "value": [false], "qualifier": {"code": "property does not exist"}}
2026-03-05 15:39:37 ERROR root remotelib error:LobbyPanel:2310:{"property": "SetVisible", "value": [false], "qualifier": {"code": "property does not exist"}}
2026-03-05 15:39:37 ERROR root remotelib error:LobbyPanel:2311:{"property": "SetVisible", "value": [false], "qualifier": {"code": "property does not exist"}}
2026-03-05 15:39:37 ERROR root remotelib error:IC144Panel:2312:{"property": "SetVisible", "value": [false], "qualifier": {"code": "property does not exist"}}
2026-03-05 15:39:37 ERROR root remotelib error:IC143Panel:4604:{"property": "SetVisible", "value": [true], "qualifier": {"code": "property does not exist"}}
2026-03-05 15:39:37 ERROR root remotelib error:HallPanel:2309:{"property": "SetVisible", "value": [false], "qualifier": {"code": "property does not exist"}}
2026-03-05 15:39:37 ERROR root remotelib error:BreakRmPanel:4929:{"property": "SetVisible", "value": [false], "qualifier": {"code": "property does not exist"}}
2026-03-05 15:39:37 ERROR root remotelib error:IC142Panel:2312:{"property": "SetVisible", "value": [false], "qualifier": {"code": "property does not exist"}}
2026-03-05 15:39:37 ERROR root remotelib error:BWDPanel:2312:{"property": "SetVisible", "value": [false], "qualifier": {"code": "property does not exist"}}
2026-03-05 15:39:37 ERROR root remotelib error:HallPanel:2310:{"property": "SetVisible", "value": [false], "qualifier": {"code": "property does not exist"}}
2026-03-05 15:39:37 ERROR root remotelib error:IC144Panel:2313:{"property": "SetVisible", "value": [false], "qualifier": {"code": "property does not exist"}}
2026-03-05 15:39:37 ERROR root remotelib error:IC143Panel:4605:{"property": "SetVisible", "value": [true], "qualifier": {"code": "property does not exist"}}
2026-03-05 15:39:37 ERROR root remotelib error:BreakRmPanel:4930:{"property": "SetVisible", "value": [false], "qualifier": {"code": "property does not exist"}}
2026-03-05 15:39:37 ERROR root remotelib error:IC144Panel:2314:{"property": "SetVisible", "value": [false], "qualifier": {"code": "property does not exist"}}
2026-03-05 15:39:37 ERROR root remotelib error:IC143Panel:4606:{"property": "SetVisible", "value": [true], "qualifier": {"code": "property does not exist"}}
2026-03-05 15:39:37 ERROR root remotelib error:HallPanel:2311:{"property": "SetVisible", "value": [false], "qualifier": {"code": "property does not exist"}}
2026-03-05 15:39:37 ERROR root remotelib error:BWDPanel:2313:{"property": "SetVisible", "value": [false], "qualifier": {"code": "property does not exist"}}
2026-03-05 15:39:37 ERROR root remotelib error:IC144Panel:2315:{"property": "SetVisible", "value": [false], "qualifier": {"code": "property does not exist"}}
2026-03-05 15:39:37 ERROR root remotelib error:IC143Panel:4607:{"property": "SetVisible", "value": [true], "qualifier": {"code": "property does not exist"}}
2026-03-05 15:39:37 ERROR root remotelib error:HallPanel:2312:{"property": "SetVisible", "value": [false], "qualifier": {"code": "property does not exist"}}
2026-03-05 15:39:37 ERROR root remotelib error:BWDPanel:2314:{"property": "SetVisible", "value": [false], "qualifier": {"code": "property does not exist"}}
2026-03-05 15:39:37 ERROR root remotelib error:IC144Panel:2316:{"property": "SetVisible", "value": [false], "qualifier": {"code": "property does not exist"}}
2026-03-05 15:39:37 ERROR root remotelib error:HallPanel:2313:{"property": "SetVisible", "value": [false], "qualifier": {"code": "property does not exist"}}
2026-03-05 15:39:37 ERROR root remotelib error:IC143Panel:4608:{"property": "SetVisible", "value": [true], "qualifier": {"code": "property does not exist"}}
2026-03-05 15:39:37 ERROR root remotelib error:IC144Panel:2317:{"property": "SetVisible", "value": [false], "qualifier": {"code": "property does not exist"}}
2026-03-05 15:39:37 ERROR root remotelib error:BreakRmPanel:4931:{"property": "SetVisible", "value": [false], "qualifier": {"code": "property does not exist"}}
2026-03-05 15:39:37 ERROR root remotelib error:HallPanel:2314:{"property": "SetVisible", "value": [false], "qualifier": {"code": "property does not exist"}}
2026-03-05 15:39:37 ERROR root remotelib error:IC142Panel:2313:{"property": "SetVisible", "value": [false], "qualifier": {"code": "property does not exist"}}
2026-03-05 15:39:37 ERROR root remotelib error:LobbyPanel:2312:{"property": "SetVisible", "value": [false], "qualifier": {"code": "property does not exist"}}
2026-03-05 15:39:37 ERROR root remotelib error:BreakRmPanel:4932:{"property": "SetVisible", "value": [false], "qualifier": {"code": "property does not exist"}}
2026-03-05 15:39:37 ERROR root remotelib error:BWDPanel:2315:{"property": "SetVisible", "value": [false], "qualifier": {"code": "property does not exist"}}
2026-03-05 15:39:37 ERROR root remotelib error:IC144Panel:2318:{"property": "SetVisible", "value": [false], "qualifier": {"code": "property does not exist"}}
2026-03-05 15:39:37 ERROR root remotelib error:LobbyPanel:2313:{"property": "SetVisible", "value": [false], "qualifier": {"code": "property does not exist"}}
2026-03-05 15:39:37 ERROR root remotelib error:BreakRmPanel:4900:{"property": "SetVisible", "value": [true], "qualifier": {"code": "property does not exist"}}
2026-03-05 15:39:37 ERROR root remotelib error:IC144Panel:2319:{"property": "SetVisible", "value": [false], "qualifier": {"code": "property does not exist"}}
2026-03-05 15:39:37 ERROR root remotelib error:BWDPanel:2316:{"property": "SetVisible", "value": [false], "qualifier": {"code": "property does not exist"}}
2026-03-05 15:39:37 ERROR root remotelib error:LobbyPanel:2314:{"property": "SetVisible", "value": [false], "qualifier": {"code": "property does not exist"}}
2026-03-05 15:39:38 ERROR root remotelib error:IC143Panel:4609:{"property": "SetVisible", "value": [true], "qualifier": {"code": "property does not exist"}}
2026-03-05 15:39:38 ERROR root remotelib error:BWDPanel:2317:{"property": "SetVisible", "value": [false], "qualifier": {"code": "property does not exist"}}
2026-03-05 15:39:38 ERROR root remotelib error:IC144Panel:793:{"property": "SetText", "value": [""], "qualifier": {"code": "property does not exist"}}
2026-03-05 15:39:38 ERROR root remotelib error:BreakRmPanel:4901:{"property": "SetVisible", "value": [true], "qualifier": {"code": "property does not exist"}}
2026-03-05 15:39:38 ERROR root remotelib error:IC143Panel:4610:{"property": "SetVisible", "value": [true], "qualifier": {"code": "property does not exist"}}
2026-03-05 15:39:38 ERROR root remotelib error:IC142Panel:2314:{"property": "SetVisible", "value": [false], "qualifier": {"code": "property does not exist"}}
2026-03-05 15:39:38 ERROR root remotelib error:HallPanel:2315:{"property": "SetVisible", "value": [false], "qualifier": {"code": "property does not exist"}}
2026-03-05 15:39:38 ERROR root remotelib error:LobbyPanel:2315:{"property": "SetVisible", "value": [false], "qualifier": {"code": "property does not exist"}}
2026-03-05 15:39:38 ERROR root remotelib error:BreakRmPanel:4902:{"property": "SetVisible", "value": [true], "qualifier": {"code": "property does not exist"}}
2026-03-05 15:39:38 ERROR root remotelib error:BWDPanel:2318:{"property": "SetVisible", "value": [false], "qualifier": {"code": "property does not exist"}}
2026-03-05 15:39:38 ERROR root remotelib error:IC144Panel:4925:{"property": "SetVisible", "value": [false], "qualifier": {"code": "property does not exist"}}
2026-03-05 15:39:38 ERROR root remotelib error:BreakRmPanel:4903:{"property": "SetVisible", "value": [true], "qualifier": {"code": "property does not exist"}}
2026-03-05 15:39:38 ERROR root remotelib error:LobbyPanel:2316:{"property": "SetVisible", "value": [false], "qualifier": {"code": "property does not exist"}}
2026-03-05 15:39:38 ERROR root remotelib error:HallPanel:2316:{"property": "SetVisible", "value": [false], "qualifier": {"code": "property does not exist"}}
2026-03-05 15:39:38 ERROR root remotelib error:IC143Panel:4611:{"property": "SetVisible", "value": [true], "qualifier": {"code": "property does not exist"}}
2026-03-05 15:39:38 ERROR root remotelib error:LobbyPanel:2317:{"property": "SetVisible", "value": [false], "qualifier": {"code": "property does not exist"}}
2026-03-05 15:39:38 ERROR root remotelib error:BWDPanel:2319:{"property": "SetVisible", "value": [false], "qualifier": {"code": "property does not exist"}}
2026-03-05 15:39:38 ERROR root remotelib error:IC144Panel:4926:{"property": "SetVisible", "value": [false], "qualifier": {"code": "property does not exist"}}
2026-03-05 15:39:38 ERROR root remotelib error:IC143Panel:4612:{"property": "SetVisible", "value": [true], "qualifier": {"code": "property does not exist"}}
2026-03-05 15:39:38 ERROR root remotelib error:BreakRmPanel:4904:{"property": "SetVisible", "value": [true], "qualifier": {"code": "property does not exist"}}
2026-03-05 15:39:38 ERROR root remotelib error:HallPanel:2317:{"property": "SetVisible", "value": [false], "qualifier": {"code": "property does not exist"}}
2026-03-05 15:39:38 ERROR root remotelib error:IC142Panel:2315:{"property": "SetVisible", "value": [false], "qualifier": {"code": "property does not exist"}}
2026-03-05 15:39:38 ERROR root remotelib error:IC143Panel:4613:{"property": "SetVisible", "value": [true], "qualifier": {"code": "property does not exist"}}
2026-03-05 15:39:38 ERROR root remotelib error:BreakRmPanel:4905:{"property": "SetVisible", "value": [true], "qualifier": {"code": "property does not exist"}}
2026-03-05 15:39:38 ERROR root remotelib error:IC144Panel:4927:{"property": "SetVisible", "value": [false], "qualifier": {"code": "property does not exist"}}
2026-03-05 15:39:38 ERROR root remotelib error:LobbyPanel:2318:{"property": "SetVisible", "value": [false], "qualifier": {"code": "property does not exist"}}
2026-03-05 15:39:38 ERROR root remotelib error:BWDPanel:793:{"property": "SetText", "value": [""], "qualifier": {"code": "property does not exist"}}
2026-03-05 15:39:38 ERROR root remotelib error:HallPanel:2318:{"property": "SetVisible", "value": [false], "qualifier": {"code": "property does not exist"}}
2026-03-05 15:39:38 ERROR root remotelib error:IC142Panel:2316:{"property": "SetVisible", "value": [false], "qualifier": {"code": "property does not exist"}}
2026-03-05 15:39:38 ERROR root remotelib error:IC143Panel:4614:{"property": "SetVisible", "value": [true], "qualifier": {"code": "property does not exist"}}
2026-03-05 15:39:38 ERROR root remotelib error:BWDPanel:4925:{"property": "SetVisible", "value": [false], "qualifier": {"code": "property does not exist"}}
2026-03-05 15:39:38 ERROR root remotelib error:IC144Panel:4928:{"property": "SetVisible", "value": [false], "qualifier": {"code": "property does not exist"}}
2026-03-05 15:39:38 ERROR root remotelib error:LobbyPanel:2319:{"property": "SetVisible", "value": [false], "qualifier": {"code": "property does not exist"}}
2026-03-05 15:39:38 ERROR root remotelib error:IC143Panel:4615:{"property": "SetVisible", "value": [true], "qualifier": {"code": "property does not exist"}}
2026-03-05 15:39:38 ERROR root remotelib error:HallPanel:2319:{"property": "SetVisible", "value": [false], "qualifier": {"code": "property does not exist"}}
2026-03-05 15:39:38 ERROR root remotelib error:BreakRmPanel:4906:{"property": "SetVisible", "value": [true], "qualifier": {"code": "property does not exist"}}
2026-03-05 15:39:38 ERROR root remotelib error:IC142Panel:2317:{"property": "SetVisible", "value": [false], "qualifier": {"code": "property does not exist"}}
2026-03-05 15:39:38 ERROR root remotelib error:IC143Panel:4616:{"property": "SetVisible", "value": [true], "qualifier": {"code": "property does not exist"}}
2026-03-05 15:39:38 ERROR root remotelib error:HallPanel:793:{"property": "SetText", "value": [""], "qualifier": {"code": "property does not exist"}}
2026-03-05 15:39:38 ERROR root remotelib error:IC142Panel:2318:{"property": "SetVisible", "value": [false], "qualifier": {"code": "property does not exist"}}
2026-03-05 15:39:38 ERROR root remotelib error:BWDPanel:4926:{"property": "SetVisible", "value": [false], "qualifier": {"code": "property does not exist"}}
2026-03-05 15:39:38 ERROR root remotelib error:IC143Panel:4617:{"property": "SetVisible", "value": [true], "qualifier": {"code": "property does not exist"}}
2026-03-05 15:39:38 ERROR root remotelib error:LobbyPanel:793:{"property": "SetText", "value": [""], "qualifier": {"code": "property does not exist"}}
2026-03-05 15:39:38 ERROR root remotelib error:BreakRmPanel:4907:{"property": "SetVisible", "value": [true], "qualifier": {"code": "property does not exist"}}
2026-03-05 15:39:38 ERROR root remotelib error:IC144Panel:4929:{"property": "SetVisible", "value": [false], "qualifier": {"code": "property does not exist"}}
2026-03-05 15:39:38 ERROR root remotelib error:IC143Panel:4618:{"property": "SetVisible", "value": [true], "qualifier": {"code": "property does not exist"}}
2026-03-05 15:39:38 ERROR root remotelib error:BreakRmPanel:4908:{"property": "SetVisible", "value": [true], "qualifier": {"code": "property does not exist"}}
2026-03-05 15:39:38 ERROR root remotelib error:IC144Panel:4930:{"property": "SetVisible", "value": [false], "qualifier": {"code": "property does not exist"}}
2026-03-05 15:39:38 ERROR root remotelib error:IC143Panel:4619:{"property": "SetVisible", "value": [true], "qualifier": {"code": "property does not exist"}}
2026-03-05 15:39:38 ERROR root remotelib error:BreakRmPanel:4909:{"property": "SetVisible", "value": [true], "qualifier": {"code": "property does not exist"}}
2026-03-05 15:39:38 ERROR root remotelib error:HallPanel:4925:{"property": "SetVisible", "value": [false], "qualifier": {"code": "property does not exist"}}
2026-03-05 15:39:38 ERROR root remotelib error:LobbyPanel:4925:{"property": "SetVisible", "value": [false], "qualifier": {"code": "property does not exist"}}
2026-03-05 15:39:38 ERROR root remotelib error:IC142Panel:2319:{"property": "SetVisible", "value": [false], "qualifier": {"code": "property does not exist"}}
2026-03-05 15:39:38 ERROR root remotelib error:HallPanel:4926:{"property": "SetVisible", "value": [false], "qualifier": {"code": "property does not exist"}}
2026-03-05 15:39:38 ERROR root remotelib error:BWDPanel:4927:{"property": "SetVisible", "value": [false], "qualifier": {"code": "property does not exist"}}
2026-03-05 15:39:38 ERROR root remotelib error:BreakRmPanel:4910:{"property": "SetVisible", "value": [true], "qualifier": {"code": "property does not exist"}}
2026-03-05 15:39:38 ERROR root remotelib error:LobbyPanel:4926:{"property": "SetVisible", "value": [false], "qualifier": {"code": "property does not exist"}}
2026-03-05 15:39:38 ERROR root remotelib error:BWDPanel:4928:{"property": "SetVisible", "value": [false], "qualifier": {"code": "property does not exist"}}
2026-03-05 15:39:38 ERROR root remotelib error:IC143Panel:4620:{"property": "SetVisible", "value": [true], "qualifier": {"code": "property does not exist"}}
2026-03-05 15:39:38 ERROR root remotelib error:IC144Panel:4931:{"property": "SetVisible", "value": [false], "qualifier": {"code": "property does not exist"}}
2026-03-05 15:39:38 ERROR root remotelib error:LobbyPanel:4927:{"property": "SetVisible", "value": [false], "qualifier": {"code": "property does not exist"}}
2026-03-05 15:39:38 ERROR root remotelib error:BWDPanel:4929:{"property": "SetVisible", "value": [false], "qualifier": {"code": "property does not exist"}}
2026-03-05 15:39:38 ERROR root remotelib error:IC143Panel:4621:{"property": "SetVisible", "value": [true], "qualifier": {"code": "property does not exist"}}
2026-03-05 15:39:38 ERROR root remotelib error:HallPanel:4927:{"property": "SetVisible", "value": [false], "qualifier": {"code": "property does not exist"}}
2026-03-05 15:39:38 ERROR root remotelib error:IC142Panel:793:{"property": "SetText", "value": [""], "qualifier": {"code": "property does not exist"}}
2026-03-05 15:39:38 ERROR root remotelib error:BWDPanel:4930:{"property": "SetVisible", "value": [false], "qualifier": {"code": "property does not exist"}}
2026-03-05 15:39:38 ERROR root remotelib error:IC144Panel:4932:{"property": "SetVisible", "value": [false], "qualifier": {"code": "property does not exist"}}
2026-03-05 15:39:38 ERROR root remotelib error:LobbyPanel:4928:{"property": "SetVisible", "value": [false], "qualifier": {"code": "property does not exist"}}
2026-03-05 15:39:38 ERROR root remotelib error:BreakRmPanel:4911:{"property": "SetVisible", "value": [true], "qualifier": {"code": "property does not exist"}}
2026-03-05 15:39:38 ERROR root remotelib error:BreakRmPanel:4912:{"property": "SetVisible", "value": [true], "qualifier": {"code": "property does not exist"}}
2026-03-05 15:39:38 ERROR root remotelib error:IC142Panel:4925:{"property": "SetVisible", "value": [false], "qualifier": {"code": "property does not exist"}}
2026-03-05 15:39:38 ERROR root remotelib error:HallPanel:4928:{"property": "SetVisible", "value": [false], "qualifier": {"code": "property does not exist"}}
2026-03-05 15:39:38 ERROR root remotelib error:IC143Panel:4622:{"property": "SetVisible", "value": [true], "qualifier": {"code": "property does not exist"}}
2026-03-05 15:39:38 ERROR root remotelib error:IC144Panel:4900:{"property": "SetVisible", "value": [true], "qualifier": {"code": "property does not exist"}}
2026-03-05 15:39:38 ERROR root remotelib error:IC142Panel:4926:{"property": "SetVisible", "value": [false], "qualifier": {"code": "property does not exist"}}
2026-03-05 15:39:38 ERROR root remotelib error:BWDPanel:4931:{"property": "SetVisible", "value": [false], "qualifier": {"code": "property does not exist"}}
2026-03-05 15:39:38 ERROR root remotelib error:BreakRmPanel:4913:{"property": "SetVisible", "value": [true], "qualifier": {"code": "property does not exist"}}
2026-03-05 15:39:38 ERROR root remotelib error:LobbyPanel:4929:{"property": "SetVisible", "value": [false], "qualifier": {"code": "property does not exist"}}
2026-03-05 15:39:38 ERROR root remotelib error:LobbyPanel:4930:{"property": "SetVisible", "value": [false], "qualifier": {"code": "property does not exist"}}
2026-03-05 15:39:38 ERROR root remotelib error:IC143Panel:4623:{"property": "SetVisible", "value": [true], "qualifier": {"code": "property does not exist"}}
2026-03-05 15:39:38 ERROR root remotelib error:IC144Panel:4902:{"property": "SetVisible", "value": [true], "qualifier": {"code": "property does not exist"}}
2026-03-05 15:39:38 ERROR root remotelib error:IC144Panel:4901:{"property": "SetVisible", "value": [true], "qualifier": {"code": "property does not exist"}}
2026-03-05 15:39:38 ERROR root remotelib error:BWDPanel:4932:{"property": "SetVisible", "value": [false], "qualifier": {"code": "property does not exist"}}
2026-03-05 15:39:38 ERROR root remotelib error:BreakRmPanel:4914:{"property": "SetVisible", "value": [true], "qualifier": {"code": "property does not exist"}}
2026-03-05 15:39:38 ERROR root remotelib error:IC143Panel:4624:{"property": "SetVisible", "value": [true], "qualifier": {"code": "property does not exist"}}
2026-03-05 15:39:38 ERROR root remotelib error:IC142Panel:4927:{"property": "SetVisible", "value": [false], "qualifier": {"code": "property does not exist"}}
2026-03-05 15:39:38 ERROR root remotelib error:HallPanel:4929:{"property": "SetVisible", "value": [false], "qualifier": {"code": "property does not exist"}}
2026-03-05 15:39:38 ERROR root remotelib error:LobbyPanel:4931:{"property": "SetVisible", "value": [false], "qualifier": {"code": "property does not exist"}}
2026-03-05 15:39:38 ERROR root remotelib error:IC144Panel:4903:{"property": "SetVisible", "value": [true], "qualifier": {"code": "property does not exist"}}
2026-03-05 15:39:38 ERROR root remotelib error:IC142Panel:4928:{"property": "SetVisible", "value": [false], "qualifier": {"code": "property does not exist"}}
2026-03-05 15:39:38 ERROR root remotelib error:IC142Panel:4929:{"property": "SetVisible", "value": [false], "qualifier": {"code": "property does not exist"}}
2026-03-05 15:39:38 ERROR root remotelib error:IC143Panel:4776:{"property": "SetVisible", "value": [false], "qualifier": {"code": "property does not exist"}}
2026-03-05 15:39:38 ERROR root remotelib error:BWDPanel:4900:{"property": "SetVisible", "value": [true], "qualifier": {"code": "property does not exist"}}
2026-03-05 15:39:38 ERROR root remotelib error:BreakRmPanel:4915:{"property": "SetVisible", "value": [true], "qualifier": {"code": "property does not exist"}}
2026-03-05 15:39:38 ERROR root remotelib error:HallPanel:4930:{"property": "SetVisible", "value": [false], "qualifier": {"code": "property does not exist"}}
2026-03-05 15:39:38 ERROR root remotelib error:HallPanel:4931:{"property": "SetVisible", "value": [false], "qualifier": {"code": "property does not exist"}}
2026-03-05 15:39:38 ERROR root remotelib error:BWDPanel:4901:{"property": "SetVisible", "value": [true], "qualifier": {"code": "property does not exist"}}
2026-03-05 15:39:38 ERROR root remotelib error:IC142Panel:4930:{"property": "SetVisible", "value": [false], "qualifier": {"code": "property does not exist"}}
2026-03-05 15:39:38 ERROR root remotelib error:IC144Panel:4904:{"property": "SetVisible", "value": [true], "qualifier": {"code": "property does not exist"}}
2026-03-05 15:39:38 ERROR root remotelib error:IC144Panel:4905:{"property": "SetVisible", "value": [true], "qualifier": {"code": "property does not exist"}}
2026-03-05 15:39:38 ERROR root remotelib error:IC144Panel:4906:{"property": "SetVisible", "value": [true], "qualifier": {"code": "property does not exist"}}
2026-03-05 15:39:38 ERROR root remotelib error:IC143Panel:4777:{"property": "SetVisible", "value": [false], "qualifier": {"code": "property does not exist"}}
2026-03-05 15:39:38 ERROR root remotelib error:BreakRmPanel:4916:{"property": "SetVisible", "value": [true], "qualifier": {"code": "property does not exist"}}
2026-03-05 15:39:38 ERROR root remotelib error:HallPanel:4932:{"property": "SetVisible", "value": [false], "qualifier": {"code": "property does not exist"}}
2026-03-05 15:39:38 ERROR root remotelib error:IC142Panel:4931:{"property": "SetVisible", "value": [false], "qualifier": {"code": "property does not exist"}}
2026-03-05 15:39:38 ERROR root remotelib error:HallPanel:4900:{"property": "SetVisible", "value": [true], "qualifier": {"code": "property does not exist"}}
2026-03-05 15:39:38 ERROR root remotelib error:HallPanel:4901:{"property": "SetVisible", "value": [true], "qualifier": {"code": "property does not exist"}}
2026-03-05 15:39:38 ERROR root remotelib error:IC142Panel:4932:{"property": "SetVisible", "value": [false], "qualifier": {"code": "property does not exist"}}
2026-03-05 15:39:38 ERROR root remotelib error:HallPanel:4903:{"property": "SetVisible", "value": [true], "qualifier": {"code": "property does not exist"}}
2026-03-05 15:39:38 ERROR root remotelib error:HallPanel:4902:{"property": "SetVisible", "value": [true], "qualifier": {"code": "property does not exist"}}
2026-03-05 15:39:38 ERROR root remotelib error:LobbyPanel:4900:{"property": "SetVisible", "value": [true], "qualifier": {"code": "property does not exist"}}
2026-03-05 15:39:38 ERROR root remotelib error:LobbyPanel:4932:{"property": "SetVisible", "value": [false], "qualifier": {"code": "property does not exist"}}
2026-03-05 15:39:38 ERROR root remotelib error:BreakRmPanel:4917:{"property": "SetVisible", "value": [true], "qualifier": {"code": "property does not exist"}}
2026-03-05 15:39:38 ERROR root remotelib error:BWDPanel:4902:{"property": "SetVisible", "value": [true], "qualifier": {"code": "property does not exist"}}
2026-03-05 15:39:38 ERROR root remotelib error:IC143Panel:4778:{"property": "SetVisible", "value": [false], "qualifier": {"code": "property does not exist"}}
2026-03-05 15:39:38 ERROR root remotelib error:LobbyPanel:4901:{"property": "SetVisible", "value": [true], "qualifier": {"code": "property does not exist"}}
2026-03-05 15:39:38 ERROR root remotelib error:BreakRmPanel:4918:{"property": "SetVisible", "value": [true], "qualifier": {"code": "property does not exist"}}
2026-03-05 15:39:38 ERROR root remotelib error:IC143Panel:4779:{"property": "SetVisible", "value": [false], "qualifier": {"code": "property does not exist"}}
2026-03-05 15:39:38 ERROR root remotelib error:BWDPanel:4903:{"property": "SetVisible", "value": [true], "qualifier": {"code": "property does not exist"}}
2026-03-05 15:39:38 ERROR root remotelib error:LobbyPanel:4902:{"property": "SetVisible", "value": [true], "qualifier": {"code": "property does not exist"}}
2026-03-05 15:39:38 ERROR root remotelib error:BreakRmPanel:4919:{"property": "SetVisible", "value": [true], "qualifier": {"code": "property does not exist"}}
2026-03-05 15:39:38 ERROR root remotelib error:IC143Panel:4780:{"property": "SetVisible", "value": [false], "qualifier": {"code": "property does not exist"}}
2026-03-05 15:39:38 ERROR root remotelib error:IC144Panel:4907:{"property": "SetVisible", "value": [true], "qualifier": {"code": "property does not exist"}}
2026-03-05 15:39:38 ERROR root remotelib error:BWDPanel:4904:{"property": "SetVisible", "value": [true], "qualifier": {"code": "property does not exist"}}
2026-03-05 15:39:38 ERROR root remotelib error:IC142Panel:4900:{"property": "SetVisible", "value": [true], "qualifier": {"code": "property does not exist"}}
2026-03-05 15:39:38 ERROR root remotelib error:IC143Panel:4781:{"property": "SetVisible", "value": [false], "qualifier": {"code": "property does not exist"}}
2026-03-05 15:39:38 ERROR root remotelib error:BWDPanel:4905:{"property": "SetVisible", "value": [true], "qualifier": {"code": "property does not exist"}}
2026-03-05 15:39:38 ERROR root remotelib error:IC142Panel:4901:{"property": "SetVisible", "value": [true], "qualifier": {"code": "property does not exist"}}
2026-03-05 15:39:38 ERROR root remotelib error:HallPanel:4904:{"property": "SetVisible", "value": [true], "qualifier": {"code": "property does not exist"}}
2026-03-05 15:39:38 ERROR root remotelib error:HallPanel:4905:{"property": "SetVisible", "value": [true], "qualifier": {"code": "property does not exist"}}
2026-03-05 15:39:38 ERROR root remotelib error:BWDPanel:4906:{"property": "SetVisible", "value": [true], "qualifier": {"code": "property does not exist"}}
2026-03-05 15:39:38 ERROR root remotelib error:BWDPanel:4907:{"property": "SetVisible", "value": [true], "qualifier": {"code": "property does not exist"}}
2026-03-05 15:39:39 ERROR root remotelib error:BWDPanel:4908:{"property": "SetVisible", "value": [true], "qualifier": {"code": "property does not exist"}}
2026-03-05 15:39:39 ERROR root remotelib error:HallPanel:4906:{"property": "SetVisible", "value": [true], "qualifier": {"code": "property does not exist"}}
2026-03-05 15:39:39 ERROR root remotelib error:HallPanel:4907:{"property": "SetVisible", "value": [true], "qualifier": {"code": "property does not exist"}}
2026-03-05 15:39:39 ERROR root remotelib error:IC143Panel:4782:{"property": "SetVisible", "value": [false], "qualifier": {"code": "property does not exist"}}
2026-03-05 15:39:39 ERROR root remotelib error:BreakRmPanel:4920:{"property": "SetVisible", "value": [true], "qualifier": {"code": "property does not exist"}}
2026-03-05 15:39:39 ERROR root remotelib error:IC144Panel:4908:{"property": "SetVisible", "value": [true], "qualifier": {"code": "property does not exist"}}
2026-03-05 15:39:39 ERROR root remotelib error:LobbyPanel:4903:{"property": "SetVisible", "value": [true], "qualifier": {"code": "property does not exist"}}
2026-03-05 15:39:39 ERROR root remotelib error:HallPanel:4908:{"property": "SetVisible", "value": [true], "qualifier": {"code": "property does not exist"}}
2026-03-05 15:39:39 ERROR root remotelib error:HallPanel:4909:{"property": "SetVisible", "value": [true], "qualifier": {"code": "property does not exist"}}
2026-03-05 15:39:39 ERROR root remotelib error:BreakRmPanel:4921:{"property": "SetVisible", "value": [true], "qualifier": {"code": "property does not exist"}}
2026-03-05 15:39:39 ERROR root remotelib error:BreakRmPanel:4922:{"property": "SetVisible", "value": [true], "qualifier": {"code": "property does not exist"}}
2026-03-05 15:39:39 ERROR root remotelib error:LobbyPanel:4904:{"property": "SetVisible", "value": [true], "qualifier": {"code": "property does not exist"}}
2026-03-05 15:39:39 ERROR root remotelib error:LobbyPanel:4905:{"property": "SetVisible", "value": [true], "qualifier": {"code": "property does not exist"}}
2026-03-05 15:39:39 ERROR root remotelib error:HallPanel:4910:{"property": "SetVisible", "value": [true], "qualifier": {"code": "property does not exist"}}
2026-03-05 15:39:39 ERROR root remotelib error:BreakRmPanel:4923:{"property": "SetVisible", "value": [true], "qualifier": {"code": "property does not exist"}}
2026-03-05 15:39:39 ERROR root remotelib error:BWDPanel:4909:{"property": "SetVisible", "value": [true], "qualifier": {"code": "property does not exist"}}
2026-03-05 15:39:39 ERROR root remotelib error:LobbyPanel:4906:{"property": "SetVisible", "value": [true], "qualifier": {"code": "property does not exist"}}
2026-03-05 15:39:39 ERROR root remotelib error:HallPanel:4911:{"property": "SetVisible", "value": [true], "qualifier": {"code": "property does not exist"}}
2026-03-05 15:39:39 ERROR root remotelib error:BWDPanel:4910:{"property": "SetVisible", "value": [true], "qualifier": {"code": "property does not exist"}}
2026-03-05 15:39:39 ERROR root remotelib error:IC142Panel:4902:{"property": "SetVisible", "value": [true], "qualifier": {"code": "property does not exist"}}
2026-03-05 15:39:39 ERROR root can't start new thread
2026-03-05 15:39:39 ERROR root remotelib error:LobbyPanel:4907:{"property": "SetVisible", "value": [true], "qualifier": {"code": "property does not exist"}}
2026-03-05 15:39:39 ERROR root remotelib error:IC143Panel:4751:{"property": "SetVisible", "value": [true], "qualifier": {"code": "property does not exist"}}
2026-03-05 15:39:39 ERROR root remotelib error:BWDPanel:4911:{"property": "SetVisible", "value": [true], "qualifier": {"code": "property does not exist"}}
2026-03-05 15:39:39 ERROR root remotelib error:HallPanel:4912:{"property": "SetVisible", "value": [true], "qualifier": {"code": "property does not exist"}}
2026-03-05 15:39:39 ERROR root remotelib error:IC144Panel:4909:{"property": "SetVisible", "value": [true], "qualifier": {"code": "property does not exist"}}
2026-03-05 15:39:39 ERROR root remotelib error:BreakRmPanel:4924:{"property": "SetVisible", "value": [true], "qualifier": {"code": "property does not exist"}}
2026-03-05 15:39:39 ERROR root remotelib error:LobbyPanel:4908:{"property": "SetVisible", "value": [true], "qualifier": {"code": "property does not exist"}}
2026-03-05 15:39:39 ERROR root remotelib error:IC143Panel:4752:{"property": "SetVisible", "value": [true], "qualifier": {"code": "property does not exist"}}
2026-03-05 15:39:39 ERROR root remotelib error:IC142Panel:4903:{"property": "SetVisible", "value": [true], "qualifier": {"code": "property does not exist"}}
2026-03-05 15:39:39 ERROR root remotelib error:BWDPanel:4912:{"property": "SetVisible", "value": [true], "qualifier": {"code": "property does not exist"}}
2026-03-05 15:39:39 ERROR root remotelib error:IC142Panel:4904:{"property": "SetVisible", "value": [true], "qualifier": {"code": "property does not exist"}}
2026-03-05 15:39:39 ERROR root remotelib error:LobbyPanel:4909:{"property": "SetVisible", "value": [true], "qualifier": {"code": "property does not exist"}}
2026-03-05 15:39:39 ERROR root remotelib error:BreakRmPanel:4625:{"property": "SetVisible", "value": [false], "qualifier": {"code": "property does not exist"}}
2026-03-05 15:39:39 ERROR root remotelib error:IC144Panel:4910:{"property": "SetVisible", "value": [true], "qualifier": {"code": "property does not exist"}}
2026-03-05 15:39:39 ERROR root remotelib error:HallPanel:4913:{"property": "SetVisible", "value": [true], "qualifier": {"code": "property does not exist"}}
2026-03-05 15:39:39 ERROR root remotelib error:BWDPanel:4913:{"property": "SetVisible", "value": [true], "qualifier": {"code": "property does not exist"}}
2026-03-05 15:39:39 ERROR root remotelib error:IC144Panel:4911:{"property": "SetVisible", "value": [true], "qualifier": {"code": "property does not exist"}}
2026-03-05 15:39:39 ERROR root remotelib error:IC143Panel:4753:{"property": "SetVisible", "value": [true], "qualifier": {"code": "property does not exist"}}
2026-03-05 15:39:39 ERROR root remotelib error:HallPanel:4914:{"property": "SetVisible", "value": [true], "qualifier": {"code": "property does not exist"}}
2026-03-05 15:39:39 ERROR root remotelib error:BreakRmPanel:4626:{"property": "SetVisible", "value": [false], "qualifier": {"code": "property does not exist"}}
2026-03-05 15:39:39 ERROR root remotelib error:IC142Panel:4905:{"property": "SetVisible", "value": [true], "qualifier": {"code": "property does not exist"}}
2026-03-05 15:39:39 ERROR root remotelib error:IC144Panel:4912:{"property": "SetVisible", "value": [true], "qualifier": {"code": "property does not exist"}}
2026-03-05 15:39:39 ERROR root remotelib error:IC143Panel:4754:{"property": "SetVisible", "value": [true], "qualifier": {"code": "property does not exist"}}
2026-03-05 15:39:39 ERROR root remotelib error:BWDPanel:4914:{"property": "SetVisible", "value": [true], "qualifier": {"code": "property does not exist"}}
2026-03-05 15:39:39 ERROR root remotelib error:HallPanel:4915:{"property": "SetVisible", "value": [true], "qualifier": {"code": "property does not exist"}}
2026-03-05 15:39:39 ERROR root remotelib error:IC142Panel:4906:{"property": "SetVisible", "value": [true], "qualifier": {"code": "property does not exist"}}
2026-03-05 15:39:39 ERROR root remotelib error:LobbyPanel:4910:{"property": "SetVisible", "value": [true], "qualifier": {"code": "property does not exist"}}
2026-03-05 15:39:39 ERROR root remotelib error:BreakRmPanel:4627:{"property": "SetVisible", "value": [false], "qualifier": {"code": "property does not exist"}}
2026-03-05 15:39:39 ERROR root remotelib error:LobbyPanel:4911:{"property": "SetVisible", "value": [true], "qualifier": {"code": "property does not exist"}}
2026-03-05 15:39:39 ERROR root remotelib error:IC143Panel:4755:{"property": "SetVisible", "value": [true], "qualifier": {"code": "property does not exist"}}
2026-03-05 15:39:39 ERROR root remotelib error:IC142Panel:4907:{"property": "SetVisible", "value": [true], "qualifier": {"code": "property does not exist"}}
2026-03-05 15:39:39 ERROR root remotelib error:HallPanel:4916:{"property": "SetVisible", "value": [true], "qualifier": {"code": "property does not exist"}}
2026-03-05 15:39:39 ERROR root remotelib error:IC144Panel:4913:{"property": "SetVisible", "value": [true], "qualifier": {"code": "property does not exist"}}
2026-03-05 15:39:39 ERROR root remotelib error:BWDPanel:4915:{"property": "SetVisible", "value": [true], "qualifier": {"code": "property does not exist"}}
2026-03-05 15:39:39 ERROR root remotelib error:BreakRmPanel:4628:{"property": "SetVisible", "value": [false], "qualifier": {"code": "property does not exist"}}
2026-03-05 15:39:39 ERROR root remotelib error:LobbyPanel:4912:{"property": "SetVisible", "value": [true], "qualifier": {"code": "property does not exist"}}
2026-03-05 15:39:39 ERROR root remotelib error:IC143Panel:4756:{"property": "SetVisible", "value": [true], "qualifier": {"code": "property does not exist"}}
2026-03-05 15:39:39 ERROR root remotelib error:BWDPanel:4916:{"property": "SetVisible", "value": [true], "qualifier": {"code": "property does not exist"}}
2026-03-05 15:39:39 ERROR root remotelib error:IC142Panel:4908:{"property": "SetVisible", "value": [true], "qualifier": {"code": "property does not exist"}}
2026-03-05 15:39:39 ERROR root remotelib error:HallPanel:4917:{"property": "SetVisible", "value": [true], "qualifier": {"code": "property does not exist"}}
2026-03-05 15:39:39 ERROR root remotelib error:IC144Panel:4914:{"property": "SetVisible", "value": [true], "qualifier": {"code": "property does not exist"}}
2026-03-05 15:39:39 ERROR root remotelib error:BreakRmPanel:4629:{"property": "SetVisible", "value": [false], "qualifier": {"code": "property does not exist"}}
2026-03-05 15:39:39 ERROR root remotelib error:LobbyPanel:4913:{"property": "SetVisible", "value": [true], "qualifier": {"code": "property does not exist"}}
2026-03-05 15:39:39 ERROR root remotelib error:IC143Panel:4757:{"property": "SetVisible", "value": [true], "qualifier": {"code": "property does not exist"}}
2026-03-05 15:39:39 ERROR root remotelib error:BWDPanel:4917:{"property": "SetVisible", "value": [true], "qualifier": {"code": "property does not exist"}}
2026-03-05 15:39:39 ERROR root remotelib error:IC142Panel:4909:{"property": "SetVisible", "value": [true], "qualifier": {"code": "property does not exist"}}
2026-03-05 15:39:39 ERROR root remotelib error:LobbyPanel:4914:{"property": "SetVisible", "value": [true], "qualifier": {"code": "property does not exist"}}
2026-03-05 15:39:39 ERROR root remotelib error:IC143Panel:4758:{"property": "SetVisible", "value": [true], "qualifier": {"code": "property does not exist"}}
2026-03-05 15:39:39 ERROR root remotelib error:BWDPanel:4918:{"property": "SetVisible", "value": [true], "qualifier": {"code": "property does not exist"}}
2026-03-05 15:39:39 ERROR root remotelib error:IC142Panel:4910:{"property": "SetVisible", "value": [true], "qualifier": {"code": "property does not exist"}}
2026-03-05 15:39:39 ERROR root remotelib error:IC144Panel:4915:{"property": "SetVisible", "value": [true], "qualifier": {"code": "property does not exist"}}
2026-03-05 15:39:39 ERROR root remotelib error:BreakRmPanel:4630:{"property": "SetVisible", "value": [false], "qualifier": {"code": "property does not exist"}}
2026-03-05 15:39:39 ERROR root remotelib error:HallPanel:4918:{"property": "SetVisible", "value": [true], "qualifier": {"code": "property does not exist"}}
2026-03-05 15:39:39 ERROR root remotelib error:LobbyPanel:4915:{"property": "SetVisible", "value": [true], "qualifier": {"code": "property does not exist"}}
2026-03-05 15:39:39 ERROR root remotelib error:BWDPanel:4919:{"property": "SetVisible", "value": [true], "qualifier": {"code": "property does not exist"}}
2026-03-05 15:39:39 ERROR root remotelib error:IC143Panel:4759:{"property": "SetVisible", "value": [true], "qualifier": {"code": "property does not exist"}}
2026-03-05 15:39:39 ERROR root remotelib error:BreakRmPanel:4631:{"property": "SetVisible", "value": [false], "qualifier": {"code": "property does not exist"}}
2026-03-05 15:39:39 ERROR root remotelib error:BWDPanel:4920:{"property": "SetVisible", "value": [true], "qualifier": {"code": "property does not exist"}}
2026-03-05 15:39:39 ERROR root remotelib error:HallPanel:4919:{"property": "SetVisible", "value": [true], "qualifier": {"code": "property does not exist"}}
2026-03-05 15:39:39 ERROR root remotelib error:LobbyPanel:4916:{"property": "SetVisible", "value": [true], "qualifier": {"code": "property does not exist"}}
2026-03-05 15:39:39 ERROR root remotelib error:BreakRmPanel:4632:{"property": "SetVisible", "value": [false], "qualifier": {"code": "property does not exist"}}
2026-03-05 15:39:39 ERROR root remotelib error:IC143Panel:4760:{"property": "SetVisible", "value": [true], "qualifier": {"code": "property does not exist"}}
2026-03-05 15:39:39 ERROR root remotelib error:BWDPanel:4921:{"property": "SetVisible", "value": [true], "qualifier": {"code": "property does not exist"}}
2026-03-05 15:39:39 ERROR root remotelib error:IC144Panel:4916:{"property": "SetVisible", "value": [true], "qualifier": {"code": "property does not exist"}}
2026-03-05 15:39:39 ERROR root remotelib error:IC143Panel:4761:{"property": "SetVisible", "value": [true], "qualifier": {"code": "property does not exist"}}
2026-03-05 15:39:39 ERROR root remotelib error:IC142Panel:4911:{"property": "SetVisible", "value": [true], "qualifier": {"code": "property does not exist"}}
2026-03-05 15:39:39 ERROR root remotelib error:BWDPanel:4922:{"property": "SetVisible", "value": [true], "qualifier": {"code": "property does not exist"}}
2026-03-05 15:39:39 ERROR root remotelib error:HallPanel:4920:{"property": "SetVisible", "value": [true], "qualifier": {"code": "property does not exist"}}
2026-03-05 15:39:39 ERROR root remotelib error:IC144Panel:4917:{"property": "SetVisible", "value": [true], "qualifier": {"code": "property does not exist"}}
2026-03-05 15:39:39 ERROR root remotelib error:BreakRmPanel:4600:{"property": "SetVisible", "value": [true], "qualifier": {"code": "property does not exist"}}
2026-03-05 15:39:39 ERROR root remotelib error:LobbyPanel:4917:{"property": "SetVisible", "value": [true], "qualifier": {"code": "property does not exist"}}
2026-03-05 15:39:39 ERROR root remotelib error:HallPanel:4921:{"property": "SetVisible", "value": [true], "qualifier": {"code": "property does not exist"}}
2026-03-05 15:39:39 ERROR root remotelib error:IC144Panel:4918:{"property": "SetVisible", "value": [true], "qualifier": {"code": "property does not exist"}}
2026-03-05 15:39:39 ERROR root remotelib error:BWDPanel:4923:{"property": "SetVisible", "value": [true], "qualifier": {"code": "property does not exist"}}
2026-03-05 15:39:39 ERROR root remotelib error:LobbyPanel:4918:{"property": "SetVisible", "value": [true], "qualifier": {"code": "property does not exist"}}
2026-03-05 15:39:39 ERROR root remotelib error:HallPanel:4922:{"property": "SetVisible", "value": [true], "qualifier": {"code": "property does not exist"}}
2026-03-05 15:39:39 ERROR root remotelib error:BreakRmPanel:4601:{"property": "SetVisible", "value": [true], "qualifier": {"code": "property does not exist"}}
2026-03-05 15:39:39 ERROR root remotelib error:IC143Panel:4762:{"property": "SetVisible", "value": [true], "qualifier": {"code": "property does not exist"}}
2026-03-05 15:39:39 ERROR root remotelib error:LobbyPanel:4919:{"property": "SetVisible", "value": [true], "qualifier": {"code": "property does not exist"}}
2026-03-05 15:39:39 ERROR root remotelib error:HallPanel:4923:{"property": "SetVisible", "value": [true], "qualifier": {"code": "property does not exist"}}
2026-03-05 15:39:39 ERROR root remotelib error:BreakRmPanel:4602:{"property": "SetVisible", "value": [true], "qualifier": {"code": "property does not exist"}}
2026-03-05 15:39:39 ERROR root remotelib error:IC143Panel:4763:{"property": "SetVisible", "value": [true], "qualifier": {"code": "property does not exist"}}
2026-03-05 15:39:39 ERROR root remotelib error:HallPanel:4924:{"property": "SetVisible", "value": [true], "qualifier": {"code": "property does not exist"}}
2026-03-05 15:39:39 ERROR root remotelib error:LobbyPanel:4920:{"property": "SetVisible", "value": [true], "qualifier": {"code": "property does not exist"}}
2026-03-05 15:39:40 ERROR root remotelib error:BreakRmPanel:4603:{"property": "SetVisible", "value": [true], "qualifier": {"code": "property does not exist"}}
2026-03-05 15:39:40 ERROR root remotelib error:HallPanel:4625:{"property": "SetVisible", "value": [false], "qualifier": {"code": "property does not exist"}}
2026-03-05 15:39:40 ERROR root remotelib error:BreakRmPanel:4604:{"property": "SetVisible", "value": [true], "qualifier": {"code": "property does not exist"}}
2026-03-05 15:39:40 ERROR root remotelib error:LobbyPanel:4921:{"property": "SetVisible", "value": [true], "qualifier": {"code": "property does not exist"}}
2026-03-05 15:39:40 ERROR root remotelib error:IC143Panel:4764:{"property": "SetVisible", "value": [true], "qualifier": {"code": "property does not exist"}}
2026-03-05 15:39:40 ERROR root remotelib error:IC142Panel:4912:{"property": "SetVisible", "value": [true], "qualifier": {"code": "property does not exist"}}
2026-03-05 15:39:40 ERROR root remotelib error:LobbyPanel:4922:{"property": "SetVisible", "value": [true], "qualifier": {"code": "property does not exist"}}
2026-03-05 15:39:40 ERROR root remotelib error:BWDPanel:4924:{"property": "SetVisible", "value": [true], "qualifier": {"code": "property does not exist"}}
2026-03-05 15:39:40 ERROR root remotelib error:IC142Panel:4913:{"property": "SetVisible", "value": [true], "qualifier": {"code": "property does not exist"}}
2026-03-05 15:39:40 ERROR root remotelib error:IC143Panel:4765:{"property": "SetVisible", "value": [true], "qualifier": {"code": "property does not exist"}}
2026-03-05 15:39:40 ERROR root remotelib error:HallPanel:4626:{"property": "SetVisible", "value": [false], "qualifier": {"code": "property does not exist"}}
2026-03-05 15:39:40 ERROR root remotelib error:BWDPanel:4625:{"property": "SetVisible", "value": [false], "qualifier": {"code": "property does not exist"}}
2026-03-05 15:39:40 ERROR root remotelib error:IC143Panel:4766:{"property": "SetVisible", "value": [true], "qualifier": {"code": "property does not exist"}}
2026-03-05 15:39:40 ERROR root remotelib error:LobbyPanel:4923:{"property": "SetVisible", "value": [true], "qualifier": {"code": "property does not exist"}}
2026-03-05 15:39:40 ERROR root remotelib error:IC144Panel:4919:{"property": "SetVisible", "value": [true], "qualifier": {"code": "property does not exist"}}
2026-03-05 15:39:40 ERROR root remotelib error:HallPanel:4627:{"property": "SetVisible", "value": [false], "qualifier": {"code": "property does not exist"}}
2026-03-05 15:39:40 ERROR root remotelib error:IC142Panel:4914:{"property": "SetVisible", "value": [true], "qualifier": {"code": "property does not exist"}}
2026-03-05 15:39:40 ERROR root remotelib error:BreakRmPanel:4605:{"property": "SetVisible", "value": [true], "qualifier": {"code": "property does not exist"}}
2026-03-05 15:39:40 ERROR root remotelib error:BWDPanel:4626:{"property": "SetVisible", "value": [false], "qualifier": {"code": "property does not exist"}}
2026-03-05 15:39:40 ERROR root remotelib error:LobbyPanel:4924:{"property": "SetVisible", "value": [true], "qualifier": {"code": "property does not exist"}}
2026-03-05 15:39:40 ERROR root remotelib error:IC143Panel:4767:{"property": "SetVisible", "value": [true], "qualifier": {"code": "property does not exist"}}
2026-03-05 15:39:40 ERROR root remotelib error:HallPanel:4628:{"property": "SetVisible", "value": [false], "qualifier": {"code": "property does not exist"}}
2026-03-05 15:39:40 ERROR root remotelib error:IC144Panel:4920:{"property": "SetVisible", "value": [true], "qualifier": {"code": "property does not exist"}}
2026-03-05 15:39:40 ERROR root remotelib error:IC142Panel:4915:{"property": "SetVisible", "value": [true], "qualifier": {"code": "property does not exist"}}
2026-03-05 15:39:40 ERROR root remotelib error:BreakRmPanel:4606:{"property": "SetVisible", "value": [true], "qualifier": {"code": "property does not exist"}}
2026-03-05 15:39:40 ERROR root remotelib error:HallPanel:4629:{"property": "SetVisible", "value": [false], "qualifier": {"code": "property does not exist"}}
2026-03-05 15:39:40 ERROR root remotelib error:IC144Panel:4921:{"property": "SetVisible", "value": [true], "qualifier": {"code": "property does not exist"}}
2026-03-05 15:39:40 ERROR root remotelib error:LobbyPanel:4625:{"property": "SetVisible", "value": [false], "qualifier": {"code": "property does not exist"}}
2026-03-05 15:39:40 ERROR root remotelib error:BreakRmPanel:4607:{"property": "SetVisible", "value": [true], "qualifier": {"code": "property does not exist"}}
2026-03-05 15:39:40 ERROR root remotelib error:HallPanel:4630:{"property": "SetVisible", "value": [false], "qualifier": {"code": "property does not exist"}}
2026-03-05 15:39:40 ERROR root remotelib error:IC144Panel:4922:{"property": "SetVisible", "value": [true], "qualifier": {"code": "property does not exist"}}
2026-03-05 15:39:40 ERROR root remotelib error:LobbyPanel:4626:{"property": "SetVisible", "value": [false], "qualifier": {"code": "property does not exist"}}
2026-03-05 15:39:40 ERROR root remotelib error:IC143Panel:4768:{"property": "SetVisible", "value": [true], "qualifier": {"code": "property does not exist"}}
2026-03-05 15:39:40 ERROR root remotelib error:BWDPanel:4627:{"property": "SetVisible", "value": [false], "qualifier": {"code": "property does not exist"}}
2026-03-05 15:39:40 ERROR root remotelib error:IC144Panel:4923:{"property": "SetVisible", "value": [true], "qualifier": {"code": "property does not exist"}}
2026-03-05 15:39:40 ERROR root remotelib error:IC142Panel:4916:{"property": "SetVisible", "value": [true], "qualifier": {"code": "property does not exist"}}
2026-03-05 15:39:40 ERROR root remotelib error:HallPanel:4631:{"property": "SetVisible", "value": [false], "qualifier": {"code": "property does not exist"}}
2026-03-05 15:39:40 ERROR root remotelib error:BreakRmPanel:4608:{"property": "SetVisible", "value": [true], "qualifier": {"code": "property does not exist"}}
2026-03-05 15:39:40 ERROR root remotelib error:LobbyPanel:4627:{"property": "SetVisible", "value": [false], "qualifier": {"code": "property does not exist"}}
2026-03-05 15:39:40 ERROR root remotelib error:IC143Panel:4769:{"property": "SetVisible", "value": [true], "qualifier": {"code": "property does not exist"}}
2026-03-05 15:39:40 ERROR root remotelib error:IC143Panel:4770:{"property": "SetVisible", "value": [true], "qualifier": {"code": "property does not exist"}}
2026-03-05 15:39:40 ERROR root remotelib error:IC144Panel:4924:{"property": "SetVisible", "value": [true], "qualifier": {"code": "property does not exist"}}
2026-03-05 15:39:40 ERROR root remotelib error:LobbyPanel:4628:{"property": "SetVisible", "value": [false], "qualifier": {"code": "property does not exist"}}
2026-03-05 15:39:40 ERROR root remotelib error:BreakRmPanel:4609:{"property": "SetVisible", "value": [true], "qualifier": {"code": "property does not exist"}}
2026-03-05 15:39:40 ERROR root remotelib error:LobbyPanel:4629:{"property": "SetVisible", "value": [false], "qualifier": {"code": "property does not exist"}}
2026-03-05 15:39:40 ERROR root remotelib error:BreakRmPanel:4610:{"property": "SetVisible", "value": [true], "qualifier": {"code": "property does not exist"}}
2026-03-05 15:39:40 ERROR root remotelib error:BWDPanel:4628:{"property": "SetVisible", "value": [false], "qualifier": {"code": "property does not exist"}}
2026-03-05 15:39:40 ERROR root remotelib error:IC144Panel:4625:{"property": "SetVisible", "value": [false], "qualifier": {"code": "property does not exist"}}
2026-03-05 15:39:40 ERROR root remotelib error:IC143Panel:4771:{"property": "SetVisible", "value": [true], "qualifier": {"code": "property does not exist"}}
2026-03-05 15:39:40 ERROR root remotelib error:IC142Panel:4917:{"property": "SetVisible", "value": [true], "qualifier": {"code": "property does not exist"}}
2026-03-05 15:39:40 ERROR root remotelib error:HallPanel:4632:{"property": "SetVisible", "value": [false], "qualifier": {"code": "property does not exist"}}
2026-03-05 15:39:40 ERROR root remotelib error:LobbyPanel:4630:{"property": "SetVisible", "value": [false], "qualifier": {"code": "property does not exist"}}
2026-03-05 15:39:40 ERROR root remotelib error:BreakRmPanel:4611:{"property": "SetVisible", "value": [true], "qualifier": {"code": "property does not exist"}}
2026-03-05 15:39:40 ERROR root remotelib error:BWDPanel:4629:{"property": "SetVisible", "value": [false], "qualifier": {"code": "property does not exist"}}
2026-03-05 15:39:40 ERROR root remotelib error:IC143Panel:4772:{"property": "SetVisible", "value": [true], "qualifier": {"code": "property does not exist"}}
2026-03-05 15:39:40 ERROR root remotelib error:IC144Panel:4626:{"property": "SetVisible", "value": [false], "qualifier": {"code": "property does not exist"}}
2026-03-05 15:39:40 ERROR root remotelib error:HallPanel:4600:{"property": "SetVisible", "value": [true], "qualifier": {"code": "property does not exist"}}
2026-03-05 15:39:40 ERROR root remotelib error:IC142Panel:4918:{"property": "SetVisible", "value": [true], "qualifier": {"code": "property does not exist"}}
2026-03-05 15:39:40 ERROR root remotelib error:BreakRmPanel:4612:{"property": "SetVisible", "value": [true], "qualifier": {"code": "property does not exist"}}
2026-03-05 15:39:40 ERROR root remotelib error:IC143Panel:4773:{"property": "SetVisible", "value": [true], "qualifier": {"code": "property does not exist"}}
2026-03-05 15:39:40 ERROR root remotelib error:HallPanel:4601:{"property": "SetVisible", "value": [true], "qualifier": {"code": "property does not exist"}}
2026-03-05 15:39:40 ERROR root remotelib error:IC144Panel:4627:{"property": "SetVisible", "value": [false], "qualifier": {"code": "property does not exist"}}
2026-03-05 15:39:40 ERROR root remotelib error:BWDPanel:4630:{"property": "SetVisible", "value": [false], "qualifier": {"code": "property does not exist"}}
2026-03-05 15:39:40 ERROR root remotelib error:LobbyPanel:4631:{"property": "SetVisible", "value": [false], "qualifier": {"code": "property does not exist"}}
2026-03-05 15:39:40 ERROR root remotelib error:BreakRmPanel:4613:{"property": "SetVisible", "value": [true], "qualifier": {"code": "property does not exist"}}
2026-03-05 15:39:40 ERROR root remotelib error:HallPanel:4602:{"property": "SetVisible", "value": [true], "qualifier": {"code": "property does not exist"}}
2026-03-05 15:39:40 ERROR root remotelib error:IC143Panel:4774:{"property": "SetVisible", "value": [true], "qualifier": {"code": "property does not exist"}}
2026-03-05 15:39:40 ERROR root remotelib error:BWDPanel:4631:{"property": "SetVisible", "value": [false], "qualifier": {"code": "property does not exist"}}
2026-03-05 15:39:40 ERROR root remotelib error:IC144Panel:4628:{"property": "SetVisible", "value": [false], "qualifier": {"code": "property does not exist"}}
2026-03-05 15:39:40 ERROR root remotelib error:IC144Panel:4629:{"property": "SetVisible", "value": [false], "qualifier": {"code": "property does not exist"}}
2026-03-05 15:39:40 ERROR root remotelib error:IC143Panel:4775:{"property": "SetVisible", "value": [true], "qualifier": {"code": "property does not exist"}}
2026-03-05 15:39:40 ERROR root remotelib error:BWDPanel:4632:{"property": "SetVisible", "value": [false], "qualifier": {"code": "property does not exist"}}
2026-03-05 15:39:40 ERROR root remotelib error:IC142Panel:4919:{"property": "SetVisible", "value": [true], "qualifier": {"code": "property does not exist"}}
2026-03-05 15:39:40 ERROR root remotelib error:LobbyPanel:4632:{"property": "SetVisible", "value": [false], "qualifier": {"code": "property does not exist"}}
2026-03-05 15:39:40 ERROR root remotelib error:IC143Panel:14625:{"property": "SetVisible", "value": [false], "qualifier": {"code": "property does not exist"}}
2026-03-05 15:39:40 ERROR root remotelib error:HallPanel:4603:{"property": "SetVisible", "value": [true], "qualifier": {"code": "property does not exist"}}
2026-03-05 15:39:40 ERROR root remotelib error:IC144Panel:4630:{"property": "SetVisible", "value": [false], "qualifier": {"code": "property does not exist"}}
2026-03-05 15:39:40 ERROR root remotelib error:LobbyPanel:4600:{"property": "SetVisible", "value": [true], "qualifier": {"code": "property does not exist"}}
2026-03-05 15:39:40 ERROR root remotelib error:BWDPanel:4600:{"property": "SetVisible", "value": [true], "qualifier": {"code": "property does not exist"}}
2026-03-05 15:39:40 ERROR root remotelib error:HallPanel:4604:{"property": "SetVisible", "value": [true], "qualifier": {"code": "property does not exist"}}
2026-03-05 15:39:40 ERROR root remotelib error:BreakRmPanel:4614:{"property": "SetVisible", "value": [true], "qualifier": {"code": "property does not exist"}}
2026-03-05 15:39:40 ERROR root remotelib error:LobbyPanel:4601:{"property": "SetVisible", "value": [true], "qualifier": {"code": "property does not exist"}}
2026-03-05 15:39:40 ERROR root remotelib error:LobbyPanel:4602:{"property": "SetVisible", "value": [true], "qualifier": {"code": "property does not exist"}}
2026-03-05 15:39:40 ERROR root remotelib error:IC144Panel:4631:{"property": "SetVisible", "value": [false], "qualifier": {"code": "property does not exist"}}
2026-03-05 15:39:40 ERROR root remotelib error:BreakRmPanel:4615:{"property": "SetVisible", "value": [true], "qualifier": {"code": "property does not exist"}}
2026-03-05 15:39:40 ERROR root remotelib error:IC142Panel:4920:{"property": "SetVisible", "value": [true], "qualifier": {"code": "property does not exist"}}
2026-03-05 15:39:40 ERROR root remotelib error:HallPanel:4605:{"property": "SetVisible", "value": [true], "qualifier": {"code": "property does not exist"}}
2026-03-05 15:39:40 ERROR root remotelib error:IC144Panel:4632:{"property": "SetVisible", "value": [false], "qualifier": {"code": "property does not exist"}}
2026-03-05 15:39:40 ERROR root remotelib error:LobbyPanel:4603:{"property": "SetVisible", "value": [true], "qualifier": {"code": "property does not exist"}}
2026-03-05 15:39:40 ERROR root remotelib error:IC142Panel:4921:{"property": "SetVisible", "value": [true], "qualifier": {"code": "property does not exist"}}
2026-03-05 15:39:40 ERROR root remotelib error:BWDPanel:4601:{"property": "SetVisible", "value": [true], "qualifier": {"code": "property does not exist"}}
2026-03-05 15:39:40 ERROR root remotelib error:IC144Panel:4600:{"property": "SetVisible", "value": [true], "qualifier": {"code": "property does not exist"}}
2026-03-05 15:39:40 ERROR root remotelib error:LobbyPanel:4604:{"property": "SetVisible", "value": [true], "qualifier": {"code": "property does not exist"}}
2026-03-05 15:39:40 ERROR root remotelib error:IC142Panel:4922:{"property": "SetVisible", "value": [true], "qualifier": {"code": "property does not exist"}}
2026-03-05 15:39:40 ERROR root remotelib error:BWDPanel:4602:{"property": "SetVisible", "value": [true], "qualifier": {"code": "property does not exist"}}
2026-03-05 15:39:40 ERROR root remotelib error:IC144Panel:4601:{"property": "SetVisible", "value": [true], "qualifier": {"code": "property does not exist"}}
2026-03-05 15:39:40 ERROR root remotelib error:BreakRmPanel:4616:{"property": "SetVisible", "value": [true], "qualifier": {"code": "property does not exist"}}
2026-03-05 15:39:40 ERROR root remotelib error:IC142Panel:4923:{"property": "SetVisible", "value": [true], "qualifier": {"code": "property does not exist"}}
2026-03-05 15:39:40 ERROR root remotelib error:LobbyPanel:4605:{"property": "SetVisible", "value": [true], "qualifier": {"code": "property does not exist"}}
2026-03-05 15:39:40 ERROR root remotelib error:HallPanel:4606:{"property": "SetVisible", "value": [true], "qualifier": {"code": "property does not exist"}}
2026-03-05 15:39:40 ERROR root remotelib error:IC144Panel:4602:{"property": "SetVisible", "value": [true], "qualifier": {"code": "property does not exist"}}
2026-03-05 15:39:40 ERROR root remotelib error:BWDPanel:4603:{"property": "SetVisible", "value": [true], "qualifier": {"code": "property does not exist"}}
2026-03-05 15:39:40 ERROR root remotelib error:IC142Panel:4924:{"property": "SetVisible", "value": [true], "qualifier": {"code": "property does not exist"}}
2026-03-05 15:39:40 ERROR root remotelib error:BreakRmPanel:4617:{"property": "SetVisible", "value": [true], "qualifier": {"code": "property does not exist"}}
2026-03-05 15:39:40 ERROR root remotelib error:IC143Panel:14626:{"property": "SetVisible", "value": [false], "qualifier": {"code": "property does not exist"}}
2026-03-05 15:39:40 ERROR root remotelib error:IC144Panel:4603:{"property": "SetVisible", "value": [true], "qualifier": {"code": "property does not exist"}}
2026-03-05 15:39:40 ERROR root remotelib error:IC142Panel:4625:{"property": "SetVisible", "value": [false], "qualifier": {"code": "property does not exist"}}
2026-03-05 15:39:40 ERROR root remotelib error:LobbyPanel:4606:{"property": "SetVisible", "value": [true], "qualifier": {"code": "property does not exist"}}
2026-03-05 15:39:40 ERROR root remotelib error:BWDPanel:4604:{"property": "SetVisible", "value": [true], "qualifier": {"code": "property does not exist"}}
2026-03-05 15:39:40 ERROR root remotelib error:IC144Panel:4604:{"property": "SetVisible", "value": [true], "qualifier": {"code": "property does not exist"}}
2026-03-05 15:39:40 ERROR root remotelib error:IC143Panel:14627:{"property": "SetVisible", "value": [false], "qualifier": {"code": "property does not exist"}}
2026-03-05 15:39:40 ERROR root remotelib error:IC142Panel:4626:{"property": "SetVisible", "value": [false], "qualifier": {"code": "property does not exist"}}
2026-03-05 15:39:40 ERROR root remotelib error:LobbyPanel:4607:{"property": "SetVisible", "value": [true], "qualifier": {"code": "property does not exist"}}
2026-03-05 15:39:40 ERROR root remotelib error:IC144Panel:4605:{"property": "SetVisible", "value": [true], "qualifier": {"code": "property does not exist"}}
2026-03-05 15:39:40 ERROR root remotelib error:HallPanel:4607:{"property": "SetVisible", "value": [true], "qualifier": {"code": "property does not exist"}}
2026-03-05 15:39:40 ERROR root remotelib error:IC142Panel:4627:{"property": "SetVisible", "value": [false], "qualifier": {"code": "property does not exist"}}
2026-03-05 15:39:40 ERROR root remotelib error:LobbyPanel:4608:{"property": "SetVisible", "value": [true], "qualifier": {"code": "property does not exist"}}
2026-03-05 15:39:40 ERROR root remotelib error:IC144Panel:4606:{"property": "SetVisible", "value": [true], "qualifier": {"code": "property does not exist"}}
2026-03-05 15:39:40 ERROR root remotelib error:BreakRmPanel:4618:{"property": "SetVisible", "value": [true], "qualifier": {"code": "property does not exist"}}
2026-03-05 15:39:40 ERROR root remotelib error:BWDPanel:4605:{"property": "SetVisible", "value": [true], "qualifier": {"code": "property does not exist"}}
2026-03-05 15:39:40 ERROR root remotelib error:IC143Panel:14628:{"property": "SetVisible", "value": [false], "qualifier": {"code": "property does not exist"}}
2026-03-05 15:39:40 ERROR root remotelib error:IC142Panel:4628:{"property": "SetVisible", "value": [false], "qualifier": {"code": "property does not exist"}}
2026-03-05 15:39:40 ERROR root remotelib error:IC144Panel:4607:{"property": "SetVisible", "value": [true], "qualifier": {"code": "property does not exist"}}
2026-03-05 15:39:40 ERROR root remotelib error:LobbyPanel:4609:{"property": "SetVisible", "value": [true], "qualifier": {"code": "property does not exist"}}
2026-03-05 15:39:40 ERROR root remotelib error:IC143Panel:14629:{"property": "SetVisible", "value": [false], "qualifier": {"code": "property does not exist"}}
2026-03-05 15:39:40 ERROR root remotelib error:BWDPanel:4606:{"property": "SetVisible", "value": [true], "qualifier": {"code": "property does not exist"}}
2026-03-05 15:39:40 ERROR root remotelib error:IC142Panel:4629:{"property": "SetVisible", "value": [false], "qualifier": {"code": "property does not exist"}}
2026-03-05 15:39:40 ERROR root remotelib error:IC143Panel:14630:{"property": "SetVisible", "value": [false], "qualifier": {"code": "property does not exist"}}
2026-03-05 15:39:40 ERROR root remotelib error:IC142Panel:4630:{"property": "SetVisible", "value": [false], "qualifier": {"code": "property does not exist"}}
2026-03-05 15:39:40 ERROR root remotelib error:HallPanel:4608:{"property": "SetVisible", "value": [true], "qualifier": {"code": "property does not exist"}}
2026-03-05 15:39:40 ERROR root remotelib error:IC144Panel:4608:{"property": "SetVisible", "value": [true], "qualifier": {"code": "property does not exist"}}
2026-03-05 15:39:40 ERROR root remotelib error:BreakRmPanel:4619:{"property": "SetVisible", "value": [true], "qualifier": {"code": "property does not exist"}}
2026-03-05 15:39:40 ERROR root remotelib error:BWDPanel:4607:{"property": "SetVisible", "value": [true], "qualifier": {"code": "property does not exist"}}
2026-03-05 15:39:40 ERROR root remotelib error:LobbyPanel:4610:{"property": "SetVisible", "value": [true], "qualifier": {"code": "property does not exist"}}
2026-03-05 15:39:40 ERROR root remotelib error:IC142Panel:4631:{"property": "SetVisible", "value": [false], "qualifier": {"code": "property does not exist"}}
2026-03-05 15:39:40 ERROR root remotelib error:IC143Panel:14631:{"property": "SetVisible", "value": [false], "qualifier": {"code": "property does not exist"}}
2026-03-05 15:39:40 ERROR root remotelib error:BreakRmPanel:4620:{"property": "SetVisible", "value": [true], "qualifier": {"code": "property does not exist"}}
2026-03-05 15:39:40 ERROR root remotelib error:HallPanel:4609:{"property": "SetVisible", "value": [true], "qualifier": {"code": "property does not exist"}}
2026-03-05 15:39:40 ERROR root remotelib error:BWDPanel:4608:{"property": "SetVisible", "value": [true], "qualifier": {"code": "property does not exist"}}
2026-03-05 15:39:40 ERROR root remotelib error:LobbyPanel:4611:{"property": "SetVisible", "value": [true], "qualifier": {"code": "property does not exist"}}
2026-03-05 15:39:40 ERROR root remotelib error:BreakRmPanel:4621:{"property": "SetVisible", "value": [true], "qualifier": {"code": "property does not exist"}}
2026-03-05 15:39:40 ERROR root remotelib error:IC142Panel:4632:{"property": "SetVisible", "value": [false], "qualifier": {"code": "property does not exist"}}
2026-03-05 15:39:40 ERROR root remotelib error:IC143Panel:14632:{"property": "SetVisible", "value": [false], "qualifier": {"code": "property does not exist"}}
2026-03-05 15:39:40 ERROR root remotelib error:IC144Panel:4609:{"property": "SetVisible", "value": [true], "qualifier": {"code": "property does not exist"}}
2026-03-05 15:39:40 ERROR root remotelib error:HallPanel:4610:{"property": "SetVisible", "value": [true], "qualifier": {"code": "property does not exist"}}
2026-03-05 15:39:41 ERROR root remotelib error:BWDPanel:4609:{"property": "SetVisible", "value": [true], "qualifier": {"code": "property does not exist"}}
2026-03-05 15:39:41 ERROR root remotelib error:LobbyPanel:4612:{"property": "SetVisible", "value": [true], "qualifier": {"code": "property does not exist"}}
2026-03-05 15:39:41 ERROR root remotelib error:BreakRmPanel:4622:{"property": "SetVisible", "value": [true], "qualifier": {"code": "property does not exist"}}
2026-03-05 15:39:41 ERROR root remotelib error:IC142Panel:4600:{"property": "SetVisible", "value": [true], "qualifier": {"code": "property does not exist"}}
2026-03-05 15:39:41 ERROR root remotelib error:BWDPanel:4610:{"property": "SetVisible", "value": [true], "qualifier": {"code": "property does not exist"}}
2026-03-05 15:39:41 ERROR root remotelib error:IC144Panel:4610:{"property": "SetVisible", "value": [true], "qualifier": {"code": "property does not exist"}}
2026-03-05 15:39:41 ERROR root remotelib error:HallPanel:4611:{"property": "SetVisible", "value": [true], "qualifier": {"code": "property does not exist"}}
2026-03-05 15:39:41 ERROR root remotelib error:IC142Panel:4601:{"property": "SetVisible", "value": [true], "qualifier": {"code": "property does not exist"}}
2026-03-05 15:39:41 ERROR root remotelib error:LobbyPanel:4613:{"property": "SetVisible", "value": [true], "qualifier": {"code": "property does not exist"}}
2026-03-05 15:39:41 ERROR root remotelib error:IC144Panel:4611:{"property": "SetVisible", "value": [true], "qualifier": {"code": "property does not exist"}}
2026-03-05 15:39:41 ERROR root remotelib error:IC143Panel:14601:{"property": "SetVisible", "value": [true], "qualifier": {"code": "property does not exist"}}
2026-03-05 15:39:41 ERROR root remotelib error:BWDPanel:4611:{"property": "SetVisible", "value": [true], "qualifier": {"code": "property does not exist"}}
2026-03-05 15:39:41 ERROR root remotelib error:BWDPanel:4612:{"property": "SetVisible", "value": [true], "qualifier": {"code": "property does not exist"}}
2026-03-05 15:39:41 ERROR root remotelib error:IC144Panel:4612:{"property": "SetVisible", "value": [true], "qualifier": {"code": "property does not exist"}}
2026-03-05 15:39:41 ERROR root remotelib error:IC143Panel:14602:{"property": "SetVisible", "value": [true], "qualifier": {"code": "property does not exist"}}
2026-03-05 15:39:41 ERROR root remotelib error:BreakRmPanel:4623:{"property": "SetVisible", "value": [true], "qualifier": {"code": "property does not exist"}}
2026-03-05 15:39:41 ERROR root remotelib error:IC142Panel:4602:{"property": "SetVisible", "value": [true], "qualifier": {"code": "property does not exist"}}
2026-03-05 15:39:41 ERROR root remotelib error:HallPanel:4612:{"property": "SetVisible", "value": [true], "qualifier": {"code": "property does not exist"}}
2026-03-05 15:39:41 ERROR root remotelib error:LobbyPanel:4614:{"property": "SetVisible", "value": [true], "qualifier": {"code": "property does not exist"}}
2026-03-05 15:39:41 ERROR root remotelib error:IC144Panel:4613:{"property": "SetVisible", "value": [true], "qualifier": {"code": "property does not exist"}}
2026-03-05 15:39:41 ERROR root remotelib error:BWDPanel:4613:{"property": "SetVisible", "value": [true], "qualifier": {"code": "property does not exist"}}
2026-03-05 15:39:41 ERROR root remotelib error:HallPanel:4613:{"property": "SetVisible", "value": [true], "qualifier": {"code": "property does not exist"}}
2026-03-05 15:39:41 ERROR root remotelib error:IC142Panel:4603:{"property": "SetVisible", "value": [true], "qualifier": {"code": "property does not exist"}}
2026-03-05 15:39:41 ERROR root remotelib error:BreakRmPanel:4624:{"property": "SetVisible", "value": [true], "qualifier": {"code": "property does not exist"}}
2026-03-05 15:39:41 ERROR root remotelib error:IC143Panel:14603:{"property": "SetVisible", "value": [true], "qualifier": {"code": "property does not exist"}}
2026-03-05 15:39:41 ERROR root remotelib error:LobbyPanel:4615:{"property": "SetVisible", "value": [true], "qualifier": {"code": "property does not exist"}}
2026-03-05 15:39:41 ERROR root remotelib error:BWDPanel:4614:{"property": "SetVisible", "value": [true], "qualifier": {"code": "property does not exist"}}
2026-03-05 15:39:41 ERROR root remotelib error:IC144Panel:4614:{"property": "SetVisible", "value": [true], "qualifier": {"code": "property does not exist"}}
2026-03-05 15:39:41 ERROR root remotelib error:IC143Panel:14604:{"property": "SetVisible", "value": [true], "qualifier": {"code": "property does not exist"}}
2026-03-05 15:39:41 ERROR root remotelib error:LobbyPanel:4616:{"property": "SetVisible", "value": [true], "qualifier": {"code": "property does not exist"}}
2026-03-05 15:39:41 ERROR root remotelib error:BreakRmPanel:4776:{"property": "SetVisible", "value": [false], "qualifier": {"code": "property does not exist"}}
2026-03-05 15:39:41 ERROR root remotelib error:IC144Panel:4615:{"property": "SetVisible", "value": [true], "qualifier": {"code": "property does not exist"}}
2026-03-05 15:39:41 ERROR root remotelib error:BWDPanel:4615:{"property": "SetVisible", "value": [true], "qualifier": {"code": "property does not exist"}}
2026-03-05 15:39:41 ERROR root remotelib error:HallPanel:4614:{"property": "SetVisible", "value": [true], "qualifier": {"code": "property does not exist"}}
2026-03-05 15:39:41 ERROR root remotelib error:IC142Panel:4604:{"property": "SetVisible", "value": [true], "qualifier": {"code": "property does not exist"}}
2026-03-05 15:39:41 ERROR root remotelib error:IC144Panel:4616:{"property": "SetVisible", "value": [true], "qualifier": {"code": "property does not exist"}}
2026-03-05 15:39:41 ERROR root remotelib error:LobbyPanel:4617:{"property": "SetVisible", "value": [true], "qualifier": {"code": "property does not exist"}}
2026-03-05 15:39:41 ERROR root remotelib error:IC143Panel:14605:{"property": "SetVisible", "value": [true], "qualifier": {"code": "property does not exist"}}
2026-03-05 15:39:41 ERROR root remotelib error:BreakRmPanel:4777:{"property": "SetVisible", "value": [false], "qualifier": {"code": "property does not exist"}}
2026-03-05 15:39:41 ERROR root remotelib error:HallPanel:4615:{"property": "SetVisible", "value": [true], "qualifier": {"code": "property does not exist"}}
2026-03-05 15:39:41 ERROR root remotelib error:IC144Panel:4617:{"property": "SetVisible", "value": [true], "qualifier": {"code": "property does not exist"}}
2026-03-05 15:39:41 ERROR root remotelib error:IC143Panel:14606:{"property": "SetVisible", "value": [true], "qualifier": {"code": "property does not exist"}}
2026-03-05 15:39:41 ERROR root remotelib error:IC142Panel:4605:{"property": "SetVisible", "value": [true], "qualifier": {"code": "property does not exist"}}
2026-03-05 15:39:41 ERROR root remotelib error:LobbyPanel:4618:{"property": "SetVisible", "value": [true], "qualifier": {"code": "property does not exist"}}
2026-03-05 15:39:41 ERROR root remotelib error:HallPanel:4616:{"property": "SetVisible", "value": [true], "qualifier": {"code": "property does not exist"}}
2026-03-05 15:39:41 ERROR root remotelib error:IC144Panel:4618:{"property": "SetVisible", "value": [true], "qualifier": {"code": "property does not exist"}}
2026-03-05 15:39:41 ERROR root remotelib error:HallPanel:4617:{"property": "SetVisible", "value": [true], "qualifier": {"code": "property does not exist"}}
2026-03-05 15:39:41 ERROR root remotelib error:BreakRmPanel:4778:{"property": "SetVisible", "value": [false], "qualifier": {"code": "property does not exist"}}
2026-03-05 15:39:41 ERROR root remotelib error:BWDPanel:4616:{"property": "SetVisible", "value": [true], "qualifier": {"code": "property does not exist"}}
2026-03-05 15:39:41 ERROR root remotelib error:IC143Panel:14607:{"property": "SetVisible", "value": [true], "qualifier": {"code": "property does not exist"}}
2026-03-05 15:39:41 ERROR root remotelib error:HallPanel:4618:{"property": "SetVisible", "value": [true], "qualifier": {"code": "property does not exist"}}
2026-03-05 15:39:41 ERROR root remotelib error:IC142Panel:4606:{"property": "SetVisible", "value": [true], "qualifier": {"code": "property does not exist"}}
2026-03-05 15:39:41 ERROR root remotelib error:BWDPanel:4617:{"property": "SetVisible", "value": [true], "qualifier": {"code": "property does not exist"}}
2026-03-05 15:39:41 ERROR root remotelib error:IC143Panel:14608:{"property": "SetVisible", "value": [true], "qualifier": {"code": "property does not exist"}}
2026-03-05 15:39:41 ERROR root remotelib error:HallPanel:4619:{"property": "SetVisible", "value": [true], "qualifier": {"code": "property does not exist"}}
2026-03-05 15:39:41 ERROR root remotelib error:LobbyPanel:4619:{"property": "SetVisible", "value": [true], "qualifier": {"code": "property does not exist"}}
2026-03-05 15:39:41 ERROR root remotelib error:IC144Panel:4619:{"property": "SetVisible", "value": [true], "qualifier": {"code": "property does not exist"}}
2026-03-05 15:39:41 ERROR root remotelib error:IC142Panel:4607:{"property": "SetVisible", "value": [true], "qualifier": {"code": "property does not exist"}}
2026-03-05 15:39:41 ERROR root remotelib error:BreakRmPanel:4779:{"property": "SetVisible", "value": [false], "qualifier": {"code": "property does not exist"}}
2026-03-05 15:39:41 ERROR root remotelib error:BWDPanel:4618:{"property": "SetVisible", "value": [true], "qualifier": {"code": "property does not exist"}}
2026-03-05 15:39:41 ERROR root remotelib error:IC143Panel:14609:{"property": "SetVisible", "value": [true], "qualifier": {"code": "property does not exist"}}
2026-03-05 15:39:41 ERROR root remotelib error:HallPanel:4620:{"property": "SetVisible", "value": [true], "qualifier": {"code": "property does not exist"}}
2026-03-05 15:39:41 ERROR root remotelib error:IC142Panel:4608:{"property": "SetVisible", "value": [true], "qualifier": {"code": "property does not exist"}}
2026-03-05 15:39:41 ERROR root remotelib error:LobbyPanel:4620:{"property": "SetVisible", "value": [true], "qualifier": {"code": "property does not exist"}}
2026-03-05 15:39:41 ERROR root remotelib error:IC143Panel:14610:{"property": "SetVisible", "value": [true], "qualifier": {"code": "property does not exist"}}
2026-03-05 15:39:41 ERROR root remotelib error:IC144Panel:4620:{"property": "SetVisible", "value": [true], "qualifier": {"code": "property does not exist"}}
2026-03-05 15:39:41 ERROR root remotelib error:BWDPanel:4619:{"property": "SetVisible", "value": [true], "qualifier": {"code": "property does not exist"}}
2026-03-05 15:39:41 ERROR root remotelib error:IC143Panel:14611:{"property": "SetVisible", "value": [true], "qualifier": {"code": "property does not exist"}}
2026-03-05 15:39:41 ERROR root remotelib error:BreakRmPanel:4780:{"property": "SetVisible", "value": [false], "qualifier": {"code": "property does not exist"}}
2026-03-05 15:39:41 ERROR root remotelib error:IC144Panel:4621:{"property": "SetVisible", "value": [true], "qualifier": {"code": "property does not exist"}}
2026-03-05 15:39:41 ERROR root remotelib error:LobbyPanel:4621:{"property": "SetVisible", "value": [true], "qualifier": {"code": "property does not exist"}}
2026-03-05 15:39:41 ERROR root remotelib error:BreakRmPanel:4781:{"property": "SetVisible", "value": [false], "qualifier": {"code": "property does not exist"}}
2026-03-05 15:39:41 ERROR root remotelib error:BWDPanel:4620:{"property": "SetVisible", "value": [true], "qualifier": {"code": "property does not exist"}}
2026-03-05 15:39:41 ERROR root remotelib error:IC143Panel:14612:{"property": "SetVisible", "value": [true], "qualifier": {"code": "property does not exist"}}
2026-03-05 15:39:41 ERROR root remotelib error:BreakRmPanel:4782:{"property": "SetVisible", "value": [false], "qualifier": {"code": "property does not exist"}}
2026-03-05 15:39:41 ERROR root remotelib error:LobbyPanel:4622:{"property": "SetVisible", "value": [true], "qualifier": {"code": "property does not exist"}}
2026-03-05 15:39:41 ERROR root remotelib error:IC144Panel:4622:{"property": "SetVisible", "value": [true], "qualifier": {"code": "property does not exist"}}
2026-03-05 15:39:41 ERROR root remotelib error:HallPanel:4621:{"property": "SetVisible", "value": [true], "qualifier": {"code": "property does not exist"}}
2026-03-05 15:39:41 ERROR root remotelib error:IC142Panel:4609:{"property": "SetVisible", "value": [true], "qualifier": {"code": "property does not exist"}}
2026-03-05 15:39:41 ERROR root remotelib error:BreakRmPanel:4751:{"property": "SetVisible", "value": [true], "qualifier": {"code": "property does not exist"}}
2026-03-05 15:39:41 ERROR root remotelib error:BWDPanel:4621:{"property": "SetVisible", "value": [true], "qualifier": {"code": "property does not exist"}}
2026-03-05 15:39:41 ERROR root remotelib error:LobbyPanel:4623:{"property": "SetVisible", "value": [true], "qualifier": {"code": "property does not exist"}}
2026-03-05 15:39:41 ERROR root remotelib error:IC144Panel:4623:{"property": "SetVisible", "value": [true], "qualifier": {"code": "property does not exist"}}
2026-03-05 15:39:41 ERROR root remotelib error:IC142Panel:4610:{"property": "SetVisible", "value": [true], "qualifier": {"code": "property does not exist"}}
2026-03-05 15:39:41 ERROR root remotelib error:LobbyPanel:4624:{"property": "SetVisible", "value": [true], "qualifier": {"code": "property does not exist"}}
2026-03-05 15:39:41 ERROR root remotelib error:BWDPanel:4622:{"property": "SetVisible", "value": [true], "qualifier": {"code": "property does not exist"}}
2026-03-05 15:39:41 ERROR root remotelib error:BreakRmPanel:4752:{"property": "SetVisible", "value": [true], "qualifier": {"code": "property does not exist"}}
2026-03-05 15:39:41 ERROR root remotelib error:BWDPanel:4623:{"property": "SetVisible", "value": [true], "qualifier": {"code": "property does not exist"}}
2026-03-05 15:39:41 ERROR root remotelib error:IC144Panel:4624:{"property": "SetVisible", "value": [true], "qualifier": {"code": "property does not exist"}}
2026-03-05 15:39:41 ERROR root remotelib error:IC142Panel:4611:{"property": "SetVisible", "value": [true], "qualifier": {"code": "property does not exist"}}
2026-03-05 15:39:41 ERROR root remotelib error:HallPanel:4622:{"property": "SetVisible", "value": [true], "qualifier": {"code": "property does not exist"}}
2026-03-05 15:39:41 ERROR root remotelib error:IC143Panel:14613:{"property": "SetVisible", "value": [true], "qualifier": {"code": "property does not exist"}}
2026-03-05 15:39:41 ERROR root remotelib error:BWDPanel:4624:{"property": "SetVisible", "value": [true], "qualifier": {"code": "property does not exist"}}
2026-03-05 15:39:41 ERROR root can't start new thread
2026-03-05 15:39:41 ERROR root remotelib error:HallPanel:4623:{"property": "SetVisible", "value": [true], "qualifier": {"code": "property does not exist"}}
2026-03-05 15:39:41 ERROR root remotelib error:BreakRmPanel:4753:{"property": "SetVisible", "value": [true], "qualifier": {"code": "property does not exist"}}
2026-03-05 15:39:41 ERROR root remotelib error:IC144Panel:4776:{"property": "SetVisible", "value": [false], "qualifier": {"code": "property does not exist"}}
2026-03-05 15:39:41 ERROR root remotelib error:IC142Panel:4612:{"property": "SetVisible", "value": [true], "qualifier": {"code": "property does not exist"}}
2026-03-05 15:39:41 ERROR root remotelib error:LobbyPanel:4776:{"property": "SetVisible", "value": [false], "qualifier": {"code": "property does not exist"}}
2026-03-05 15:39:41 ERROR root remotelib error:IC143Panel:14615:{"property": "SetVisible", "value": [true], "qualifier": {"code": "property does not exist"}}
2026-03-05 15:39:41 ERROR root remotelib error:IC143Panel:14614:{"property": "SetVisible", "value": [true], "qualifier": {"code": "property does not exist"}}
2026-03-05 15:39:41 ERROR root remotelib error:BreakRmPanel:4754:{"property": "SetVisible", "value": [true], "qualifier": {"code": "property does not exist"}}
2026-03-05 15:39:41 ERROR root remotelib error:HallPanel:4624:{"property": "SetVisible", "value": [true], "qualifier": {"code": "property does not exist"}}
2026-03-05 15:39:41 ERROR root remotelib error:BWDPanel:4776:{"property": "SetVisible", "value": [false], "qualifier": {"code": "property does not exist"}}
2026-03-05 15:39:41 ERROR root remotelib error:BreakRmPanel:4755:{"property": "SetVisible", "value": [true], "qualifier": {"code": "property does not exist"}}
2026-03-05 15:39:41 ERROR root remotelib error:IC144Panel:4777:{"property": "SetVisible", "value": [false], "qualifier": {"code": "property does not exist"}}
2026-03-05 15:39:41 ERROR root remotelib error:HallPanel:4776:{"property": "SetVisible", "value": [false], "qualifier": {"code": "property does not exist"}}
2026-03-05 15:39:41 ERROR root remotelib error:IC143Panel:14616:{"property": "SetVisible", "value": [true], "qualifier": {"code": "property does not exist"}}
2026-03-05 15:39:41 ERROR root remotelib error:IC142Panel:4613:{"property": "SetVisible", "value": [true], "qualifier": {"code": "property does not exist"}}
2026-03-05 15:39:42 ERROR root remotelib error:IC144Panel:4778:{"property": "SetVisible", "value": [false], "qualifier": {"code": "property does not exist"}}
2026-03-05 15:39:42 ERROR root remotelib error:BWDPanel:4777:{"property": "SetVisible", "value": [false], "qualifier": {"code": "property does not exist"}}
2026-03-05 15:39:42 ERROR root remotelib error:LobbyPanel:4777:{"property": "SetVisible", "value": [false], "qualifier": {"code": "property does not exist"}}
2026-03-05 15:39:42 ERROR root remotelib error:BreakRmPanel:4756:{"property": "SetVisible", "value": [true], "qualifier": {"code": "property does not exist"}}
2026-03-05 15:39:42 ERROR root remotelib error:HallPanel:4777:{"property": "SetVisible", "value": [false], "qualifier": {"code": "property does not exist"}}
2026-03-05 15:39:42 ERROR root remotelib error:IC144Panel:4779:{"property": "SetVisible", "value": [false], "qualifier": {"code": "property does not exist"}}
2026-03-05 15:39:42 ERROR root remotelib error:IC143Panel:14617:{"property": "SetVisible", "value": [true], "qualifier": {"code": "property does not exist"}}
2026-03-05 15:39:42 ERROR root remotelib error:IC142Panel:4614:{"property": "SetVisible", "value": [true], "qualifier": {"code": "property does not exist"}}
2026-03-05 15:39:42 ERROR root remotelib error:IC143Panel:14618:{"property": "SetVisible", "value": [true], "qualifier": {"code": "property does not exist"}}
2026-03-05 15:39:42 ERROR root remotelib error:HallPanel:4778:{"property": "SetVisible", "value": [false], "qualifier": {"code": "property does not exist"}}
2026-03-05 15:39:42 ERROR root remotelib error:IC144Panel:4780:{"property": "SetVisible", "value": [false], "qualifier": {"code": "property does not exist"}}
2026-03-05 15:39:42 ERROR root remotelib error:LobbyPanel:4778:{"property": "SetVisible", "value": [false], "qualifier": {"code": "property does not exist"}}
2026-03-05 15:39:42 ERROR root remotelib error:BWDPanel:4778:{"property": "SetVisible", "value": [false], "qualifier": {"code": "property does not exist"}}
2026-03-05 15:39:42 ERROR root remotelib error:BreakRmPanel:4757:{"property": "SetVisible", "value": [true], "qualifier": {"code": "property does not exist"}}
2026-03-05 15:39:42 ERROR root remotelib error:IC144Panel:4781:{"property": "SetVisible", "value": [false], "qualifier": {"code": "property does not exist"}}
2026-03-05 15:39:42 ERROR root remotelib error:BWDPanel:4780:{"property": "SetVisible", "value": [false], "qualifier": {"code": "property does not exist"}}
2026-03-05 15:39:42 ERROR root remotelib error:IC142Panel:4615:{"property": "SetVisible", "value": [true], "qualifier": {"code": "property does not exist"}}
2026-03-05 15:39:42 ERROR root remotelib error:BWDPanel:4779:{"property": "SetVisible", "value": [false], "qualifier": {"code": "property does not exist"}}
2026-03-05 15:39:42 ERROR root remotelib error:BreakRmPanel:4758:{"property": "SetVisible", "value": [true], "qualifier": {"code": "property does not exist"}}
2026-03-05 15:39:42 ERROR root remotelib error:HallPanel:4779:{"property": "SetVisible", "value": [false], "qualifier": {"code": "property does not exist"}}
2026-03-05 15:39:42 ERROR root remotelib error:LobbyPanel:4779:{"property": "SetVisible", "value": [false], "qualifier": {"code": "property does not exist"}}
2026-03-05 15:39:42 INFO root Device 22-0 VTLP sync handling began
2026-03-05 15:39:42 ERROR root remotelib error:BWDPanel:4781:{"property": "SetVisible", "value": [false], "qualifier": {"code": "property does not exist"}}
2026-03-05 15:39:42 ERROR root remotelib error:IC143Panel:14619:{"property": "SetVisible", "value": [true], "qualifier": {"code": "property does not exist"}}
2026-03-05 15:39:42 ERROR root remotelib error:IC144Panel:4782:{"property": "SetVisible", "value": [false], "qualifier": {"code": "property does not exist"}}
2026-03-05 15:39:42 ERROR root remotelib error:IC142Panel:4616:{"property": "SetVisible", "value": [true], "qualifier": {"code": "property does not exist"}}
2026-03-05 15:39:42 ERROR root remotelib error:IC143Panel:14620:{"property": "SetVisible", "value": [true], "qualifier": {"code": "property does not exist"}}
2026-03-05 15:39:42 ERROR root remotelib error:IC144Panel:4751:{"property": "SetVisible", "value": [true], "qualifier": {"code": "property does not exist"}}
2026-03-05 15:39:42 ERROR root remotelib error:BreakRmPanel:4759:{"property": "SetVisible", "value": [true], "qualifier": {"code": "property does not exist"}}
2026-03-05 15:39:42 ERROR root remotelib error:HallPanel:4780:{"property": "SetVisible", "value": [false], "qualifier": {"code": "property does not exist"}}
2026-03-05 15:39:42 ERROR root remotelib error:IC144Panel:4752:{"property": "SetVisible", "value": [true], "qualifier": {"code": "property does not exist"}}
2026-03-05 15:39:42 ERROR root remotelib error:BWDPanel:4782:{"property": "SetVisible", "value": [false], "qualifier": {"code": "property does not exist"}}
2026-03-05 15:39:42 ERROR root remotelib error:IC142Panel:4617:{"property": "SetVisible", "value": [true], "qualifier": {"code": "property does not exist"}}
2026-03-05 15:39:42 ERROR root remotelib error:LobbyPanel:4780:{"property": "SetVisible", "value": [false], "qualifier": {"code": "property does not exist"}}
2026-03-05 15:39:42 ERROR root remotelib error:IC143Panel:14621:{"property": "SetVisible", "value": [true], "qualifier": {"code": "property does not exist"}}
2026-03-05 15:39:42 ERROR root remotelib error:BreakRmPanel:4760:{"property": "SetVisible", "value": [true], "qualifier": {"code": "property does not exist"}}
2026-03-05 15:39:42 ERROR root remotelib error:HallPanel:4781:{"property": "SetVisible", "value": [false], "qualifier": {"code": "property does not exist"}}
2026-03-05 15:39:42 ERROR root remotelib error:IC143Panel:14622:{"property": "SetVisible", "value": [true], "qualifier": {"code": "property does not exist"}}
2026-03-05 15:39:42 ERROR root remotelib error:LobbyPanel:4781:{"property": "SetVisible", "value": [false], "qualifier": {"code": "property does not exist"}}
2026-03-05 15:39:42 ERROR root remotelib error:IC142Panel:4618:{"property": "SetVisible", "value": [true], "qualifier": {"code": "property does not exist"}}
2026-03-05 15:39:42 ERROR root remotelib error:IC144Panel:4753:{"property": "SetVisible", "value": [true], "qualifier": {"code": "property does not exist"}}
2026-03-05 15:39:42 ERROR root remotelib error:BWDPanel:4751:{"property": "SetVisible", "value": [true], "qualifier": {"code": "property does not exist"}}
2026-03-05 15:39:42 ERROR root remotelib error:BreakRmPanel:4761:{"property": "SetVisible", "value": [true], "qualifier": {"code": "property does not exist"}}
2026-03-05 15:39:42 ERROR root remotelib error:LobbyPanel:4782:{"property": "SetVisible", "value": [false], "qualifier": {"code": "property does not exist"}}
2026-03-05 15:39:42 ERROR root remotelib error:HallPanel:4782:{"property": "SetVisible", "value": [false], "qualifier": {"code": "property does not exist"}}
2026-03-05 15:39:42 ERROR root remotelib error:IC143Panel:14623:{"property": "SetVisible", "value": [true], "qualifier": {"code": "property does not exist"}}
2026-03-05 15:39:42 ERROR root remotelib error:BreakRmPanel:4762:{"property": "SetVisible", "value": [true], "qualifier": {"code": "property does not exist"}}
2026-03-05 15:39:42 ERROR root remotelib error:HallPanel:4751:{"property": "SetVisible", "value": [true], "qualifier": {"code": "property does not exist"}}
2026-03-05 15:39:42 ERROR root remotelib error:LobbyPanel:4751:{"property": "SetVisible", "value": [true], "qualifier": {"code": "property does not exist"}}
2026-03-05 15:39:42 ERROR root remotelib error:LobbyPanel:4752:{"property": "SetVisible", "value": [true], "qualifier": {"code": "property does not exist"}}
2026-03-05 15:39:42 ERROR root remotelib error:IC144Panel:4754:{"property": "SetVisible", "value": [true], "qualifier": {"code": "property does not exist"}}
2026-03-05 15:39:42 ERROR root remotelib error:BWDPanel:4752:{"property": "SetVisible", "value": [true], "qualifier": {"code": "property does not exist"}}
2026-03-05 15:39:42 ERROR root remotelib error:IC143Panel:14624:{"property": "SetVisible", "value": [true], "qualifier": {"code": "property does not exist"}}
2026-03-05 15:39:42 ERROR root remotelib error:BreakRmPanel:4763:{"property": "SetVisible", "value": [true], "qualifier": {"code": "property does not exist"}}
2026-03-05 15:39:42 ERROR root remotelib error:HallPanel:4752:{"property": "SetVisible", "value": [true], "qualifier": {"code": "property does not exist"}}
2026-03-05 15:39:42 ERROR root remotelib error:IC142Panel:4619:{"property": "SetVisible", "value": [true], "qualifier": {"code": "property does not exist"}}
2026-03-05 15:39:42 INFO root Device 22-0 VTLP sync handling ended
2026-03-05 15:39:42 ERROR root remotelib error:LobbyPanel:4753:{"property": "SetVisible", "value": [true], "qualifier": {"code": "property does not exist"}}
2026-03-05 15:39:42 ERROR root remotelib error:IC143Panel:14751:{"property": "SetVisible", "value": [false], "qualifier": {"code": "property does not exist"}}
2026-03-05 15:39:42 ERROR root remotelib error:HallPanel:4753:{"property": "SetVisible", "value": [true], "qualifier": {"code": "property does not exist"}}
2026-03-05 15:39:42 ERROR root remotelib error:BWDPanel:4753:{"property": "SetVisible", "value": [true], "qualifier": {"code": "property does not exist"}}
2026-03-05 15:39:42 ERROR root remotelib error:IC142Panel:4620:{"property": "SetVisible", "value": [true], "qualifier": {"code": "property does not exist"}}
2026-03-05 15:39:42 ERROR root remotelib error:IC144Panel:4755:{"property": "SetVisible", "value": [true], "qualifier": {"code": "property does not exist"}}
2026-03-05 15:39:42 ERROR root remotelib error:HallPanel:4754:{"property": "SetVisible", "value": [true], "qualifier": {"code": "property does not exist"}}
2026-03-05 15:39:42 ERROR root remotelib error:LobbyPanel:4754:{"property": "SetVisible", "value": [true], "qualifier": {"code": "property does not exist"}}
2026-03-05 15:39:42 ERROR root remotelib error:IC143Panel:14752:{"property": "SetVisible", "value": [false], "qualifier": {"code": "property does not exist"}}
2026-03-05 15:39:42 ERROR root remotelib error:IC142Panel:4621:{"property": "SetVisible", "value": [true], "qualifier": {"code": "property does not exist"}}
2026-03-05 15:39:42 ERROR root remotelib error:BWDPanel:4754:{"property": "SetVisible", "value": [true], "qualifier": {"code": "property does not exist"}}
2026-03-05 15:39:42 ERROR root remotelib error:IC144Panel:4756:{"property": "SetVisible", "value": [true], "qualifier": {"code": "property does not exist"}}
2026-03-05 15:39:42 ERROR root remotelib error:IC143Panel:14753:{"property": "SetVisible", "value": [false], "qualifier": {"code": "property does not exist"}}
2026-03-05 15:39:42 ERROR root remotelib error:HallPanel:4755:{"property": "SetVisible", "value": [true], "qualifier": {"code": "property does not exist"}}
2026-03-05 15:39:42 ERROR root remotelib error:LobbyPanel:4755:{"property": "SetVisible", "value": [true], "qualifier": {"code": "property does not exist"}}
2026-03-05 15:39:42 ERROR root remotelib error:IC144Panel:4757:{"property": "SetVisible", "value": [true], "qualifier": {"code": "property does not exist"}}
2026-03-05 15:39:42 ERROR root remotelib error:IC142Panel:4622:{"property": "SetVisible", "value": [true], "qualifier": {"code": "property does not exist"}}
2026-03-05 15:39:42 ERROR root remotelib error:BWDPanel:4755:{"property": "SetVisible", "value": [true], "qualifier": {"code": "property does not exist"}}
2026-03-05 15:39:42 ERROR root remotelib error:IC144Panel:4758:{"property": "SetVisible", "value": [true], "qualifier": {"code": "property does not exist"}}
2026-03-05 15:39:42 ERROR root remotelib error:BreakRmPanel:4764:{"property": "SetVisible", "value": [true], "qualifier": {"code": "property does not exist"}}
2026-03-05 15:39:42 ERROR root remotelib error:HallPanel:4756:{"property": "SetVisible", "value": [true], "qualifier": {"code": "property does not exist"}}
2026-03-05 15:39:42 ERROR root remotelib error:LobbyPanel:4756:{"property": "SetVisible", "value": [true], "qualifier": {"code": "property does not exist"}}
2026-03-05 15:39:42 ERROR root remotelib error:IC143Panel:14754:{"property": "SetVisible", "value": [false], "qualifier": {"code": "property does not exist"}}
2026-03-05 15:39:42 ERROR root remotelib error:IC144Panel:4759:{"property": "SetVisible", "value": [true], "qualifier": {"code": "property does not exist"}}
2026-03-05 15:39:42 ERROR root remotelib error:BWDPanel:4756:{"property": "SetVisible", "value": [true], "qualifier": {"code": "property does not exist"}}
2026-03-05 15:39:42 ERROR root remotelib error:IC142Panel:4623:{"property": "SetVisible", "value": [true], "qualifier": {"code": "property does not exist"}}
2026-03-05 15:39:42 ERROR root remotelib error:BreakRmPanel:4765:{"property": "SetVisible", "value": [true], "qualifier": {"code": "property does not exist"}}
2026-03-05 15:39:42 ERROR root remotelib error:IC144Panel:4760:{"property": "SetVisible", "value": [true], "qualifier": {"code": "property does not exist"}}
2026-03-05 15:39:42 ERROR root remotelib error:LobbyPanel:4757:{"property": "SetVisible", "value": [true], "qualifier": {"code": "property does not exist"}}
2026-03-05 15:39:42 ERROR root remotelib error:BreakRmPanel:4766:{"property": "SetVisible", "value": [true], "qualifier": {"code": "property does not exist"}}
2026-03-05 15:39:42 ERROR root remotelib error:IC142Panel:4624:{"property": "SetVisible", "value": [true], "qualifier": {"code": "property does not exist"}}
2026-03-05 15:39:42 ERROR root remotelib error:IC144Panel:4761:{"property": "SetVisible", "value": [true], "qualifier": {"code": "property does not exist"}}
2026-03-05 15:39:42 ERROR root remotelib error:LobbyPanel:4758:{"property": "SetVisible", "value": [true], "qualifier": {"code": "property does not exist"}}
2026-03-05 15:39:42 ERROR root remotelib error:BWDPanel:4757:{"property": "SetVisible", "value": [true], "qualifier": {"code": "property does not exist"}}
2026-03-05 15:39:42 ERROR root remotelib error:HallPanel:4757:{"property": "SetVisible", "value": [true], "qualifier": {"code": "property does not exist"}}
2026-03-05 15:39:43 ERROR root remotelib error:BWDPanel:4758:{"property": "SetVisible", "value": [true], "qualifier": {"code": "property does not exist"}}
2026-03-05 15:39:43 ERROR root remotelib error:IC142Panel:4776:{"property": "SetVisible", "value": [false], "qualifier": {"code": "property does not exist"}}
2026-03-05 15:39:43 ERROR root remotelib error:IC144Panel:4762:{"property": "SetVisible", "value": [true], "qualifier": {"code": "property does not exist"}}
2026-03-05 15:39:43 ERROR root remotelib error:IC143Panel:14755:{"property": "SetVisible", "value": [false], "qualifier": {"code": "property does not exist"}}
2026-03-05 15:39:43 ERROR root remotelib error:IC144Panel:4763:{"property": "SetVisible", "value": [true], "qualifier": {"code": "property does not exist"}}
2026-03-05 15:39:43 ERROR root remotelib error:BreakRmPanel:4767:{"property": "SetVisible", "value": [true], "qualifier": {"code": "property does not exist"}}
2026-03-05 15:39:43 ERROR root remotelib error:BWDPanel:4759:{"property": "SetVisible", "value": [true], "qualifier": {"code": "property does not exist"}}
2026-03-05 15:39:43 ERROR root remotelib error:LobbyPanel:4759:{"property": "SetVisible", "value": [true], "qualifier": {"code": "property does not exist"}}
2026-03-05 15:39:43 ERROR root remotelib error:IC142Panel:4777:{"property": "SetVisible", "value": [false], "qualifier": {"code": "property does not exist"}}
2026-03-05 15:39:43 ERROR root remotelib error:HallPanel:4758:{"property": "SetVisible", "value": [true], "qualifier": {"code": "property does not exist"}}
2026-03-05 15:39:43 ERROR root remotelib error:IC143Panel:14756:{"property": "SetVisible", "value": [false], "qualifier": {"code": "property does not exist"}}
2026-03-05 15:39:43 ERROR root remotelib error:BreakRmPanel:4768:{"property": "SetVisible", "value": [true], "qualifier": {"code": "property does not exist"}}
2026-03-05 15:39:43 ERROR root remotelib error:HallPanel:4759:{"property": "SetVisible", "value": [true], "qualifier": {"code": "property does not exist"}}
2026-03-05 15:39:43 ERROR root remotelib error:IC142Panel:4778:{"property": "SetVisible", "value": [false], "qualifier": {"code": "property does not exist"}}
2026-03-05 15:39:43 ERROR root remotelib error:LobbyPanel:4760:{"property": "SetVisible", "value": [true], "qualifier": {"code": "property does not exist"}}
2026-03-05 15:39:43 ERROR root remotelib error:BWDPanel:4760:{"property": "SetVisible", "value": [true], "qualifier": {"code": "property does not exist"}}
2026-03-05 15:39:43 ERROR root remotelib error:IC144Panel:4764:{"property": "SetVisible", "value": [true], "qualifier": {"code": "property does not exist"}}
2026-03-05 15:39:43 ERROR root remotelib error:IC143Panel:14757:{"property": "SetVisible", "value": [false], "qualifier": {"code": "property does not exist"}}
2026-03-05 15:39:43 ERROR root remotelib error:LobbyPanel:4761:{"property": "SetVisible", "value": [true], "qualifier": {"code": "property does not exist"}}
2026-03-05 15:39:43 ERROR root remotelib error:HallPanel:4760:{"property": "SetVisible", "value": [true], "qualifier": {"code": "property does not exist"}}
2026-03-05 15:39:43 ERROR root remotelib error:IC142Panel:4779:{"property": "SetVisible", "value": [false], "qualifier": {"code": "property does not exist"}}
2026-03-05 15:39:43 ERROR root remotelib error:BreakRmPanel:4769:{"property": "SetVisible", "value": [true], "qualifier": {"code": "property does not exist"}}
2026-03-05 15:39:43 ERROR root remotelib error:LobbyPanel:4762:{"property": "SetVisible", "value": [true], "qualifier": {"code": "property does not exist"}}
2026-03-05 15:39:43 ERROR root remotelib error:IC144Panel:4765:{"property": "SetVisible", "value": [true], "qualifier": {"code": "property does not exist"}}
2026-03-05 15:39:43 ERROR root remotelib error:IC142Panel:4780:{"property": "SetVisible", "value": [false], "qualifier": {"code": "property does not exist"}}
2026-03-05 15:39:43 ERROR root remotelib error:BWDPanel:4761:{"property": "SetVisible", "value": [true], "qualifier": {"code": "property does not exist"}}
2026-03-05 15:39:43 ERROR root remotelib error:HallPanel:4761:{"property": "SetVisible", "value": [true], "qualifier": {"code": "property does not exist"}}
2026-03-05 15:39:43 ERROR root remotelib error:IC143Panel:14758:{"property": "SetVisible", "value": [false], "qualifier": {"code": "property does not exist"}}
2026-03-05 15:39:43 ERROR root remotelib error:BreakRmPanel:4770:{"property": "SetVisible", "value": [true], "qualifier": {"code": "property does not exist"}}
2026-03-05 15:39:43 INFO root Device 22-0 VTLP sync handling began
2026-03-05 15:39:43 ERROR root remotelib error:LobbyPanel:4763:{"property": "SetVisible", "value": [true], "qualifier": {"code": "property does not exist"}}
2026-03-05 15:39:43 ERROR root remotelib error:HallPanel:4762:{"property": "SetVisible", "value": [true], "qualifier": {"code": "property does not exist"}}
2026-03-05 15:39:43 ERROR root remotelib error:IC142Panel:4781:{"property": "SetVisible", "value": [false], "qualifier": {"code": "property does not exist"}}
2026-03-05 15:39:43 ERROR root remotelib error:BreakRmPanel:4771:{"property": "SetVisible", "value": [true], "qualifier": {"code": "property does not exist"}}
2026-03-05 15:39:43 ERROR root remotelib error:IC144Panel:4766:{"property": "SetVisible", "value": [true], "qualifier": {"code": "property does not exist"}}
2026-03-05 15:39:43 ERROR root remotelib error:IC143Panel:14759:{"property": "SetVisible", "value": [false], "qualifier": {"code": "property does not exist"}}
2026-03-05 15:39:43 ERROR root remotelib error:BWDPanel:4762:{"property": "SetVisible", "value": [true], "qualifier": {"code": "property does not exist"}}
2026-03-05 15:39:43 ERROR root remotelib error:LobbyPanel:4764:{"property": "SetVisible", "value": [true], "qualifier": {"code": "property does not exist"}}
2026-03-05 15:39:43 ERROR root remotelib error:IC144Panel:4767:{"property": "SetVisible", "value": [true], "qualifier": {"code": "property does not exist"}}
2026-03-05 15:39:43 ERROR root remotelib error:IC142Panel:4782:{"property": "SetVisible", "value": [false], "qualifier": {"code": "property does not exist"}}
2026-03-05 15:39:43 ERROR root remotelib error:BreakRmPanel:4772:{"property": "SetVisible", "value": [true], "qualifier": {"code": "property does not exist"}}
2026-03-05 15:39:43 ERROR root remotelib error:HallPanel:4763:{"property": "SetVisible", "value": [true], "qualifier": {"code": "property does not exist"}}
2026-03-05 15:39:43 ERROR root remotelib error:IC143Panel:14760:{"property": "SetVisible", "value": [false], "qualifier": {"code": "property does not exist"}}
2026-03-05 15:39:43 ERROR root remotelib error:IC142Panel:4751:{"property": "SetVisible", "value": [true], "qualifier": {"code": "property does not exist"}}
2026-03-05 15:39:43 ERROR root remotelib error:LobbyPanel:4765:{"property": "SetVisible", "value": [true], "qualifier": {"code": "property does not exist"}}
2026-03-05 15:39:43 ERROR root remotelib error:IC144Panel:4768:{"property": "SetVisible", "value": [true], "qualifier": {"code": "property does not exist"}}
2026-03-05 15:39:43 ERROR root remotelib error:BWDPanel:4763:{"property": "SetVisible", "value": [true], "qualifier": {"code": "property does not exist"}}
2026-03-05 15:39:43 ERROR root remotelib error:BreakRmPanel:4773:{"property": "SetVisible", "value": [true], "qualifier": {"code": "property does not exist"}}
2026-03-05 15:39:43 ERROR root remotelib error:HallPanel:4764:{"property": "SetVisible", "value": [true], "qualifier": {"code": "property does not exist"}}
2026-03-05 15:39:43 ERROR root remotelib error:IC143Panel:14761:{"property": "SetVisible", "value": [false], "qualifier": {"code": "property does not exist"}}
2026-03-05 15:39:43 ERROR root remotelib error:BWDPanel:4764:{"property": "SetVisible", "value": [true], "qualifier": {"code": "property does not exist"}}
2026-03-05 15:39:43 ERROR root remotelib error:LobbyPanel:4766:{"property": "SetVisible", "value": [true], "qualifier": {"code": "property does not exist"}}
2026-03-05 15:39:43 ERROR root remotelib error:IC144Panel:4769:{"property": "SetVisible", "value": [true], "qualifier": {"code": "property does not exist"}}
2026-03-05 15:39:43 ERROR root remotelib error:IC143Panel:14762:{"property": "SetVisible", "value": [false], "qualifier": {"code": "property does not exist"}}
2026-03-05 15:39:43 ERROR root remotelib error:BreakRmPanel:4774:{"property": "SetVisible", "value": [true], "qualifier": {"code": "property does not exist"}}
2026-03-05 15:39:43 ERROR root remotelib error:HallPanel:4765:{"property": "SetVisible", "value": [true], "qualifier": {"code": "property does not exist"}}
2026-03-05 15:39:43 ERROR root remotelib error:IC144Panel:4770:{"property": "SetVisible", "value": [true], "qualifier": {"code": "property does not exist"}}
2026-03-05 15:39:43 ERROR root remotelib error:BWDPanel:4765:{"property": "SetVisible", "value": [true], "qualifier": {"code": "property does not exist"}}
2026-03-05 15:39:43 ERROR root remotelib error:LobbyPanel:4767:{"property": "SetVisible", "value": [true], "qualifier": {"code": "property does not exist"}}
2026-03-05 15:39:43 ERROR root remotelib error:IC142Panel:4752:{"property": "SetVisible", "value": [true], "qualifier": {"code": "property does not exist"}}
2026-03-05 15:39:43 ERROR root remotelib error:IC144Panel:4771:{"property": "SetVisible", "value": [true], "qualifier": {"code": "property does not exist"}}
2026-03-05 15:39:43 ERROR root remotelib error:BreakRmPanel:4775:{"property": "SetVisible", "value": [true], "qualifier": {"code": "property does not exist"}}
2026-03-05 15:39:43 ERROR root remotelib error:LobbyPanel:4768:{"property": "SetVisible", "value": [true], "qualifier": {"code": "property does not exist"}}
2026-03-05 15:39:43 ERROR root remotelib error:IC143Panel:14763:{"property": "SetVisible", "value": [false], "qualifier": {"code": "property does not exist"}}
2026-03-05 15:39:43 ERROR root remotelib error:BWDPanel:4766:{"property": "SetVisible", "value": [true], "qualifier": {"code": "property does not exist"}}
2026-03-05 15:39:43 ERROR root remotelib error:BreakRmPanel:14625:{"property": "SetVisible", "value": [false], "qualifier": {"code": "property does not exist"}}
2026-03-05 15:39:43 ERROR root remotelib error:IC142Panel:4753:{"property": "SetVisible", "value": [true], "qualifier": {"code": "property does not exist"}}
2026-03-05 15:39:43 ERROR root remotelib error:IC143Panel:14764:{"property": "SetVisible", "value": [false], "qualifier": {"code": "property does not exist"}}
2026-03-05 15:39:43 ERROR root remotelib error:HallPanel:4766:{"property": "SetVisible", "value": [true], "qualifier": {"code": "property does not exist"}}
2026-03-05 15:39:43 ERROR root remotelib error:LobbyPanel:4769:{"property": "SetVisible", "value": [true], "qualifier": {"code": "property does not exist"}}
2026-03-05 15:39:43 ERROR root remotelib error:IC143Panel:14765:{"property": "SetVisible", "value": [false], "qualifier": {"code": "property does not exist"}}
2026-03-05 15:39:43 ERROR root remotelib error:IC142Panel:4754:{"property": "SetVisible", "value": [true], "qualifier": {"code": "property does not exist"}}
2026-03-05 15:39:43 ERROR root remotelib error:HallPanel:4767:{"property": "SetVisible", "value": [true], "qualifier": {"code": "property does not exist"}}
2026-03-05 15:39:43 ERROR root remotelib error:IC142Panel:4755:{"property": "SetVisible", "value": [true], "qualifier": {"code": "property does not exist"}}
2026-03-05 15:39:43 ERROR root remotelib error:IC143Panel:14766:{"property": "SetVisible", "value": [false], "qualifier": {"code": "property does not exist"}}
2026-03-05 15:39:43 ERROR root remotelib error:LobbyPanel:4770:{"property": "SetVisible", "value": [true], "qualifier": {"code": "property does not exist"}}
2026-03-05 15:39:43 ERROR root remotelib error:HallPanel:4768:{"property": "SetVisible", "value": [true], "qualifier": {"code": "property does not exist"}}
2026-03-05 15:39:43 ERROR root remotelib error:BWDPanel:4767:{"property": "SetVisible", "value": [true], "qualifier": {"code": "property does not exist"}}
2026-03-05 15:39:43 ERROR root remotelib error:BreakRmPanel:14626:{"property": "SetVisible", "value": [false], "qualifier": {"code": "property does not exist"}}
2026-03-05 15:39:43 ERROR root remotelib error:LobbyPanel:4771:{"property": "SetVisible", "value": [true], "qualifier": {"code": "property does not exist"}}
2026-03-05 15:39:43 ERROR root remotelib error:IC144Panel:4772:{"property": "SetVisible", "value": [true], "qualifier": {"code": "property does not exist"}}
2026-03-05 15:39:43 ERROR root remotelib error:BWDPanel:4768:{"property": "SetVisible", "value": [true], "qualifier": {"code": "property does not exist"}}
2026-03-05 15:39:43 ERROR root remotelib error:IC143Panel:14767:{"property": "SetVisible", "value": [false], "qualifier": {"code": "property does not exist"}}
2026-03-05 15:39:43 ERROR root remotelib error:IC142Panel:4756:{"property": "SetVisible", "value": [true], "qualifier": {"code": "property does not exist"}}
2026-03-05 15:39:43 ERROR root remotelib error:HallPanel:4769:{"property": "SetVisible", "value": [true], "qualifier": {"code": "property does not exist"}}
2026-03-05 15:39:43 ERROR root remotelib error:BreakRmPanel:14627:{"property": "SetVisible", "value": [false], "qualifier": {"code": "property does not exist"}}
2026-03-05 15:39:43 ERROR root remotelib error:IC143Panel:14768:{"property": "SetVisible", "value": [false], "qualifier": {"code": "property does not exist"}}
2026-03-05 15:39:43 ERROR root remotelib error:LobbyPanel:4772:{"property": "SetVisible", "value": [true], "qualifier": {"code": "property does not exist"}}
2026-03-05 15:39:43 ERROR root remotelib error:BWDPanel:4769:{"property": "SetVisible", "value": [true], "qualifier": {"code": "property does not exist"}}
2026-03-05 15:39:43 ERROR root remotelib error:IC144Panel:4773:{"property": "SetVisible", "value": [true], "qualifier": {"code": "property does not exist"}}
2026-03-05 15:39:43 ERROR root remotelib error:HallPanel:4770:{"property": "SetVisible", "value": [true], "qualifier": {"code": "property does not exist"}}
2026-03-05 15:39:43 ERROR root remotelib error:IC142Panel:4757:{"property": "SetVisible", "value": [true], "qualifier": {"code": "property does not exist"}}
2026-03-05 15:39:44 ERROR root remotelib error:BreakRmPanel:14628:{"property": "SetVisible", "value": [false], "qualifier": {"code": "property does not exist"}}
2026-03-05 15:39:44 ERROR root remotelib error:IC144Panel:4774:{"property": "SetVisible", "value": [true], "qualifier": {"code": "property does not exist"}}
2026-03-05 15:39:44 ERROR root remotelib error:IC143Panel:14769:{"property": "SetVisible", "value": [false], "qualifier": {"code": "property does not exist"}}
2026-03-05 15:39:44 ERROR root remotelib error:BWDPanel:4770:{"property": "SetVisible", "value": [true], "qualifier": {"code": "property does not exist"}}
2026-03-05 15:39:44 ERROR root remotelib error:IC142Panel:4758:{"property": "SetVisible", "value": [true], "qualifier": {"code": "property does not exist"}}
2026-03-05 15:39:44 ERROR root remotelib error:LobbyPanel:4773:{"property": "SetVisible", "value": [true], "qualifier": {"code": "property does not exist"}}
2026-03-05 15:39:44 ERROR root remotelib error:IC144Panel:4775:{"property": "SetVisible", "value": [true], "qualifier": {"code": "property does not exist"}}
2026-03-05 15:39:44 ERROR root remotelib error:BreakRmPanel:14629:{"property": "SetVisible", "value": [false], "qualifier": {"code": "property does not exist"}}
2026-03-05 15:39:44 ERROR root remotelib error:HallPanel:4771:{"property": "SetVisible", "value": [true], "qualifier": {"code": "property does not exist"}}
2026-03-05 15:39:44 ERROR root remotelib error:IC144Panel:14625:{"property": "SetVisible", "value": [false], "qualifier": {"code": "property does not exist"}}
2026-03-05 15:39:44 ERROR root remotelib error:IC142Panel:4759:{"property": "SetVisible", "value": [true], "qualifier": {"code": "property does not exist"}}
2026-03-05 15:39:44 ERROR root remotelib error:BreakRmPanel:14630:{"property": "SetVisible", "value": [false], "qualifier": {"code": "property does not exist"}}
2026-03-05 15:39:44 ERROR root remotelib error:LobbyPanel:4774:{"property": "SetVisible", "value": [true], "qualifier": {"code": "property does not exist"}}
2026-03-05 15:39:44 ERROR root remotelib error:BWDPanel:4771:{"property": "SetVisible", "value": [true], "qualifier": {"code": "property does not exist"}}
2026-03-05 15:39:44 ERROR root remotelib error:BreakRmPanel:14631:{"property": "SetVisible", "value": [false], "qualifier": {"code": "property does not exist"}}
2026-03-05 15:39:44 ERROR root remotelib error:IC143Panel:14770:{"property": "SetVisible", "value": [false], "qualifier": {"code": "property does not exist"}}
2026-03-05 15:39:44 ERROR root remotelib error:LobbyPanel:4775:{"property": "SetVisible", "value": [true], "qualifier": {"code": "property does not exist"}}
2026-03-05 15:39:44 ERROR root remotelib error:IC142Panel:4760:{"property": "SetVisible", "value": [true], "qualifier": {"code": "property does not exist"}}
2026-03-05 15:39:44 ERROR root remotelib error:HallPanel:4772:{"property": "SetVisible", "value": [true], "qualifier": {"code": "property does not exist"}}
2026-03-05 15:39:44 ERROR root remotelib error:BreakRmPanel:14632:{"property": "SetVisible", "value": [false], "qualifier": {"code": "property does not exist"}}
2026-03-05 15:39:44 ERROR root remotelib error:IC143Panel:14771:{"property": "SetVisible", "value": [false], "qualifier": {"code": "property does not exist"}}
2026-03-05 15:39:44 ERROR root remotelib error:BWDPanel:4772:{"property": "SetVisible", "value": [true], "qualifier": {"code": "property does not exist"}}
2026-03-05 15:39:44 ERROR root remotelib error:HallPanel:4773:{"property": "SetVisible", "value": [true], "qualifier": {"code": "property does not exist"}}
2026-03-05 15:39:44 ERROR root remotelib error:LobbyPanel:14625:{"property": "SetVisible", "value": [false], "qualifier": {"code": "property does not exist"}}
2026-03-05 15:39:44 ERROR root remotelib error:IC142Panel:4761:{"property": "SetVisible", "value": [true], "qualifier": {"code": "property does not exist"}}
2026-03-05 15:39:44 ERROR root remotelib error:IC143Panel:14772:{"property": "SetVisible", "value": [false], "qualifier": {"code": "property does not exist"}}
2026-03-05 15:39:44 ERROR root remotelib error:BreakRmPanel:14601:{"property": "SetVisible", "value": [true], "qualifier": {"code": "property does not exist"}}
2026-03-05 15:39:44 ERROR root remotelib error:BWDPanel:4773:{"property": "SetVisible", "value": [true], "qualifier": {"code": "property does not exist"}}
2026-03-05 15:39:44 ERROR root remotelib error:HallPanel:4774:{"property": "SetVisible", "value": [true], "qualifier": {"code": "property does not exist"}}
2026-03-05 15:39:44 ERROR root remotelib error:IC142Panel:4762:{"property": "SetVisible", "value": [true], "qualifier": {"code": "property does not exist"}}
2026-03-05 15:39:44 ERROR root remotelib error:LobbyPanel:14626:{"property": "SetVisible", "value": [false], "qualifier": {"code": "property does not exist"}}
2026-03-05 15:39:44 ERROR root remotelib error:IC144Panel:14626:{"property": "SetVisible", "value": [false], "qualifier": {"code": "property does not exist"}}
2026-03-05 15:39:44 ERROR root remotelib error:IC143Panel:14773:{"property": "SetVisible", "value": [false], "qualifier": {"code": "property does not exist"}}
2026-03-05 15:39:44 ERROR root remotelib error:BreakRmPanel:14602:{"property": "SetVisible", "value": [true], "qualifier": {"code": "property does not exist"}}
2026-03-05 15:39:44 ERROR root remotelib error:BWDPanel:4774:{"property": "SetVisible", "value": [true], "qualifier": {"code": "property does not exist"}}
2026-03-05 15:39:44 ERROR root remotelib error:IC142Panel:4763:{"property": "SetVisible", "value": [true], "qualifier": {"code": "property does not exist"}}
2026-03-05 15:39:44 ERROR root remotelib error:HallPanel:4775:{"property": "SetVisible", "value": [true], "qualifier": {"code": "property does not exist"}}
2026-03-05 15:39:44 ERROR root remotelib error:LobbyPanel:14627:{"property": "SetVisible", "value": [false], "qualifier": {"code": "property does not exist"}}
2026-03-05 15:39:44 ERROR root remotelib error:IC144Panel:14627:{"property": "SetVisible", "value": [false], "qualifier": {"code": "property does not exist"}}
2026-03-05 15:39:44 ERROR root remotelib error:IC143Panel:14774:{"property": "SetVisible", "value": [false], "qualifier": {"code": "property does not exist"}}
2026-03-05 15:39:44 ERROR root remotelib error:HallPanel:14625:{"property": "SetVisible", "value": [false], "qualifier": {"code": "property does not exist"}}
2026-03-05 15:39:44 ERROR root remotelib error:LobbyPanel:14628:{"property": "SetVisible", "value": [false], "qualifier": {"code": "property does not exist"}}
2026-03-05 15:39:44 ERROR root remotelib error:IC144Panel:14628:{"property": "SetVisible", "value": [false], "qualifier": {"code": "property does not exist"}}
2026-03-05 15:39:44 ERROR root remotelib error:BreakRmPanel:14603:{"property": "SetVisible", "value": [true], "qualifier": {"code": "property does not exist"}}
2026-03-05 15:39:44 ERROR root remotelib error:BWDPanel:4775:{"property": "SetVisible", "value": [true], "qualifier": {"code": "property does not exist"}}
2026-03-05 15:39:44 ERROR root remotelib error:IC142Panel:4764:{"property": "SetVisible", "value": [true], "qualifier": {"code": "property does not exist"}}
2026-03-05 15:39:44 ERROR root remotelib error:IC143Panel:14775:{"property": "SetVisible", "value": [false], "qualifier": {"code": "property does not exist"}}
2026-03-05 15:39:44 ERROR root remotelib error:HallPanel:14626:{"property": "SetVisible", "value": [false], "qualifier": {"code": "property does not exist"}}
2026-03-05 15:39:44 ERROR root remotelib error:LobbyPanel:14629:{"property": "SetVisible", "value": [false], "qualifier": {"code": "property does not exist"}}
2026-03-05 15:39:44 ERROR root remotelib error:IC144Panel:14629:{"property": "SetVisible", "value": [false], "qualifier": {"code": "property does not exist"}}
2026-03-05 15:39:44 ERROR root remotelib error:BreakRmPanel:14604:{"property": "SetVisible", "value": [true], "qualifier": {"code": "property does not exist"}}
2026-03-05 15:39:44 ERROR root remotelib error:BWDPanel:14625:{"property": "SetVisible", "value": [false], "qualifier": {"code": "property does not exist"}}
2026-03-05 15:39:44 ERROR root remotelib error:LobbyPanel:14630:{"property": "SetVisible", "value": [false], "qualifier": {"code": "property does not exist"}}
2026-03-05 15:39:44 ERROR root remotelib error:IC143Panel:14776:{"property": "SetVisible", "value": [false], "qualifier": {"code": "property does not exist"}}
2026-03-05 15:39:44 INFO root Device 22-0 VTLP sync handling ended
2026-03-05 15:39:44 ERROR root remotelib error:HallPanel:14627:{"property": "SetVisible", "value": [false], "qualifier": {"code": "property does not exist"}}
2026-03-05 15:39:44 ERROR root remotelib error:IC142Panel:4765:{"property": "SetVisible", "value": [true], "qualifier": {"code": "property does not exist"}}
2026-03-05 15:39:44 ERROR root remotelib error:IC144Panel:14630:{"property": "SetVisible", "value": [false], "qualifier": {"code": "property does not exist"}}
2026-03-05 15:39:44 ERROR root remotelib error:IC143Panel:14777:{"property": "SetVisible", "value": [false], "qualifier": {"code": "property does not exist"}}
2026-03-05 15:39:44 ERROR root remotelib error:HallPanel:14628:{"property": "SetVisible", "value": [false], "qualifier": {"code": "property does not exist"}}
2026-03-05 15:39:44 ERROR root remotelib error:LobbyPanel:14631:{"property": "SetVisible", "value": [false], "qualifier": {"code": "property does not exist"}}
2026-03-05 15:39:44 ERROR root remotelib error:BreakRmPanel:14605:{"property": "SetVisible", "value": [true], "qualifier": {"code": "property does not exist"}}
2026-03-05 15:39:44 ERROR root remotelib error:IC143Panel:14778:{"property": "SetVisible", "value": [false], "qualifier": {"code": "property does not exist"}}
2026-03-05 15:39:44 ERROR root remotelib error:IC142Panel:4766:{"property": "SetVisible", "value": [true], "qualifier": {"code": "property does not exist"}}
2026-03-05 15:39:44 ERROR root remotelib error:HallPanel:14629:{"property": "SetVisible", "value": [false], "qualifier": {"code": "property does not exist"}}
2026-03-05 15:39:44 ERROR root remotelib error:LobbyPanel:14632:{"property": "SetVisible", "value": [false], "qualifier": {"code": "property does not exist"}}
2026-03-05 15:39:44 ERROR root remotelib error:IC144Panel:14631:{"property": "SetVisible", "value": [false], "qualifier": {"code": "property does not exist"}}
2026-03-05 15:39:44 ERROR root remotelib error:BWDPanel:14626:{"property": "SetVisible", "value": [false], "qualifier": {"code": "property does not exist"}}
2026-03-05 15:39:44 ERROR root remotelib error:IC142Panel:4767:{"property": "SetVisible", "value": [true], "qualifier": {"code": "property does not exist"}}
2026-03-05 15:39:44 ERROR root remotelib error:LobbyPanel:14601:{"property": "SetVisible", "value": [true], "qualifier": {"code": "property does not exist"}}
2026-03-05 15:39:44 ERROR root remotelib error:HallPanel:14630:{"property": "SetVisible", "value": [false], "qualifier": {"code": "property does not exist"}}
2026-03-05 15:39:44 ERROR root remotelib error:IC144Panel:14632:{"property": "SetVisible", "value": [false], "qualifier": {"code": "property does not exist"}}
2026-03-05 15:39:44 ERROR root remotelib error:IC143Panel:14779:{"property": "SetVisible", "value": [false], "qualifier": {"code": "property does not exist"}}
2026-03-05 15:39:44 ERROR root remotelib error:BreakRmPanel:14606:{"property": "SetVisible", "value": [true], "qualifier": {"code": "property does not exist"}}
2026-03-05 15:39:44 ERROR root remotelib error:BWDPanel:14627:{"property": "SetVisible", "value": [false], "qualifier": {"code": "property does not exist"}}
2026-03-05 15:39:44 ERROR root remotelib error:IC142Panel:4768:{"property": "SetVisible", "value": [true], "qualifier": {"code": "property does not exist"}}
2026-03-05 15:39:44 ERROR root remotelib error:LobbyPanel:14602:{"property": "SetVisible", "value": [true], "qualifier": {"code": "property does not exist"}}
2026-03-05 15:39:44 ERROR root remotelib error:BreakRmPanel:14607:{"property": "SetVisible", "value": [true], "qualifier": {"code": "property does not exist"}}
2026-03-05 15:39:44 ERROR root remotelib error:IC144Panel:14601:{"property": "SetVisible", "value": [true], "qualifier": {"code": "property does not exist"}}
2026-03-05 15:39:44 ERROR root remotelib error:IC143Panel:14780:{"property": "SetVisible", "value": [false], "qualifier": {"code": "property does not exist"}}
2026-03-05 15:39:44 ERROR root remotelib error:HallPanel:14631:{"property": "SetVisible", "value": [false], "qualifier": {"code": "property does not exist"}}
2026-03-05 15:39:44 ERROR root remotelib error:BWDPanel:14628:{"property": "SetVisible", "value": [false], "qualifier": {"code": "property does not exist"}}
2026-03-05 15:39:44 ERROR root remotelib error:IC142Panel:4769:{"property": "SetVisible", "value": [true], "qualifier": {"code": "property does not exist"}}
2026-03-05 15:39:44 ERROR root remotelib error:IC143Panel:14781:{"property": "SetVisible", "value": [false], "qualifier": {"code": "property does not exist"}}
2026-03-05 15:39:44 ERROR root remotelib error:BreakRmPanel:14608:{"property": "SetVisible", "value": [true], "qualifier": {"code": "property does not exist"}}
2026-03-05 15:39:44 ERROR root remotelib error:BWDPanel:14629:{"property": "SetVisible", "value": [false], "qualifier": {"code": "property does not exist"}}
2026-03-05 15:39:44 ERROR root remotelib error:LobbyPanel:14603:{"property": "SetVisible", "value": [true], "qualifier": {"code": "property does not exist"}}
2026-03-05 15:39:44 ERROR root remotelib error:IC143Panel:14782:{"property": "SetVisible", "value": [false], "qualifier": {"code": "property does not exist"}}
2026-03-05 15:39:44 ERROR root remotelib error:IC144Panel:14602:{"property": "SetVisible", "value": [true], "qualifier": {"code": "property does not exist"}}
2026-03-05 15:39:44 ERROR root remotelib error:IC142Panel:4770:{"property": "SetVisible", "value": [true], "qualifier": {"code": "property does not exist"}}
2026-03-05 15:39:44 ERROR root remotelib error:LobbyPanel:14604:{"property": "SetVisible", "value": [true], "qualifier": {"code": "property does not exist"}}
2026-03-05 15:39:44 ERROR root remotelib error:BreakRmPanel:14609:{"property": "SetVisible", "value": [true], "qualifier": {"code": "property does not exist"}}
2026-03-05 15:39:44 ERROR root remotelib error:IC144Panel:14603:{"property": "SetVisible", "value": [true], "qualifier": {"code": "property does not exist"}}
2026-03-05 15:39:44 ERROR root remotelib error:HallPanel:14632:{"property": "SetVisible", "value": [false], "qualifier": {"code": "property does not exist"}}
2026-03-05 15:39:44 ERROR root remotelib error:BWDPanel:14630:{"property": "SetVisible", "value": [false], "qualifier": {"code": "property does not exist"}}
2026-03-05 15:39:44 ERROR root remotelib error:IC143Panel:4850:{"property": "SetText", "value": ["None"], "qualifier": {"code": "property does not exist"}}
2026-03-05 15:39:44 ERROR root remotelib error:IC144Panel:14604:{"property": "SetVisible", "value": [true], "qualifier": {"code": "property does not exist"}}
2026-03-05 15:39:44 ERROR root remotelib error:LobbyPanel:14605:{"property": "SetVisible", "value": [true], "qualifier": {"code": "property does not exist"}}
2026-03-05 15:39:44 ERROR root remotelib error:BreakRmPanel:14610:{"property": "SetVisible", "value": [true], "qualifier": {"code": "property does not exist"}}
2026-03-05 15:39:44 ERROR root remotelib error:BWDPanel:14631:{"property": "SetVisible", "value": [false], "qualifier": {"code": "property does not exist"}}
2026-03-05 15:39:44 ERROR root remotelib error:IC144Panel:14605:{"property": "SetVisible", "value": [true], "qualifier": {"code": "property does not exist"}}
2026-03-05 15:39:44 ERROR root remotelib error:IC143Panel:4900:{"property": "SetText", "value": ["None"], "qualifier": {"code": "property does not exist"}}
2026-03-05 15:39:44 ERROR root remotelib error:HallPanel:14601:{"property": "SetVisible", "value": [true], "qualifier": {"code": "property does not exist"}}
2026-03-05 15:39:44 ERROR root remotelib error:IC142Panel:4771:{"property": "SetVisible", "value": [true], "qualifier": {"code": "property does not exist"}}
2026-03-05 15:39:44 ERROR root remotelib error:IC144Panel:14606:{"property": "SetVisible", "value": [true], "qualifier": {"code": "property does not exist"}}
2026-03-05 15:39:44 ERROR root remotelib error:BreakRmPanel:14611:{"property": "SetVisible", "value": [true], "qualifier": {"code": "property does not exist"}}
2026-03-05 15:39:44 ERROR root remotelib error:BWDPanel:14632:{"property": "SetVisible", "value": [false], "qualifier": {"code": "property does not exist"}}
2026-03-05 15:39:44 ERROR root remotelib error:LobbyPanel:14606:{"property": "SetVisible", "value": [true], "qualifier": {"code": "property does not exist"}}
2026-03-05 15:39:44 ERROR root remotelib error:IC142Panel:4772:{"property": "SetVisible", "value": [true], "qualifier": {"code": "property does not exist"}}
2026-03-05 15:39:44 ERROR root remotelib error:IC143Panel:4600:{"property": "SetText", "value": ["None"], "qualifier": {"code": "property does not exist"}}
2026-03-05 15:39:44 ERROR root remotelib error:HallPanel:14602:{"property": "SetVisible", "value": [true], "qualifier": {"code": "property does not exist"}}
2026-03-05 15:39:44 ERROR root remotelib error:IC144Panel:14607:{"property": "SetVisible", "value": [true], "qualifier": {"code": "property does not exist"}}
2026-03-05 15:39:44 ERROR root remotelib error:BreakRmPanel:14612:{"property": "SetVisible", "value": [true], "qualifier": {"code": "property does not exist"}}
2026-03-05 15:39:44 ERROR root remotelib error:BWDPanel:14601:{"property": "SetVisible", "value": [true], "qualifier": {"code": "property does not exist"}}
2026-03-05 15:39:44 ERROR root remotelib error:LobbyPanel:14607:{"property": "SetVisible", "value": [true], "qualifier": {"code": "property does not exist"}}
2026-03-05 15:39:44 ERROR root remotelib error:IC143Panel:4851:{"property": "SetText", "value": ["None"], "qualifier": {"code": "property does not exist"}}
2026-03-05 15:39:44 ERROR root remotelib error:IC142Panel:4773:{"property": "SetVisible", "value": [true], "qualifier": {"code": "property does not exist"}}
2026-03-05 15:39:44 ERROR root remotelib error:HallPanel:14603:{"property": "SetVisible", "value": [true], "qualifier": {"code": "property does not exist"}}
2026-03-05 15:39:44 ERROR root can't start new thread
2026-03-05 15:39:44 ERROR root remotelib error:IC144Panel:14608:{"property": "SetVisible", "value": [true], "qualifier": {"code": "property does not exist"}}
2026-03-05 15:39:45 ERROR root remotelib error:BWDPanel:14602:{"property": "SetVisible", "value": [true], "qualifier": {"code": "property does not exist"}}
2026-03-05 15:39:45 ERROR root remotelib error:LobbyPanel:14608:{"property": "SetVisible", "value": [true], "qualifier": {"code": "property does not exist"}}
2026-03-05 15:39:45 ERROR root remotelib error:IC143Panel:4901:{"property": "SetText", "value": ["None"], "qualifier": {"code": "property does not exist"}}
2026-03-05 15:39:45 ERROR root remotelib error:BreakRmPanel:14614:{"property": "SetVisible", "value": [true], "qualifier": {"code": "property does not exist"}}
2026-03-05 15:39:45 ERROR root remotelib error:HallPanel:14604:{"property": "SetVisible", "value": [true], "qualifier": {"code": "property does not exist"}}
2026-03-05 15:39:45 ERROR root remotelib error:LobbyPanel:14609:{"property": "SetVisible", "value": [true], "qualifier": {"code": "property does not exist"}}
2026-03-05 15:39:45 ERROR root remotelib error:IC142Panel:4774:{"property": "SetVisible", "value": [true], "qualifier": {"code": "property does not exist"}}
2026-03-05 15:39:45 ERROR root remotelib error:BreakRmPanel:14615:{"property": "SetVisible", "value": [true], "qualifier": {"code": "property does not exist"}}
2026-03-05 15:39:45 ERROR root remotelib error:HallPanel:14605:{"property": "SetVisible", "value": [true], "qualifier": {"code": "property does not exist"}}
2026-03-05 15:39:45 ERROR root remotelib error:LobbyPanel:14610:{"property": "SetVisible", "value": [true], "qualifier": {"code": "property does not exist"}}
2026-03-05 15:39:45 ERROR root remotelib error:BWDPanel:14603:{"property": "SetVisible", "value": [true], "qualifier": {"code": "property does not exist"}}
2026-03-05 15:39:45 ERROR root remotelib error:HallPanel:14606:{"property": "SetVisible", "value": [true], "qualifier": {"code": "property does not exist"}}
2026-03-05 15:39:45 ERROR root remotelib error:LobbyPanel:14611:{"property": "SetVisible", "value": [true], "qualifier": {"code": "property does not exist"}}
2026-03-05 15:39:45 ERROR root remotelib error:BreakRmPanel:14616:{"property": "SetVisible", "value": [true], "qualifier": {"code": "property does not exist"}}
2026-03-05 15:39:45 ERROR root remotelib error:IC143Panel:4601:{"property": "SetText", "value": ["None"], "qualifier": {"code": "property does not exist"}}
2026-03-05 15:39:45 ERROR root remotelib error:IC144Panel:14609:{"property": "SetVisible", "value": [true], "qualifier": {"code": "property does not exist"}}
2026-03-05 15:39:45 ERROR root remotelib error:BreakRmPanel:14613:{"property": "SetVisible", "value": [true], "qualifier": {"code": "property does not exist"}}
2026-03-05 15:39:45 ERROR root remotelib error:IC142Panel:4775:{"property": "SetVisible", "value": [true], "qualifier": {"code": "property does not exist"}}
2026-03-05 15:39:45 ERROR root remotelib error:LobbyPanel:14612:{"property": "SetVisible", "value": [true], "qualifier": {"code": "property does not exist"}}
2026-03-05 15:39:45 ERROR root remotelib error:IC144Panel:14610:{"property": "SetVisible", "value": [true], "qualifier": {"code": "property does not exist"}}
2026-03-05 15:39:45 ERROR root remotelib error:HallPanel:14607:{"property": "SetVisible", "value": [true], "qualifier": {"code": "property does not exist"}}
2026-03-05 15:39:45 ERROR root remotelib error:IC142Panel:14625:{"property": "SetVisible", "value": [false], "qualifier": {"code": "property does not exist"}}
2026-03-05 15:39:45 ERROR root remotelib error:BWDPanel:14604:{"property": "SetVisible", "value": [true], "qualifier": {"code": "property does not exist"}}
2026-03-05 15:39:45 ERROR root remotelib error:BreakRmPanel:14617:{"property": "SetVisible", "value": [true], "qualifier": {"code": "property does not exist"}}
2026-03-05 15:39:45 ERROR root remotelib error:HallPanel:14608:{"property": "SetVisible", "value": [true], "qualifier": {"code": "property does not exist"}}
2026-03-05 15:39:45 ERROR root remotelib error:IC143Panel:4852:{"property": "SetText", "value": ["CATV 1"], "qualifier": {"code": "property does not exist"}}
2026-03-05 15:39:45 ERROR root remotelib error:BWDPanel:14605:{"property": "SetVisible", "value": [true], "qualifier": {"code": "property does not exist"}}
2026-03-05 15:39:45 ERROR root remotelib error:IC142Panel:14626:{"property": "SetVisible", "value": [false], "qualifier": {"code": "property does not exist"}}
2026-03-05 15:39:45 ERROR root remotelib error:BreakRmPanel:14618:{"property": "SetVisible", "value": [true], "qualifier": {"code": "property does not exist"}}
2026-03-05 15:39:45 ERROR root remotelib error:IC143Panel:4902:{"property": "SetText", "value": ["CATV 1"], "qualifier": {"code": "property does not exist"}}
2026-03-05 15:39:45 ERROR root remotelib error:HallPanel:14609:{"property": "SetVisible", "value": [true], "qualifier": {"code": "property does not exist"}}
2026-03-05 15:39:45 ERROR root remotelib error:IC142Panel:14627:{"property": "SetVisible", "value": [false], "qualifier": {"code": "property does not exist"}}
2026-03-05 15:39:45 ERROR root remotelib error:BreakRmPanel:14619:{"property": "SetVisible", "value": [true], "qualifier": {"code": "property does not exist"}}
2026-03-05 15:39:45 ERROR root remotelib error:IC143Panel:4602:{"property": "SetText", "value": ["CATV 1"], "qualifier": {"code": "property does not exist"}}
2026-03-05 15:39:45 ERROR root remotelib error:HallPanel:14610:{"property": "SetVisible", "value": [true], "qualifier": {"code": "property does not exist"}}
2026-03-05 15:39:45 ERROR root remotelib error:BWDPanel:14606:{"property": "SetVisible", "value": [true], "qualifier": {"code": "property does not exist"}}
2026-03-05 15:39:45 ERROR root remotelib error:LobbyPanel:14613:{"property": "SetVisible", "value": [true], "qualifier": {"code": "property does not exist"}}
2026-03-05 15:39:45 ERROR root remotelib error:IC144Panel:14611:{"property": "SetVisible", "value": [true], "qualifier": {"code": "property does not exist"}}
2026-03-05 15:39:45 ERROR root remotelib error:IC142Panel:14628:{"property": "SetVisible", "value": [false], "qualifier": {"code": "property does not exist"}}
2026-03-05 15:39:45 ERROR root remotelib error:BreakRmPanel:14620:{"property": "SetVisible", "value": [true], "qualifier": {"code": "property does not exist"}}
2026-03-05 15:39:45 ERROR root remotelib error:LobbyPanel:14614:{"property": "SetVisible", "value": [true], "qualifier": {"code": "property does not exist"}}
2026-03-05 15:39:45 ERROR root remotelib error:HallPanel:14611:{"property": "SetVisible", "value": [true], "qualifier": {"code": "property does not exist"}}
2026-03-05 15:39:45 ERROR root remotelib error:IC142Panel:14629:{"property": "SetVisible", "value": [false], "qualifier": {"code": "property does not exist"}}
2026-03-05 15:39:45 ERROR root remotelib error:BreakRmPanel:14621:{"property": "SetVisible", "value": [true], "qualifier": {"code": "property does not exist"}}
2026-03-05 15:39:45 ERROR root remotelib error:BWDPanel:14607:{"property": "SetVisible", "value": [true], "qualifier": {"code": "property does not exist"}}
2026-03-05 15:39:45 ERROR root remotelib error:HallPanel:14612:{"property": "SetVisible", "value": [true], "qualifier": {"code": "property does not exist"}}
2026-03-05 15:39:45 ERROR root remotelib error:LobbyPanel:14615:{"property": "SetVisible", "value": [true], "qualifier": {"code": "property does not exist"}}
2026-03-05 15:39:45 ERROR root remotelib error:IC142Panel:14630:{"property": "SetVisible", "value": [false], "qualifier": {"code": "property does not exist"}}
2026-03-05 15:39:45 ERROR root remotelib error:IC143Panel:15101:{"property": "SetVisible", "value": [false], "qualifier": {"code": "property does not exist"}}
2026-03-05 15:39:45 ERROR root remotelib error:HallPanel:14613:{"property": "SetVisible", "value": [true], "qualifier": {"code": "property does not exist"}}
2026-03-05 15:39:45 ERROR root remotelib error:IC142Panel:14631:{"property": "SetVisible", "value": [false], "qualifier": {"code": "property does not exist"}}
2026-03-05 15:39:45 ERROR root remotelib error:IC144Panel:14612:{"property": "SetVisible", "value": [true], "qualifier": {"code": "property does not exist"}}
2026-03-05 15:39:45 ERROR root remotelib error:LobbyPanel:14616:{"property": "SetVisible", "value": [true], "qualifier": {"code": "property does not exist"}}
2026-03-05 15:39:45 ERROR root remotelib error:HallPanel:14614:{"property": "SetVisible", "value": [true], "qualifier": {"code": "property does not exist"}}
2026-03-05 15:39:45 ERROR root remotelib error:IC143Panel:14602:{"property": "SetState", "value": [0], "qualifier": {"code": "property does not exist"}}
2026-03-05 15:39:45 ERROR root remotelib error:IC142Panel:14632:{"property": "SetVisible", "value": [false], "qualifier": {"code": "property does not exist"}}
2026-03-05 15:39:45 ERROR root remotelib error:BWDPanel:14608:{"property": "SetVisible", "value": [true], "qualifier": {"code": "property does not exist"}}
2026-03-05 15:39:45 ERROR root remotelib error:BreakRmPanel:14622:{"property": "SetVisible", "value": [true], "qualifier": {"code": "property does not exist"}}
2026-03-05 15:39:45 ERROR root remotelib error:HallPanel:14615:{"property": "SetVisible", "value": [true], "qualifier": {"code": "property does not exist"}}
2026-03-05 15:39:45 ERROR root remotelib error:IC142Panel:14601:{"property": "SetVisible", "value": [true], "qualifier": {"code": "property does not exist"}}
2026-03-05 15:39:45 ERROR root remotelib error:BWDPanel:14609:{"property": "SetVisible", "value": [true], "qualifier": {"code": "property does not exist"}}
2026-03-05 15:39:45 ERROR root remotelib error:IC144Panel:14613:{"property": "SetVisible", "value": [true], "qualifier": {"code": "property does not exist"}}
2026-03-05 15:39:45 ERROR root remotelib error:LobbyPanel:14617:{"property": "SetVisible", "value": [true], "qualifier": {"code": "property does not exist"}}
2026-03-05 15:39:45 ERROR root remotelib error:BreakRmPanel:14623:{"property": "SetVisible", "value": [true], "qualifier": {"code": "property does not exist"}}
2026-03-05 15:39:45 ERROR root remotelib error:HallPanel:14616:{"property": "SetVisible", "value": [true], "qualifier": {"code": "property does not exist"}}
2026-03-05 15:39:45 ERROR root remotelib error:IC143Panel:4752:{"property": "SetText", "value": [""], "qualifier": {"code": "property does not exist"}}
2026-03-05 15:39:45 ERROR root remotelib error:IC142Panel:14602:{"property": "SetVisible", "value": [true], "qualifier": {"code": "property does not exist"}}
2026-03-05 15:39:45 ERROR root remotelib error:IC144Panel:14614:{"property": "SetVisible", "value": [true], "qualifier": {"code": "property does not exist"}}
2026-03-05 15:39:45 ERROR root remotelib error:BWDPanel:14610:{"property": "SetVisible", "value": [true], "qualifier": {"code": "property does not exist"}}
2026-03-05 15:39:45 ERROR root remotelib error:LobbyPanel:14618:{"property": "SetVisible", "value": [true], "qualifier": {"code": "property does not exist"}}
2026-03-05 15:39:45 ERROR root remotelib error:BreakRmPanel:14624:{"property": "SetVisible", "value": [true], "qualifier": {"code": "property does not exist"}}
2026-03-05 15:39:45 ERROR root remotelib error:IC144Panel:14615:{"property": "SetVisible", "value": [true], "qualifier": {"code": "property does not exist"}}
2026-03-05 15:39:45 ERROR root remotelib error:IC142Panel:14603:{"property": "SetVisible", "value": [true], "qualifier": {"code": "property does not exist"}}
2026-03-05 15:39:45 ERROR root remotelib error:HallPanel:14617:{"property": "SetVisible", "value": [true], "qualifier": {"code": "property does not exist"}}
2026-03-05 15:39:45 ERROR root remotelib error:IC143Panel:4853:{"property": "SetText", "value": ["CATV 2"], "qualifier": {"code": "property does not exist"}}
2026-03-05 15:39:45 ERROR root remotelib error:LobbyPanel:14619:{"property": "SetVisible", "value": [true], "qualifier": {"code": "property does not exist"}}
2026-03-05 15:39:45 ERROR root remotelib error:LobbyPanel:14620:{"property": "SetVisible", "value": [true], "qualifier": {"code": "property does not exist"}}
2026-03-05 15:39:45 ERROR root remotelib error:BreakRmPanel:14751:{"property": "SetVisible", "value": [false], "qualifier": {"code": "property does not exist"}}
2026-03-05 15:39:45 ERROR root remotelib error:HallPanel:14618:{"property": "SetVisible", "value": [true], "qualifier": {"code": "property does not exist"}}
2026-03-05 15:39:45 ERROR root remotelib error:BWDPanel:14611:{"property": "SetVisible", "value": [true], "qualifier": {"code": "property does not exist"}}
2026-03-05 15:39:45 ERROR root remotelib error:IC144Panel:14616:{"property": "SetVisible", "value": [true], "qualifier": {"code": "property does not exist"}}
2026-03-05 15:39:45 ERROR root remotelib error:IC142Panel:14604:{"property": "SetVisible", "value": [true], "qualifier": {"code": "property does not exist"}}
2026-03-05 15:39:45 ERROR root remotelib error:IC143Panel:4903:{"property": "SetText", "value": ["CATV 2"], "qualifier": {"code": "property does not exist"}}
2026-03-05 15:39:45 ERROR root remotelib error:BWDPanel:14612:{"property": "SetVisible", "value": [true], "qualifier": {"code": "property does not exist"}}
2026-03-05 15:39:45 ERROR root remotelib error:IC143Panel:4603:{"property": "SetText", "value": ["CATV 2"], "qualifier": {"code": "property does not exist"}}
2026-03-05 15:39:45 ERROR root remotelib error:HallPanel:14619:{"property": "SetVisible", "value": [true], "qualifier": {"code": "property does not exist"}}
2026-03-05 15:39:45 ERROR root remotelib error:IC144Panel:14617:{"property": "SetVisible", "value": [true], "qualifier": {"code": "property does not exist"}}
2026-03-05 15:39:45 ERROR root remotelib error:IC142Panel:14605:{"property": "SetVisible", "value": [true], "qualifier": {"code": "property does not exist"}}
2026-03-05 15:39:45 ERROR root remotelib error:LobbyPanel:14621:{"property": "SetVisible", "value": [true], "qualifier": {"code": "property does not exist"}}
2026-03-05 15:39:45 ERROR root remotelib error:BreakRmPanel:14752:{"property": "SetVisible", "value": [false], "qualifier": {"code": "property does not exist"}}
2026-03-05 15:39:45 ERROR root remotelib error:BWDPanel:14613:{"property": "SetVisible", "value": [true], "qualifier": {"code": "property does not exist"}}
2026-03-05 15:39:45 ERROR root remotelib error:IC143Panel:15102:{"property": "SetVisible", "value": [false], "qualifier": {"code": "property does not exist"}}
2026-03-05 15:39:45 ERROR root remotelib error:HallPanel:14620:{"property": "SetVisible", "value": [true], "qualifier": {"code": "property does not exist"}}
2026-03-05 15:39:45 ERROR root remotelib error:IC144Panel:14618:{"property": "SetVisible", "value": [true], "qualifier": {"code": "property does not exist"}}
2026-03-05 15:39:45 ERROR root remotelib error:BreakRmPanel:14753:{"property": "SetVisible", "value": [false], "qualifier": {"code": "property does not exist"}}
2026-03-05 15:39:45 ERROR root remotelib error:LobbyPanel:14622:{"property": "SetVisible", "value": [true], "qualifier": {"code": "property does not exist"}}
2026-03-05 15:39:45 ERROR root remotelib error:IC142Panel:14606:{"property": "SetVisible", "value": [true], "qualifier": {"code": "property does not exist"}}
2026-03-05 15:39:45 ERROR root remotelib error:BWDPanel:14614:{"property": "SetVisible", "value": [true], "qualifier": {"code": "property does not exist"}}
2026-03-05 15:39:45 ERROR root remotelib error:IC143Panel:14603:{"property": "SetState", "value": [0], "qualifier": {"code": "property does not exist"}}
2026-03-05 15:39:45 ERROR root remotelib error:LobbyPanel:14623:{"property": "SetVisible", "value": [true], "qualifier": {"code": "property does not exist"}}
2026-03-05 15:39:45 ERROR root remotelib error:BreakRmPanel:14754:{"property": "SetVisible", "value": [false], "qualifier": {"code": "property does not exist"}}
2026-03-05 15:39:45 ERROR root remotelib error:IC144Panel:14619:{"property": "SetVisible", "value": [true], "qualifier": {"code": "property does not exist"}}
2026-03-05 15:39:46 ERROR root remotelib error:HallPanel:14621:{"property": "SetVisible", "value": [true], "qualifier": {"code": "property does not exist"}}
2026-03-05 15:39:46 ERROR root remotelib error:BWDPanel:14615:{"property": "SetVisible", "value": [true], "qualifier": {"code": "property does not exist"}}
2026-03-05 15:39:46 ERROR root remotelib error:IC144Panel:14620:{"property": "SetVisible", "value": [true], "qualifier": {"code": "property does not exist"}}
2026-03-05 15:39:46 ERROR root remotelib error:IC142Panel:14607:{"property": "SetVisible", "value": [true], "qualifier": {"code": "property does not exist"}}
2026-03-05 15:39:46 ERROR root remotelib error:BreakRmPanel:14755:{"property": "SetVisible", "value": [false], "qualifier": {"code": "property does not exist"}}
2026-03-05 15:39:46 ERROR root remotelib error:IC143Panel:4753:{"property": "SetText", "value": [""], "qualifier": {"code": "property does not exist"}}
2026-03-05 15:39:46 ERROR root remotelib error:HallPanel:14622:{"property": "SetVisible", "value": [true], "qualifier": {"code": "property does not exist"}}
2026-03-05 15:39:46 ERROR root remotelib error:IC142Panel:14608:{"property": "SetVisible", "value": [true], "qualifier": {"code": "property does not exist"}}
2026-03-05 15:39:46 ERROR root remotelib error:BWDPanel:14616:{"property": "SetVisible", "value": [true], "qualifier": {"code": "property does not exist"}}
2026-03-05 15:39:46 ERROR root remotelib error:LobbyPanel:14624:{"property": "SetVisible", "value": [true], "qualifier": {"code": "property does not exist"}}
2026-03-05 15:39:46 ERROR root remotelib error:IC143Panel:4854:{"property": "SetText", "value": ["CATV 3"], "qualifier": {"code": "property does not exist"}}
2026-03-05 15:39:46 ERROR root remotelib error:IC142Panel:14609:{"property": "SetVisible", "value": [true], "qualifier": {"code": "property does not exist"}}
2026-03-05 15:39:46 ERROR root remotelib error:HallPanel:14623:{"property": "SetVisible", "value": [true], "qualifier": {"code": "property does not exist"}}
2026-03-05 15:39:46 ERROR root remotelib error:IC144Panel:14621:{"property": "SetVisible", "value": [true], "qualifier": {"code": "property does not exist"}}
2026-03-05 15:39:46 ERROR root remotelib error:BWDPanel:14617:{"property": "SetVisible", "value": [true], "qualifier": {"code": "property does not exist"}}
2026-03-05 15:39:46 ERROR root remotelib error:IC143Panel:4904:{"property": "SetText", "value": ["CATV 3"], "qualifier": {"code": "property does not exist"}}
2026-03-05 15:39:46 ERROR root remotelib error:LobbyPanel:14751:{"property": "SetVisible", "value": [false], "qualifier": {"code": "property does not exist"}}
2026-03-05 15:39:46 ERROR root remotelib error:BreakRmPanel:14756:{"property": "SetVisible", "value": [false], "qualifier": {"code": "property does not exist"}}
2026-03-05 15:39:46 ERROR root remotelib error:BWDPanel:14618:{"property": "SetVisible", "value": [true], "qualifier": {"code": "property does not exist"}}
2026-03-05 15:39:46 ERROR root remotelib error:IC143Panel:4604:{"property": "SetText", "value": ["CATV 3"], "qualifier": {"code": "property does not exist"}}
2026-03-05 15:39:46 ERROR root remotelib error:BreakRmPanel:14757:{"property": "SetVisible", "value": [false], "qualifier": {"code": "property does not exist"}}
2026-03-05 15:39:46 ERROR root remotelib error:IC144Panel:14622:{"property": "SetVisible", "value": [true], "qualifier": {"code": "property does not exist"}}
2026-03-05 15:39:46 ERROR root remotelib error:LobbyPanel:14752:{"property": "SetVisible", "value": [false], "qualifier": {"code": "property does not exist"}}
2026-03-05 15:39:46 ERROR root remotelib error:HallPanel:14624:{"property": "SetVisible", "value": [true], "qualifier": {"code": "property does not exist"}}
2026-03-05 15:39:46 ERROR root remotelib error:LobbyPanel:14753:{"property": "SetVisible", "value": [false], "qualifier": {"code": "property does not exist"}}
2026-03-05 15:39:46 ERROR root remotelib error:IC143Panel:15103:{"property": "SetVisible", "value": [false], "qualifier": {"code": "property does not exist"}}
2026-03-05 15:39:46 ERROR root remotelib error:BWDPanel:14619:{"property": "SetVisible", "value": [true], "qualifier": {"code": "property does not exist"}}
2026-03-05 15:39:46 ERROR root remotelib error:IC142Panel:14610:{"property": "SetVisible", "value": [true], "qualifier": {"code": "property does not exist"}}
2026-03-05 15:39:46 ERROR root remotelib error:LobbyPanel:14754:{"property": "SetVisible", "value": [false], "qualifier": {"code": "property does not exist"}}
2026-03-05 15:39:46 ERROR root remotelib error:LobbyPanel:14755:{"property": "SetVisible", "value": [false], "qualifier": {"code": "property does not exist"}}
2026-03-05 15:39:46 ERROR root remotelib error:BWDPanel:14620:{"property": "SetVisible", "value": [true], "qualifier": {"code": "property does not exist"}}
2026-03-05 15:39:46 ERROR root remotelib error:BWDPanel:14621:{"property": "SetVisible", "value": [true], "qualifier": {"code": "property does not exist"}}
2026-03-05 15:39:46 ERROR root remotelib error:IC144Panel:14623:{"property": "SetVisible", "value": [true], "qualifier": {"code": "property does not exist"}}
2026-03-05 15:39:46 ERROR root remotelib error:HallPanel:14751:{"property": "SetVisible", "value": [false], "qualifier": {"code": "property does not exist"}}
2026-03-05 15:39:46 ERROR root remotelib error:IC142Panel:14611:{"property": "SetVisible", "value": [true], "qualifier": {"code": "property does not exist"}}
2026-03-05 15:39:46 ERROR root remotelib error:BWDPanel:14622:{"property": "SetVisible", "value": [true], "qualifier": {"code": "property does not exist"}}
2026-03-05 15:39:46 ERROR root remotelib error:LobbyPanel:14756:{"property": "SetVisible", "value": [false], "qualifier": {"code": "property does not exist"}}
2026-03-05 15:39:46 ERROR root remotelib error:BreakRmPanel:14758:{"property": "SetVisible", "value": [false], "qualifier": {"code": "property does not exist"}}
2026-03-05 15:39:46 ERROR root remotelib error:IC143Panel:14604:{"property": "SetState", "value": [0], "qualifier": {"code": "property does not exist"}}
2026-03-05 15:39:46 ERROR root remotelib error:IC144Panel:14624:{"property": "SetVisible", "value": [true], "qualifier": {"code": "property does not exist"}}
2026-03-05 15:39:46 ERROR root remotelib error:HallPanel:14752:{"property": "SetVisible", "value": [false], "qualifier": {"code": "property does not exist"}}
2026-03-05 15:39:46 ERROR root remotelib error:IC142Panel:14612:{"property": "SetVisible", "value": [true], "qualifier": {"code": "property does not exist"}}
2026-03-05 15:39:46 ERROR root remotelib error:BWDPanel:14623:{"property": "SetVisible", "value": [true], "qualifier": {"code": "property does not exist"}}
2026-03-05 15:39:46 ERROR root remotelib error:IC144Panel:14751:{"property": "SetVisible", "value": [false], "qualifier": {"code": "property does not exist"}}
2026-03-05 15:39:46 ERROR root remotelib error:BreakRmPanel:14759:{"property": "SetVisible", "value": [false], "qualifier": {"code": "property does not exist"}}
2026-03-05 15:39:46 ERROR root remotelib error:LobbyPanel:14757:{"property": "SetVisible", "value": [false], "qualifier": {"code": "property does not exist"}}
2026-03-05 15:39:46 ERROR root remotelib error:HallPanel:14753:{"property": "SetVisible", "value": [false], "qualifier": {"code": "property does not exist"}}
2026-03-05 15:39:46 ERROR root remotelib error:IC142Panel:14613:{"property": "SetVisible", "value": [true], "qualifier": {"code": "property does not exist"}}
2026-03-05 15:39:46 ERROR root remotelib error:IC143Panel:4754:{"property": "SetText", "value": [""], "qualifier": {"code": "property does not exist"}}
2026-03-05 15:39:46 ERROR root remotelib error:IC144Panel:14752:{"property": "SetVisible", "value": [false], "qualifier": {"code": "property does not exist"}}
2026-03-05 15:39:46 ERROR root remotelib error:HallPanel:14754:{"property": "SetVisible", "value": [false], "qualifier": {"code": "property does not exist"}}
2026-03-05 15:39:46 ERROR root remotelib error:IC143Panel:4855:{"property": "SetText", "value": ["CATV 4"], "qualifier": {"code": "property does not exist"}}
2026-03-05 15:39:46 ERROR root remotelib error:BreakRmPanel:14760:{"property": "SetVisible", "value": [false], "qualifier": {"code": "property does not exist"}}
2026-03-05 15:39:46 ERROR root remotelib error:HallPanel:14755:{"property": "SetVisible", "value": [false], "qualifier": {"code": "property does not exist"}}
2026-03-05 15:39:46 ERROR root remotelib error:BWDPanel:14624:{"property": "SetVisible", "value": [true], "qualifier": {"code": "property does not exist"}}
2026-03-05 15:39:46 ERROR root remotelib error:BWDPanel:14751:{"property": "SetVisible", "value": [false], "qualifier": {"code": "property does not exist"}}
2026-03-05 15:39:46 ERROR root remotelib error:IC143Panel:4905:{"property": "SetText", "value": ["CATV 4"], "qualifier": {"code": "property does not exist"}}
2026-03-05 15:39:46 ERROR root remotelib error:IC142Panel:14614:{"property": "SetVisible", "value": [true], "qualifier": {"code": "property does not exist"}}
2026-03-05 15:39:46 ERROR root remotelib error:LobbyPanel:14758:{"property": "SetVisible", "value": [false], "qualifier": {"code": "property does not exist"}}
2026-03-05 15:39:46 ERROR root remotelib error:HallPanel:14756:{"property": "SetVisible", "value": [false], "qualifier": {"code": "property does not exist"}}
2026-03-05 15:39:46 ERROR root remotelib error:BreakRmPanel:14761:{"property": "SetVisible", "value": [false], "qualifier": {"code": "property does not exist"}}
2026-03-05 15:39:46 ERROR root remotelib error:IC143Panel:4605:{"property": "SetText", "value": ["CATV 4"], "qualifier": {"code": "property does not exist"}}
2026-03-05 15:39:46 ERROR root remotelib error:LobbyPanel:14759:{"property": "SetVisible", "value": [false], "qualifier": {"code": "property does not exist"}}
2026-03-05 15:39:46 ERROR root remotelib error:IC144Panel:14753:{"property": "SetVisible", "value": [false], "qualifier": {"code": "property does not exist"}}
2026-03-05 15:39:46 ERROR root remotelib error:BreakRmPanel:14762:{"property": "SetVisible", "value": [false], "qualifier": {"code": "property does not exist"}}
2026-03-05 15:39:46 ERROR root remotelib error:LobbyPanel:14760:{"property": "SetVisible", "value": [false], "qualifier": {"code": "property does not exist"}}
2026-03-05 15:39:46 ERROR root remotelib error:BWDPanel:14752:{"property": "SetVisible", "value": [false], "qualifier": {"code": "property does not exist"}}
2026-03-05 15:39:46 ERROR root remotelib error:IC142Panel:14615:{"property": "SetVisible", "value": [true], "qualifier": {"code": "property does not exist"}}
2026-03-05 15:39:46 ERROR root remotelib error:IC143Panel:15104:{"property": "SetVisible", "value": [false], "qualifier": {"code": "property does not exist"}}
2026-03-05 15:39:46 ERROR root remotelib error:BreakRmPanel:14763:{"property": "SetVisible", "value": [false], "qualifier": {"code": "property does not exist"}}
2026-03-05 15:39:46 ERROR root remotelib error:LobbyPanel:14761:{"property": "SetVisible", "value": [false], "qualifier": {"code": "property does not exist"}}
2026-03-05 15:39:46 ERROR root remotelib error:HallPanel:14757:{"property": "SetVisible", "value": [false], "qualifier": {"code": "property does not exist"}}
2026-03-05 15:39:46 ERROR root remotelib error:IC143Panel:14605:{"property": "SetState", "value": [0], "qualifier": {"code": "property does not exist"}}
2026-03-05 15:39:46 ERROR root remotelib error:IC144Panel:14754:{"property": "SetVisible", "value": [false], "qualifier": {"code": "property does not exist"}}
2026-03-05 15:39:46 ERROR root remotelib error:LobbyPanel:14762:{"property": "SetVisible", "value": [false], "qualifier": {"code": "property does not exist"}}
2026-03-05 15:39:46 ERROR root remotelib error:HallPanel:14758:{"property": "SetVisible", "value": [false], "qualifier": {"code": "property does not exist"}}
2026-03-05 15:39:46 ERROR root remotelib error:HallPanel:14759:{"property": "SetVisible", "value": [false], "qualifier": {"code": "property does not exist"}}
2026-03-05 15:39:46 ERROR root remotelib error:BreakRmPanel:14764:{"property": "SetVisible", "value": [false], "qualifier": {"code": "property does not exist"}}
2026-03-05 15:39:46 ERROR root remotelib error:IC143Panel:4755:{"property": "SetText", "value": [""], "qualifier": {"code": "property does not exist"}}
2026-03-05 15:39:46 ERROR root remotelib error:BWDPanel:14753:{"property": "SetVisible", "value": [false], "qualifier": {"code": "property does not exist"}}
2026-03-05 15:39:46 ERROR root SerialInterface spd1:COM1SendAndWait: Port COM1 not open
2026-03-05 15:39:46 ERROR root remotelib error:BreakRmPanel:14765:{"property": "SetVisible", "value": [false], "qualifier": {"code": "property does not exist"}}
2026-03-05 15:39:46 ERROR root remotelib error:HallPanel:14760:{"property": "SetVisible", "value": [false], "qualifier": {"code": "property does not exist"}}
2026-03-05 15:39:46 ERROR root remotelib error:IC143Panel:4856:{"property": "SetText", "value": ["CATV 5"], "qualifier": {"code": "property does not exist"}}
2026-03-05 15:39:46 ERROR root remotelib error:BWDPanel:14754:{"property": "SetVisible", "value": [false], "qualifier": {"code": "property does not exist"}}
2026-03-05 15:39:46 ERROR root remotelib error:LobbyPanel:14763:{"property": "SetVisible", "value": [false], "qualifier": {"code": "property does not exist"}}
2026-03-05 15:39:46 ERROR root remotelib error:HallPanel:14761:{"property": "SetVisible", "value": [false], "qualifier": {"code": "property does not exist"}}
2026-03-05 15:39:46 ERROR root remotelib error:IC144Panel:14755:{"property": "SetVisible", "value": [false], "qualifier": {"code": "property does not exist"}}
2026-03-05 15:39:46 ERROR root remotelib error:IC143Panel:4906:{"property": "SetText", "value": ["CATV 5"], "qualifier": {"code": "property does not exist"}}
2026-03-05 15:39:46 ERROR root remotelib error:BWDPanel:14755:{"property": "SetVisible", "value": [false], "qualifier": {"code": "property does not exist"}}
2026-03-05 15:39:46 ERROR root remotelib error:LobbyPanel:14764:{"property": "SetVisible", "value": [false], "qualifier": {"code": "property does not exist"}}
2026-03-05 15:39:46 ERROR root remotelib error:BreakRmPanel:14766:{"property": "SetVisible", "value": [false], "qualifier": {"code": "property does not exist"}}
2026-03-05 15:39:46 ERROR root remotelib error:IC142Panel:14616:{"property": "SetVisible", "value": [true], "qualifier": {"code": "property does not exist"}}
2026-03-05 15:39:46 ERROR root remotelib error:LobbyPanel:14765:{"property": "SetVisible", "value": [false], "qualifier": {"code": "property does not exist"}}
2026-03-05 15:39:46 ERROR root remotelib error:HallPanel:14762:{"property": "SetVisible", "value": [false], "qualifier": {"code": "property does not exist"}}
2026-03-05 15:39:46 ERROR root remotelib error:IC143Panel:4606:{"property": "SetText", "value": ["CATV 5"], "qualifier": {"code": "property does not exist"}}
2026-03-05 15:39:46 ERROR root remotelib error:BWDPanel:14756:{"property": "SetVisible", "value": [false], "qualifier": {"code": "property does not exist"}}
2026-03-05 15:39:46 ERROR root remotelib error:HallPanel:14763:{"property": "SetVisible", "value": [false], "qualifier": {"code": "property does not exist"}}
2026-03-05 15:39:46 ERROR root remotelib error:HallPanel:14764:{"property": "SetVisible", "value": [false], "qualifier": {"code": "property does not exist"}}
2026-03-05 15:39:46 ERROR root remotelib error:BreakRmPanel:14767:{"property": "SetVisible", "value": [false], "qualifier": {"code": "property does not exist"}}
2026-03-05 15:39:46 ERROR root remotelib error:BWDPanel:14757:{"property": "SetVisible", "value": [false], "qualifier": {"code": "property does not exist"}}
2026-03-05 15:39:46 ERROR root remotelib error:IC142Panel:14617:{"property": "SetVisible", "value": [true], "qualifier": {"code": "property does not exist"}}
2026-03-05 15:39:46 ERROR root remotelib error:IC143Panel:15105:{"property": "SetVisible", "value": [false], "qualifier": {"code": "property does not exist"}}
2026-03-05 15:39:46 ERROR root remotelib error:BreakRmPanel:14768:{"property": "SetVisible", "value": [false], "qualifier": {"code": "property does not exist"}}
2026-03-05 15:39:46 ERROR root remotelib error:BWDPanel:14758:{"property": "SetVisible", "value": [false], "qualifier": {"code": "property does not exist"}}
2026-03-05 15:39:46 ERROR root remotelib error:HallPanel:14765:{"property": "SetVisible", "value": [false], "qualifier": {"code": "property does not exist"}}
2026-03-05 15:39:46 ERROR root remotelib error:IC144Panel:14756:{"property": "SetVisible", "value": [false], "qualifier": {"code": "property does not exist"}}
2026-03-05 15:39:46 ERROR root remotelib error:IC143Panel:14606:{"property": "SetState", "value": [0], "qualifier": {"code": "property does not exist"}}
2026-03-05 15:39:46 ERROR root remotelib error:LobbyPanel:14766:{"property": "SetVisible", "value": [false], "qualifier": {"code": "property does not exist"}}
2026-03-05 15:39:46 ERROR root remotelib error:IC142Panel:14618:{"property": "SetVisible", "value": [true], "qualifier": {"code": "property does not exist"}}
2026-03-05 15:39:46 ERROR root remotelib error:BWDPanel:14759:{"property": "SetVisible", "value": [false], "qualifier": {"code": "property does not exist"}}
2026-03-05 15:39:46 ERROR root remotelib error:IC144Panel:14757:{"property": "SetVisible", "value": [false], "qualifier": {"code": "property does not exist"}}
2026-03-05 15:39:46 ERROR root remotelib error:HallPanel:14766:{"property": "SetVisible", "value": [false], "qualifier": {"code": "property does not exist"}}
2026-03-05 15:39:46 ERROR root remotelib error:BreakRmPanel:14769:{"property": "SetVisible", "value": [false], "qualifier": {"code": "property does not exist"}}
2026-03-05 15:39:46 ERROR root remotelib error:HallPanel:14767:{"property": "SetVisible", "value": [false], "qualifier": {"code": "property does not exist"}}
2026-03-05 15:39:46 ERROR root remotelib error:BWDPanel:14760:{"property": "SetVisible", "value": [false], "qualifier": {"code": "property does not exist"}}
2026-03-05 15:39:46 ERROR root remotelib error:BreakRmPanel:14770:{"property": "SetVisible", "value": [false], "qualifier": {"code": "property does not exist"}}
2026-03-05 15:39:46 ERROR root remotelib error:IC143Panel:4756:{"property": "SetText", "value": [""], "qualifier": {"code": "property does not exist"}}
2026-03-05 15:39:46 ERROR root remotelib error:IC142Panel:14619:{"property": "SetVisible", "value": [true], "qualifier": {"code": "property does not exist"}}
2026-03-05 15:39:46 ERROR root remotelib error:BWDPanel:14761:{"property": "SetVisible", "value": [false], "qualifier": {"code": "property does not exist"}}
2026-03-05 15:39:46 ERROR root remotelib error:LobbyPanel:14767:{"property": "SetVisible", "value": [false], "qualifier": {"code": "property does not exist"}}
2026-03-05 15:39:46 ERROR root remotelib error:IC144Panel:14758:{"property": "SetVisible", "value": [false], "qualifier": {"code": "property does not exist"}}
2026-03-05 15:39:46 ERROR root remotelib error:HallPanel:14768:{"property": "SetVisible", "value": [false], "qualifier": {"code": "property does not exist"}}
2026-03-05 15:39:46 ERROR root remotelib error:BreakRmPanel:14771:{"property": "SetVisible", "value": [false], "qualifier": {"code": "property does not exist"}}
2026-03-05 15:39:46 ERROR root remotelib error:IC143Panel:4857:{"property": "SetText", "value": ["CATV 6"], "qualifier": {"code": "property does not exist"}}
2026-03-05 15:39:46 ERROR root remotelib error:LobbyPanel:14768:{"property": "SetVisible", "value": [false], "qualifier": {"code": "property does not exist"}}
2026-03-05 15:39:46 ERROR root remotelib error:IC144Panel:14759:{"property": "SetVisible", "value": [false], "qualifier": {"code": "property does not exist"}}
2026-03-05 15:39:46 ERROR root remotelib error:BreakRmPanel:14772:{"property": "SetVisible", "value": [false], "qualifier": {"code": "property does not exist"}}
2026-03-05 15:39:46 ERROR root remotelib error:IC142Panel:14620:{"property": "SetVisible", "value": [true], "qualifier": {"code": "property does not exist"}}
2026-03-05 15:39:46 ERROR root remotelib error:HallPanel:14769:{"property": "SetVisible", "value": [false], "qualifier": {"code": "property does not exist"}}
2026-03-05 15:39:46 ERROR root remotelib error:BWDPanel:14762:{"property": "SetVisible", "value": [false], "qualifier": {"code": "property does not exist"}}
2026-03-05 15:39:46 ERROR root remotelib error:IC143Panel:4907:{"property": "SetText", "value": ["CATV 6"], "qualifier": {"code": "property does not exist"}}
2026-03-05 15:39:46 ERROR root SerialInterface spd2:COM1SendAndWait: Port COM1 not open
2026-03-05 15:39:47 ERROR root remotelib error:LobbyPanel:14769:{"property": "SetVisible", "value": [false], "qualifier": {"code": "property does not exist"}}
2026-03-05 15:39:47 ERROR root remotelib error:BWDPanel:14763:{"property": "SetVisible", "value": [false], "qualifier": {"code": "property does not exist"}}
2026-03-05 15:39:47 ERROR root remotelib error:HallPanel:14770:{"property": "SetVisible", "value": [false], "qualifier": {"code": "property does not exist"}}
2026-03-05 15:39:47 ERROR root remotelib error:IC144Panel:14760:{"property": "SetVisible", "value": [false], "qualifier": {"code": "property does not exist"}}
2026-03-05 15:39:47 ERROR root remotelib error:BreakRmPanel:14773:{"property": "SetVisible", "value": [false], "qualifier": {"code": "property does not exist"}}
2026-03-05 15:39:47 ERROR root remotelib error:IC143Panel:4607:{"property": "SetText", "value": ["CATV 6"], "qualifier": {"code": "property does not exist"}}
2026-03-05 15:39:47 ERROR root SerialInterface spd6:COM1SendAndWait: Port COM1 not open
2026-03-05 15:39:47 ERROR root remotelib error:LobbyPanel:14770:{"property": "SetVisible", "value": [false], "qualifier": {"code": "property does not exist"}}
2026-03-05 15:39:47 ERROR root SerialInterface spd4:COM1SendAndWait: Port COM1 not open
2026-03-05 15:39:47 ERROR root remotelib error:BWDPanel:14764:{"property": "SetVisible", "value": [false], "qualifier": {"code": "property does not exist"}}
2026-03-05 15:39:47 ERROR root remotelib error:IC143Panel:15106:{"property": "SetVisible", "value": [false], "qualifier": {"code": "property does not exist"}}
2026-03-05 15:39:47 ERROR root remotelib error:IC142Panel:14621:{"property": "SetVisible", "value": [true], "qualifier": {"code": "property does not exist"}}
2026-03-05 15:39:47 ERROR root remotelib error:BreakRmPanel:14774:{"property": "SetVisible", "value": [false], "qualifier": {"code": "property does not exist"}}
2026-03-05 15:39:47 ERROR root remotelib error:LobbyPanel:14771:{"property": "SetVisible", "value": [false], "qualifier": {"code": "property does not exist"}}
2026-03-05 15:39:47 ERROR root remotelib error:IC144Panel:14761:{"property": "SetVisible", "value": [false], "qualifier": {"code": "property does not exist"}}
2026-03-05 15:39:47 ERROR root remotelib error:BreakRmPanel:14775:{"property": "SetVisible", "value": [false], "qualifier": {"code": "property does not exist"}}
2026-03-05 15:39:47 ERROR root remotelib error:IC142Panel:14622:{"property": "SetVisible", "value": [true], "qualifier": {"code": "property does not exist"}}
2026-03-05 15:39:47 ERROR root remotelib error:IC143Panel:14607:{"property": "SetState", "value": [0], "qualifier": {"code": "property does not exist"}}
2026-03-05 15:39:47 ERROR root remotelib error:LobbyPanel:14772:{"property": "SetVisible", "value": [false], "qualifier": {"code": "property does not exist"}}
2026-03-05 15:39:47 ERROR root remotelib error:IC144Panel:14762:{"property": "SetVisible", "value": [false], "qualifier": {"code": "property does not exist"}}
2026-03-05 15:39:47 ERROR root remotelib error:IC142Panel:14623:{"property": "SetVisible", "value": [true], "qualifier": {"code": "property does not exist"}}
2026-03-05 15:39:47 ERROR root remotelib error:HallPanel:14771:{"property": "SetVisible", "value": [false], "qualifier": {"code": "property does not exist"}}
2026-03-05 15:39:47 ERROR root SerialInterface spd5:COM1SendAndWait: Port COM1 not open
2026-03-05 15:39:47 ERROR root remotelib error:IC144Panel:14763:{"property": "SetVisible", "value": [false], "qualifier": {"code": "property does not exist"}}
2026-03-05 15:39:47 ERROR root remotelib error:BreakRmPanel:14776:{"property": "SetVisible", "value": [false], "qualifier": {"code": "property does not exist"}}
2026-03-05 15:39:47 ERROR root remotelib error:BWDPanel:14765:{"property": "SetVisible", "value": [false], "qualifier": {"code": "property does not exist"}}
2026-03-05 15:39:47 ERROR root remotelib error:IC143Panel:4757:{"property": "SetText", "value": [""], "qualifier": {"code": "property does not exist"}}
2026-03-05 15:39:47 ERROR root SerialInterface spd3:COM1SendAndWait: Port COM1 not open
2026-03-05 15:39:47 ERROR root remotelib error:IC144Panel:14764:{"property": "SetVisible", "value": [false], "qualifier": {"code": "property does not exist"}}
2026-03-05 15:39:47 ERROR root remotelib error:BreakRmPanel:14777:{"property": "SetVisible", "value": [false], "qualifier": {"code": "property does not exist"}}
2026-03-05 15:39:47 ERROR root remotelib error:BWDPanel:14766:{"property": "SetVisible", "value": [false], "qualifier": {"code": "property does not exist"}}
2026-03-05 15:39:47 ERROR root remotelib error:IC143Panel:4858:{"property": "SetText", "value": ["None"], "qualifier": {"code": "property does not exist"}}
2026-03-05 15:39:47 ERROR root remotelib error:LobbyPanel:14773:{"property": "SetVisible", "value": [false], "qualifier": {"code": "property does not exist"}}
2026-03-05 15:39:47 ERROR root remotelib error:BreakRmPanel:14778:{"property": "SetVisible", "value": [false], "qualifier": {"code": "property does not exist"}}
2026-03-05 15:39:47 ERROR root remotelib error:HallPanel:14772:{"property": "SetVisible", "value": [false], "qualifier": {"code": "property does not exist"}}
2026-03-05 15:39:47 ERROR root remotelib error:BWDPanel:14767:{"property": "SetVisible", "value": [false], "qualifier": {"code": "property does not exist"}}
2026-03-05 15:39:47 ERROR root remotelib error:IC142Panel:14624:{"property": "SetVisible", "value": [true], "qualifier": {"code": "property does not exist"}}
2026-03-05 15:39:47 ERROR root remotelib error:BreakRmPanel:14779:{"property": "SetVisible", "value": [false], "qualifier": {"code": "property does not exist"}}
2026-03-05 15:39:47 ERROR root remotelib error:IC143Panel:4908:{"property": "SetText", "value": ["None"], "qualifier": {"code": "property does not exist"}}
2026-03-05 15:39:47 ERROR root remotelib error:BWDPanel:14768:{"property": "SetVisible", "value": [false], "qualifier": {"code": "property does not exist"}}
2026-03-05 15:39:47 ERROR root remotelib error:IC144Panel:14765:{"property": "SetVisible", "value": [false], "qualifier": {"code": "property does not exist"}}
2026-03-05 15:39:47 ERROR root remotelib error:HallPanel:14773:{"property": "SetVisible", "value": [false], "qualifier": {"code": "property does not exist"}}
2026-03-05 15:39:47 ERROR root remotelib error:IC143Panel:4608:{"property": "SetText", "value": ["None"], "qualifier": {"code": "property does not exist"}}
2026-03-05 15:39:47 ERROR root remotelib error:IC144Panel:14766:{"property": "SetVisible", "value": [false], "qualifier": {"code": "property does not exist"}}
2026-03-05 15:39:47 ERROR root remotelib error:LobbyPanel:14774:{"property": "SetVisible", "value": [false], "qualifier": {"code": "property does not exist"}}
2026-03-05 15:39:47 ERROR root remotelib error:BreakRmPanel:14780:{"property": "SetVisible", "value": [false], "qualifier": {"code": "property does not exist"}}
2026-03-05 15:39:47 ERROR root remotelib error:BWDPanel:14769:{"property": "SetVisible", "value": [false], "qualifier": {"code": "property does not exist"}}
2026-03-05 15:39:47 ERROR root remotelib error:IC142Panel:14751:{"property": "SetVisible", "value": [false], "qualifier": {"code": "property does not exist"}}
2026-03-05 15:39:47 ERROR root remotelib error:LobbyPanel:14775:{"property": "SetVisible", "value": [false], "qualifier": {"code": "property does not exist"}}
2026-03-05 15:39:47 ERROR root remotelib error:IC143Panel:15107:{"property": "SetVisible", "value": [false], "qualifier": {"code": "property does not exist"}}
2026-03-05 15:39:47 ERROR root remotelib error:BWDPanel:14770:{"property": "SetVisible", "value": [false], "qualifier": {"code": "property does not exist"}}
2026-03-05 15:39:47 ERROR root remotelib error:BreakRmPanel:14781:{"property": "SetVisible", "value": [false], "qualifier": {"code": "property does not exist"}}
2026-03-05 15:39:47 ERROR root remotelib error:IC142Panel:14752:{"property": "SetVisible", "value": [false], "qualifier": {"code": "property does not exist"}}
2026-03-05 15:39:47 ERROR root remotelib error:HallPanel:14774:{"property": "SetVisible", "value": [false], "qualifier": {"code": "property does not exist"}}
2026-03-05 15:39:47 ERROR root remotelib error:LobbyPanel:14776:{"property": "SetVisible", "value": [false], "qualifier": {"code": "property does not exist"}}
2026-03-05 15:39:47 ERROR root remotelib error:IC144Panel:14767:{"property": "SetVisible", "value": [false], "qualifier": {"code": "property does not exist"}}
2026-03-05 15:39:47 ERROR root remotelib error:IC143Panel:14608:{"property": "SetState", "value": [0], "qualifier": {"code": "property does not exist"}}
2026-03-05 15:39:47 ERROR root remotelib error:BWDPanel:14771:{"property": "SetVisible", "value": [false], "qualifier": {"code": "property does not exist"}}
2026-03-05 15:39:47 ERROR root remotelib error:IC144Panel:14768:{"property": "SetVisible", "value": [false], "qualifier": {"code": "property does not exist"}}
2026-03-05 15:39:47 ERROR root remotelib error:BreakRmPanel:14782:{"property": "SetVisible", "value": [false], "qualifier": {"code": "property does not exist"}}
2026-03-05 15:39:47 ERROR root remotelib error:IC142Panel:14753:{"property": "SetVisible", "value": [false], "qualifier": {"code": "property does not exist"}}
2026-03-05 15:39:47 ERROR root remotelib error:LobbyPanel:14777:{"property": "SetVisible", "value": [false], "qualifier": {"code": "property does not exist"}}
2026-03-05 15:39:47 ERROR root remotelib error:IC142Panel:14754:{"property": "SetVisible", "value": [false], "qualifier": {"code": "property does not exist"}}
2026-03-05 15:39:47 ERROR root remotelib error:HallPanel:14775:{"property": "SetVisible", "value": [false], "qualifier": {"code": "property does not exist"}}
2026-03-05 15:39:47 ERROR root remotelib error:IC143Panel:4758:{"property": "SetText", "value": [""], "qualifier": {"code": "property does not exist"}}
2026-03-05 15:39:47 ERROR root remotelib error:BreakRmPanel:4850:{"property": "SetText", "value": ["None"], "qualifier": {"code": "property does not exist"}}
2026-03-05 15:39:47 ERROR root remotelib error:BWDPanel:14772:{"property": "SetVisible", "value": [false], "qualifier": {"code": "property does not exist"}}
2026-03-05 15:39:47 ERROR root remotelib error:IC144Panel:14769:{"property": "SetVisible", "value": [false], "qualifier": {"code": "property does not exist"}}
2026-03-05 15:39:47 ERROR root remotelib error:IC142Panel:14755:{"property": "SetVisible", "value": [false], "qualifier": {"code": "property does not exist"}}
2026-03-05 15:39:47 ERROR root remotelib error:BreakRmPanel:4900:{"property": "SetText", "value": ["None"], "qualifier": {"code": "property does not exist"}}
2026-03-05 15:39:47 ERROR root can't start new thread
2026-03-05 15:39:47 ERROR root remotelib error:LobbyPanel:14778:{"property": "SetVisible", "value": [false], "qualifier": {"code": "property does not exist"}}
2026-03-05 15:39:47 ERROR root remotelib error:IC143Panel:4859:{"property": "SetText", "value": ["None"], "qualifier": {"code": "property does not exist"}}
2026-03-05 15:39:47 ERROR root remotelib error:BWDPanel:14773:{"property": "SetVisible", "value": [false], "qualifier": {"code": "property does not exist"}}
2026-03-05 15:39:47 ERROR root remotelib error:LobbyPanel:14779:{"property": "SetVisible", "value": [false], "qualifier": {"code": "property does not exist"}}
2026-03-05 15:39:47 ERROR root remotelib error:IC143Panel:4909:{"property": "SetText", "value": ["None"], "qualifier": {"code": "property does not exist"}}
2026-03-05 15:39:47 ERROR root remotelib error:BreakRmPanel:4600:{"property": "SetText", "value": ["None"], "qualifier": {"code": "property does not exist"}}
2026-03-05 15:39:47 ERROR root remotelib error:BWDPanel:14774:{"property": "SetVisible", "value": [false], "qualifier": {"code": "property does not exist"}}
2026-03-05 15:39:47 ERROR root remotelib error:BWDPanel:14775:{"property": "SetVisible", "value": [false], "qualifier": {"code": "property does not exist"}}
2026-03-05 15:39:47 ERROR root remotelib error:LobbyPanel:14780:{"property": "SetVisible", "value": [false], "qualifier": {"code": "property does not exist"}}
2026-03-05 15:39:47 ERROR root remotelib error:IC142Panel:14756:{"property": "SetVisible", "value": [false], "qualifier": {"code": "property does not exist"}}
2026-03-05 15:39:47 ERROR root remotelib error:BreakRmPanel:4851:{"property": "SetText", "value": ["None"], "qualifier": {"code": "property does not exist"}}
2026-03-05 15:39:47 ERROR root remotelib error:BWDPanel:14776:{"property": "SetVisible", "value": [false], "qualifier": {"code": "property does not exist"}}
2026-03-05 15:39:47 ERROR root remotelib error:HallPanel:14777:{"property": "SetVisible", "value": [false], "qualifier": {"code": "property does not exist"}}
2026-03-05 15:39:47 ERROR root remotelib error:LobbyPanel:14781:{"property": "SetVisible", "value": [false], "qualifier": {"code": "property does not exist"}}
2026-03-05 15:39:47 ERROR root remotelib error:IC144Panel:14770:{"property": "SetVisible", "value": [false], "qualifier": {"code": "property does not exist"}}
2026-03-05 15:39:47 ERROR root remotelib error:BWDPanel:14777:{"property": "SetVisible", "value": [false], "qualifier": {"code": "property does not exist"}}
2026-03-05 15:39:47 ERROR root remotelib error:BreakRmPanel:4901:{"property": "SetText", "value": ["None"], "qualifier": {"code": "property does not exist"}}
2026-03-05 15:39:47 ERROR root remotelib error:IC142Panel:14757:{"property": "SetVisible", "value": [false], "qualifier": {"code": "property does not exist"}}
2026-03-05 15:39:47 ERROR root remotelib error:IC144Panel:14771:{"property": "SetVisible", "value": [false], "qualifier": {"code": "property does not exist"}}
2026-03-05 15:39:47 ERROR root remotelib error:LobbyPanel:14782:{"property": "SetVisible", "value": [false], "qualifier": {"code": "property does not exist"}}
2026-03-05 15:39:47 ERROR root remotelib error:HallPanel:14778:{"property": "SetVisible", "value": [false], "qualifier": {"code": "property does not exist"}}
2026-03-05 15:39:47 ERROR root remotelib error:IC142Panel:14758:{"property": "SetVisible", "value": [false], "qualifier": {"code": "property does not exist"}}
2026-03-05 15:39:47 ERROR root remotelib error:BWDPanel:14778:{"property": "SetVisible", "value": [false], "qualifier": {"code": "property does not exist"}}
2026-03-05 15:39:47 ERROR root remotelib error:BreakRmPanel:4601:{"property": "SetText", "value": ["None"], "qualifier": {"code": "property does not exist"}}
2026-03-05 15:39:47 ERROR root remotelib error:IC143Panel:4609:{"property": "SetText", "value": ["None"], "qualifier": {"code": "property does not exist"}}
2026-03-05 15:39:47 ERROR root remotelib error:IC142Panel:14759:{"property": "SetVisible", "value": [false], "qualifier": {"code": "property does not exist"}}
2026-03-05 15:39:47 ERROR root remotelib error:IC142Panel:14760:{"property": "SetVisible", "value": [false], "qualifier": {"code": "property does not exist"}}
2026-03-05 15:39:47 ERROR root remotelib error:HallPanel:14776:{"property": "SetVisible", "value": [false], "qualifier": {"code": "property does not exist"}}
2026-03-05 15:39:47 ERROR root remotelib error:HallPanel:14779:{"property": "SetVisible", "value": [false], "qualifier": {"code": "property does not exist"}}
2026-03-05 15:39:47 ERROR root remotelib error:HallPanel:14780:{"property": "SetVisible", "value": [false], "qualifier": {"code": "property does not exist"}}
2026-03-05 15:39:47 ERROR root remotelib error:LobbyPanel:4850:{"property": "SetText", "value": ["None"], "qualifier": {"code": "property does not exist"}}
2026-03-05 15:39:47 ERROR root remotelib error:IC144Panel:14772:{"property": "SetVisible", "value": [false], "qualifier": {"code": "property does not exist"}}
2026-03-05 15:39:47 ERROR root remotelib error:IC144Panel:14773:{"property": "SetVisible", "value": [false], "qualifier": {"code": "property does not exist"}}
2026-03-05 15:39:47 ERROR root remotelib error:IC144Panel:14774:{"property": "SetVisible", "value": [false], "qualifier": {"code": "property does not exist"}}
2026-03-05 15:39:47 ERROR root remotelib error:IC144Panel:14775:{"property": "SetVisible", "value": [false], "qualifier": {"code": "property does not exist"}}
2026-03-05 15:39:47 ERROR root remotelib error:IC142Panel:14762:{"property": "SetVisible", "value": [false], "qualifier": {"code": "property does not exist"}}
2026-03-05 15:39:47 ERROR root remotelib error:IC142Panel:14761:{"property": "SetVisible", "value": [false], "qualifier": {"code": "property does not exist"}}
2026-03-05 15:39:47 ERROR root remotelib error:IC143Panel:15108:{"property": "SetVisible", "value": [false], "qualifier": {"code": "property does not exist"}}
2026-03-05 15:39:48 ERROR root remotelib error:IC143Panel:14609:{"property": "SetState", "value": [0], "qualifier": {"code": "property does not exist"}}
2026-03-05 15:39:48 ERROR root remotelib error:HallPanel:14781:{"property": "SetVisible", "value": [false], "qualifier": {"code": "property does not exist"}}
2026-03-05 15:39:48 ERROR root remotelib error:LobbyPanel:4900:{"property": "SetText", "value": ["None"], "qualifier": {"code": "property does not exist"}}
2026-03-05 15:39:48 ERROR root remotelib error:BreakRmPanel:4852:{"property": "SetText", "value": ["CATV 1"], "qualifier": {"code": "property does not exist"}}
2026-03-05 15:39:48 ERROR root remotelib error:LobbyPanel:4600:{"property": "SetText", "value": ["None"], "qualifier": {"code": "property does not exist"}}
2026-03-05 15:39:48 ERROR root remotelib error:IC144Panel:14776:{"property": "SetVisible", "value": [false], "qualifier": {"code": "property does not exist"}}
2026-03-05 15:39:48 ERROR root remotelib error:HallPanel:14782:{"property": "SetVisible", "value": [false], "qualifier": {"code": "property does not exist"}}
2026-03-05 15:39:48 ERROR root remotelib error:BreakRmPanel:4902:{"property": "SetText", "value": ["CATV 1"], "qualifier": {"code": "property does not exist"}}
2026-03-05 15:39:48 ERROR root remotelib error:BWDPanel:14779:{"property": "SetVisible", "value": [false], "qualifier": {"code": "property does not exist"}}
2026-03-05 15:39:48 ERROR root remotelib error:IC142Panel:14763:{"property": "SetVisible", "value": [false], "qualifier": {"code": "property does not exist"}}
2026-03-05 15:39:48 ERROR root remotelib error:BreakRmPanel:4602:{"property": "SetText", "value": ["CATV 1"], "qualifier": {"code": "property does not exist"}}
2026-03-05 15:39:48 ERROR root remotelib error:LobbyPanel:4851:{"property": "SetText", "value": ["None"], "qualifier": {"code": "property does not exist"}}
2026-03-05 15:39:48 ERROR root remotelib error:BWDPanel:14780:{"property": "SetVisible", "value": [false], "qualifier": {"code": "property does not exist"}}
2026-03-05 15:39:48 ERROR root remotelib error:HallPanel:4850:{"property": "SetText", "value": ["None"], "qualifier": {"code": "property does not exist"}}
2026-03-05 15:39:48 ERROR root remotelib error:IC143Panel:4759:{"property": "SetText", "value": [""], "qualifier": {"code": "property does not exist"}}
2026-03-05 15:39:48 ERROR root remotelib error:IC143Panel:4860:{"property": "SetText", "value": ["Security Feed"], "qualifier": {"code": "property does not exist"}}
2026-03-05 15:39:48 ERROR root remotelib error:IC144Panel:14777:{"property": "SetVisible", "value": [false], "qualifier": {"code": "property does not exist"}}
2026-03-05 15:39:48 ERROR root remotelib error:LobbyPanel:4901:{"property": "SetText", "value": ["None"], "qualifier": {"code": "property does not exist"}}
2026-03-05 15:39:48 ERROR root remotelib error:LobbyPanel:4601:{"property": "SetText", "value": ["None"], "qualifier": {"code": "property does not exist"}}
2026-03-05 15:39:48 ERROR root remotelib error:BWDPanel:14781:{"property": "SetVisible", "value": [false], "qualifier": {"code": "property does not exist"}}
2026-03-05 15:39:48 ERROR root remotelib error:IC144Panel:14778:{"property": "SetVisible", "value": [false], "qualifier": {"code": "property does not exist"}}
2026-03-05 15:39:48 ERROR root remotelib error:IC144Panel:14779:{"property": "SetVisible", "value": [false], "qualifier": {"code": "property does not exist"}}
2026-03-05 15:39:48 ERROR root remotelib error:BreakRmPanel:15101:{"property": "SetVisible", "value": [false], "qualifier": {"code": "property does not exist"}}
2026-03-05 15:39:48 ERROR root remotelib error:LobbyPanel:4852:{"property": "SetText", "value": ["CATV 1"], "qualifier": {"code": "property does not exist"}}
2026-03-05 15:39:48 ERROR root remotelib error:HallPanel:4900:{"property": "SetText", "value": ["None"], "qualifier": {"code": "property does not exist"}}
2026-03-05 15:39:48 ERROR root remotelib error:BWDPanel:14782:{"property": "SetVisible", "value": [false], "qualifier": {"code": "property does not exist"}}
2026-03-05 15:39:48 ERROR root remotelib error:IC143Panel:4910:{"property": "SetText", "value": ["Security Feed"], "qualifier": {"code": "property does not exist"}}
2026-03-05 15:39:48 ERROR root remotelib error:IC142Panel:14764:{"property": "SetVisible", "value": [false], "qualifier": {"code": "property does not exist"}}
2026-03-05 15:39:48 ERROR root remotelib error:BreakRmPanel:14602:{"property": "SetState", "value": [0], "qualifier": {"code": "property does not exist"}}
2026-03-05 15:39:48 ERROR root remotelib error:BWDPanel:4850:{"property": "SetText", "value": ["None"], "qualifier": {"code": "property does not exist"}}
2026-03-05 15:39:48 ERROR root remotelib error:HallPanel:4600:{"property": "SetText", "value": ["None"], "qualifier": {"code": "property does not exist"}}
2026-03-05 15:39:48 ERROR root remotelib error:IC142Panel:14765:{"property": "SetVisible", "value": [false], "qualifier": {"code": "property does not exist"}}
2026-03-05 15:39:48 ERROR root remotelib error:IC143Panel:4610:{"property": "SetText", "value": ["Security Feed"], "qualifier": {"code": "property does not exist"}}
2026-03-05 15:39:48 ERROR root remotelib error:IC144Panel:14780:{"property": "SetVisible", "value": [false], "qualifier": {"code": "property does not exist"}}
2026-03-05 15:39:48 ERROR root remotelib error:IC142Panel:15101:{"property": "SetVisible", "value": [false], "qualifier": {"code": "property does not exist"}}
2026-03-05 15:39:48 ERROR root remotelib error:LobbyPanel:4902:{"property": "SetText", "value": ["CATV 1"], "qualifier": {"code": "property does not exist"}}
2026-03-05 15:39:48 ERROR root remotelib error:BreakRmPanel:4605:{"property": "SetText", "value": ["CATV 4"], "qualifier": {"code": "property does not exist"}}
2026-03-05 15:39:48 ERROR root remotelib error:IC144Panel:14603:{"property": "SetState", "value": [0], "qualifier": {"code": "property does not exist"}}
2026-03-05 15:39:48 ERROR root remotelib error:LobbyPanel:4905:{"property": "SetText", "value": ["CATV 4"], "qualifier": {"code": "property does not exist"}}
2026-03-05 15:39:48 ERROR root remotelib error:BreakRmPanel:15104:{"property": "SetVisible", "value": [false], "qualifier": {"code": "property does not exist"}}
2026-03-05 15:39:48 ERROR root remotelib error:BWDPanel:4754:{"property": "SetText", "value": [""], "qualifier": {"code": "property does not exist"}}
2026-03-05 15:39:48 ERROR root remotelib error:HallPanel:4904:{"property": "SetText", "value": ["CATV 3"], "qualifier": {"code": "property does not exist"}}
2026-03-05 15:39:48 ERROR root remotelib error:LobbyPanel:4605:{"property": "SetText", "value": ["CATV 4"], "qualifier": {"code": "property does not exist"}}
2026-03-05 15:39:48 ERROR root remotelib error:IC142Panel:14602:{"property": "SetState", "value": [0], "qualifier": {"code": "property does not exist"}}
2026-03-05 15:39:48 ERROR root remotelib error:BWDPanel:14608:{"property": "SetState", "value": [0], "qualifier": {"code": "property does not exist"}}
2026-03-05 15:39:48 ERROR root remotelib error:BreakRmPanel:14609:{"property": "SetState", "value": [0], "qualifier": {"code": "property does not exist"}}
2026-03-05 15:39:48 ERROR root remotelib error:HallPanel:4859:{"property": "SetText", "value": ["None"], "qualifier": {"code": "property does not exist"}}
2026-03-05 15:39:48 ERROR root remotelib error:IC142Panel:4856:{"property": "SetText", "value": ["CATV 5"], "qualifier": {"code": "property does not exist"}}
2026-03-05 15:39:48 ERROR root remotelib error:IC144Panel:4758:{"property": "SetText", "value": [""], "qualifier": {"code": "property does not exist"}}
2026-03-05 15:39:48 ERROR root remotelib error:LobbyPanel:15108:{"property": "SetVisible", "value": [false], "qualifier": {"code": "property does not exist"}}
2026-03-05 15:39:48 ERROR root remotelib error:IC142Panel:4906:{"property": "SetText", "value": ["CATV 5"], "qualifier": {"code": "property does not exist"}}
2026-03-05 15:39:48 ERROR root remotelib error:LobbyPanel:14609:{"property": "SetState", "value": [0], "qualifier": {"code": "property does not exist"}}
2026-03-05 15:39:48 ERROR root remotelib error:HallPanel:4909:{"property": "SetText", "value": ["None"], "qualifier": {"code": "property does not exist"}}
2026-03-05 15:39:48 ERROR root remotelib error:IC144Panel:4859:{"property": "SetText", "value": ["None"], "qualifier": {"code": "property does not exist"}}
2026-03-05 15:39:48 ERROR root remotelib error:IC143Panel:4917:{"property": "SetText", "value": ["BWD Feed 4"], "qualifier": {"code": "property does not exist"}}
2026-03-05 15:39:48 ERROR root remotelib error:BWDPanel:4758:{"property": "SetText", "value": [""], "qualifier": {"code": "property does not exist"}}
2026-03-05 15:39:48 ERROR root remotelib error:IC142Panel:4606:{"property": "SetText", "value": ["CATV 5"], "qualifier": {"code": "property does not exist"}}
2026-03-05 15:39:48 ERROR root remotelib error:IC143Panel:4617:{"property": "SetText", "value": ["BWD Feed 4"], "qualifier": {"code": "property does not exist"}}
2026-03-05 15:39:48 ERROR root remotelib error:BreakRmPanel:4759:{"property": "SetText", "value": [""], "qualifier": {"code": "property does not exist"}}
2026-03-05 15:39:48 ERROR root remotelib error:HallPanel:4609:{"property": "SetText", "value": ["None"], "qualifier": {"code": "property does not exist"}}
2026-03-05 15:39:48 ERROR root remotelib error:IC143Panel:15116:{"property": "SetVisible", "value": [false], "qualifier": {"code": "property does not exist"}}
2026-03-05 15:39:48 ERROR root remotelib error:BWDPanel:4859:{"property": "SetText", "value": ["None"], "qualifier": {"code": "property does not exist"}}
2026-03-05 15:39:48 ERROR root remotelib error:IC142Panel:4862:{"property": "SetText", "value": ["none"], "qualifier": {"code": "property does not exist"}}
2026-03-05 15:39:48 ERROR root remotelib error:HallPanel:14619:{"property": "SetState", "value": [0], "qualifier": {"code": "property does not exist"}}
2026-03-05 15:39:48 ERROR root remotelib error:IC144Panel:4870:{"property": "SetText", "value": ["Aux HDMI 3"], "qualifier": {"code": "property does not exist"}}
2026-03-05 15:39:48 ERROR root remotelib error:LobbyPanel:14620:{"property": "SetState", "value": [0], "qualifier": {"code": "property does not exist"}}
2026-03-05 15:39:48 ERROR root remotelib error:BWDPanel:4768:{"property": "SetText", "value": [""], "qualifier": {"code": "property does not exist"}}
2026-03-05 15:39:48 ERROR root remotelib error:IC143Panel:4666:{"property": "SetVisible", "value": [false], "qualifier": {"code": "property does not exist"}}
2026-03-05 15:39:48 ERROR root remotelib error:BreakRmPanel:4871:{"property": "SetText", "value": ["Aux HDMI 4"], "qualifier": {"code": "property does not exist"}}
2026-03-05 15:39:48 ERROR root remotelib error:IC144Panel:4920:{"property": "SetText", "value": ["Aux HDMI 3"], "qualifier": {"code": "property does not exist"}}
2026-03-05 15:39:48 ERROR root remotelib error:IC143Panel:4667:{"property": "SetVisible", "value": [false], "qualifier": {"code": "property does not exist"}}
2026-03-05 15:39:48 ERROR root remotelib error:IC142Panel:4765:{"property": "SetText", "value": [""], "qualifier": {"code": "property does not exist"}}
2026-03-05 15:39:48 ERROR root remotelib error:IC143Panel:4668:{"property": "SetVisible", "value": [false], "qualifier": {"code": "property does not exist"}}
2026-03-05 15:39:48 ERROR root remotelib error:IC142Panel:4620:{"property": "SetText", "value": ["Aux HDMI 3"], "qualifier": {"code": "property does not exist"}}
2026-03-05 15:39:48 ERROR root remotelib error:IC144Panel:4652:{"property": "SetVisible", "value": [false], "qualifier": {"code": "property does not exist"}}
2026-03-05 15:39:48 ERROR root remotelib error:LobbyPanel:4656:{"property": "SetVisible", "value": [false], "qualifier": {"code": "property does not exist"}}
2026-03-05 15:39:48 ERROR root remotelib error:BreakRmPanel:4657:{"property": "SetVisible", "value": [false], "qualifier": {"code": "property does not exist"}}
2026-03-05 15:39:48 ERROR root remotelib error:IC143Panel:14664:{"property": "SetVisible", "value": [false], "qualifier": {"code": "property does not exist"}}
2026-03-05 15:39:48 ERROR root remotelib error:HallPanel:4924:{"property": "SetText", "value": ["Aux HDMI 7"], "qualifier": {"code": "property does not exist"}}
2026-03-05 15:39:48 ERROR root remotelib error:LobbyPanel:4657:{"property": "SetVisible", "value": [false], "qualifier": {"code": "property does not exist"}}
2026-03-05 15:39:48 ERROR root remotelib error:IC144Panel:14653:{"property": "SetVisible", "value": [false], "qualifier": {"code": "property does not exist"}}
2026-03-05 15:39:48 ERROR root remotelib error:BWDPanel:4675:{"property": "SetVisible", "value": [false], "qualifier": {"code": "property does not exist"}}
2026-03-05 15:39:48 ERROR root remotelib error:IC142Panel:4655:{"property": "SetVisible", "value": [false], "qualifier": {"code": "property does not exist"}}
2026-03-05 15:39:48 ERROR root remotelib error:HallPanel:4682:{"property": "SetVisible", "value": [false], "qualifier": {"code": "property does not exist"}}
2026-03-05 15:39:48 ERROR root remotelib error:BreakRmPanel:14662:{"property": "SetVisible", "value": [false], "qualifier": {"code": "property does not exist"}}
2026-03-05 15:39:48 ERROR root remotelib error:IC143Panel:4718:{"property": "SetVisible", "value": [false], "qualifier": {"code": "property does not exist"}}
2026-03-05 15:39:48 ERROR root remotelib error:IC144Panel:14654:{"property": "SetVisible", "value": [false], "qualifier": {"code": "property does not exist"}}
2026-03-05 15:39:48 ERROR root remotelib error:LobbyPanel:14663:{"property": "SetVisible", "value": [false], "qualifier": {"code": "property does not exist"}}
2026-03-05 15:39:48 ERROR root remotelib error:BWDPanel:4676:{"property": "SetVisible", "value": [false], "qualifier": {"code": "property does not exist"}}
2026-03-05 15:39:48 ERROR root remotelib error:IC142Panel:4656:{"property": "SetVisible", "value": [false], "qualifier": {"code": "property does not exist"}}
2026-03-05 15:39:48 ERROR root remotelib error:LobbyPanel:14664:{"property": "SetVisible", "value": [false], "qualifier": {"code": "property does not exist"}}
2026-03-05 15:39:48 ERROR root remotelib error:BreakRmPanel:14663:{"property": "SetVisible", "value": [false], "qualifier": {"code": "property does not exist"}}
2026-03-05 15:39:48 ERROR root remotelib error:IC143Panel:4719:{"property": "SetVisible", "value": [false], "qualifier": {"code": "property does not exist"}}
2026-03-05 15:39:48 ERROR root remotelib error:HallPanel:4651:{"property": "SetVisible", "value": [true], "qualifier": {"code": "property does not exist"}}
2026-03-05 15:39:48 ERROR root remotelib error:LobbyPanel:14665:{"property": "SetVisible", "value": [false], "qualifier": {"code": "property does not exist"}}
2026-03-05 15:39:48 ERROR root remotelib error:BWDPanel:4677:{"property": "SetVisible", "value": [false], "qualifier": {"code": "property does not exist"}}
2026-03-05 15:39:48 ERROR root remotelib error:IC142Panel:4657:{"property": "SetVisible", "value": [false], "qualifier": {"code": "property does not exist"}}
2026-03-05 15:39:48 ERROR root remotelib error:IC144Panel:14655:{"property": "SetVisible", "value": [false], "qualifier": {"code": "property does not exist"}}
2026-03-05 15:39:48 ERROR root remotelib error:LobbyPanel:14666:{"property": "SetVisible", "value": [false], "qualifier": {"code": "property does not exist"}}
2026-03-05 15:39:48 ERROR root remotelib error:IC143Panel:4720:{"property": "SetVisible", "value": [false], "qualifier": {"code": "property does not exist"}}
2026-03-05 15:39:48 ERROR root remotelib error:HallPanel:14652:{"property": "SetVisible", "value": [false], "qualifier": {"code": "property does not exist"}}
2026-03-05 15:39:48 ERROR root remotelib error:BreakRmPanel:14664:{"property": "SetVisible", "value": [false], "qualifier": {"code": "property does not exist"}}
2026-03-05 15:39:48 ERROR root remotelib error:IC142Panel:4658:{"property": "SetVisible", "value": [false], "qualifier": {"code": "property does not exist"}}
2026-03-05 15:39:48 ERROR root remotelib error:BWDPanel:4678:{"property": "SetVisible", "value": [false], "qualifier": {"code": "property does not exist"}}
2026-03-05 15:39:48 ERROR root remotelib error:HallPanel:14653:{"property": "SetVisible", "value": [false], "qualifier": {"code": "property does not exist"}}
2026-03-05 15:39:48 ERROR root remotelib error:BreakRmPanel:14665:{"property": "SetVisible", "value": [false], "qualifier": {"code": "property does not exist"}}
2026-03-05 15:39:48 ERROR root remotelib error:BWDPanel:4679:{"property": "SetVisible", "value": [false], "qualifier": {"code": "property does not exist"}}
2026-03-05 15:39:48 ERROR root remotelib error:IC143Panel:4969:{"property": "SetText", "value": ["Aux HDMI 3"], "qualifier": {"code": "property does not exist"}}
2026-03-05 15:39:48 ERROR root remotelib error:IC142Panel:4703:{"property": "SetVisible", "value": [false], "qualifier": {"code": "property does not exist"}}
2026-03-05 15:39:48 ERROR root remotelib error:BWDPanel:4728:{"property": "SetVisible", "value": [false], "qualifier": {"code": "property does not exist"}}
2026-03-05 15:39:48 ERROR root remotelib error:IC144Panel:5088:{"property": "SetState", "value": [0], "qualifier": {"code": "property does not exist"}}
2026-03-05 15:39:48 ERROR root remotelib error:LobbyPanel:4701:{"property": "SetText", "value": ["None"], "qualifier": {"code": "property does not exist"}}
2026-03-05 15:39:48 ERROR root remotelib error:BreakRmPanel:5087:{"property": "SetState", "value": [1], "qualifier": {"code": "property does not exist"}}
2026-03-05 15:39:48 ERROR root remotelib error:HallPanel:4726:{"property": "SetVisible", "value": [false], "qualifier": {"code": "property does not exist"}}
2026-03-05 15:39:49 ERROR root remotelib error:IC143Panel:4870:{"property": "SetText", "value": ["Aux HDMI 4"], "qualifier": {"code": "property does not exist"}}
2026-03-05 15:39:49 ERROR root remotelib error:IC142Panel:4704:{"property": "SetVisible", "value": [false], "qualifier": {"code": "property does not exist"}}
2026-03-05 15:39:49 ERROR root remotelib error:BWDPanel:4729:{"property": "SetVisible", "value": [false], "qualifier": {"code": "property does not exist"}}
2026-03-05 15:39:49 ERROR root remotelib error:LobbyPanel:14651:{"property": "SetState", "value": [0], "qualifier": {"code": "property does not exist"}}
2026-03-05 15:39:49 ERROR root remotelib error:BreakRmPanel:5088:{"property": "SetState", "value": [0], "qualifier": {"code": "property does not exist"}}
2026-03-05 15:39:49 ERROR root remotelib error:BWDPanel:4730:{"property": "SetVisible", "value": [false], "qualifier": {"code": "property does not exist"}}
2026-03-05 15:39:49 ERROR root remotelib error:IC142Panel:4705:{"property": "SetVisible", "value": [false], "qualifier": {"code": "property does not exist"}}
2026-03-05 15:39:49 ERROR root remotelib error:LobbyPanel:917:{"property": "SetText", "value": ["Media Volume"], "qualifier": {"code": "property does not exist"}}
2026-03-05 15:39:49 ERROR root remotelib error:BreakRmPanel:4960:{"property": "SetText", "value": ["Signage"], "qualifier": {"code": "property does not exist"}}
2026-03-05 15:39:49 ERROR root remotelib error:HallPanel:4727:{"property": "SetVisible", "value": [false], "qualifier": {"code": "property does not exist"}}
2026-03-05 15:39:49 ERROR root remotelib error:IC143Panel:468:{"property": "SetVisible", "value": [false], "qualifier": {"code": "property does not exist"}}
2026-03-05 15:39:49 ERROR root remotelib error:LobbyPanel:4964:{"property": "SetText", "value": ["BWD Feed 2"], "qualifier": {"code": "property does not exist"}}
2026-03-05 15:39:49 ERROR root remotelib error:BWDPanel:4856:{"property": "SetText", "value": ["CATV 6"], "qualifier": {"code": "property does not exist"}}
2026-03-05 15:39:49 ERROR root remotelib error:HallPanel:4852:{"property": "SetText", "value": ["CATV 2"], "qualifier": {"code": "property does not exist"}}
2026-03-05 15:39:49 ERROR root remotelib error:IC143Panel:469:{"property": "SetVisible", "value": [false], "qualifier": {"code": "property does not exist"}}
2026-03-05 15:39:49 ERROR root remotelib error:BreakRmPanel:4861:{"property": "SetText", "value": ["none"], "qualifier": {"code": "property does not exist"}}
2026-03-05 15:39:49 ERROR root remotelib error:IC144Panel:4958:{"property": "SetText", "value": ["None"], "qualifier": {"code": "property does not exist"}}
2026-03-05 15:39:49 ERROR root remotelib error:BWDPanel:4956:{"property": "SetText", "value": ["CATV 6"], "qualifier": {"code": "property does not exist"}}
2026-03-05 15:39:49 ERROR root remotelib error:BreakRmPanel:4961:{"property": "SetText", "value": ["none"], "qualifier": {"code": "property does not exist"}}
2026-03-05 15:39:49 ERROR root remotelib error:IC143Panel:470:{"property": "SetVisible", "value": [false], "qualifier": {"code": "property does not exist"}}
2026-03-05 15:39:49 ERROR root remotelib error:HallPanel:4952:{"property": "SetText", "value": ["CATV 2"], "qualifier": {"code": "property does not exist"}}
2026-03-05 15:39:49 ERROR root remotelib error:IC142Panel:4701:{"property": "SetVisible", "value": [true], "qualifier": {"code": "property does not exist"}}
2026-03-05 15:39:49 ERROR root remotelib error:LobbyPanel:4865:{"property": "SetText", "value": ["BWD Feed 3"], "qualifier": {"code": "property does not exist"}}
2026-03-05 15:39:49 ERROR root remotelib error:IC144Panel:4859:{"property": "SetText", "value": ["Security Feed"], "qualifier": {"code": "property does not exist"}}
2026-03-05 15:39:49 ERROR root remotelib error:BWDPanel:4857:{"property": "SetText", "value": ["None"], "qualifier": {"code": "property does not exist"}}
2026-03-05 15:39:49 ERROR root remotelib error:HallPanel:465:{"property": "SetVisible", "value": [false], "qualifier": {"code": "property does not exist"}}
2026-03-05 15:39:49 ERROR root remotelib error:BreakRmPanel:8524:{"property": "SetVisible", "value": [false], "qualifier": {"code": "property does not exist"}}
2026-03-05 15:39:49 ERROR root remotelib error:IC142Panel:428:{"property": "SetVisible", "value": [false], "qualifier": {"code": "property does not exist"}}
2026-03-05 15:39:49 ERROR root remotelib error:IC144Panel:8512:{"property": "SetVisible", "value": [false], "qualifier": {"code": "property does not exist"}}
2026-03-05 15:39:49 ERROR root remotelib error:HallPanel:8601:{"property": "SetVisible", "value": [false], "qualifier": {"code": "property does not exist"}}
2026-03-05 15:39:49 ERROR root remotelib error:IC142Panel:429:{"property": "SetVisible", "value": [false], "qualifier": {"code": "property does not exist"}}
2026-03-05 15:39:49 ERROR root remotelib error:BreakRmPanel:8525:{"property": "SetVisible", "value": [false], "qualifier": {"code": "property does not exist"}}
2026-03-05 15:39:49 ERROR root remotelib error:LobbyPanel:8526:{"property": "SetVisible", "value": [false], "qualifier": {"code": "property does not exist"}}
2026-03-05 15:39:49 ERROR root remotelib error:IC143Panel:963:{"property": "SetVisible", "value": [false], "qualifier": {"code": "property does not exist"}}
2026-03-05 15:39:49 ERROR root remotelib error:IC144Panel:8513:{"property": "SetVisible", "value": [false], "qualifier": {"code": "property does not exist"}}
2026-03-05 15:39:49 ERROR root remotelib error:BWDPanel:8521:{"property": "SetVisible", "value": [false], "qualifier": {"code": "property does not exist"}}
2026-03-05 15:39:49 ERROR root remotelib error:HallPanel:8602:{"property": "SetVisible", "value": [false], "qualifier": {"code": "property does not exist"}}
2026-03-05 15:39:49 ERROR root remotelib error:BreakRmPanel:8526:{"property": "SetVisible", "value": [false], "qualifier": {"code": "property does not exist"}}
2026-03-05 15:39:49 ERROR root remotelib error:IC142Panel:430:{"property": "SetVisible", "value": [false], "qualifier": {"code": "property does not exist"}}
2026-03-05 15:39:49 ERROR root remotelib error:LobbyPanel:8531:{"property": "SetVisible", "value": [false], "qualifier": {"code": "property does not exist"}}
2026-03-05 15:39:49 ERROR root remotelib error:IC142Panel:8512:{"property": "SetVisible", "value": [false], "qualifier": {"code": "property does not exist"}}
2026-03-05 15:39:49 ERROR root remotelib error:BWDPanel:964:{"property": "SetVisible", "value": [false], "qualifier": {"code": "property does not exist"}}
2026-03-05 15:39:49 ERROR root remotelib error:IC144Panel:3001:{"property": "SetText", "value": ["Display"], "qualifier": {"code": "property does not exist"}}
2026-03-05 15:39:49 ERROR root remotelib error:HallPanel:8535:{"property": "SetVisible", "value": [false], "qualifier": {"code": "property does not exist"}}
2026-03-05 15:39:49 ERROR root remotelib error:LobbyPanel:3401:{"property": "SetText", "value": ["Video Switcher"], "qualifier": {"code": "property does not exist"}}
2026-03-05 15:39:49 ERROR root remotelib error:IC144Panel:3011:{"property": "SetText", "value": ["Disconnected"], "qualifier": {"code": "property does not exist"}}
2026-03-05 15:39:49 ERROR root remotelib error:BWDPanel:965:{"property": "SetVisible", "value": [false], "qualifier": {"code": "property does not exist"}}
2026-03-05 15:39:49 ERROR root remotelib error:LobbyPanel:3411:{"property": "SetText", "value": ["Disconnected"], "qualifier": {"code": "property does not exist"}}
2026-03-05 15:39:49 ERROR root remotelib error:BreakRmPanel:451:{"property": "SetText", "value": ["HDMI 1"], "qualifier": {"code": "property does not exist"}}
2026-03-05 15:39:49 ERROR root remotelib error:BWDPanel:966:{"property": "SetVisible", "value": [false], "qualifier": {"code": "property does not exist"}}
2026-03-05 15:39:49 ERROR root remotelib error:IC142Panel:8513:{"property": "SetVisible", "value": [false], "qualifier": {"code": "property does not exist"}}
2026-03-05 15:39:49 ERROR root remotelib error:HallPanel:8536:{"property": "SetVisible", "value": [false], "qualifier": {"code": "property does not exist"}}
2026-03-05 15:39:49 ERROR root remotelib error:IC143Panel:995:{"property": "SetVisible", "value": [false], "qualifier": {"code": "property does not exist"}}
2026-03-05 15:39:49 ERROR root remotelib error:IC144Panel:3011:{"property": "SetState", "value": [0], "qualifier": {"code": "property does not exist"}}
2026-03-05 15:39:49 ERROR root remotelib error:IC142Panel:8514:{"property": "SetVisible", "value": [false], "qualifier": {"code": "property does not exist"}}
2026-03-05 15:39:49 ERROR root remotelib error:HallPanel:8541:{"property": "SetVisible", "value": [false], "qualifier": {"code": "property does not exist"}}
2026-03-05 15:39:49 ERROR root remotelib error:BWDPanel:967:{"property": "SetVisible", "value": [false], "qualifier": {"code": "property does not exist"}}
2026-03-05 15:39:49 ERROR root remotelib error:IC143Panel:996:{"property": "SetVisible", "value": [false], "qualifier": {"code": "property does not exist"}}
2026-03-05 15:39:49 ERROR root remotelib error:LobbyPanel:3411:{"property": "SetState", "value": [0], "qualifier": {"code": "property does not exist"}}
2026-03-05 15:39:49 ERROR root remotelib error:BreakRmPanel:1681:{"property": "SetText", "value": [""], "qualifier": {"code": "property does not exist"}}
2026-03-05 15:39:49 ERROR root remotelib error:HallPanel:1001:{"property": "SetVisible", "value": [false], "qualifier": {"code": "property does not exist"}}
2026-03-05 15:39:49 ERROR root remotelib error:IC144Panel:3021:{"property": "SetText", "value": [""], "qualifier": {"code": "property does not exist"}}
2026-03-05 15:39:49 ERROR root remotelib error:BWDPanel:1002:{"property": "SetVisible", "value": [true], "qualifier": {"code": "property does not exist"}}
2026-03-05 15:39:49 ERROR root remotelib error:IC142Panel:982:{"property": "SetState", "value": [0], "qualifier": {"code": "property does not exist"}}
2026-03-05 15:39:49 ERROR root remotelib error:IC142Panel:1002:{"property": "SetText", "value": [""], "qualifier": {"code": "property does not exist"}}
2026-03-05 15:39:49 ERROR root remotelib error:IC142Panel:962:{"property": "SetVisible", "value": [true], "qualifier": {"code": "property does not exist"}}
2026-03-05 15:39:49 ERROR root remotelib error:IC142Panel:1002:{"property": "SetVisible", "value": [true], "qualifier": {"code": "property does not exist"}}
2026-03-05 15:39:49 ERROR root remotelib error:IC142Panel:982:{"property": "SetVisible", "value": [true], "qualifier": {"code": "property does not exist"}}
2026-03-05 15:39:49 ERROR root remotelib error:IC142Panel:963:{"property": "SetText", "value": ["Audio DSP"], "qualifier": {"code": "property does not exist"}}
2026-03-05 15:39:49 ERROR root remotelib error:IC142Panel:983:{"property": "SetText", "value": ["Disconnected"], "qualifier": {"code": "property does not exist"}}
2026-03-05 15:39:49 ERROR root remotelib error:IC142Panel:1003:{"property": "SetText", "value": [":0"], "qualifier": {"code": "property does not exist"}}
2026-03-05 15:39:49 ERROR root remotelib error:IC142Panel:963:{"property": "SetVisible", "value": [true], "qualifier": {"code": "property does not exist"}}
2026-03-05 15:39:49 ERROR root remotelib error:IC142Panel:983:{"property": "SetState", "value": [0], "qualifier": {"code": "property does not exist"}}
2026-03-05 15:39:49 ERROR root remotelib error:IC142Panel:983:{"property": "SetVisible", "value": [true], "qualifier": {"code": "property does not exist"}}
2026-03-05 15:39:49 ERROR root remotelib error:IC142Panel:1003:{"property": "SetVisible", "value": [true], "qualifier": {"code": "property does not exist"}}
2026-03-05 15:39:49 ERROR root remotelib error:IC142Panel:964:{"property": "SetText", "value": ["Displays"], "qualifier": {"code": "property does not exist"}}
2026-03-05 15:39:49 ERROR root remotelib error:IC142Panel:984:{"property": "SetText", "value": ["Disconnected"], "qualifier": {"code": "property does not exist"}}
2026-03-05 15:39:49 ERROR root remotelib error:IC142Panel:984:{"property": "SetState", "value": [0], "qualifier": {"code": "property does not exist"}}
2026-03-05 15:39:49 ERROR root remotelib error:IC142Panel:1004:{"property": "SetText", "value": [""], "qualifier": {"code": "property does not exist"}}
2026-03-05 15:39:49 ERROR root remotelib error:IC142Panel:964:{"property": "SetVisible", "value": [true], "qualifier": {"code": "property does not exist"}}
2026-03-05 15:39:49 ERROR root remotelib error:IC142Panel:984:{"property": "SetVisible", "value": [true], "qualifier": {"code": "property does not exist"}}
2026-03-05 15:39:49 ERROR root Debug Server restarted:Listening
2026-03-05 15:39:49 ERROR root remotelib error:IC142Panel:1004:{"property": "SetVisible", "value": [true], "qualifier": {"code": "property does not exist"}}
2026-03-05 15:39:49 ERROR root Debug Server restarted:Listening
2026-03-05 15:39:49 ERROR root Debug Server restarted:Listening
2026-03-05 15:39:49 ERROR root Debug Server restarted:Listening
2026-03-05 15:39:57 INFO root Device 22-0 VTLP sync handling began
2026-03-05 15:39:57 INFO root Device 22-0 VTLP sync handling ended
2026-03-05 15:39:57 INFO root Device 22-0 VTLP sync handling began
2026-03-05 15:39:57 INFO root Device 22-0 VTLP sync handling ended
2026-03-05 15:39:58 ERROR root SerialInterface spd2:COM1SendAndWait: Port COM1 not open
2026-03-05 15:39:58 ERROR root SerialInterface spd5:COM1SendAndWait: Port COM1 not open
2026-03-05 15:39:58 ERROR root SerialInterface spd4:COM1SendAndWait: Port COM1 not open
2026-03-05 15:39:58 ERROR root SerialInterface spd1:COM1SendAndWait: Port COM1 not open
2026-03-05 15:39:58 ERROR root SerialInterface spd6:COM1SendAndWait: Port COM1 not open
2026-03-05 15:39:58 ERROR root SerialInterface spd3:COM1SendAndWait: Port COM1 not open
2026-03-05 15:40:07 INFO root Device 16-0 VTLP sync handling began
2026-03-05 15:40:07 INFO root Device 20-0 VTLP sync handling began
2026-03-05 15:40:07 INFO root Device 20-0 VTLP sync handling ended
2026-03-05 15:40:07 INFO root Device 16-0 VTLP sync handling ended
2026-03-05 15:40:07 INFO root Device 20-0 VTLP sync handling began
2026-03-05 15:40:07 INFO root Device 17-0 VTLP sync handling began
2026-03-05 15:40:07 INFO root Device 20-0 VTLP sync handling ended
2026-03-05 15:40:07 INFO root Device 17-0 VTLP sync handling ended
2026-03-05 15:40:07 INFO root Device 16-0 VTLP sync handling began
2026-03-05 15:40:07 INFO root Device 20-0 VTLP sync handling began
2026-03-05 15:40:07 INFO root Device 21-0 VTLP sync handling began
2026-03-05 15:40:07 INFO root Device 17-0 VTLP sync handling began
2026-03-05 15:40:07 INFO root Device 18-0 VTLP sync handling began
2026-03-05 15:40:07 INFO root Device 21-0 VTLP sync handling ended
2026-03-05 15:40:07 INFO root Device 17-0 VTLP sync handling ended
2026-03-05 15:40:07 INFO root Device 20-0 VTLP sync handling ended
2026-03-05 15:40:07 INFO root Device 16-0 VTLP sync handling ended
2026-03-05 15:40:07 INFO root Device 18-0 VTLP sync handling ended
2026-03-05 15:40:07 INFO root Device 21-0 VTLP sync handling began
2026-03-05 15:40:07 INFO root Device 17-0 VTLP sync handling began
2026-03-05 15:40:07 INFO root Device 16-0 VTLP sync handling began
2026-03-05 15:40:07 INFO root Device 18-0 VTLP sync handling began
2026-03-05 15:40:07 INFO root Device 20-0 VTLP sync handling began
2026-03-05 15:40:07 INFO root Device 19-0 VTLP sync handling began
2026-03-05 15:40:07 INFO root Device 17-0 VTLP sync handling ended
2026-03-05 15:40:07 INFO root Device 21-0 VTLP sync handling ended
2026-03-05 15:40:07 INFO root Device 19-0 VTLP sync handling ended
2026-03-05 15:40:07 INFO root Device 18-0 VTLP sync handling ended
2026-03-05 15:40:07 INFO root Device 16-0 VTLP sync handling ended
2026-03-05 15:40:07 INFO root Device 20-0 VTLP sync handling ended
2026-03-05 15:40:07 INFO root Device 17-0 VTLP sync handling began
2026-03-05 15:40:07 INFO root Device 21-0 VTLP sync handling began
2026-03-05 15:40:07 INFO root Device 19-0 VTLP sync handling began
2026-03-05 15:40:07 INFO root Device 18-0 VTLP sync handling began
2026-03-05 15:40:07 INFO root Device 21-0 VTLP sync handling ended
2026-03-05 15:40:07 INFO root Device 17-0 VTLP sync handling ended
2026-03-05 15:40:07 INFO root Device 20-0 VTLP sync handling began
2026-03-05 15:40:07 INFO root Device 18-0 VTLP sync handling ended
2026-03-05 15:40:07 INFO root Device 16-0 VTLP sync handling began
2026-03-05 15:40:07 INFO root Device 19-0 VTLP sync handling ended
2026-03-05 15:40:07 INFO root Device 17-0 VTLP sync handling began
2026-03-05 15:40:07 INFO root Device 21-0 VTLP sync handling began
2026-03-05 15:40:07 INFO root Device 20-0 VTLP sync handling ended
2026-03-05 15:40:07 INFO root Device 18-0 VTLP sync handling began
2026-03-05 15:40:07 INFO root Device 21-0 VTLP sync handling ended
2026-03-05 15:40:07 INFO root Device 16-0 VTLP sync handling ended
2026-03-05 15:40:07 INFO root Device 18-0 VTLP sync handling ended
2026-03-05 15:40:07 INFO root Device 17-0 VTLP sync handling ended
2026-03-05 15:40:07 INFO root Device 20-0 VTLP sync handling began
2026-03-05 15:40:07 INFO root Device 19-0 VTLP sync handling began
2026-03-05 15:40:07 INFO root Device 17-0 VTLP sync handling began
2026-03-05 15:40:07 INFO root Device 21-0 VTLP sync handling began
2026-03-05 15:40:07 INFO root Device 18-0 VTLP sync handling began
2026-03-05 15:40:07 INFO root Device 16-0 VTLP sync handling began
2026-03-05 15:40:07 INFO root Device 21-0 VTLP sync handling ended
2026-03-05 15:40:07 INFO root Device 19-0 VTLP sync handling ended
2026-03-05 15:40:07 INFO root Device 16-0 VTLP sync handling ended
2026-03-05 15:40:07 INFO root Device 17-0 VTLP sync handling ended
2026-03-05 15:40:07 INFO root Device 20-0 VTLP sync handling ended
2026-03-05 15:40:07 INFO root Device 18-0 VTLP sync handling ended
2026-03-05 15:40:07 INFO root Device 19-0 VTLP sync handling began
2026-03-05 15:40:07 INFO root Device 21-0 VTLP sync handling began
2026-03-05 15:40:07 INFO root Device 17-0 VTLP sync handling began
2026-03-05 15:40:07 INFO root Device 19-0 VTLP sync handling ended
2026-03-05 15:40:07 INFO root Device 21-0 VTLP sync handling ended
2026-03-05 15:40:07 INFO root Device 20-0 VTLP sync handling began
2026-03-05 15:40:07 INFO root Device 17-0 VTLP sync handling ended
2026-03-05 15:40:07 INFO root Device 20-0 VTLP sync handling ended
2026-03-05 15:40:07 INFO root Device 19-0 VTLP sync handling began
2026-03-05 15:40:07 INFO root Device 17-0 VTLP sync handling began
2026-03-05 15:40:07 INFO root Device 17-0 VTLP sync handling ended
2026-03-05 15:40:07 INFO root Device 19-0 VTLP sync handling ended
2026-03-05 15:40:07 INFO root Device 19-0 VTLP sync handling began
2026-03-05 15:40:07 INFO root Device 19-0 VTLP sync handling ended
2026-03-05 15:40:07 INFO root Device 19-0 VTLP sync handling began
2026-03-05 15:40:07 INFO root Device 19-0 VTLP sync handling ended
2026-03-05 15:40:07 INFO root Device 19-0 VTLP sync handling began
2026-03-05 15:40:07 INFO root Device 19-0 VTLP sync handling ended
2026-03-05 15:40:12 INFO root Device 22-0 VTLP sync handling began
2026-03-05 15:40:12 INFO root Device 22-0 VTLP sync handling ended
2026-03-05 15:40:12 INFO root Device 22-0 VTLP sync handling began
2026-03-05 15:40:12 INFO root Device 22-0 VTLP sync handling ended
2026-03-05 15:40:13 ERROR root SerialInterface spd2:COM1SendAndWait: Port COM1 not open
2026-03-05 15:40:13 ERROR root SerialInterface spd4:COM1SendAndWait: Port COM1 not open
2026-03-05 15:40:13 ERROR root SerialInterface spd6:COM1SendAndWait: Port COM1 not open
2026-03-05 15:40:13 ERROR root SerialInterface spd3:COM1SendAndWait: Port COM1 not open
2026-03-05 15:40:13 ERROR root SerialInterface spd1:COM1SendAndWait: Port COM1 not open
2026-03-05 15:40:13 ERROR root SerialInterface spd5:COM1SendAndWait: Port COM1 not open
2026-03-05 15:40:16 ERROR root Debug Server restarted:Listening
2026-03-05 15:40:24 ERROR root SerialInterface spd2:COM1SendAndWait: Port COM1 not open
2026-03-05 15:40:24 ERROR root SerialInterface spd6:COM1SendAndWait: Port COM1 not open
2026-03-05 15:40:24 ERROR root SerialInterface spd5:COM1SendAndWait: Port COM1 not open
2026-03-05 15:40:24 ERROR root SerialInterface spd3:COM1SendAndWait: Port COM1 not open
2026-03-05 15:40:24 ERROR root SerialInterface spd4:COM1SendAndWait: Port COM1 not open
2026-03-05 15:40:24 ERROR root SerialInterface spd1:COM1SendAndWait: Port COM1 not open
2026-03-05 15:40:27 INFO root Device 22-0 VTLP sync handling began
2026-03-05 15:40:27 INFO root Device 22-0 VTLP sync handling ended
2026-03-05 15:40:27 INFO root Device 22-0 VTLP sync handling began
2026-03-05 15:40:27 INFO root Device 22-0 VTLP sync handling ended
2026-03-05 15:40:34 ERROR root SerialInterface spd2:COM1SendAndWait: Port COM1 not open
2026-03-05 15:40:34 ERROR root SerialInterface spd6:COM1SendAndWait: Port COM1 not open
2026-03-05 15:40:34 ERROR root SerialInterface spd3:COM1SendAndWait: Port COM1 not open
2026-03-05 15:40:34 ERROR root SerialInterface spd1:COM1SendAndWait: Port COM1 not open
2026-03-05 15:40:34 ERROR root SerialInterface spd5:COM1SendAndWait: Port COM1 not open
2026-03-05 15:40:34 ERROR root SerialInterface spd4:COM1SendAndWait: Port COM1 not open
2026-03-05 15:40:42 INFO root Device 22-0 VTLP sync handling began
2026-03-05 15:40:42 INFO root Device 22-0 VTLP sync handling ended
2026-03-05 15:40:42 INFO root Device 22-0 VTLP sync handling began
2026-03-05 15:40:42 INFO root Device 22-0 VTLP sync handling ended
2026-03-05 15:40:44 ERROR root SerialInterface spd2:COM1SendAndWait: Port COM1 not open
2026-03-05 15:40:44 ERROR root SerialInterface spd6:COM1SendAndWait: Port COM1 not open
2026-03-05 15:40:44 ERROR root SerialInterface spd3:COM1SendAndWait: Port COM1 not open
2026-03-05 15:40:44 ERROR root SerialInterface spd1:COM1SendAndWait: Port COM1 not open
2026-03-05 15:40:44 ERROR root SerialInterface spd4:COM1SendAndWait: Port COM1 not open
2026-03-05 15:40:44 ERROR root SerialInterface spd5:COM1SendAndWait: Port COM1 not open
2026-03-05 15:40:46 ERROR root Debug Server restarted:Listening
2026-03-05 15:40:54 ERROR root SerialInterface spd2:COM1SendAndWait: Port COM1 not open
2026-03-05 15:40:54 ERROR root SerialInterface spd6:COM1SendAndWait: Port COM1 not open
2026-03-05 15:40:54 ERROR root SerialInterface spd3:COM1SendAndWait: Port COM1 not open
2026-03-05 15:40:54 ERROR root SerialInterface spd1:COM1SendAndWait: Port COM1 not open
2026-03-05 15:40:54 ERROR root SerialInterface spd4:COM1SendAndWait: Port COM1 not open
2026-03-05 15:40:54 ERROR root SerialInterface spd5:COM1SendAndWait: Port COM1 not open
2026-03-05 15:40:54 INFO root Device 21-0 VTLP sync handling began
2026-03-05 15:40:54 INFO root Device 21-0 VTLP sync handling ended
2026-03-05 15:40:54 INFO root Device 21-0 VTLP sync handling began
2026-03-05 15:40:54 INFO root Device 21-0 VTLP sync handling ended
2026-03-05 15:40:54 INFO root Device 21-0 VTLP sync handling began
2026-03-05 15:40:54 INFO root Device 21-0 VTLP sync handling ended
2026-03-05 15:40:54 INFO root Device 21-0 VTLP sync handling began
2026-03-05 15:40:54 INFO root Device 21-0 VTLP sync handling ended
2026-03-05 15:40:54 INFO root Device 21-0 VTLP sync handling began
2026-03-05 15:40:54 INFO root Device 21-0 VTLP sync handling ended
2026-03-05 15:40:54 INFO root Device 21-0 VTLP sync handling began
2026-03-05 15:40:54 INFO root Device 21-0 VTLP sync handling ended
2026-03-05 15:40:55 INFO root Device 20-0 VTLP sync handling began
2026-03-05 15:40:55 INFO root Device 20-0 VTLP sync handling ended
2026-03-05 15:40:55 INFO root Device 20-0 VTLP sync handling began
2026-03-05 15:40:55 INFO root Device 20-0 VTLP sync handling ended
2026-03-05 15:40:55 INFO root Device 20-0 VTLP sync handling began
2026-03-05 15:40:55 INFO root Device 20-0 VTLP sync handling ended
2026-03-05 15:40:55 INFO root Device 20-0 VTLP sync handling began
2026-03-05 15:40:55 INFO root Device 20-0 VTLP sync handling ended
2026-03-05 15:40:55 INFO root Device 20-0 VTLP sync handling began
2026-03-05 15:40:55 INFO root Device 20-0 VTLP sync handling ended
2026-03-05 15:40:55 INFO root Device 20-0 VTLP sync handling began
2026-03-05 15:40:55 INFO root Device 20-0 VTLP sync handling ended
2026-03-05 15:40:55 INFO root Device 20-0 VTLP sync handling began
2026-03-05 15:40:55 INFO root Device 20-0 VTLP sync handling ended
2026-03-05 15:40:56 INFO root Device 19-0 VTLP sync handling began
2026-03-05 15:40:56 INFO root Device 19-0 VTLP sync handling ended
2026-03-05 15:40:56 INFO root Device 19-0 VTLP sync handling began
2026-03-05 15:40:56 INFO root Device 19-0 VTLP sync handling ended
2026-03-05 15:40:56 INFO root Device 19-0 VTLP sync handling began
2026-03-05 15:40:56 INFO root Device 19-0 VTLP sync handling ended
2026-03-05 15:40:56 INFO root Device 19-0 VTLP sync handling began
2026-03-05 15:40:56 INFO root Device 19-0 VTLP sync handling ended
2026-03-05 15:40:56 INFO root Device 19-0 VTLP sync handling began
2026-03-05 15:40:56 INFO root Device 19-0 VTLP sync handling ended
2026-03-05 15:40:56 INFO root Device 19-0 VTLP sync handling began
2026-03-05 15:40:56 INFO root Device 19-0 VTLP sync handling ended
2026-03-05 15:40:56 INFO root Device 19-0 VTLP sync handling began
2026-03-05 15:40:56 INFO root Device 19-0 VTLP sync handling ended
2026-03-05 15:40:56 INFO root Device 19-0 VTLP sync handling began
2026-03-05 15:40:56 INFO root Device 19-0 VTLP sync handling ended
2026-03-05 15:40:56 INFO root Device 21-0 VTLP sync handling began
2026-03-05 15:40:56 INFO root Device 20-0 VTLP sync handling began
2026-03-05 15:40:56 INFO root Device 21-0 VTLP sync handling ended
2026-03-05 15:40:56 INFO root Device 20-0 VTLP sync handling ended
2026-03-05 15:40:56 INFO root Device 21-0 VTLP sync handling began
2026-03-05 15:40:56 INFO root Device 21-0 VTLP sync handling ended
2026-03-05 15:40:56 INFO root Device 19-0 VTLP sync handling began
2026-03-05 15:40:56 INFO root Device 19-0 VTLP sync handling ended
2026-03-05 15:40:57 INFO root Device 22-0 VTLP sync handling began
2026-03-05 15:40:57 INFO root Device 22-0 VTLP sync handling ended
2026-03-05 15:40:57 INFO root Device 22-0 VTLP sync handling began
2026-03-05 15:40:57 INFO root Device 22-0 VTLP sync handling ended
2026-03-05 15:40:59 INFO root Device 16-0 VTLP sync handling began
2026-03-05 15:40:59 INFO root Device 16-0 VTLP sync handling ended
2026-03-05 15:40:59 INFO root Device 16-0 VTLP sync handling began
2026-03-05 15:40:59 INFO root Device 16-0 VTLP sync handling ended
2026-03-05 15:40:59 INFO root Device 16-0 VTLP sync handling began
2026-03-05 15:40:59 INFO root Device 16-0 VTLP sync handling ended
2026-03-05 15:40:59 INFO root Device 16-0 VTLP sync handling began
2026-03-05 15:40:59 INFO root Device 16-0 VTLP sync handling ended
2026-03-05 15:40:59 INFO root Device 16-0 VTLP sync handling began
2026-03-05 15:40:59 INFO root Device 16-0 VTLP sync handling ended
2026-03-05 15:41:00 INFO root Device 17-0 VTLP sync handling began
2026-03-05 15:41:00 INFO root Device 17-0 VTLP sync handling ended
2026-03-05 15:41:00 INFO root Device 17-0 VTLP sync handling began
2026-03-05 15:41:00 INFO root Device 17-0 VTLP sync handling ended
2026-03-05 15:41:00 INFO root Device 17-0 VTLP sync handling began
2026-03-05 15:41:00 INFO root Device 17-0 VTLP sync handling ended
2026-03-05 15:41:00 INFO root Device 17-0 VTLP sync handling began
2026-03-05 15:41:00 INFO root Device 17-0 VTLP sync handling ended
2026-03-05 15:41:00 INFO root Device 17-0 VTLP sync handling began
2026-03-05 15:41:00 INFO root Device 17-0 VTLP sync handling ended
2026-03-05 15:41:00 INFO root Device 17-0 VTLP sync handling began
2026-03-05 15:41:00 INFO root Device 17-0 VTLP sync handling ended
2026-03-05 15:41:00 INFO root Device 17-0 VTLP sync handling began
2026-03-05 15:41:00 INFO root Device 17-0 VTLP sync handling ended
2026-03-05 15:41:00 INFO root Device 17-0 VTLP sync handling began
2026-03-05 15:41:00 INFO root Device 17-0 VTLP sync handling ended
2026-03-05 15:41:00 INFO root Device 20-0 VTLP sync handling began
2026-03-05 15:41:00 INFO root Device 20-0 VTLP sync handling ended
2026-03-05 15:41:00 INFO root Device 21-0 VTLP sync handling began
2026-03-05 15:41:00 INFO root Device 19-0 VTLP sync handling began
2026-03-05 15:41:00 INFO root Device 19-0 VTLP sync handling ended
2026-03-05 15:41:00 INFO root Device 19-0 VTLP sync handling began
2026-03-05 15:41:00 INFO root Device 20-0 VTLP sync handling began
2026-03-05 15:41:00 INFO root Device 21-0 VTLP sync handling ended
2026-03-05 15:41:00 INFO root Device 20-0 VTLP sync handling ended
2026-03-05 15:41:00 INFO root Device 19-0 VTLP sync handling ended
2026-03-05 15:41:00 INFO root Device 21-0 VTLP sync handling began
2026-03-05 15:41:00 INFO root Device 20-0 VTLP sync handling began
2026-03-05 15:41:00 INFO root Device 21-0 VTLP sync handling ended
2026-03-05 15:41:00 INFO root Device 20-0 VTLP sync handling ended
2026-03-05 15:41:00 INFO root Device 17-0 VTLP sync handling began
2026-03-05 15:41:00 INFO root Device 17-0 VTLP sync handling ended
2026-03-05 15:41:01 INFO root Device 19-0 VTLP sync handling began
2026-03-05 15:41:01 INFO root Device 19-0 VTLP sync handling ended
2026-03-05 15:41:01 INFO root Device 19-0 VTLP sync handling began
2026-03-05 15:41:01 INFO root Device 19-0 VTLP sync handling ended
2026-03-05 15:41:01 INFO root Device 21-0 VTLP sync handling began
2026-03-05 15:41:01 INFO root Device 21-0 VTLP sync handling ended
2026-03-05 15:41:01 INFO root Device 21-0 VTLP sync handling began
2026-03-05 15:41:01 INFO root Device 21-0 VTLP sync handling ended
2026-03-05 15:41:02 INFO root Device 20-0 VTLP sync handling began
2026-03-05 15:41:02 INFO root Device 16-0 VTLP sync handling began
2026-03-05 15:41:02 INFO root Device 20-0 VTLP sync handling ended
2026-03-05 15:41:02 INFO root Device 17-0 VTLP sync handling began
2026-03-05 15:41:02 INFO root Device 16-0 VTLP sync handling ended
2026-03-05 15:41:02 INFO root Device 20-0 VTLP sync handling began
2026-03-05 15:41:02 INFO root Device 17-0 VTLP sync handling ended
2026-03-05 15:41:02 INFO root Device 20-0 VTLP sync handling ended
2026-03-05 15:41:02 INFO root Device 16-0 VTLP sync handling began
2026-03-05 15:41:02 INFO root Device 17-0 VTLP sync handling began
2026-03-05 15:41:02 INFO root Device 16-0 VTLP sync handling ended
2026-03-05 15:41:02 INFO root Device 17-0 VTLP sync handling ended
2026-03-05 15:41:04 ERROR root SerialInterface spd2:COM1SendAndWait: Port COM1 not open
2026-03-05 15:41:04 ERROR root SerialInterface spd6:COM1SendAndWait: Port COM1 not open
2026-03-05 15:41:04 ERROR root SerialInterface spd3:COM1SendAndWait: Port COM1 not open
2026-03-05 15:41:04 ERROR root SerialInterface spd1:COM1SendAndWait: Port COM1 not open
2026-03-05 15:41:04 ERROR root SerialInterface spd4:COM1SendAndWait: Port COM1 not open
2026-03-05 15:41:04 ERROR root SerialInterface spd5:COM1SendAndWait: Port COM1 not open
2026-03-05 15:41:04 INFO root Device 19-0 VTLP sync handling began
2026-03-05 15:41:04 INFO root Device 19-0 VTLP sync handling ended
2026-03-05 15:41:04 INFO root Device 19-0 VTLP sync handling began
2026-03-05 15:41:04 INFO root Device 19-0 VTLP sync handling ended
2026-03-05 15:41:05 INFO root Device 18-0 VTLP sync handling began
2026-03-05 15:41:05 INFO root Device 18-0 VTLP sync handling ended
2026-03-05 15:41:06 ERROR root Control ID 0 not defined
2026-03-05 15:41:11 INFO root Device 21-0 VTLP sync handling began
2026-03-05 15:41:11 INFO root Device 21-0 VTLP sync handling ended
2026-03-05 15:41:11 INFO root Device 20-0 VTLP sync handling began
2026-03-05 15:41:11 INFO root Device 21-0 VTLP sync handling began
2026-03-05 15:41:11 INFO root Device 20-0 VTLP sync handling ended
2026-03-05 15:41:11 INFO root Device 20-0 VTLP sync handling began
2026-03-05 15:41:11 INFO root Device 21-0 VTLP sync handling ended
2026-03-05 15:41:11 INFO root Device 20-0 VTLP sync handling ended
2026-03-05 15:41:11 INFO root Device 19-0 VTLP sync handling began
2026-03-05 15:41:11 INFO root Device 19-0 VTLP sync handling ended
2026-03-05 15:41:11 INFO root Device 19-0 VTLP sync handling began
2026-03-05 15:41:11 INFO root Device 19-0 VTLP sync handling ended
2026-03-05 15:41:12 INFO root Device 22-0 VTLP sync handling began
2026-03-05 15:41:12 INFO root Device 22-0 VTLP sync handling ended
2026-03-05 15:41:12 INFO root Device 22-0 VTLP sync handling began
2026-03-05 15:41:12 INFO root Device 22-0 VTLP sync handling ended
2026-03-05 15:41:13 INFO root Device 16-0 VTLP sync handling began
2026-03-05 15:41:13 INFO root Device 16-0 VTLP sync handling ended
2026-03-05 15:41:13 INFO root Device 17-0 VTLP sync handling began
2026-03-05 15:41:13 INFO root Device 17-0 VTLP sync handling ended
2026-03-05 15:41:13 INFO root Device 17-0 VTLP sync handling began
2026-03-05 15:41:13 INFO root Device 17-0 VTLP sync handling ended
2026-03-05 15:41:13 INFO root Device 17-0 VTLP sync handling began
2026-03-05 15:41:13 INFO root Device 17-0 VTLP sync handling ended
2026-03-05 15:41:14 INFO root Device 17-0 VTLP sync handling began
2026-03-05 15:41:14 INFO root Device 16-0 VTLP sync handling began
2026-03-05 15:41:14 INFO root Device 17-0 VTLP sync handling ended
2026-03-05 15:41:14 INFO root Device 16-0 VTLP sync handling ended
2026-03-05 15:41:14 INFO root Device 16-0 VTLP sync handling began
2026-03-05 15:41:14 INFO root Device 16-0 VTLP sync handling ended
2026-03-05 15:41:15 INFO root Device 19-0 VTLP sync handling began
2026-03-05 15:41:15 INFO root Device 19-0 VTLP sync handling ended
2026-03-05 15:41:15 INFO root Device 20-0 VTLP sync handling began
2026-03-05 15:41:15 INFO root Device 21-0 VTLP sync handling began
2026-03-05 15:41:15 INFO root Device 19-0 VTLP sync handling began
2026-03-05 15:41:15 INFO root Device 21-0 VTLP sync handling ended
2026-03-05 15:41:15 INFO root Device 20-0 VTLP sync handling ended
2026-03-05 15:41:15 INFO root Device 21-0 VTLP sync handling began
2026-03-05 15:41:15 INFO root Device 20-0 VTLP sync handling began
2026-03-05 15:41:15 INFO root Device 19-0 VTLP sync handling ended
2026-03-05 15:41:15 INFO root Device 21-0 VTLP sync handling ended
2026-03-05 15:41:15 INFO root Device 20-0 VTLP sync handling ended
2026-03-05 15:41:15 INFO root Device 20-0 VTLP sync handling began
2026-03-05 15:41:15 INFO root Device 20-0 VTLP sync handling ended
2026-03-05 15:41:16 ERROR root Debug Server restarted:Listening
2026-03-05 15:41:16 INFO root Device 17-0 VTLP sync handling began
2026-03-05 15:41:16 INFO root Device 21-0 VTLP sync handling began
2026-03-05 15:41:16 INFO root Device 19-0 VTLP sync handling began
2026-03-05 15:41:16 INFO root Device 17-0 VTLP sync handling ended
2026-03-05 15:41:16 INFO root Device 21-0 VTLP sync handling ended
2026-03-05 15:41:16 INFO root Device 19-0 VTLP sync handling ended
2026-03-05 15:41:16 INFO root Device 17-0 VTLP sync handling began
2026-03-05 15:41:16 INFO root Device 21-0 VTLP sync handling began
2026-03-05 15:41:16 INFO root Device 19-0 VTLP sync handling began
2026-03-05 15:41:16 INFO root Device 17-0 VTLP sync handling ended
2026-03-05 15:41:16 INFO root Device 19-0 VTLP sync handling ended
2026-03-05 15:41:16 INFO root Device 21-0 VTLP sync handling ended
2026-03-05 15:41:17 INFO root Device 20-0 VTLP sync handling began
2026-03-05 15:41:17 INFO root Device 17-0 VTLP sync handling began
2026-03-05 15:41:17 INFO root Device 20-0 VTLP sync handling ended
2026-03-05 15:41:17 INFO root Device 16-0 VTLP sync handling began
2026-03-05 15:41:17 INFO root Device 17-0 VTLP sync handling ended
2026-03-05 15:41:17 INFO root Device 16-0 VTLP sync handling ended
2026-03-05 15:41:17 INFO root Device 20-0 VTLP sync handling began
2026-03-05 15:41:17 INFO root Device 17-0 VTLP sync handling began
2026-03-05 15:41:17 INFO root Device 20-0 VTLP sync handling ended
2026-03-05 15:41:17 INFO root Device 16-0 VTLP sync handling began
2026-03-05 15:41:17 INFO root Device 17-0 VTLP sync handling ended
2026-03-05 15:41:17 INFO root Device 16-0 VTLP sync handling ended
2026-03-05 15:41:19 INFO root Device 19-0 VTLP sync handling began
2026-03-05 15:41:19 INFO root Device 19-0 VTLP sync handling ended
2026-03-05 15:41:19 INFO root Device 19-0 VTLP sync handling began
2026-03-05 15:41:19 INFO root Device 19-0 VTLP sync handling ended
2026-03-05 15:41:20 ERROR root SerialInterface spd2:COM1SendAndWait: Port COM1 not open
2026-03-05 15:41:20 ERROR root SerialInterface spd6:COM1SendAndWait: Port COM1 not open
2026-03-05 15:41:20 ERROR root SerialInterface spd1:COM1SendAndWait: Port COM1 not open
2026-03-05 15:41:20 ERROR root SerialInterface spd3:COM1SendAndWait: Port COM1 not open
2026-03-05 15:41:20 ERROR root SerialInterface spd4:COM1SendAndWait: Port COM1 not open
2026-03-05 15:41:20 ERROR root SerialInterface spd5:COM1SendAndWait: Port COM1 not open
2026-03-05 15:41:26 INFO root Device 20-0 VTLP sync handling began
2026-03-05 15:41:26 INFO root Device 21-0 VTLP sync handling began
2026-03-05 15:41:26 INFO root Device 21-0 VTLP sync handling ended
2026-03-05 15:41:26 INFO root Device 20-0 VTLP sync handling ended
2026-03-05 15:41:26 INFO root Device 21-0 VTLP sync handling began
2026-03-05 15:41:26 INFO root Device 20-0 VTLP sync handling began
2026-03-05 15:41:26 INFO root Device 21-0 VTLP sync handling ended
2026-03-05 15:41:26 INFO root Device 20-0 VTLP sync handling ended
2026-03-05 15:41:27 INFO root Device 22-0 VTLP sync handling began
2026-03-05 15:41:27 INFO root Device 22-0 VTLP sync handling ended
2026-03-05 15:41:27 INFO root Device 22-0 VTLP sync handling began
2026-03-05 15:41:27 INFO root Device 22-0 VTLP sync handling ended
2026-03-05 15:41:27 INFO root Device 19-0 VTLP sync handling began
2026-03-05 15:41:27 INFO root Device 19-0 VTLP sync handling ended
2026-03-05 15:41:27 INFO root Device 19-0 VTLP sync handling began
2026-03-05 15:41:27 INFO root Device 19-0 VTLP sync handling ended
2026-03-05 15:41:28 INFO root Device 16-0 VTLP sync handling began
2026-03-05 15:41:28 INFO root Device 16-0 VTLP sync handling ended
2026-03-05 15:41:28 INFO root Device 17-0 VTLP sync handling began
2026-03-05 15:41:28 INFO root Device 17-0 VTLP sync handling ended
2026-03-05 15:41:28 INFO root Device 17-0 VTLP sync handling began
2026-03-05 15:41:28 INFO root Device 17-0 VTLP sync handling ended
2026-03-05 15:41:28 INFO root Device 17-0 VTLP sync handling began
2026-03-05 15:41:28 INFO root Device 17-0 VTLP sync handling ended
2026-03-05 15:41:29 INFO root Device 16-0 VTLP sync handling began
2026-03-05 15:41:29 INFO root Device 17-0 VTLP sync handling began
2026-03-05 15:41:29 INFO root Device 16-0 VTLP sync handling ended
2026-03-05 15:41:29 INFO root Device 16-0 VTLP sync handling began
2026-03-05 15:41:29 INFO root Device 17-0 VTLP sync handling ended
2026-03-05 15:41:29 INFO root Device 16-0 VTLP sync handling ended
2026-03-05 15:41:30 INFO root Device 21-0 VTLP sync handling began
2026-03-05 15:41:30 INFO root Device 21-0 VTLP sync handling ended
2026-03-05 15:41:30 INFO root Device 20-0 VTLP sync handling began
2026-03-05 15:41:30 INFO root Device 19-0 VTLP sync handling began
2026-03-05 15:41:30 ERROR root SerialInterface spd2:COM1SendAndWait: Port COM1 not open
2026-03-05 15:41:30 INFO root Device 20-0 VTLP sync handling ended
2026-03-05 15:41:30 INFO root Device 19-0 VTLP sync handling ended
2026-03-05 15:41:30 INFO root Device 21-0 VTLP sync handling began
2026-03-05 15:41:30 INFO root Device 20-0 VTLP sync handling began
2026-03-05 15:41:30 INFO root Device 19-0 VTLP sync handling began
2026-03-05 15:41:30 INFO root Device 21-0 VTLP sync handling ended
2026-03-05 15:41:30 INFO root Device 19-0 VTLP sync handling ended
2026-03-05 15:41:30 INFO root Device 20-0 VTLP sync handling ended
2026-03-05 15:41:30 INFO root Device 20-0 VTLP sync handling began
2026-03-05 15:41:30 INFO root Device 20-0 VTLP sync handling ended
2026-03-05 15:41:30 ERROR root SerialInterface spd3:COM1SendAndWait: Port COM1 not open
2026-03-05 15:41:30 ERROR root SerialInterface spd6:COM1SendAndWait: Port COM1 not open
2026-03-05 15:41:30 ERROR root SerialInterface spd5:COM1SendAndWait: Port COM1 not open
2026-03-05 15:41:30 ERROR root SerialInterface spd1:COM1SendAndWait: Port COM1 not open
2026-03-05 15:41:30 ERROR root SerialInterface spd4:COM1SendAndWait: Port COM1 not open
2026-03-05 15:41:31 INFO root Device 17-0 VTLP sync handling began
2026-03-05 15:41:31 INFO root Device 17-0 VTLP sync handling ended
2026-03-05 15:41:31 INFO root Device 19-0 VTLP sync handling began
2026-03-05 15:41:31 INFO root Device 19-0 VTLP sync handling ended
2026-03-05 15:41:31 INFO root Device 21-0 VTLP sync handling began
2026-03-05 15:41:31 INFO root Device 17-0 VTLP sync handling began
2026-03-05 15:41:31 INFO root Device 19-0 VTLP sync handling began
2026-03-05 15:41:31 INFO root Device 21-0 VTLP sync handling ended
2026-03-05 15:41:31 INFO root Device 17-0 VTLP sync handling ended
2026-03-05 15:41:31 INFO root Device 19-0 VTLP sync handling ended
2026-03-05 15:41:31 INFO root Device 21-0 VTLP sync handling began
2026-03-05 15:41:31 INFO root Device 21-0 VTLP sync handling ended
2026-03-05 15:41:32 INFO root Device 20-0 VTLP sync handling began
2026-03-05 15:41:32 INFO root Device 20-0 VTLP sync handling ended
2026-03-05 15:41:32 INFO root Device 16-0 VTLP sync handling began
2026-03-05 15:41:32 INFO root Device 17-0 VTLP sync handling began
2026-03-05 15:41:32 INFO root Device 20-0 VTLP sync handling began
2026-03-05 15:41:32 INFO root Device 17-0 VTLP sync handling ended
2026-03-05 15:41:32 INFO root Device 16-0 VTLP sync handling ended
2026-03-05 15:41:32 INFO root Device 20-0 VTLP sync handling ended
2026-03-05 15:41:32 INFO root Device 17-0 VTLP sync handling began
2026-03-05 15:41:32 INFO root Device 16-0 VTLP sync handling began
2026-03-05 15:41:32 INFO root Device 17-0 VTLP sync handling ended
2026-03-05 15:41:32 INFO root Device 16-0 VTLP sync handling ended
2026-03-05 15:41:34 INFO root Device 19-0 VTLP sync handling began
2026-03-05 15:41:34 INFO root Device 19-0 VTLP sync handling ended
2026-03-05 15:41:34 INFO root Device 19-0 VTLP sync handling began
2026-03-05 15:41:34 INFO root Device 19-0 VTLP sync handling ended
2026-03-05 15:41:40 ERROR root SerialInterface spd2:COM1SendAndWait: Port COM1 not open
2026-03-05 15:41:40 ERROR root SerialInterface spd3:COM1SendAndWait: Port COM1 not open
2026-03-05 15:41:40 ERROR root SerialInterface spd6:COM1SendAndWait: Port COM1 not open
2026-03-05 15:41:40 ERROR root SerialInterface spd4:COM1SendAndWait: Port COM1 not open
2026-03-05 15:41:40 ERROR root SerialInterface spd5:COM1SendAndWait: Port COM1 not open
2026-03-05 15:41:40 ERROR root SerialInterface spd1:COM1SendAndWait: Port COM1 not open
2026-03-05 15:41:41 INFO root Device 20-0 VTLP sync handling began
2026-03-05 15:41:41 INFO root Device 21-0 VTLP sync handling began
2026-03-05 15:41:41 INFO root Device 20-0 VTLP sync handling ended
2026-03-05 15:41:41 INFO root Device 21-0 VTLP sync handling ended
2026-03-05 15:41:41 INFO root Device 20-0 VTLP sync handling began
2026-03-05 15:41:41 INFO root Device 21-0 VTLP sync handling began
2026-03-05 15:41:41 INFO root Device 21-0 VTLP sync handling ended
2026-03-05 15:41:41 INFO root Device 20-0 VTLP sync handling ended
2026-03-05 15:41:42 INFO root Device 22-0 VTLP sync handling began
2026-03-05 15:41:42 INFO root Device 22-0 VTLP sync handling ended
2026-03-05 15:41:42 INFO root Device 22-0 VTLP sync handling began
2026-03-05 15:41:42 INFO root Device 22-0 VTLP sync handling ended
2026-03-05 15:41:42 INFO root Device 19-0 VTLP sync handling began
2026-03-05 15:41:42 INFO root Device 19-0 VTLP sync handling ended
2026-03-05 15:41:42 INFO root Device 19-0 VTLP sync handling began
2026-03-05 15:41:42 INFO root Device 19-0 VTLP sync handling ended
2026-03-05 15:41:43 INFO root Device 16-0 VTLP sync handling began
2026-03-05 15:41:43 INFO root Device 17-0 VTLP sync handling began
2026-03-05 15:41:43 INFO root Device 17-0 VTLP sync handling ended
2026-03-05 15:41:43 INFO root Device 16-0 VTLP sync handling ended
2026-03-05 15:41:43 INFO root Device 17-0 VTLP sync handling began
2026-03-05 15:41:43 INFO root Device 17-0 VTLP sync handling ended
2026-03-05 15:41:43 INFO root Device 17-0 VTLP sync handling began
2026-03-05 15:41:43 INFO root Device 17-0 VTLP sync handling ended
2026-03-05 15:41:44 INFO root Device 16-0 VTLP sync handling began
2026-03-05 15:41:44 INFO root Device 17-0 VTLP sync handling began
2026-03-05 15:41:44 INFO root Device 17-0 VTLP sync handling ended
2026-03-05 15:41:44 INFO root Device 16-0 VTLP sync handling ended
2026-03-05 15:41:44 INFO root Device 16-0 VTLP sync handling began
2026-03-05 15:41:44 INFO root Device 16-0 VTLP sync handling ended
2026-03-05 15:41:45 INFO root Device 19-0 VTLP sync handling began
2026-03-05 15:41:45 INFO root Device 19-0 VTLP sync handling ended
2026-03-05 15:41:45 INFO root Device 21-0 VTLP sync handling began
2026-03-05 15:41:45 INFO root Device 21-0 VTLP sync handling ended
2026-03-05 15:41:45 INFO root Device 19-0 VTLP sync handling began
2026-03-05 15:41:45 INFO root Device 20-0 VTLP sync handling began
2026-03-05 15:41:45 INFO root Device 20-0 VTLP sync handling ended
2026-03-05 15:41:45 INFO root Device 21-0 VTLP sync handling began
2026-03-05 15:41:45 INFO root Device 19-0 VTLP sync handling ended
2026-03-05 15:41:45 INFO root Device 21-0 VTLP sync handling ended
2026-03-05 15:41:45 INFO root Device 20-0 VTLP sync handling began
2026-03-05 15:41:45 INFO root Device 20-0 VTLP sync handling ended
2026-03-05 15:41:45 INFO root Device 20-0 VTLP sync handling began
2026-03-05 15:41:45 INFO root Device 20-0 VTLP sync handling ended
2026-03-05 15:41:46 ERROR root Debug Server restarted:Listening
2026-03-05 15:41:46 INFO root Device 19-0 VTLP sync handling began
2026-03-05 15:41:46 INFO root Device 19-0 VTLP sync handling ended
2026-03-05 15:41:46 INFO root Device 19-0 VTLP sync handling began
2026-03-05 15:41:46 INFO root Device 19-0 VTLP sync handling ended
2026-03-05 15:41:46 INFO root Device 21-0 VTLP sync handling began
2026-03-05 15:41:46 INFO root Device 21-0 VTLP sync handling ended
2026-03-05 15:41:46 INFO root Device 17-0 VTLP sync handling began
2026-03-05 15:41:46 INFO root Device 21-0 VTLP sync handling began
2026-03-05 15:41:46 INFO root Device 17-0 VTLP sync handling ended
2026-03-05 15:41:46 INFO root Device 21-0 VTLP sync handling ended
2026-03-05 15:41:46 INFO root Device 17-0 VTLP sync handling began
2026-03-05 15:41:46 INFO root Device 17-0 VTLP sync handling ended
2026-03-05 15:41:47 INFO root Device 17-0 VTLP sync handling began
2026-03-05 15:41:47 INFO root Device 20-0 VTLP sync handling began
2026-03-05 15:41:47 INFO root Device 16-0 VTLP sync handling began
2026-03-05 15:41:47 INFO root Device 17-0 VTLP sync handling ended
2026-03-05 15:41:47 INFO root Device 20-0 VTLP sync handling ended
2026-03-05 15:41:47 INFO root Device 16-0 VTLP sync handling ended
2026-03-05 15:41:47 INFO root Device 16-0 VTLP sync handling began
2026-03-05 15:41:47 INFO root Device 17-0 VTLP sync handling began
2026-03-05 15:41:47 INFO root Device 20-0 VTLP sync handling began
2026-03-05 15:41:47 INFO root Device 17-0 VTLP sync handling ended
2026-03-05 15:41:47 INFO root Device 20-0 VTLP sync handling ended
2026-03-05 15:41:47 INFO root Device 16-0 VTLP sync handling ended
2026-03-05 15:41:49 INFO root Device 19-0 VTLP sync handling began
2026-03-05 15:41:49 INFO root Device 19-0 VTLP sync handling ended
2026-03-05 15:41:49 INFO root Device 19-0 VTLP sync handling began
2026-03-05 15:41:49 INFO root Device 19-0 VTLP sync handling ended
2026-03-05 15:41:50 ERROR root SerialInterface spd2:COM1SendAndWait: Port COM1 not open
2026-03-05 15:41:50 ERROR root SerialInterface spd3:COM1SendAndWait: Port COM1 not open
2026-03-05 15:41:50 ERROR root SerialInterface spd6:COM1SendAndWait: Port COM1 not open
2026-03-05 15:41:50 ERROR root SerialInterface spd4:COM1SendAndWait: Port COM1 not open
2026-03-05 15:41:50 ERROR root SerialInterface spd1:COM1SendAndWait: Port COM1 not open
2026-03-05 15:41:50 ERROR root SerialInterface spd5:COM1SendAndWait: Port COM1 not open
2026-03-05 15:41:56 INFO root Device 21-0 VTLP sync handling began
2026-03-05 15:41:56 INFO root Device 21-0 VTLP sync handling ended
2026-03-05 15:41:56 INFO root Device 20-0 VTLP sync handling began
2026-03-05 15:41:56 INFO root Device 21-0 VTLP sync handling began
2026-03-05 15:41:56 INFO root Device 20-0 VTLP sync handling ended
2026-03-05 15:41:56 INFO root Device 21-0 VTLP sync handling ended
2026-03-05 15:41:56 INFO root Device 20-0 VTLP sync handling began
2026-03-05 15:41:56 INFO root Device 20-0 VTLP sync handling ended
2026-03-05 15:41:57 INFO root Device 22-0 VTLP sync handling began
2026-03-05 15:41:57 INFO root Device 22-0 VTLP sync handling ended
2026-03-05 15:41:57 INFO root Device 22-0 VTLP sync handling began
2026-03-05 15:41:57 INFO root Device 22-0 VTLP sync handling ended
2026-03-05 15:41:57 INFO root Device 19-0 VTLP sync handling began
2026-03-05 15:41:57 INFO root Device 19-0 VTLP sync handling ended
2026-03-05 15:41:57 INFO root Device 19-0 VTLP sync handling began
2026-03-05 15:41:57 INFO root Device 19-0 VTLP sync handling ended
2026-03-05 15:41:58 INFO root Device 17-0 VTLP sync handling began
2026-03-05 15:41:58 INFO root Device 16-0 VTLP sync handling began
2026-03-05 15:41:58 INFO root Device 16-0 VTLP sync handling ended
2026-03-05 15:41:58 INFO root Device 17-0 VTLP sync handling ended
2026-03-05 15:41:58 INFO root Device 17-0 VTLP sync handling began
2026-03-05 15:41:58 INFO root Device 17-0 VTLP sync handling ended
2026-03-05 15:41:58 INFO root Device 17-0 VTLP sync handling began
2026-03-05 15:41:58 INFO root Device 17-0 VTLP sync handling ended
2026-03-05 15:41:59 INFO root Device 17-0 VTLP sync handling began
2026-03-05 15:41:59 INFO root Device 17-0 VTLP sync handling ended
2026-03-05 15:41:59 INFO root Device 16-0 VTLP sync handling began
2026-03-05 15:41:59 INFO root Device 16-0 VTLP sync handling ended
2026-03-05 15:41:59 INFO root Device 16-0 VTLP sync handling began
2026-03-05 15:41:59 INFO root Device 16-0 VTLP sync handling ended
2026-03-05 15:42:00 INFO root Device 21-0 VTLP sync handling began
2026-03-05 15:42:00 INFO root Device 19-0 VTLP sync handling began
2026-03-05 15:42:00 INFO root Device 19-0 VTLP sync handling ended
2026-03-05 15:42:00 INFO root Device 20-0 VTLP sync handling began
2026-03-05 15:42:00 INFO root Device 21-0 VTLP sync handling ended
2026-03-05 15:42:00 INFO root Device 19-0 VTLP sync handling began
2026-03-05 15:42:00 INFO root Device 20-0 VTLP sync handling ended
2026-03-05 15:42:00 INFO root Device 19-0 VTLP sync handling ended
2026-03-05 15:42:00 INFO root Device 21-0 VTLP sync handling began
2026-03-05 15:42:00 INFO root Device 21-0 VTLP sync handling ended
2026-03-05 15:42:00 INFO root Device 20-0 VTLP sync handling began
2026-03-05 15:42:00 INFO root Device 20-0 VTLP sync handling ended
2026-03-05 15:42:00 INFO root Device 20-0 VTLP sync handling began
2026-03-05 15:42:00 INFO root Device 20-0 VTLP sync handling ended
2026-03-05 15:42:00 ERROR root SerialInterface spd2:COM1SendAndWait: Port COM1 not open
2026-03-05 15:42:00 ERROR root SerialInterface spd3:COM1SendAndWait: Port COM1 not open
2026-03-05 15:42:00 ERROR root SerialInterface spd6:COM1SendAndWait: Port COM1 not open
2026-03-05 15:42:00 ERROR root SerialInterface spd4:COM1SendAndWait: Port COM1 not open
2026-03-05 15:42:00 ERROR root SerialInterface spd1:COM1SendAndWait: Port COM1 not open
2026-03-05 15:42:00 ERROR root SerialInterface spd5:COM1SendAndWait: Port COM1 not open
2026-03-05 15:42:01 INFO root Device 17-0 VTLP sync handling began
2026-03-05 15:42:01 INFO root Device 17-0 VTLP sync handling ended
2026-03-05 15:42:01 INFO root Device 21-0 VTLP sync handling began
2026-03-05 15:42:01 INFO root Device 19-0 VTLP sync handling began
2026-03-05 15:42:01 INFO root Device 17-0 VTLP sync handling began
2026-03-05 15:42:01 INFO root Device 19-0 VTLP sync handling ended
2026-03-05 15:42:01 INFO root Device 19-0 VTLP sync handling began
2026-03-05 15:42:01 INFO root Device 21-0 VTLP sync handling ended
2026-03-05 15:42:01 INFO root Device 17-0 VTLP sync handling ended
2026-03-05 15:42:01 INFO root Device 21-0 VTLP sync handling began
2026-03-05 15:42:01 INFO root Device 19-0 VTLP sync handling ended
2026-03-05 15:42:01 INFO root Device 21-0 VTLP sync handling ended
2026-03-05 15:42:02 INFO root Device 17-0 VTLP sync handling began
2026-03-05 15:42:02 INFO root Device 20-0 VTLP sync handling began
2026-03-05 15:42:02 INFO root Device 16-0 VTLP sync handling began
2026-03-05 15:42:02 INFO root Device 17-0 VTLP sync handling ended
2026-03-05 15:42:02 INFO root Device 20-0 VTLP sync handling ended
2026-03-05 15:42:02 INFO root Device 17-0 VTLP sync handling began
2026-03-05 15:42:02 INFO root Device 17-0 VTLP sync handling ended
2026-03-05 15:42:02 INFO root Device 20-0 VTLP sync handling began
2026-03-05 15:42:02 INFO root Device 20-0 VTLP sync handling ended
2026-03-05 15:42:02 INFO root Device 16-0 VTLP sync handling ended
2026-03-05 15:42:02 INFO root Device 16-0 VTLP sync handling began
2026-03-05 15:42:02 INFO root Device 16-0 VTLP sync handling ended
2026-03-05 15:42:04 INFO root Device 19-0 VTLP sync handling began
2026-03-05 15:42:04 INFO root Device 19-0 VTLP sync handling ended
2026-03-05 15:42:04 INFO root Device 19-0 VTLP sync handling began
2026-03-05 15:42:04 INFO root Device 19-0 VTLP sync handling ended
2026-03-05 15:42:10 ERROR root SerialInterface spd2:COM1SendAndWait: Port COM1 not open
2026-03-05 15:42:10 ERROR root SerialInterface spd3:COM1SendAndWait: Port COM1 not open
2026-03-05 15:42:10 ERROR root SerialInterface spd6:COM1SendAndWait: Port COM1 not open
2026-03-05 15:42:10 ERROR root SerialInterface spd4:COM1SendAndWait: Port COM1 not open
2026-03-05 15:42:10 ERROR root SerialInterface spd1:COM1SendAndWait: Port COM1 not open
2026-03-05 15:42:10 ERROR root SerialInterface spd5:COM1SendAndWait: Port COM1 not open
2026-03-05 15:42:11 INFO root Device 20-0 VTLP sync handling began
2026-03-05 15:42:11 INFO root Device 21-0 VTLP sync handling began
2026-03-05 15:42:11 INFO root Device 20-0 VTLP sync handling ended
2026-03-05 15:42:11 INFO root Device 21-0 VTLP sync handling ended
2026-03-05 15:42:11 INFO root Device 20-0 VTLP sync handling began
2026-03-05 15:42:11 INFO root Device 20-0 VTLP sync handling ended
2026-03-05 15:42:11 INFO root Device 21-0 VTLP sync handling began
2026-03-05 15:42:11 INFO root Device 21-0 VTLP sync handling ended
2026-03-05 15:42:12 INFO root Device 22-0 VTLP sync handling began
2026-03-05 15:42:12 INFO root Device 22-0 VTLP sync handling ended
2026-03-05 15:42:12 INFO root Device 22-0 VTLP sync handling began
2026-03-05 15:42:12 INFO root Device 22-0 VTLP sync handling ended
2026-03-05 15:42:16 ERROR root Debug Server restarted:Listening
2026-03-05 15:42:20 ERROR root SerialInterface spd2:COM1SendAndWait: Port COM1 not open
2026-03-05 15:42:20 ERROR root SerialInterface spd3:COM1SendAndWait: Port COM1 not open
2026-03-05 15:42:20 ERROR root SerialInterface spd6:COM1SendAndWait: Port COM1 not open
2026-03-05 15:42:20 ERROR root SerialInterface spd4:COM1SendAndWait: Port COM1 not open
2026-03-05 15:42:20 ERROR root SerialInterface spd1:COM1SendAndWait: Port COM1 not open
2026-03-05 15:42:20 ERROR root SerialInterface spd5:COM1SendAndWait: Port COM1 not open
2026-03-05 15:42:27 INFO root Device 22-0 VTLP sync handling began
2026-03-05 15:42:27 INFO root Device 22-0 VTLP sync handling ended
2026-03-05 15:42:27 INFO root Device 22-0 VTLP sync handling began
2026-03-05 15:42:27 INFO root Device 22-0 VTLP sync handling ended
2026-03-05 15:42:33 ERROR root SerialInterface spd6:COM1SendAndWait: Port COM1 not open
2026-03-05 15:42:33 ERROR root SerialInterface spd4:COM1SendAndWait: Port COM1 not open
2026-03-05 15:42:33 ERROR root SerialInterface spd2:COM1SendAndWait: Port COM1 not open
2026-03-05 15:42:33 ERROR root SerialInterface spd1:COM1SendAndWait: Port COM1 not open
2026-03-05 15:42:33 ERROR root SerialInterface spd5:COM1SendAndWait: Port COM1 not open
2026-03-05 15:42:33 ERROR root SerialInterface spd3:COM1SendAndWait: Port COM1 not open
2026-03-05 15:42:42 INFO root Device 22-0 VTLP sync handling began
2026-03-05 15:42:42 INFO root Device 22-0 VTLP sync handling ended
2026-03-05 15:42:42 INFO root Device 22-0 VTLP sync handling began
2026-03-05 15:42:42 INFO root Device 22-0 VTLP sync handling ended
2026-03-05 15:42:43 ERROR root SerialInterface spd6:COM1SendAndWait: Port COM1 not open
2026-03-05 15:42:44 ERROR root SerialInterface spd1:COM1SendAndWait: Port COM1 not open
2026-03-05 15:42:44 ERROR root SerialInterface spd2:COM1SendAndWait: Port COM1 not open
2026-03-05 15:42:44 ERROR root SerialInterface spd4:COM1SendAndWait: Port COM1 not open
2026-03-05 15:42:44 ERROR root SerialInterface spd3:COM1SendAndWait: Port COM1 not open
2026-03-05 15:42:44 ERROR root SerialInterface spd5:COM1SendAndWait: Port COM1 not open
2026-03-05 15:42:46 ERROR root Debug Server restarted:Listening
2026-03-05 15:42:53 ERROR root SerialInterface spd6:COM1SendAndWait: Port COM1 not open
2026-03-05 15:42:54 ERROR root SerialInterface spd1:COM1SendAndWait: Port COM1 not open
2026-03-05 15:42:54 ERROR root SerialInterface spd2:COM1SendAndWait: Port COM1 not open
2026-03-05 15:42:54 ERROR root SerialInterface spd3:COM1SendAndWait: Port COM1 not open
2026-03-05 15:42:54 ERROR root SerialInterface spd5:COM1SendAndWait: Port COM1 not open
2026-03-05 15:42:54 ERROR root SerialInterface spd4:COM1SendAndWait: Port COM1 not open
2026-03-05 15:42:57 INFO root Device 22-0 VTLP sync handling began
2026-03-05 15:42:57 INFO root Device 22-0 VTLP sync handling ended
2026-03-05 15:42:57 INFO root Device 22-0 VTLP sync handling began
2026-03-05 15:42:57 INFO root Device 22-0 VTLP sync handling ended
2026-03-05 15:43:04 ERROR root SerialInterface spd6:COM1SendAndWait: Port COM1 not open
2026-03-05 15:43:04 ERROR root SerialInterface spd1:COM1SendAndWait: Port COM1 not open
2026-03-05 15:43:04 ERROR root SerialInterface spd2:COM1SendAndWait: Port COM1 not open
2026-03-05 15:43:04 ERROR root SerialInterface spd5:COM1SendAndWait: Port COM1 not open
2026-03-05 15:43:04 ERROR root SerialInterface spd3:COM1SendAndWait: Port COM1 not open
2026-03-05 15:43:04 ERROR root SerialInterface spd4:COM1SendAndWait: Port COM1 not open
2026-03-05 15:43:07 INFO root Device 21-0 VTLP sync handling began
2026-03-05 15:43:07 INFO root Device 21-0 VTLP sync handling ended
2026-03-05 15:43:07 INFO root Device 21-0 VTLP sync handling began
2026-03-05 15:43:07 INFO root Device 16-0 VTLP sync handling began
2026-03-05 15:43:07 INFO root Device 21-0 VTLP sync handling ended
2026-03-05 15:43:07 INFO root Device 16-0 VTLP sync handling ended
2026-03-05 15:43:07 INFO root Device 21-0 VTLP sync handling began
2026-03-05 15:43:07 INFO root Device 16-0 VTLP sync handling began
2026-03-05 15:43:07 INFO root Device 17-0 VTLP sync handling began
2026-03-05 15:43:07 INFO root Device 21-0 VTLP sync handling ended
2026-03-05 15:43:07 INFO root Device 16-0 VTLP sync handling ended
2026-03-05 15:43:07 INFO root Device 17-0 VTLP sync handling ended
2026-03-05 15:43:07 INFO root Device 21-0 VTLP sync handling began
2026-03-05 15:43:07 INFO root Device 17-0 VTLP sync handling began
2026-03-05 15:43:07 INFO root Device 20-0 VTLP sync handling began
2026-03-05 15:43:07 INFO root Device 16-0 VTLP sync handling began
2026-03-05 15:43:07 INFO root Device 19-0 VTLP sync handling began
2026-03-05 15:43:07 INFO root Device 21-0 VTLP sync handling ended
2026-03-05 15:43:07 INFO root Device 17-0 VTLP sync handling ended
2026-03-05 15:43:07 INFO root Device 20-0 VTLP sync handling ended
2026-03-05 15:43:07 INFO root Device 19-0 VTLP sync handling ended
2026-03-05 15:43:07 INFO root Device 16-0 VTLP sync handling ended
2026-03-05 15:43:07 INFO root Device 21-0 VTLP sync handling began
2026-03-05 15:43:07 INFO root Device 19-0 VTLP sync handling began
2026-03-05 15:43:07 INFO root Device 20-0 VTLP sync handling began
2026-03-05 15:43:07 INFO root Device 17-0 VTLP sync handling began
2026-03-05 15:43:07 INFO root Device 16-0 VTLP sync handling began
2026-03-05 15:43:07 INFO root Device 20-0 VTLP sync handling ended
2026-03-05 15:43:07 INFO root Device 21-0 VTLP sync handling ended
2026-03-05 15:43:07 INFO root Device 16-0 VTLP sync handling ended
2026-03-05 15:43:07 INFO root Device 19-0 VTLP sync handling ended
2026-03-05 15:43:07 INFO root Device 20-0 VTLP sync handling began
2026-03-05 15:43:07 INFO root Device 17-0 VTLP sync handling ended
2026-03-05 15:43:07 INFO root Device 21-0 VTLP sync handling began
2026-03-05 15:43:07 INFO root Device 19-0 VTLP sync handling began
2026-03-05 15:43:07 INFO root Device 16-0 VTLP sync handling began
2026-03-05 15:43:07 INFO root Device 21-0 VTLP sync handling ended
2026-03-05 15:43:07 INFO root Device 16-0 VTLP sync handling ended
2026-03-05 15:43:07 INFO root Device 17-0 VTLP sync handling began
2026-03-05 15:43:07 INFO root Device 20-0 VTLP sync handling ended
2026-03-05 15:43:07 INFO root Device 19-0 VTLP sync handling ended
2026-03-05 15:43:07 INFO root Device 20-0 VTLP sync handling began
2026-03-05 15:43:07 INFO root Device 19-0 VTLP sync handling began
2026-03-05 15:43:07 INFO root Device 20-0 VTLP sync handling ended
2026-03-05 15:43:07 INFO root Device 17-0 VTLP sync handling ended
2026-03-05 15:43:07 INFO root Device 20-0 VTLP sync handling began
2026-03-05 15:43:07 INFO root Device 19-0 VTLP sync handling ended
2026-03-05 15:43:07 INFO root Device 20-0 VTLP sync handling ended
2026-03-05 15:43:07 INFO root Device 17-0 VTLP sync handling began
2026-03-05 15:43:07 INFO root Device 20-0 VTLP sync handling began
2026-03-05 15:43:07 INFO root Device 17-0 VTLP sync handling ended
2026-03-05 15:43:07 INFO root Device 19-0 VTLP sync handling began
2026-03-05 15:43:07 INFO root Device 19-0 VTLP sync handling ended
2026-03-05 15:43:07 INFO root Device 20-0 VTLP sync handling ended
2026-03-05 15:43:07 INFO root Device 17-0 VTLP sync handling began
2026-03-05 15:43:07 INFO root Device 20-0 VTLP sync handling began
2026-03-05 15:43:07 INFO root Device 19-0 VTLP sync handling began
2026-03-05 15:43:07 INFO root Device 17-0 VTLP sync handling ended
2026-03-05 15:43:07 INFO root Device 19-0 VTLP sync handling ended
2026-03-05 15:43:07 INFO root Device 20-0 VTLP sync handling ended
2026-03-05 15:43:07 INFO root Device 17-0 VTLP sync handling began
2026-03-05 15:43:07 INFO root Device 19-0 VTLP sync handling began
2026-03-05 15:43:07 INFO root Device 17-0 VTLP sync handling ended
2026-03-05 15:43:07 INFO root Device 19-0 VTLP sync handling ended
2026-03-05 15:43:07 INFO root Device 17-0 VTLP sync handling began
2026-03-05 15:43:07 INFO root Device 19-0 VTLP sync handling began
2026-03-05 15:43:07 INFO root Device 17-0 VTLP sync handling ended
2026-03-05 15:43:07 INFO root Device 19-0 VTLP sync handling ended
2026-03-05 15:43:12 INFO root Device 22-0 VTLP sync handling began
2026-03-05 15:43:12 INFO root Device 22-0 VTLP sync handling ended
2026-03-05 15:43:12 INFO root Device 22-0 VTLP sync handling began
2026-03-05 15:43:12 INFO root Device 22-0 VTLP sync handling ended
2026-03-05 15:43:14 ERROR root SerialInterface spd6:COM1SendAndWait: Port COM1 not open
2026-03-05 15:43:14 ERROR root SerialInterface spd1:COM1SendAndWait: Port COM1 not open
2026-03-05 15:43:14 ERROR root SerialInterface spd2:COM1SendAndWait: Port COM1 not open
2026-03-05 15:43:14 ERROR root SerialInterface spd5:COM1SendAndWait: Port COM1 not open
2026-03-05 15:43:14 ERROR root SerialInterface spd3:COM1SendAndWait: Port COM1 not open
2026-03-05 15:43:14 ERROR root SerialInterface spd4:COM1SendAndWait: Port COM1 not open
2026-03-05 15:43:16 ERROR root Debug Server restarted:Listening
2026-03-05 15:43:24 ERROR root SerialInterface spd6:COM1SendAndWait: Port COM1 not open
2026-03-05 15:43:24 ERROR root SerialInterface spd1:COM1SendAndWait: Port COM1 not open
2026-03-05 15:43:24 ERROR root SerialInterface spd2:COM1SendAndWait: Port COM1 not open
2026-03-05 15:43:24 ERROR root SerialInterface spd5:COM1SendAndWait: Port COM1 not open
2026-03-05 15:43:24 ERROR root SerialInterface spd3:COM1SendAndWait: Port COM1 not open
2026-03-05 15:43:24 ERROR root SerialInterface spd4:COM1SendAndWait: Port COM1 not open
2026-03-05 15:43:27 INFO root Device 22-0 VTLP sync handling began
2026-03-05 15:43:27 INFO root Device 22-0 VTLP sync handling ended
2026-03-05 15:43:27 INFO root Device 22-0 VTLP sync handling began
2026-03-05 15:43:27 INFO root Device 22-0 VTLP sync handling ended
2026-03-05 15:43:34 ERROR root SerialInterface spd6:COM1SendAndWait: Port COM1 not open
2026-03-05 15:43:34 ERROR root SerialInterface spd1:COM1SendAndWait: Port COM1 not open
2026-03-05 15:43:34 ERROR root SerialInterface spd2:COM1SendAndWait: Port COM1 not open
2026-03-05 15:43:34 ERROR root SerialInterface spd5:COM1SendAndWait: Port COM1 not open
2026-03-05 15:43:34 ERROR root SerialInterface spd3:COM1SendAndWait: Port COM1 not open
2026-03-05 15:43:34 ERROR root SerialInterface spd4:COM1SendAndWait: Port COM1 not open
2026-03-05 15:43:42 INFO root Device 22-0 VTLP sync handling began
2026-03-05 15:43:42 INFO root Device 22-0 VTLP sync handling ended
2026-03-05 15:43:42 INFO root Device 22-0 VTLP sync handling began
2026-03-05 15:43:42 INFO root Device 22-0 VTLP sync handling ended
2026-03-05 15:43:46 ERROR root Debug Server restarted:Listening
2026-03-05 15:43:47 ERROR root SerialInterface spd6:COM1SendAndWait: Port COM1 not open
2026-03-05 15:43:47 ERROR root SerialInterface spd1:COM1SendAndWait: Port COM1 not open
2026-03-05 15:43:47 ERROR root SerialInterface spd2:COM1SendAndWait: Port COM1 not open
2026-03-05 15:43:47 ERROR root SerialInterface spd5:COM1SendAndWait: Port COM1 not open
2026-03-05 15:43:47 ERROR root SerialInterface spd4:COM1SendAndWait: Port COM1 not open
2026-03-05 15:43:47 ERROR root SerialInterface spd3:COM1SendAndWait: Port COM1 not open
2026-03-05 15:43:57 INFO root Device 22-0 VTLP sync handling began
2026-03-05 15:43:57 INFO root Device 22-0 VTLP sync handling ended
2026-03-05 15:43:57 INFO root Device 22-0 VTLP sync handling began
2026-03-05 15:43:57 INFO root Device 22-0 VTLP sync handling ended
2026-03-05 15:43:57 ERROR root SerialInterface spd6:COM1SendAndWait: Port COM1 not open
2026-03-05 15:43:58 ERROR root SerialInterface spd1:COM1SendAndWait: Port COM1 not open
2026-03-05 15:43:58 ERROR root SerialInterface spd5:COM1SendAndWait: Port COM1 not open
2026-03-05 15:43:58 ERROR root SerialInterface spd2:COM1SendAndWait: Port COM1 not open
2026-03-05 15:43:58 ERROR root SerialInterface spd4:COM1SendAndWait: Port COM1 not open
2026-03-05 15:43:58 ERROR root SerialInterface spd3:COM1SendAndWait: Port COM1 not open
2026-03-05 15:44:07 INFO root Device 16-0 VTLP sync handling began
2026-03-05 15:44:07 INFO root Device 21-0 VTLP sync handling began
2026-03-05 15:44:07 INFO root Device 16-0 VTLP sync handling ended
2026-03-05 15:44:07 INFO root Device 21-0 VTLP sync handling ended
2026-03-05 15:44:07 INFO root Device 21-0 VTLP sync handling began
2026-03-05 15:44:07 INFO root Device 17-0 VTLP sync handling began
2026-03-05 15:44:07 INFO root Device 21-0 VTLP sync handling ended
2026-03-05 15:44:07 INFO root Device 17-0 VTLP sync handling ended
2026-03-05 15:44:07 INFO root Device 16-0 VTLP sync handling began
2026-03-05 15:44:07 INFO root Device 21-0 VTLP sync handling began
2026-03-05 15:44:07 INFO root Device 17-0 VTLP sync handling began
2026-03-05 15:44:07 INFO root Device 20-0 VTLP sync handling began
2026-03-05 15:44:07 INFO root Device 21-0 VTLP sync handling ended
2026-03-05 15:44:07 INFO root Device 16-0 VTLP sync handling ended
2026-03-05 15:44:07 INFO root Device 17-0 VTLP sync handling ended
2026-03-05 15:44:07 INFO root Device 20-0 VTLP sync handling ended
2026-03-05 15:44:07 INFO root Device 21-0 VTLP sync handling began
2026-03-05 15:44:07 INFO root Device 16-0 VTLP sync handling began
2026-03-05 15:44:07 INFO root Device 19-0 VTLP sync handling began
2026-03-05 15:44:07 INFO root Device 21-0 VTLP sync handling ended
2026-03-05 15:44:07 INFO root Device 16-0 VTLP sync handling ended
2026-03-05 15:44:07 INFO root Device 20-0 VTLP sync handling began
2026-03-05 15:44:07 INFO root Device 17-0 VTLP sync handling began
2026-03-05 15:44:07 INFO root Device 16-0 VTLP sync handling began
2026-03-05 15:44:07 INFO root Device 20-0 VTLP sync handling ended
2026-03-05 15:44:07 INFO root Device 21-0 VTLP sync handling began
2026-03-05 15:44:07 INFO root Device 16-0 VTLP sync handling ended
2026-03-05 15:44:07 INFO root Device 19-0 VTLP sync handling ended
2026-03-05 15:44:07 INFO root Device 17-0 VTLP sync handling ended
2026-03-05 15:44:07 INFO root Device 21-0 VTLP sync handling ended
2026-03-05 15:44:07 INFO root Device 20-0 VTLP sync handling began
2026-03-05 15:44:07 INFO root Device 19-0 VTLP sync handling began
2026-03-05 15:44:07 INFO root Device 20-0 VTLP sync handling ended
2026-03-05 15:44:07 INFO root Device 21-0 VTLP sync handling began
2026-03-05 15:44:07 INFO root Device 16-0 VTLP sync handling began
2026-03-05 15:44:07 INFO root Device 17-0 VTLP sync handling began
2026-03-05 15:44:07 INFO root Device 19-0 VTLP sync handling ended
2026-03-05 15:44:07 INFO root Device 20-0 VTLP sync handling began
2026-03-05 15:44:07 INFO root Device 19-0 VTLP sync handling began
2026-03-05 15:44:07 INFO root Device 20-0 VTLP sync handling ended
2026-03-05 15:44:07 INFO root Device 17-0 VTLP sync handling ended
2026-03-05 15:44:07 INFO root Device 19-0 VTLP sync handling ended
2026-03-05 15:44:07 INFO root Device 20-0 VTLP sync handling began
2026-03-05 15:44:07 INFO root Device 19-0 VTLP sync handling began
2026-03-05 15:44:07 INFO root Device 21-0 VTLP sync handling ended
2026-03-05 15:44:07 INFO root Device 20-0 VTLP sync handling ended
2026-03-05 15:44:07 INFO root Device 17-0 VTLP sync handling began
2026-03-05 15:44:07 INFO root Device 16-0 VTLP sync handling ended
2026-03-05 15:44:07 INFO root Device 19-0 VTLP sync handling ended
2026-03-05 15:44:07 INFO root Device 20-0 VTLP sync handling began
2026-03-05 15:44:07 INFO root Device 17-0 VTLP sync handling ended
2026-03-05 15:44:07 INFO root Device 19-0 VTLP sync handling began
2026-03-05 15:44:07 INFO root Device 20-0 VTLP sync handling ended
2026-03-05 15:44:07 INFO root Device 17-0 VTLP sync handling began
2026-03-05 15:44:07 INFO root Device 19-0 VTLP sync handling ended
2026-03-05 15:44:07 INFO root Device 17-0 VTLP sync handling ended
2026-03-05 15:44:07 INFO root Device 20-0 VTLP sync handling began
2026-03-05 15:44:07 INFO root Device 19-0 VTLP sync handling began
2026-03-05 15:44:07 INFO root Device 17-0 VTLP sync handling began
2026-03-05 15:44:07 INFO root Device 19-0 VTLP sync handling ended
2026-03-05 15:44:07 INFO root Device 20-0 VTLP sync handling ended
2026-03-05 15:44:07 INFO root Device 17-0 VTLP sync handling ended
2026-03-05 15:44:07 INFO root Device 19-0 VTLP sync handling began
2026-03-05 15:44:07 INFO root Device 19-0 VTLP sync handling ended
2026-03-05 15:44:07 INFO root Device 17-0 VTLP sync handling began
2026-03-05 15:44:07 INFO root Device 19-0 VTLP sync handling began
2026-03-05 15:44:07 INFO root Device 17-0 VTLP sync handling ended
2026-03-05 15:44:07 INFO root Device 19-0 VTLP sync handling ended
2026-03-05 15:44:08 ERROR root SerialInterface spd6:COM1SendAndWait: Port COM1 not open
2026-03-05 15:44:08 ERROR root SerialInterface spd1:COM1SendAndWait: Port COM1 not open
2026-03-05 15:44:08 ERROR root SerialInterface spd4:COM1SendAndWait: Port COM1 not open
2026-03-05 15:44:08 ERROR root SerialInterface spd2:COM1SendAndWait: Port COM1 not open
2026-03-05 15:44:08 ERROR root SerialInterface spd3:COM1SendAndWait: Port COM1 not open
2026-03-05 15:44:08 ERROR root SerialInterface spd5:COM1SendAndWait: Port COM1 not open
2026-03-05 15:44:12 INFO root Device 22-0 VTLP sync handling began
2026-03-05 15:44:12 INFO root Device 22-0 VTLP sync handling ended
2026-03-05 15:44:12 INFO root Device 22-0 VTLP sync handling began
2026-03-05 15:44:12 INFO root Device 22-0 VTLP sync handling ended
2026-03-05 15:44:16 ERROR root Debug Server restarted:Listening
2026-03-05 15:44:18 ERROR root SerialInterface spd6:COM1SendAndWait: Port COM1 not open
2026-03-05 15:44:18 ERROR root SerialInterface spd1:COM1SendAndWait: Port COM1 not open
2026-03-05 15:44:18 ERROR root SerialInterface spd4:COM1SendAndWait: Port COM1 not open
2026-03-05 15:44:18 ERROR root SerialInterface spd3:COM1SendAndWait: Port COM1 not open
2026-03-05 15:44:18 ERROR root SerialInterface spd2:COM1SendAndWait: Port COM1 not open
2026-03-05 15:44:18 ERROR root SerialInterface spd5:COM1SendAndWait: Port COM1 not open
2026-03-05 15:44:27 INFO root Device 22-0 VTLP sync handling began
2026-03-05 15:44:27 INFO root Device 22-0 VTLP sync handling ended
2026-03-05 15:44:27 INFO root Device 22-0 VTLP sync handling began
2026-03-05 15:44:27 INFO root Device 22-0 VTLP sync handling ended
2026-03-05 15:44:28 ERROR root SerialInterface spd6:COM1SendAndWait: Port COM1 not open
2026-03-05 15:44:28 ERROR root SerialInterface spd1:COM1SendAndWait: Port COM1 not open
2026-03-05 15:44:28 ERROR root SerialInterface spd4:COM1SendAndWait: Port COM1 not open
2026-03-05 15:44:28 ERROR root SerialInterface spd3:COM1SendAndWait: Port COM1 not open
2026-03-05 15:44:28 ERROR root SerialInterface spd2:COM1SendAndWait: Port COM1 not open
2026-03-05 15:44:28 ERROR root SerialInterface spd5:COM1SendAndWait: Port COM1 not open
2026-03-05 15:44:38 ERROR root SerialInterface spd6:COM1SendAndWait: Port COM1 not open
2026-03-05 15:44:38 ERROR root SerialInterface spd1:COM1SendAndWait: Port COM1 not open
2026-03-05 15:44:38 ERROR root SerialInterface spd4:COM1SendAndWait: Port COM1 not open
2026-03-05 15:44:38 ERROR root SerialInterface spd3:COM1SendAndWait: Port COM1 not open
2026-03-05 15:44:38 ERROR root SerialInterface spd2:COM1SendAndWait: Port COM1 not open
2026-03-05 15:44:38 ERROR root SerialInterface spd5:COM1SendAndWait: Port COM1 not open
2026-03-05 15:44:42 INFO root Device 22-0 VTLP sync handling began
2026-03-05 15:44:42 INFO root Device 22-0 VTLP sync handling ended
2026-03-05 15:44:42 INFO root Device 22-0 VTLP sync handling began
2026-03-05 15:44:42 INFO root Device 22-0 VTLP sync handling ended
2026-03-05 15:44:46 ERROR root Debug Server restarted:Listening
2026-03-05 15:44:48 ERROR root SerialInterface spd6:COM1SendAndWait: Port COM1 not open
2026-03-05 15:44:48 ERROR root SerialInterface spd1:COM1SendAndWait: Port COM1 not open
2026-03-05 15:44:48 ERROR root SerialInterface spd4:COM1SendAndWait: Port COM1 not open
2026-03-05 15:44:48 ERROR root SerialInterface spd3:COM1SendAndWait: Port COM1 not open
2026-03-05 15:44:48 ERROR root SerialInterface spd2:COM1SendAndWait: Port COM1 not open
2026-03-05 15:44:48 ERROR root SerialInterface spd5:COM1SendAndWait: Port COM1 not open
2026-03-05 15:44:57 INFO root Device 22-0 VTLP sync handling began
2026-03-05 15:44:57 INFO root Device 22-0 VTLP sync handling ended
2026-03-05 15:44:57 INFO root Device 22-0 VTLP sync handling began
2026-03-05 15:44:57 INFO root Device 22-0 VTLP sync handling ended
2026-03-05 15:45:02 ERROR root SerialInterface spd4:COM1SendAndWait: Port COM1 not open
2026-03-05 15:45:02 ERROR root SerialInterface spd6:COM1SendAndWait: Port COM1 not open
2026-03-05 15:45:02 ERROR root SerialInterface spd1:COM1SendAndWait: Port COM1 not open
2026-03-05 15:45:02 ERROR root SerialInterface spd5:COM1SendAndWait: Port COM1 not open
2026-03-05 15:45:02 ERROR root SerialInterface spd3:COM1SendAndWait: Port COM1 not open
2026-03-05 15:45:02 ERROR root SerialInterface spd2:COM1SendAndWait: Port COM1 not open
2026-03-05 15:45:07 INFO root Device 16-0 VTLP sync handling began
2026-03-05 15:45:07 INFO root Device 20-0 VTLP sync handling began
2026-03-05 15:45:07 INFO root Device 16-0 VTLP sync handling ended
2026-03-05 15:45:07 INFO root Device 21-0 VTLP sync handling began
2026-03-05 15:45:07 INFO root Device 20-0 VTLP sync handling ended
2026-03-05 15:45:07 INFO root Device 16-0 VTLP sync handling began
2026-03-05 15:45:07 INFO root Device 21-0 VTLP sync handling ended
2026-03-05 15:45:07 INFO root Device 20-0 VTLP sync handling began
2026-03-05 15:45:07 INFO root Device 16-0 VTLP sync handling ended
2026-03-05 15:45:07 INFO root Device 20-0 VTLP sync handling ended
2026-03-05 15:45:07 INFO root Device 21-0 VTLP sync handling began
2026-03-05 15:45:07 INFO root Device 19-0 VTLP sync handling began
2026-03-05 15:45:07 INFO root Device 19-0 VTLP sync handling ended
2026-03-05 15:45:07 INFO root Device 21-0 VTLP sync handling ended
2026-03-05 15:45:07 INFO root Device 19-0 VTLP sync handling began
2026-03-05 15:45:07 INFO root Device 16-0 VTLP sync handling began
2026-03-05 15:45:07 INFO root Device 20-0 VTLP sync handling began
2026-03-05 15:45:07 INFO root Device 17-0 VTLP sync handling began
2026-03-05 15:45:07 INFO root Device 20-0 VTLP sync handling ended
2026-03-05 15:45:07 INFO root Device 21-0 VTLP sync handling began
2026-03-05 15:45:07 INFO root Device 16-0 VTLP sync handling ended
2026-03-05 15:45:07 INFO root Device 17-0 VTLP sync handling ended
2026-03-05 15:45:07 INFO root Device 19-0 VTLP sync handling ended
2026-03-05 15:45:07 INFO root Device 20-0 VTLP sync handling began
2026-03-05 15:45:07 INFO root Device 17-0 VTLP sync handling began
2026-03-05 15:45:07 INFO root Device 16-0 VTLP sync handling began
2026-03-05 15:45:07 INFO root Device 20-0 VTLP sync handling ended
2026-03-05 15:45:07 INFO root Device 21-0 VTLP sync handling ended
2026-03-05 15:45:07 INFO root Device 16-0 VTLP sync handling ended
2026-03-05 15:45:07 INFO root Device 19-0 VTLP sync handling began
2026-03-05 15:45:07 INFO root Device 17-0 VTLP sync handling ended
2026-03-05 15:45:07 INFO root Device 19-0 VTLP sync handling ended
2026-03-05 15:45:07 INFO root Device 16-0 VTLP sync handling began
2026-03-05 15:45:07 INFO root Device 19-0 VTLP sync handling began
2026-03-05 15:45:07 INFO root Device 20-0 VTLP sync handling began
2026-03-05 15:45:07 INFO root Device 21-0 VTLP sync handling began
2026-03-05 15:45:07 INFO root Device 17-0 VTLP sync handling began
2026-03-05 15:45:07 INFO root Device 16-0 VTLP sync handling ended
2026-03-05 15:45:07 INFO root Device 21-0 VTLP sync handling ended
2026-03-05 15:45:07 INFO root Device 17-0 VTLP sync handling ended
2026-03-05 15:45:07 INFO root Device 19-0 VTLP sync handling ended
2026-03-05 15:45:07 INFO root Device 20-0 VTLP sync handling ended
2026-03-05 15:45:07 INFO root Device 21-0 VTLP sync handling began
2026-03-05 15:45:07 INFO root Device 21-0 VTLP sync handling ended
2026-03-05 15:45:07 INFO root Device 20-0 VTLP sync handling began
2026-03-05 15:45:07 INFO root Device 17-0 VTLP sync handling began
2026-03-05 15:45:07 INFO root Device 19-0 VTLP sync handling began
2026-03-05 15:45:07 INFO root Device 20-0 VTLP sync handling ended
2026-03-05 15:45:07 INFO root Device 17-0 VTLP sync handling ended
2026-03-05 15:45:07 INFO root Device 21-0 VTLP sync handling began
2026-03-05 15:45:07 INFO root Device 19-0 VTLP sync handling ended
2026-03-05 15:45:07 INFO root Device 20-0 VTLP sync handling began
2026-03-05 15:45:07 INFO root Device 21-0 VTLP sync handling ended
2026-03-05 15:45:07 INFO root Device 17-0 VTLP sync handling began
2026-03-05 15:45:07 INFO root Device 20-0 VTLP sync handling ended
2026-03-05 15:45:07 INFO root Device 17-0 VTLP sync handling ended
2026-03-05 15:45:07 INFO root Device 19-0 VTLP sync handling began
2026-03-05 15:45:07 INFO root Device 17-0 VTLP sync handling began
2026-03-05 15:45:07 INFO root Device 19-0 VTLP sync handling ended
2026-03-05 15:45:07 INFO root Device 17-0 VTLP sync handling ended
2026-03-05 15:45:07 INFO root Device 19-0 VTLP sync handling began
2026-03-05 15:45:07 INFO root Device 17-0 VTLP sync handling began
2026-03-05 15:45:07 INFO root Device 19-0 VTLP sync handling ended
2026-03-05 15:45:07 INFO root Device 17-0 VTLP sync handling ended
2026-03-05 15:45:07 INFO root Device 19-0 VTLP sync handling began
2026-03-05 15:45:07 INFO root Device 19-0 VTLP sync handling ended
2026-03-05 15:45:07 INFO root Device 17-0 VTLP sync handling began
2026-03-05 15:45:07 INFO root Device 17-0 VTLP sync handling ended
2026-03-05 15:45:12 ERROR root SerialInterface spd4:COM1SendAndWait: Port COM1 not open
2026-03-05 15:45:12 ERROR root SerialInterface spd5:COM1SendAndWait: Port COM1 not open
2026-03-05 15:45:12 ERROR root SerialInterface spd1:COM1SendAndWait: Port COM1 not open
2026-03-05 15:45:12 ERROR root SerialInterface spd2:COM1SendAndWait: Port COM1 not open
2026-03-05 15:45:12 ERROR root SerialInterface spd6:COM1SendAndWait: Port COM1 not open
2026-03-05 15:45:12 ERROR root SerialInterface spd3:COM1SendAndWait: Port COM1 not open
2026-03-05 15:45:12 INFO root Device 22-0 VTLP sync handling began
2026-03-05 15:45:12 INFO root Device 22-0 VTLP sync handling ended
2026-03-05 15:45:12 INFO root Device 22-0 VTLP sync handling began
2026-03-05 15:45:12 INFO root Device 22-0 VTLP sync handling ended
2026-03-05 15:45:16 ERROR root Debug Server restarted:Listening
2026-03-05 15:45:22 ERROR root SerialInterface spd4:COM1SendAndWait: Port COM1 not open
2026-03-05 15:45:22 ERROR root SerialInterface spd1:COM1SendAndWait: Port COM1 not open
2026-03-05 15:45:22 ERROR root SerialInterface spd3:COM1SendAndWait: Port COM1 not open
2026-03-05 15:45:22 ERROR root SerialInterface spd2:COM1SendAndWait: Port COM1 not open
2026-03-05 15:45:22 ERROR root SerialInterface spd6:COM1SendAndWait: Port COM1 not open
2026-03-05 15:45:22 ERROR root SerialInterface spd5:COM1SendAndWait: Port COM1 not open
2026-03-05 15:45:27 INFO root Device 22-0 VTLP sync handling began
2026-03-05 15:45:27 INFO root Device 22-0 VTLP sync handling ended
2026-03-05 15:45:27 INFO root Device 22-0 VTLP sync handling began
2026-03-05 15:45:27 INFO root Device 22-0 VTLP sync handling ended
2026-03-05 15:45:32 ERROR root SerialInterface spd4:COM1SendAndWait: Port COM1 not open
2026-03-05 15:45:32 ERROR root SerialInterface spd1:COM1SendAndWait: Port COM1 not open
2026-03-05 15:45:32 ERROR root SerialInterface spd3:COM1SendAndWait: Port COM1 not open
2026-03-05 15:45:32 ERROR root SerialInterface spd2:COM1SendAndWait: Port COM1 not open
2026-03-05 15:45:32 ERROR root SerialInterface spd6:COM1SendAndWait: Port COM1 not open
2026-03-05 15:45:32 ERROR root SerialInterface spd5:COM1SendAndWait: Port COM1 not open
2026-03-05 15:45:42 ERROR root SerialInterface spd4:COM1SendAndWait: Port COM1 not open
2026-03-05 15:45:42 ERROR root SerialInterface spd1:COM1SendAndWait: Port COM1 not open
2026-03-05 15:45:42 INFO root Device 22-0 VTLP sync handling began
2026-03-05 15:45:42 INFO root Device 22-0 VTLP sync handling ended
2026-03-05 15:45:42 ERROR root SerialInterface spd3:COM1SendAndWait: Port COM1 not open
2026-03-05 15:45:42 ERROR root SerialInterface spd2:COM1SendAndWait: Port COM1 not open
2026-03-05 15:45:42 INFO root Device 22-0 VTLP sync handling began
2026-03-05 15:45:42 INFO root Device 22-0 VTLP sync handling ended
2026-03-05 15:45:42 ERROR root SerialInterface spd6:COM1SendAndWait: Port COM1 not open
2026-03-05 15:45:42 ERROR root SerialInterface spd5:COM1SendAndWait: Port COM1 not open
2026-03-05 15:45:46 ERROR root Debug Server restarted:Listening
2026-03-05 15:45:52 ERROR root SerialInterface spd4:COM1SendAndWait: Port COM1 not open
2026-03-05 15:45:52 ERROR root SerialInterface spd1:COM1SendAndWait: Port COM1 not open
2026-03-05 15:45:52 ERROR root SerialInterface spd3:COM1SendAndWait: Port COM1 not open
2026-03-05 15:45:52 ERROR root SerialInterface spd2:COM1SendAndWait: Port COM1 not open
2026-03-05 15:45:52 ERROR root SerialInterface spd6:COM1SendAndWait: Port COM1 not open
2026-03-05 15:45:52 ERROR root SerialInterface spd5:COM1SendAndWait: Port COM1 not open
2026-03-05 15:45:57 INFO root Device 22-0 VTLP sync handling began
2026-03-05 15:45:57 INFO root Device 22-0 VTLP sync handling ended
2026-03-05 15:45:57 INFO root Device 22-0 VTLP sync handling began
2026-03-05 15:45:57 INFO root Device 22-0 VTLP sync handling ended
2026-03-05 15:45:59 INFO root Device 22-0 VTLP sync handling began
2026-03-05 15:45:59 INFO root Device 22-0 VTLP sync handling ended
2026-03-05 15:45:59 ERROR root Control ID 0 not defined
2026-03-05 15:46:02 ERROR root SerialInterface spd4:COM1SendAndWait: Port COM1 not open
2026-03-05 15:46:02 ERROR root SerialInterface spd1:COM1SendAndWait: Port COM1 not open
2026-03-05 15:46:02 ERROR root SerialInterface spd3:COM1SendAndWait: Port COM1 not open
2026-03-05 15:46:02 ERROR root SerialInterface spd2:COM1SendAndWait: Port COM1 not open
2026-03-05 15:46:02 ERROR root SerialInterface spd6:COM1SendAndWait: Port COM1 not open
2026-03-05 15:46:02 ERROR root SerialInterface spd5:COM1SendAndWait: Port COM1 not open
2026-03-05 15:46:07 INFO root Device 21-0 VTLP sync handling began
2026-03-05 15:46:07 INFO root Device 21-0 VTLP sync handling ended
2026-03-05 15:46:07 INFO root Device 20-0 VTLP sync handling began
2026-03-05 15:46:07 INFO root Device 20-0 VTLP sync handling ended
2026-03-05 15:46:07 INFO root Device 19-0 VTLP sync handling began
2026-03-05 15:46:07 INFO root Device 19-0 VTLP sync handling ended
2026-03-05 15:46:07 INFO root Device 17-0 VTLP sync handling began
2026-03-05 15:46:07 INFO root Device 19-0 VTLP sync handling began
2026-03-05 15:46:07 INFO root Device 17-0 VTLP sync handling ended
2026-03-05 15:46:07 INFO root Device 21-0 VTLP sync handling began
2026-03-05 15:46:07 INFO root Device 19-0 VTLP sync handling ended
2026-03-05 15:46:07 INFO root Device 17-0 VTLP sync handling began
2026-03-05 15:46:07 INFO root Device 20-0 VTLP sync handling began
2026-03-05 15:46:07 INFO root Device 17-0 VTLP sync handling ended
2026-03-05 15:46:07 INFO root Device 19-0 VTLP sync handling began
2026-03-05 15:46:07 INFO root Device 21-0 VTLP sync handling ended
2026-03-05 15:46:07 INFO root Device 20-0 VTLP sync handling ended
2026-03-05 15:46:07 INFO root Device 21-0 VTLP sync handling began
2026-03-05 15:46:07 INFO root Device 17-0 VTLP sync handling began
2026-03-05 15:46:07 INFO root Device 20-0 VTLP sync handling began
2026-03-05 15:46:07 INFO root Device 16-0 VTLP sync handling began
2026-03-05 15:46:07 INFO root Device 19-0 VTLP sync handling ended
2026-03-05 15:46:07 INFO root Device 21-0 VTLP sync handling ended
2026-03-05 15:46:07 INFO root Device 17-0 VTLP sync handling ended
2026-03-05 15:46:07 INFO root Device 16-0 VTLP sync handling ended
2026-03-05 15:46:07 INFO root Device 20-0 VTLP sync handling ended
2026-03-05 15:46:07 INFO root Device 21-0 VTLP sync handling began
2026-03-05 15:46:07 INFO root Device 19-0 VTLP sync handling began
2026-03-05 15:46:07 INFO root Device 16-0 VTLP sync handling began
2026-03-05 15:46:07 INFO root Device 17-0 VTLP sync handling began
2026-03-05 15:46:07 INFO root Device 20-0 VTLP sync handling began
2026-03-05 15:46:07 INFO root Device 19-0 VTLP sync handling ended
2026-03-05 15:46:07 INFO root Device 16-0 VTLP sync handling ended
2026-03-05 15:46:07 INFO root Device 21-0 VTLP sync handling ended
2026-03-05 15:46:07 INFO root Device 20-0 VTLP sync handling ended
2026-03-05 15:46:07 INFO root Device 19-0 VTLP sync handling began
2026-03-05 15:46:07 INFO root Device 17-0 VTLP sync handling ended
2026-03-05 15:46:07 INFO root Device 20-0 VTLP sync handling began
2026-03-05 15:46:07 INFO root Device 17-0 VTLP sync handling began
2026-03-05 15:46:07 INFO root Device 16-0 VTLP sync handling began
2026-03-05 15:46:07 INFO root Device 21-0 VTLP sync handling began
2026-03-05 15:46:07 INFO root Device 20-0 VTLP sync handling ended
2026-03-05 15:46:07 INFO root Device 17-0 VTLP sync handling ended
2026-03-05 15:46:07 INFO root Device 19-0 VTLP sync handling ended
2026-03-05 15:46:07 INFO root Device 16-0 VTLP sync handling ended
2026-03-05 15:46:07 INFO root Device 20-0 VTLP sync handling began
2026-03-05 15:46:07 INFO root Device 21-0 VTLP sync handling ended
2026-03-05 15:46:07 INFO root Device 20-0 VTLP sync handling ended
2026-03-05 15:46:07 INFO root Device 21-0 VTLP sync handling began
2026-03-05 15:46:07 INFO root Device 17-0 VTLP sync handling began
2026-03-05 15:46:07 INFO root Device 19-0 VTLP sync handling began
2026-03-05 15:46:07 INFO root Device 16-0 VTLP sync handling began
2026-03-05 15:46:07 INFO root Device 17-0 VTLP sync handling ended
2026-03-05 15:46:07 INFO root Device 16-0 VTLP sync handling ended
2026-03-05 15:46:07 INFO root Device 19-0 VTLP sync handling ended
2026-03-05 15:46:07 INFO root Device 21-0 VTLP sync handling ended
2026-03-05 15:46:07 INFO root Device 20-0 VTLP sync handling began
2026-03-05 15:46:07 INFO root Device 17-0 VTLP sync handling began
2026-03-05 15:46:07 INFO root Device 19-0 VTLP sync handling began
2026-03-05 15:46:07 INFO root Device 16-0 VTLP sync handling began
2026-03-05 15:46:07 INFO root Device 20-0 VTLP sync handling ended
2026-03-05 15:46:07 INFO root Device 19-0 VTLP sync handling ended
2026-03-05 15:46:07 INFO root Device 17-0 VTLP sync handling ended
2026-03-05 15:46:07 INFO root Device 19-0 VTLP sync handling began
2026-03-05 15:46:07 INFO root Device 16-0 VTLP sync handling ended
2026-03-05 15:46:07 INFO root Device 17-0 VTLP sync handling began
2026-03-05 15:46:07 INFO root Device 19-0 VTLP sync handling ended
2026-03-05 15:46:07 INFO root Device 17-0 VTLP sync handling ended
2026-03-05 15:46:16 ERROR root Debug Server restarted:Listening
2026-03-05 15:46:16 ERROR root SerialInterface spd4:COM1SendAndWait: Port COM1 not open
2026-03-05 15:46:16 ERROR root SerialInterface spd3:COM1SendAndWait: Port COM1 not open
2026-03-05 15:46:16 ERROR root SerialInterface spd5:COM1SendAndWait: Port COM1 not open
2026-03-05 15:46:16 ERROR root SerialInterface spd2:COM1SendAndWait: Port COM1 not open
2026-03-05 15:46:16 ERROR root SerialInterface spd6:COM1SendAndWait: Port COM1 not open
2026-03-05 15:46:16 ERROR root SerialInterface spd1:COM1SendAndWait: Port COM1 not open
2026-03-05 15:46:26 ERROR root SerialInterface spd3:COM1SendAndWait: Port COM1 not open
2026-03-05 15:46:26 ERROR root SerialInterface spd2:COM1SendAndWait: Port COM1 not open
2026-03-05 15:46:26 ERROR root SerialInterface spd4:COM1SendAndWait: Port COM1 not open
2026-03-05 15:46:26 ERROR root SerialInterface spd5:COM1SendAndWait: Port COM1 not open
2026-03-05 15:46:26 ERROR root SerialInterface spd1:COM1SendAndWait: Port COM1 not open
2026-03-05 15:46:26 ERROR root SerialInterface spd6:COM1SendAndWait: Port COM1 not open
2026-03-05 15:46:36 ERROR root SerialInterface spd3:COM1SendAndWait: Port COM1 not open
2026-03-05 15:46:36 ERROR root SerialInterface spd2:COM1SendAndWait: Port COM1 not open
2026-03-05 15:46:36 ERROR root SerialInterface spd6:COM1SendAndWait: Port COM1 not open
2026-03-05 15:46:36 ERROR root SerialInterface spd1:COM1SendAndWait: Port COM1 not open
2026-03-05 15:46:36 ERROR root SerialInterface spd4:COM1SendAndWait: Port COM1 not open
2026-03-05 15:46:36 ERROR root SerialInterface spd5:COM1SendAndWait: Port COM1 not open
2026-03-05 15:46:46 ERROR root Debug Server restarted:Listening
2026-03-05 15:46:46 ERROR root SerialInterface spd3:COM1SendAndWait: Port COM1 not open
2026-03-05 15:46:46 ERROR root SerialInterface spd2:COM1SendAndWait: Port COM1 not open
2026-03-05 15:46:46 ERROR root SerialInterface spd6:COM1SendAndWait: Port COM1 not open
2026-03-05 15:46:46 ERROR root SerialInterface spd1:COM1SendAndWait: Port COM1 not open
2026-03-05 15:46:46 ERROR root SerialInterface spd4:COM1SendAndWait: Port COM1 not open
2026-03-05 15:46:46 ERROR root SerialInterface spd5:COM1SendAndWait: Port COM1 not open
2026-03-05 15:46:56 ERROR root SerialInterface spd3:COM1SendAndWait: Port COM1 not open
2026-03-05 15:46:56 ERROR root SerialInterface spd2:COM1SendAndWait: Port COM1 not open
2026-03-05 15:46:56 ERROR root SerialInterface spd6:COM1SendAndWait: Port COM1 not open
2026-03-05 15:46:56 ERROR root SerialInterface spd1:COM1SendAndWait: Port COM1 not open
2026-03-05 15:46:56 ERROR root SerialInterface spd4:COM1SendAndWait: Port COM1 not open
2026-03-05 15:46:56 ERROR root SerialInterface spd5:COM1SendAndWait: Port COM1 not open
2026-03-05 15:47:06 ERROR root SerialInterface spd3:COM1SendAndWait: Port COM1 not open
2026-03-05 15:47:06 ERROR root SerialInterface spd2:COM1SendAndWait: Port COM1 not open
2026-03-05 15:47:06 ERROR root SerialInterface spd6:COM1SendAndWait: Port COM1 not open
2026-03-05 15:47:06 ERROR root SerialInterface spd1:COM1SendAndWait: Port COM1 not open
2026-03-05 15:47:06 ERROR root SerialInterface spd4:COM1SendAndWait: Port COM1 not open
2026-03-05 15:47:06 ERROR root SerialInterface spd5:COM1SendAndWait: Port COM1 not open
2026-03-05 15:47:07 INFO root Device 21-0 VTLP sync handling began
2026-03-05 15:47:07 INFO root Device 21-0 VTLP sync handling ended
2026-03-05 15:47:07 INFO root Device 19-0 VTLP sync handling began
2026-03-05 15:47:07 INFO root Device 19-0 VTLP sync handling ended
2026-03-05 15:47:07 INFO root Device 21-0 VTLP sync handling began
2026-03-05 15:47:07 INFO root Device 19-0 VTLP sync handling began
2026-03-05 15:47:07 INFO root Device 20-0 VTLP sync handling began
2026-03-05 15:47:07 INFO root Device 21-0 VTLP sync handling ended
2026-03-05 15:47:07 INFO root Device 19-0 VTLP sync handling ended
2026-03-05 15:47:07 INFO root Device 20-0 VTLP sync handling ended
2026-03-05 15:47:07 INFO root Device 19-0 VTLP sync handling began
2026-03-05 15:47:07 INFO root Device 21-0 VTLP sync handling began
2026-03-05 15:47:07 INFO root Device 20-0 VTLP sync handling began
2026-03-05 15:47:07 INFO root Device 17-0 VTLP sync handling began
2026-03-05 15:47:07 INFO root Device 19-0 VTLP sync handling ended
2026-03-05 15:47:07 INFO root Device 21-0 VTLP sync handling ended
2026-03-05 15:47:07 INFO root Device 17-0 VTLP sync handling ended
2026-03-05 15:47:07 INFO root Device 21-0 VTLP sync handling began
2026-03-05 15:47:07 INFO root Device 20-0 VTLP sync handling ended
2026-03-05 15:47:07 INFO root Device 19-0 VTLP sync handling began
2026-03-05 15:47:07 INFO root Device 16-0 VTLP sync handling began
2026-03-05 15:47:07 INFO root Device 16-0 VTLP sync handling ended
2026-03-05 15:47:07 INFO root Device 17-0 VTLP sync handling began
2026-03-05 15:47:07 INFO root Device 21-0 VTLP sync handling ended
2026-03-05 15:47:07 INFO root Device 19-0 VTLP sync handling ended
2026-03-05 15:47:07 INFO root Device 20-0 VTLP sync handling began
2026-03-05 15:47:07 INFO root Device 16-0 VTLP sync handling began
2026-03-05 15:47:07 INFO root Device 17-0 VTLP sync handling ended
2026-03-05 15:47:07 INFO root Device 21-0 VTLP sync handling began
2026-03-05 15:47:07 INFO root Device 19-0 VTLP sync handling began
2026-03-05 15:47:07 INFO root Device 19-0 VTLP sync handling ended
2026-03-05 15:47:07 INFO root Device 16-0 VTLP sync handling ended
2026-03-05 15:47:07 INFO root Device 17-0 VTLP sync handling began
2026-03-05 15:47:07 INFO root Device 16-0 VTLP sync handling began
2026-03-05 15:47:07 INFO root Device 20-0 VTLP sync handling ended
2026-03-05 15:47:07 INFO root Device 17-0 VTLP sync handling ended
2026-03-05 15:47:07 INFO root Device 19-0 VTLP sync handling began
2026-03-05 15:47:07 INFO root Device 20-0 VTLP sync handling began
2026-03-05 15:47:07 INFO root Device 19-0 VTLP sync handling ended
2026-03-05 15:47:07 INFO root Device 21-0 VTLP sync handling ended
2026-03-05 15:47:07 INFO root Device 17-0 VTLP sync handling began
2026-03-05 15:47:07 INFO root Device 20-0 VTLP sync handling ended
2026-03-05 15:47:07 INFO root Device 16-0 VTLP sync handling ended
2026-03-05 15:47:07 INFO root Device 21-0 VTLP sync handling began
2026-03-05 15:47:07 INFO root Device 19-0 VTLP sync handling began
2026-03-05 15:47:07 INFO root Device 20-0 VTLP sync handling began
2026-03-05 15:47:07 INFO root Device 17-0 VTLP sync handling ended
2026-03-05 15:47:07 INFO root Device 16-0 VTLP sync handling began
2026-03-05 15:47:07 INFO root Device 21-0 VTLP sync handling ended
2026-03-05 15:47:07 INFO root Device 19-0 VTLP sync handling ended
2026-03-05 15:47:07 INFO root Device 16-0 VTLP sync handling ended
2026-03-05 15:47:07 INFO root Device 20-0 VTLP sync handling ended
2026-03-05 15:47:07 INFO root Device 19-0 VTLP sync handling began
2026-03-05 15:47:07 INFO root Device 20-0 VTLP sync handling began
2026-03-05 15:47:07 INFO root Device 17-0 VTLP sync handling began
2026-03-05 15:47:07 INFO root Device 16-0 VTLP sync handling began
2026-03-05 15:47:07 INFO root Device 19-0 VTLP sync handling ended
2026-03-05 15:47:07 INFO root Device 16-0 VTLP sync handling ended
2026-03-05 15:47:07 INFO root Device 20-0 VTLP sync handling ended
2026-03-05 15:47:07 INFO root Device 17-0 VTLP sync handling ended
2026-03-05 15:47:07 INFO root Device 20-0 VTLP sync handling began
2026-03-05 15:47:07 INFO root Device 17-0 VTLP sync handling began
2026-03-05 15:47:07 INFO root Device 17-0 VTLP sync handling ended
2026-03-05 15:47:07 INFO root Device 20-0 VTLP sync handling ended
2026-03-05 15:47:07 INFO root Device 17-0 VTLP sync handling began
2026-03-05 15:47:07 INFO root Device 17-0 VTLP sync handling ended
2026-03-05 15:47:07 INFO root Device 17-0 VTLP sync handling began
2026-03-05 15:47:07 INFO root Device 17-0 VTLP sync handling ended
2026-03-05 15:47:16 ERROR root Debug Server restarted:Listening
2026-03-05 15:47:16 ERROR root SerialInterface spd3:COM1SendAndWait: Port COM1 not open
2026-03-05 15:47:16 ERROR root SerialInterface spd2:COM1SendAndWait: Port COM1 not open
2026-03-05 15:47:16 ERROR root SerialInterface spd6:COM1SendAndWait: Port COM1 not open
2026-03-05 15:47:16 ERROR root SerialInterface spd4:COM1SendAndWait: Port COM1 not open
2026-03-05 15:47:16 ERROR root SerialInterface spd1:COM1SendAndWait: Port COM1 not open
2026-03-05 15:47:16 ERROR root SerialInterface spd5:COM1SendAndWait: Port COM1 not open
2026-03-05 15:47:31 ERROR root SerialInterface spd2:COM1SendAndWait: Port COM1 not open
2026-03-05 15:47:31 ERROR root SerialInterface spd6:COM1SendAndWait: Port COM1 not open
2026-03-05 15:47:31 ERROR root SerialInterface spd3:COM1SendAndWait: Port COM1 not open
2026-03-05 15:47:31 ERROR root SerialInterface spd1:COM1SendAndWait: Port COM1 not open
2026-03-05 15:47:31 ERROR root SerialInterface spd5:COM1SendAndWait: Port COM1 not open
2026-03-05 15:47:31 ERROR root SerialInterface spd4:COM1SendAndWait: Port COM1 not open
2026-03-05 15:47:37 INFO root Device 21-0 VTLP sync handling began
2026-03-05 15:47:37 INFO root Device 21-0 VTLP sync handling ended
2026-03-05 15:47:37 INFO root Device 21-0 VTLP sync handling began
2026-03-05 15:47:37 INFO root Device 21-0 VTLP sync handling ended
2026-03-05 15:47:37 INFO root Device 21-0 VTLP sync handling began
2026-03-05 15:47:37 INFO root Device 21-0 VTLP sync handling ended
2026-03-05 15:47:37 INFO root Device 21-0 VTLP sync handling began
2026-03-05 15:47:37 INFO root Device 21-0 VTLP sync handling ended
2026-03-05 15:47:37 INFO root Device 21-0 VTLP sync handling began
2026-03-05 15:47:37 INFO root Device 21-0 VTLP sync handling ended
2026-03-05 15:47:37 INFO root Device 21-0 VTLP sync handling began
2026-03-05 15:47:37 INFO root Device 21-0 VTLP sync handling ended
2026-03-05 15:47:40 INFO root Device 21-0 VTLP sync handling began
2026-03-05 15:47:40 INFO root Device 21-0 VTLP sync handling ended
2026-03-05 15:47:40 INFO root Device 21-0 VTLP sync handling began
2026-03-05 15:47:40 INFO root Device 21-0 VTLP sync handling ended
2026-03-05 15:47:41 ERROR root SerialInterface spd2:COM1SendAndWait: Port COM1 not open
2026-03-05 15:47:41 ERROR root SerialInterface spd6:COM1SendAndWait: Port COM1 not open
2026-03-05 15:47:41 ERROR root SerialInterface spd1:COM1SendAndWait: Port COM1 not open
2026-03-05 15:47:41 ERROR root SerialInterface spd4:COM1SendAndWait: Port COM1 not open
2026-03-05 15:47:41 ERROR root SerialInterface spd3:COM1SendAndWait: Port COM1 not open
2026-03-05 15:47:41 ERROR root SerialInterface spd5:COM1SendAndWait: Port COM1 not open
2026-03-05 15:47:44 INFO root Device 21-0 VTLP sync handling began
2026-03-05 15:47:44 INFO root Device 21-0 VTLP sync handling ended
2026-03-05 15:47:45 INFO root Device 21-0 VTLP sync handling began
2026-03-05 15:47:45 INFO root Device 21-0 VTLP sync handling ended
2026-03-05 15:47:45 INFO root Device 21-0 VTLP sync handling began
2026-03-05 15:47:45 INFO root Device 21-0 VTLP sync handling ended
2026-03-05 15:47:45 INFO root Device 21-0 VTLP sync handling began
2026-03-05 15:47:45 INFO root Device 21-0 VTLP sync handling ended
2026-03-05 15:47:46 ERROR root Debug Server restarted:Listening
2026-03-05 15:47:51 ERROR root SerialInterface spd2:COM1SendAndWait: Port COM1 not open
2026-03-05 15:47:51 ERROR root SerialInterface spd6:COM1SendAndWait: Port COM1 not open
2026-03-05 15:47:51 ERROR root SerialInterface spd1:COM1SendAndWait: Port COM1 not open
2026-03-05 15:47:51 ERROR root SerialInterface spd4:COM1SendAndWait: Port COM1 not open
2026-03-05 15:47:51 ERROR root SerialInterface spd3:COM1SendAndWait: Port COM1 not open
2026-03-05 15:47:51 ERROR root SerialInterface spd5:COM1SendAndWait: Port COM1 not open
2026-03-05 15:47:55 INFO root Device 21-0 VTLP sync handling began
2026-03-05 15:47:55 INFO root Device 21-0 VTLP sync handling ended
2026-03-05 15:47:55 INFO root Device 21-0 VTLP sync handling began
2026-03-05 15:47:55 INFO root Device 21-0 VTLP sync handling ended
2026-03-05 15:47:59 INFO root Device 21-0 VTLP sync handling began
2026-03-05 15:47:59 INFO root Device 21-0 VTLP sync handling ended
2026-03-05 15:48:00 INFO root Device 21-0 VTLP sync handling began
2026-03-05 15:48:00 INFO root Device 21-0 VTLP sync handling ended
2026-03-05 15:48:00 INFO root Device 21-0 VTLP sync handling began
2026-03-05 15:48:00 INFO root Device 21-0 VTLP sync handling ended
2026-03-05 15:48:00 INFO root Device 21-0 VTLP sync handling began
2026-03-05 15:48:00 INFO root Device 21-0 VTLP sync handling ended
2026-03-05 15:48:01 ERROR root SerialInterface spd2:COM1SendAndWait: Port COM1 not open
2026-03-05 15:48:01 ERROR root SerialInterface spd6:COM1SendAndWait: Port COM1 not open
2026-03-05 15:48:01 ERROR root SerialInterface spd1:COM1SendAndWait: Port COM1 not open
2026-03-05 15:48:01 ERROR root SerialInterface spd4:COM1SendAndWait: Port COM1 not open
2026-03-05 15:48:01 ERROR root SerialInterface spd3:COM1SendAndWait: Port COM1 not open
2026-03-05 15:48:01 ERROR root SerialInterface spd5:COM1SendAndWait: Port COM1 not open
2026-03-05 15:48:07 INFO root Device 17-0 VTLP sync handling began
2026-03-05 15:48:07 INFO root Device 19-0 VTLP sync handling began
2026-03-05 15:48:07 INFO root Device 17-0 VTLP sync handling ended
2026-03-05 15:48:07 INFO root Device 20-0 VTLP sync handling began
2026-03-05 15:48:07 INFO root Device 19-0 VTLP sync handling ended
2026-03-05 15:48:07 INFO root Device 17-0 VTLP sync handling began
2026-03-05 15:48:07 INFO root Device 20-0 VTLP sync handling ended
2026-03-05 15:48:07 INFO root Device 19-0 VTLP sync handling began
2026-03-05 15:48:07 INFO root Device 20-0 VTLP sync handling began
2026-03-05 15:48:07 INFO root Device 17-0 VTLP sync handling ended
2026-03-05 15:48:07 INFO root Device 20-0 VTLP sync handling ended
2026-03-05 15:48:07 INFO root Device 17-0 VTLP sync handling began
2026-03-05 15:48:07 INFO root Device 16-0 VTLP sync handling began
2026-03-05 15:48:07 INFO root Device 19-0 VTLP sync handling ended
2026-03-05 15:48:07 INFO root Device 17-0 VTLP sync handling ended
2026-03-05 15:48:07 INFO root Device 20-0 VTLP sync handling began
2026-03-05 15:48:07 INFO root Device 16-0 VTLP sync handling ended
2026-03-05 15:48:07 INFO root Device 19-0 VTLP sync handling began
2026-03-05 15:48:07 INFO root Device 17-0 VTLP sync handling began
2026-03-05 15:48:07 INFO root Device 19-0 VTLP sync handling ended
2026-03-05 15:48:07 INFO root Device 16-0 VTLP sync handling began
2026-03-05 15:48:07 INFO root Device 20-0 VTLP sync handling ended
2026-03-05 15:48:07 INFO root Device 19-0 VTLP sync handling began
2026-03-05 15:48:07 INFO root Device 17-0 VTLP sync handling ended
2026-03-05 15:48:07 INFO root Device 16-0 VTLP sync handling ended
2026-03-05 15:48:07 INFO root Device 20-0 VTLP sync handling began
2026-03-05 15:48:07 INFO root Device 19-0 VTLP sync handling ended
2026-03-05 15:48:07 INFO root Device 16-0 VTLP sync handling began
2026-03-05 15:48:07 INFO root Device 17-0 VTLP sync handling began
2026-03-05 15:48:07 INFO root Device 17-0 VTLP sync handling ended
2026-03-05 15:48:07 INFO root Device 20-0 VTLP sync handling ended
2026-03-05 15:48:07 INFO root Device 19-0 VTLP sync handling began
2026-03-05 15:48:07 INFO root Device 16-0 VTLP sync handling ended
2026-03-05 15:48:07 INFO root Device 20-0 VTLP sync handling began
2026-03-05 15:48:07 INFO root Device 17-0 VTLP sync handling began
2026-03-05 15:48:07 INFO root Device 19-0 VTLP sync handling ended
2026-03-05 15:48:07 INFO root Device 16-0 VTLP sync handling began
2026-03-05 15:48:07 INFO root Device 20-0 VTLP sync handling ended
2026-03-05 15:48:07 INFO root Device 17-0 VTLP sync handling ended
2026-03-05 15:48:07 INFO root Device 16-0 VTLP sync handling ended
2026-03-05 15:48:07 INFO root Device 19-0 VTLP sync handling began
2026-03-05 15:48:07 INFO root Device 20-0 VTLP sync handling began
2026-03-05 15:48:07 INFO root Device 16-0 VTLP sync handling began
2026-03-05 15:48:07 INFO root Device 17-0 VTLP sync handling began
2026-03-05 15:48:07 INFO root Device 19-0 VTLP sync handling ended
2026-03-05 15:48:07 INFO root Device 17-0 VTLP sync handling ended
2026-03-05 15:48:07 INFO root Device 16-0 VTLP sync handling ended
2026-03-05 15:48:07 INFO root Device 20-0 VTLP sync handling ended
2026-03-05 15:48:07 INFO root Device 19-0 VTLP sync handling began
2026-03-05 15:48:07 INFO root Device 20-0 VTLP sync handling began
2026-03-05 15:48:07 INFO root Device 17-0 VTLP sync handling began
2026-03-05 15:48:07 INFO root Device 19-0 VTLP sync handling ended
2026-03-05 15:48:07 INFO root Device 20-0 VTLP sync handling ended
2026-03-05 15:48:07 INFO root Device 17-0 VTLP sync handling ended
2026-03-05 15:48:07 INFO root Device 19-0 VTLP sync handling began
2026-03-05 15:48:07 INFO root Device 19-0 VTLP sync handling ended
2026-03-05 15:48:10 INFO root Device 21-0 VTLP sync handling began
2026-03-05 15:48:10 INFO root Device 21-0 VTLP sync handling ended
2026-03-05 15:48:10 INFO root Device 21-0 VTLP sync handling began
2026-03-05 15:48:10 INFO root Device 21-0 VTLP sync handling ended
2026-03-05 15:48:11 ERROR root SerialInterface spd2:COM1SendAndWait: Port COM1 not open
2026-03-05 15:48:11 ERROR root SerialInterface spd6:COM1SendAndWait: Port COM1 not open
2026-03-05 15:48:11 ERROR root SerialInterface spd1:COM1SendAndWait: Port COM1 not open
2026-03-05 15:48:11 ERROR root SerialInterface spd4:COM1SendAndWait: Port COM1 not open
2026-03-05 15:48:11 ERROR root SerialInterface spd3:COM1SendAndWait: Port COM1 not open
2026-03-05 15:48:11 ERROR root SerialInterface spd5:COM1SendAndWait: Port COM1 not open
2026-03-05 15:48:14 INFO root Device 21-0 VTLP sync handling began
2026-03-05 15:48:14 INFO root Device 21-0 VTLP sync handling ended
2026-03-05 15:48:15 INFO root Device 21-0 VTLP sync handling began
2026-03-05 15:48:15 INFO root Device 21-0 VTLP sync handling ended
2026-03-05 15:48:15 INFO root Device 21-0 VTLP sync handling began
2026-03-05 15:48:15 INFO root Device 21-0 VTLP sync handling ended
2026-03-05 15:48:15 INFO root Device 21-0 VTLP sync handling began
2026-03-05 15:48:15 INFO root Device 21-0 VTLP sync handling ended
2026-03-05 15:48:16 ERROR root Debug Server restarted:Listening
2026-03-05 15:48:21 ERROR root SerialInterface spd2:COM1SendAndWait: Port COM1 not open
2026-03-05 15:48:21 ERROR root SerialInterface spd6:COM1SendAndWait: Port COM1 not open
2026-03-05 15:48:21 ERROR root SerialInterface spd1:COM1SendAndWait: Port COM1 not open
2026-03-05 15:48:21 ERROR root SerialInterface spd4:COM1SendAndWait: Port COM1 not open
2026-03-05 15:48:21 ERROR root SerialInterface spd3:COM1SendAndWait: Port COM1 not open
2026-03-05 15:48:21 ERROR root SerialInterface spd5:COM1SendAndWait: Port COM1 not open
2026-03-05 15:48:25 INFO root Device 21-0 VTLP sync handling began
2026-03-05 15:48:25 INFO root Device 21-0 VTLP sync handling ended
2026-03-05 15:48:25 INFO root Device 21-0 VTLP sync handling began
2026-03-05 15:48:25 INFO root Device 21-0 VTLP sync handling ended
2026-03-05 15:48:29 INFO root Device 21-0 VTLP sync handling began
2026-03-05 15:48:29 INFO root Device 21-0 VTLP sync handling ended
2026-03-05 15:48:30 INFO root Device 21-0 VTLP sync handling began
2026-03-05 15:48:30 INFO root Device 21-0 VTLP sync handling ended
2026-03-05 15:48:30 INFO root Device 21-0 VTLP sync handling began
2026-03-05 15:48:30 INFO root Device 21-0 VTLP sync handling ended
2026-03-05 15:48:30 INFO root Device 21-0 VTLP sync handling began
2026-03-05 15:48:30 INFO root Device 21-0 VTLP sync handling ended
2026-03-05 15:48:31 ERROR root SerialInterface spd2:COM1SendAndWait: Port COM1 not open
2026-03-05 15:48:31 ERROR root SerialInterface spd6:COM1SendAndWait: Port COM1 not open
2026-03-05 15:48:31 ERROR root SerialInterface spd1:COM1SendAndWait: Port COM1 not open
2026-03-05 15:48:31 ERROR root SerialInterface spd4:COM1SendAndWait: Port COM1 not open
2026-03-05 15:48:31 ERROR root SerialInterface spd3:COM1SendAndWait: Port COM1 not open
2026-03-05 15:48:31 ERROR root SerialInterface spd5:COM1SendAndWait: Port COM1 not open
2026-03-05 15:48:40 INFO root Device 21-0 VTLP sync handling began
2026-03-05 15:48:40 INFO root Device 21-0 VTLP sync handling ended
2026-03-05 15:48:40 INFO root Device 21-0 VTLP sync handling began
2026-03-05 15:48:40 INFO root Device 21-0 VTLP sync handling ended
2026-03-05 15:48:44 INFO root Device 21-0 VTLP sync handling began
2026-03-05 15:48:44 INFO root Device 21-0 VTLP sync handling ended
2026-03-05 15:48:45 INFO root Device 21-0 VTLP sync handling began
2026-03-05 15:48:45 INFO root Device 21-0 VTLP sync handling ended
2026-03-05 15:48:45 INFO root Device 21-0 VTLP sync handling began
2026-03-05 15:48:45 INFO root Device 21-0 VTLP sync handling ended
2026-03-05 15:48:45 INFO root Device 21-0 VTLP sync handling began
2026-03-05 15:48:45 INFO root Device 21-0 VTLP sync handling ended
2026-03-05 15:48:46 ERROR root SerialInterface spd1:COM1SendAndWait: Port COM1 not open
2026-03-05 15:48:46 ERROR root SerialInterface spd4:COM1SendAndWait: Port COM1 not open
2026-03-05 15:48:46 ERROR root SerialInterface spd2:COM1SendAndWait: Port COM1 not open
2026-03-05 15:48:46 ERROR root SerialInterface spd6:COM1SendAndWait: Port COM1 not open
2026-03-05 15:48:46 ERROR root SerialInterface spd5:COM1SendAndWait: Port COM1 not open
2026-03-05 15:48:46 ERROR root SerialInterface spd3:COM1SendAndWait: Port COM1 not open
2026-03-05 15:48:46 ERROR root Debug Server restarted:Listening
2026-03-05 15:48:55 INFO root Device 21-0 VTLP sync handling began
2026-03-05 15:48:55 INFO root Device 21-0 VTLP sync handling ended
2026-03-05 15:48:55 INFO root Device 21-0 VTLP sync handling began
2026-03-05 15:48:55 INFO root Device 21-0 VTLP sync handling ended
2026-03-05 15:48:56 ERROR root SerialInterface spd1:COM1SendAndWait: Port COM1 not open
2026-03-05 15:48:56 ERROR root SerialInterface spd4:COM1SendAndWait: Port COM1 not open
2026-03-05 15:48:56 ERROR root SerialInterface spd5:COM1SendAndWait: Port COM1 not open
2026-03-05 15:48:56 ERROR root SerialInterface spd6:COM1SendAndWait: Port COM1 not open
2026-03-05 15:48:56 ERROR root SerialInterface spd2:COM1SendAndWait: Port COM1 not open
2026-03-05 15:48:56 ERROR root SerialInterface spd3:COM1SendAndWait: Port COM1 not open
2026-03-05 15:48:59 INFO root Device 21-0 VTLP sync handling began
2026-03-05 15:48:59 INFO root Device 21-0 VTLP sync handling ended
2026-03-05 15:49:00 INFO root Device 21-0 VTLP sync handling began
2026-03-05 15:49:00 INFO root Device 21-0 VTLP sync handling ended
2026-03-05 15:49:00 INFO root Device 21-0 VTLP sync handling began
2026-03-05 15:49:00 INFO root Device 21-0 VTLP sync handling ended
2026-03-05 15:49:00 INFO root Device 21-0 VTLP sync handling began
2026-03-05 15:49:00 INFO root Device 21-0 VTLP sync handling ended
2026-03-05 15:49:06 ERROR root SerialInterface spd1:COM1SendAndWait: Port COM1 not open
2026-03-05 15:49:06 ERROR root SerialInterface spd4:COM1SendAndWait: Port COM1 not open
2026-03-05 15:49:06 ERROR root SerialInterface spd6:COM1SendAndWait: Port COM1 not open
2026-03-05 15:49:06 ERROR root SerialInterface spd2:COM1SendAndWait: Port COM1 not open
2026-03-05 15:49:06 ERROR root SerialInterface spd5:COM1SendAndWait: Port COM1 not open
2026-03-05 15:49:06 ERROR root SerialInterface spd3:COM1SendAndWait: Port COM1 not open
2026-03-05 15:49:07 INFO root Device 17-0 VTLP sync handling began
2026-03-05 15:49:07 INFO root Device 17-0 VTLP sync handling ended
2026-03-05 15:49:07 INFO root Device 20-0 VTLP sync handling began
2026-03-05 15:49:07 INFO root Device 17-0 VTLP sync handling began
2026-03-05 15:49:07 INFO root Device 17-0 VTLP sync handling ended
2026-03-05 15:49:07 INFO root Device 20-0 VTLP sync handling ended
2026-03-05 15:49:07 INFO root Device 20-0 VTLP sync handling began
2026-03-05 15:49:07 INFO root Device 17-0 VTLP sync handling began
2026-03-05 15:49:07 INFO root Device 20-0 VTLP sync handling ended
2026-03-05 15:49:07 INFO root Device 17-0 VTLP sync handling ended
2026-03-05 15:49:07 INFO root Device 19-0 VTLP sync handling began
2026-03-05 15:49:07 INFO root Device 20-0 VTLP sync handling began
2026-03-05 15:49:07 INFO root Device 19-0 VTLP sync handling ended
2026-03-05 15:49:07 INFO root Device 20-0 VTLP sync handling ended
2026-03-05 15:49:07 INFO root Device 17-0 VTLP sync handling began
2026-03-05 15:49:07 INFO root Device 19-0 VTLP sync handling began
2026-03-05 15:49:07 INFO root Device 20-0 VTLP sync handling began
2026-03-05 15:49:07 INFO root Device 17-0 VTLP sync handling ended
2026-03-05 15:49:07 INFO root Device 16-0 VTLP sync handling began
2026-03-05 15:49:07 INFO root Device 19-0 VTLP sync handling ended
2026-03-05 15:49:07 INFO root Device 16-0 VTLP sync handling ended
2026-03-05 15:49:07 INFO root Device 17-0 VTLP sync handling began
2026-03-05 15:49:07 INFO root Device 19-0 VTLP sync handling began
2026-03-05 15:49:07 INFO root Device 16-0 VTLP sync handling began
2026-03-05 15:49:07 INFO root Device 20-0 VTLP sync handling ended
2026-03-05 15:49:07 INFO root Device 19-0 VTLP sync handling ended
2026-03-05 15:49:07 INFO root Device 16-0 VTLP sync handling ended
2026-03-05 15:49:07 INFO root Device 17-0 VTLP sync handling ended
2026-03-05 15:49:07 INFO root Device 20-0 VTLP sync handling began
2026-03-05 15:49:07 INFO root Device 19-0 VTLP sync handling began
2026-03-05 15:49:07 INFO root Device 20-0 VTLP sync handling ended
2026-03-05 15:49:07 INFO root Device 16-0 VTLP sync handling began
2026-03-05 15:49:07 INFO root Device 17-0 VTLP sync handling began
2026-03-05 15:49:07 INFO root Device 19-0 VTLP sync handling ended
2026-03-05 15:49:07 INFO root Device 20-0 VTLP sync handling began
2026-03-05 15:49:07 INFO root Device 16-0 VTLP sync handling ended
2026-03-05 15:49:07 INFO root Device 17-0 VTLP sync handling ended
2026-03-05 15:49:07 INFO root Device 19-0 VTLP sync handling began
2026-03-05 15:49:07 INFO root Device 16-0 VTLP sync handling began
2026-03-05 15:49:07 INFO root Device 20-0 VTLP sync handling ended
2026-03-05 15:49:07 INFO root Device 19-0 VTLP sync handling ended
2026-03-05 15:49:07 INFO root Device 16-0 VTLP sync handling ended
2026-03-05 15:49:07 INFO root Device 20-0 VTLP sync handling began
2026-03-05 15:49:07 INFO root Device 17-0 VTLP sync handling began
2026-03-05 15:49:07 INFO root Device 19-0 VTLP sync handling began
2026-03-05 15:49:07 INFO root Device 17-0 VTLP sync handling ended
2026-03-05 15:49:07 INFO root Device 19-0 VTLP sync handling ended
2026-03-05 15:49:07 INFO root Device 20-0 VTLP sync handling ended
2026-03-05 15:49:07 INFO root Device 17-0 VTLP sync handling began
2026-03-05 15:49:07 INFO root Device 16-0 VTLP sync handling began
2026-03-05 15:49:07 INFO root Device 19-0 VTLP sync handling began
2026-03-05 15:49:07 INFO root Device 17-0 VTLP sync handling ended
2026-03-05 15:49:07 INFO root Device 19-0 VTLP sync handling ended
2026-03-05 15:49:07 INFO root Device 16-0 VTLP sync handling ended
2026-03-05 15:49:07 INFO root Device 19-0 VTLP sync handling began
2026-03-05 15:49:07 INFO root Device 19-0 VTLP sync handling ended
2026-03-05 15:49:10 INFO root Device 21-0 VTLP sync handling began
2026-03-05 15:49:10 INFO root Device 21-0 VTLP sync handling ended
2026-03-05 15:49:10 INFO root Device 21-0 VTLP sync handling began
2026-03-05 15:49:10 INFO root Device 21-0 VTLP sync handling ended
2026-03-05 15:49:14 INFO root Device 21-0 VTLP sync handling began
2026-03-05 15:49:14 INFO root Device 21-0 VTLP sync handling ended
2026-03-05 15:49:15 INFO root Device 21-0 VTLP sync handling began
2026-03-05 15:49:15 INFO root Device 21-0 VTLP sync handling ended
2026-03-05 15:49:15 INFO root Device 21-0 VTLP sync handling began
2026-03-05 15:49:15 INFO root Device 21-0 VTLP sync handling ended
2026-03-05 15:49:15 INFO root Device 21-0 VTLP sync handling began
2026-03-05 15:49:15 INFO root Device 21-0 VTLP sync handling ended
2026-03-05 15:49:16 ERROR root SerialInterface spd1:COM1SendAndWait: Port COM1 not open
2026-03-05 15:49:16 ERROR root SerialInterface spd4:COM1SendAndWait: Port COM1 not open
2026-03-05 15:49:16 ERROR root Debug Server restarted:Listening
2026-03-05 15:49:16 ERROR root SerialInterface spd6:COM1SendAndWait: Port COM1 not open
2026-03-05 15:49:16 ERROR root SerialInterface spd2:COM1SendAndWait: Port COM1 not open
2026-03-05 15:49:16 ERROR root SerialInterface spd5:COM1SendAndWait: Port COM1 not open
2026-03-05 15:49:16 ERROR root SerialInterface spd3:COM1SendAndWait: Port COM1 not open
2026-03-05 15:49:25 INFO root Device 21-0 VTLP sync handling began
2026-03-05 15:49:25 INFO root Device 21-0 VTLP sync handling ended
2026-03-05 15:49:25 INFO root Device 21-0 VTLP sync handling began
2026-03-05 15:49:25 INFO root Device 21-0 VTLP sync handling ended
2026-03-05 15:49:26 ERROR root SerialInterface spd1:COM1SendAndWait: Port COM1 not open
2026-03-05 15:49:26 ERROR root SerialInterface spd4:COM1SendAndWait: Port COM1 not open
2026-03-05 15:49:26 ERROR root SerialInterface spd6:COM1SendAndWait: Port COM1 not open
2026-03-05 15:49:26 ERROR root SerialInterface spd2:COM1SendAndWait: Port COM1 not open
2026-03-05 15:49:26 ERROR root SerialInterface spd5:COM1SendAndWait: Port COM1 not open
2026-03-05 15:49:26 ERROR root SerialInterface spd3:COM1SendAndWait: Port COM1 not open
2026-03-05 15:49:29 INFO root Device 21-0 VTLP sync handling began
2026-03-05 15:49:29 INFO root Device 21-0 VTLP sync handling ended
2026-03-05 15:49:30 INFO root Device 21-0 VTLP sync handling began
2026-03-05 15:49:30 INFO root Device 21-0 VTLP sync handling ended
2026-03-05 15:49:30 INFO root Device 21-0 VTLP sync handling began
2026-03-05 15:49:30 INFO root Device 21-0 VTLP sync handling ended
2026-03-05 15:49:30 INFO root Device 21-0 VTLP sync handling began
2026-03-05 15:49:30 INFO root Device 21-0 VTLP sync handling ended
2026-03-05 15:49:36 ERROR root SerialInterface spd1:COM1SendAndWait: Port COM1 not open
2026-03-05 15:49:36 ERROR root SerialInterface spd4:COM1SendAndWait: Port COM1 not open
2026-03-05 15:49:36 ERROR root SerialInterface spd6:COM1SendAndWait: Port COM1 not open
2026-03-05 15:49:36 ERROR root SerialInterface spd2:COM1SendAndWait: Port COM1 not open
2026-03-05 15:49:36 ERROR root SerialInterface spd5:COM1SendAndWait: Port COM1 not open
2026-03-05 15:49:36 ERROR root SerialInterface spd3:COM1SendAndWait: Port COM1 not open
2026-03-05 15:49:40 INFO root Device 21-0 VTLP sync handling began
2026-03-05 15:49:40 INFO root Device 21-0 VTLP sync handling ended
2026-03-05 15:49:40 INFO root Device 21-0 VTLP sync handling began
2026-03-05 15:49:40 INFO root Device 21-0 VTLP sync handling ended
2026-03-05 15:49:44 INFO root Device 21-0 VTLP sync handling began
2026-03-05 15:49:44 INFO root Device 21-0 VTLP sync handling ended
2026-03-05 15:49:45 INFO root Device 21-0 VTLP sync handling began
2026-03-05 15:49:45 INFO root Device 21-0 VTLP sync handling ended
2026-03-05 15:49:45 INFO root Device 21-0 VTLP sync handling began
2026-03-05 15:49:45 INFO root Device 21-0 VTLP sync handling ended
2026-03-05 15:49:45 INFO root Device 21-0 VTLP sync handling began
2026-03-05 15:49:45 INFO root Device 21-0 VTLP sync handling ended
2026-03-05 15:49:46 ERROR root Debug Server restarted:Listening
2026-03-05 15:49:46 ERROR root SerialInterface spd1:COM1SendAndWait: Port COM1 not open
2026-03-05 15:49:46 ERROR root SerialInterface spd4:COM1SendAndWait: Port COM1 not open
2026-03-05 15:49:46 ERROR root SerialInterface spd6:COM1SendAndWait: Port COM1 not open
2026-03-05 15:49:46 ERROR root SerialInterface spd2:COM1SendAndWait: Port COM1 not open
2026-03-05 15:49:46 ERROR root SerialInterface spd5:COM1SendAndWait: Port COM1 not open
2026-03-05 15:49:46 ERROR root SerialInterface spd3:COM1SendAndWait: Port COM1 not open
2026-03-05 15:49:55 INFO root Device 21-0 VTLP sync handling began
2026-03-05 15:49:55 INFO root Device 21-0 VTLP sync handling ended
2026-03-05 15:49:55 INFO root Device 21-0 VTLP sync handling began
2026-03-05 15:49:55 INFO root Device 21-0 VTLP sync handling ended
2026-03-05 15:49:59 INFO root Device 21-0 VTLP sync handling began
2026-03-05 15:49:59 INFO root Device 21-0 VTLP sync handling ended
2026-03-05 15:50:00 INFO root Device 21-0 VTLP sync handling began
2026-03-05 15:50:00 INFO root Device 21-0 VTLP sync handling ended
2026-03-05 15:50:00 INFO root Device 21-0 VTLP sync handling began
2026-03-05 15:50:00 INFO root Device 21-0 VTLP sync handling ended
2026-03-05 15:50:00 INFO root Device 21-0 VTLP sync handling began
2026-03-05 15:50:00 INFO root Device 21-0 VTLP sync handling ended
2026-03-05 15:50:01 ERROR root SerialInterface spd4:COM1SendAndWait: Port COM1 not open
2026-03-05 15:50:01 ERROR root SerialInterface spd1:COM1SendAndWait: Port COM1 not open
2026-03-05 15:50:01 ERROR root SerialInterface spd2:COM1SendAndWait: Port COM1 not open
2026-03-05 15:50:01 ERROR root SerialInterface spd6:COM1SendAndWait: Port COM1 not open
2026-03-05 15:50:01 ERROR root SerialInterface spd3:COM1SendAndWait: Port COM1 not open
2026-03-05 15:50:01 ERROR root SerialInterface spd5:COM1SendAndWait: Port COM1 not open
2026-03-05 15:50:07 INFO root Device 16-0 VTLP sync handling began
2026-03-05 15:50:07 INFO root Device 16-0 VTLP sync handling ended
2026-03-05 15:50:07 INFO root Device 16-0 VTLP sync handling began
2026-03-05 15:50:07 INFO root Device 16-0 VTLP sync handling ended
2026-03-05 15:50:07 INFO root Device 16-0 VTLP sync handling began
2026-03-05 15:50:07 INFO root Device 20-0 VTLP sync handling began
2026-03-05 15:50:07 INFO root Device 16-0 VTLP sync handling ended
2026-03-05 15:50:07 INFO root Device 19-0 VTLP sync handling began
2026-03-05 15:50:07 INFO root Device 20-0 VTLP sync handling ended
2026-03-05 15:50:07 INFO root Device 17-0 VTLP sync handling began
2026-03-05 15:50:07 INFO root Device 16-0 VTLP sync handling began
2026-03-05 15:50:07 INFO root Device 19-0 VTLP sync handling ended
2026-03-05 15:50:07 INFO root Device 17-0 VTLP sync handling ended
2026-03-05 15:50:07 INFO root Device 16-0 VTLP sync handling ended
2026-03-05 15:50:07 INFO root Device 20-0 VTLP sync handling began
2026-03-05 15:50:07 INFO root Device 17-0 VTLP sync handling began
2026-03-05 15:50:07 INFO root Device 19-0 VTLP sync handling began
2026-03-05 15:50:07 INFO root Device 17-0 VTLP sync handling ended
2026-03-05 15:50:07 INFO root Device 20-0 VTLP sync handling ended
2026-03-05 15:50:07 INFO root Device 16-0 VTLP sync handling began
2026-03-05 15:50:07 INFO root Device 17-0 VTLP sync handling began
2026-03-05 15:50:07 INFO root Device 19-0 VTLP sync handling ended
2026-03-05 15:50:07 INFO root Device 20-0 VTLP sync handling began
2026-03-05 15:50:07 INFO root Device 16-0 VTLP sync handling ended
2026-03-05 15:50:07 INFO root Device 20-0 VTLP sync handling ended
2026-03-05 15:50:07 INFO root Device 17-0 VTLP sync handling ended
2026-03-05 15:50:07 INFO root Device 19-0 VTLP sync handling began
2026-03-05 15:50:07 INFO root Device 20-0 VTLP sync handling began
2026-03-05 15:50:07 INFO root Device 17-0 VTLP sync handling began
2026-03-05 15:50:07 INFO root Device 19-0 VTLP sync handling ended
2026-03-05 15:50:07 INFO root Device 20-0 VTLP sync handling ended
2026-03-05 15:50:07 INFO root Device 20-0 VTLP sync handling began
2026-03-05 15:50:07 INFO root Device 19-0 VTLP sync handling began
2026-03-05 15:50:07 INFO root Device 20-0 VTLP sync handling ended
2026-03-05 15:50:07 INFO root Device 17-0 VTLP sync handling ended
2026-03-05 15:50:07 INFO root Device 19-0 VTLP sync handling ended
2026-03-05 15:50:07 INFO root Device 20-0 VTLP sync handling began
2026-03-05 15:50:07 INFO root Device 17-0 VTLP sync handling began
2026-03-05 15:50:07 INFO root Device 19-0 VTLP sync handling began
2026-03-05 15:50:07 INFO root Device 20-0 VTLP sync handling ended
2026-03-05 15:50:07 INFO root Device 19-0 VTLP sync handling ended
2026-03-05 15:50:07 INFO root Device 17-0 VTLP sync handling ended
2026-03-05 15:50:07 INFO root Device 20-0 VTLP sync handling began
2026-03-05 15:50:07 INFO root Device 19-0 VTLP sync handling began
2026-03-05 15:50:07 INFO root Device 17-0 VTLP sync handling began
2026-03-05 15:50:07 INFO root Device 19-0 VTLP sync handling ended
2026-03-05 15:50:07 INFO root Device 20-0 VTLP sync handling ended
2026-03-05 15:50:07 INFO root Device 17-0 VTLP sync handling ended
2026-03-05 15:50:07 INFO root Device 19-0 VTLP sync handling began
2026-03-05 15:50:07 INFO root Device 17-0 VTLP sync handling began
2026-03-05 15:50:07 INFO root Device 19-0 VTLP sync handling ended
2026-03-05 15:50:07 INFO root Device 17-0 VTLP sync handling ended
2026-03-05 15:50:07 INFO root Device 19-0 VTLP sync handling began
2026-03-05 15:50:07 INFO root Device 17-0 VTLP sync handling began
2026-03-05 15:50:07 INFO root Device 19-0 VTLP sync handling ended
2026-03-05 15:50:07 INFO root Device 17-0 VTLP sync handling ended
2026-03-05 15:50:10 INFO root Device 21-0 VTLP sync handling began
2026-03-05 15:50:10 INFO root Device 21-0 VTLP sync handling ended
2026-03-05 15:50:10 INFO root Device 21-0 VTLP sync handling began
2026-03-05 15:50:10 INFO root Device 21-0 VTLP sync handling ended
2026-03-05 15:50:11 ERROR root SerialInterface spd4:COM1SendAndWait: Port COM1 not open
2026-03-05 15:50:11 ERROR root SerialInterface spd1:COM1SendAndWait: Port COM1 not open
2026-03-05 15:50:11 ERROR root SerialInterface spd6:COM1SendAndWait: Port COM1 not open
2026-03-05 15:50:11 ERROR root SerialInterface spd5:COM1SendAndWait: Port COM1 not open
2026-03-05 15:50:11 ERROR root SerialInterface spd3:COM1SendAndWait: Port COM1 not open
2026-03-05 15:50:11 ERROR root SerialInterface spd2:COM1SendAndWait: Port COM1 not open
2026-03-05 15:50:14 INFO root Device 21-0 VTLP sync handling began
2026-03-05 15:50:14 INFO root Device 21-0 VTLP sync handling ended
2026-03-05 15:50:15 INFO root Device 21-0 VTLP sync handling began
2026-03-05 15:50:15 INFO root Device 21-0 VTLP sync handling ended
2026-03-05 15:50:15 INFO root Device 21-0 VTLP sync handling began
2026-03-05 15:50:15 INFO root Device 21-0 VTLP sync handling ended
2026-03-05 15:50:15 INFO root Device 21-0 VTLP sync handling began
2026-03-05 15:50:15 INFO root Device 21-0 VTLP sync handling ended
2026-03-05 15:50:16 ERROR root Debug Server restarted:Listening
2026-03-05 15:50:21 ERROR root SerialInterface spd4:COM1SendAndWait: Port COM1 not open
2026-03-05 15:50:21 ERROR root SerialInterface spd1:COM1SendAndWait: Port COM1 not open
2026-03-05 15:50:21 ERROR root SerialInterface spd2:COM1SendAndWait: Port COM1 not open
2026-03-05 15:50:21 ERROR root SerialInterface spd5:COM1SendAndWait: Port COM1 not open
2026-03-05 15:50:21 ERROR root SerialInterface spd6:COM1SendAndWait: Port COM1 not open
2026-03-05 15:50:21 ERROR root SerialInterface spd3:COM1SendAndWait: Port COM1 not open
2026-03-05 15:50:25 INFO root Device 21-0 VTLP sync handling began
2026-03-05 15:50:25 INFO root Device 21-0 VTLP sync handling ended
2026-03-05 15:50:25 INFO root Device 21-0 VTLP sync handling began
2026-03-05 15:50:25 INFO root Device 21-0 VTLP sync handling ended
2026-03-05 15:50:29 INFO root Device 21-0 VTLP sync handling began
2026-03-05 15:50:29 INFO root Device 21-0 VTLP sync handling ended
2026-03-05 15:50:30 INFO root Device 21-0 VTLP sync handling began
2026-03-05 15:50:30 INFO root Device 21-0 VTLP sync handling ended
2026-03-05 15:50:30 INFO root Device 21-0 VTLP sync handling began
2026-03-05 15:50:30 INFO root Device 21-0 VTLP sync handling ended
2026-03-05 15:50:30 INFO root Device 21-0 VTLP sync handling began
2026-03-05 15:50:30 INFO root Device 21-0 VTLP sync handling ended
2026-03-05 15:50:31 ERROR root SerialInterface spd4:COM1SendAndWait: Port COM1 not open
2026-03-05 15:50:31 ERROR root SerialInterface spd1:COM1SendAndWait: Port COM1 not open
2026-03-05 15:50:31 ERROR root SerialInterface spd2:COM1SendAndWait: Port COM1 not open
2026-03-05 15:50:31 ERROR root SerialInterface spd5:COM1SendAndWait: Port COM1 not open
2026-03-05 15:50:31 ERROR root SerialInterface spd6:COM1SendAndWait: Port COM1 not open
2026-03-05 15:50:31 ERROR root SerialInterface spd3:COM1SendAndWait: Port COM1 not open
2026-03-05 15:50:40 INFO root Device 21-0 VTLP sync handling began
2026-03-05 15:50:40 INFO root Device 21-0 VTLP sync handling ended
2026-03-05 15:50:40 INFO root Device 21-0 VTLP sync handling began
2026-03-05 15:50:40 INFO root Device 21-0 VTLP sync handling ended
2026-03-05 15:50:41 ERROR root SerialInterface spd4:COM1SendAndWait: Port COM1 not open
2026-03-05 15:50:41 ERROR root SerialInterface spd1:COM1SendAndWait: Port COM1 not open
2026-03-05 15:50:41 ERROR root SerialInterface spd2:COM1SendAndWait: Port COM1 not open
2026-03-05 15:50:41 ERROR root SerialInterface spd5:COM1SendAndWait: Port COM1 not open
2026-03-05 15:50:41 ERROR root SerialInterface spd6:COM1SendAndWait: Port COM1 not open
2026-03-05 15:50:41 ERROR root SerialInterface spd3:COM1SendAndWait: Port COM1 not open
2026-03-05 15:50:44 INFO root Device 21-0 VTLP sync handling began
2026-03-05 15:50:44 INFO root Device 21-0 VTLP sync handling ended
2026-03-05 15:50:45 INFO root Device 21-0 VTLP sync handling began
2026-03-05 15:50:45 INFO root Device 21-0 VTLP sync handling ended
2026-03-05 15:50:45 INFO root Device 21-0 VTLP sync handling began
2026-03-05 15:50:45 INFO root Device 21-0 VTLP sync handling ended
2026-03-05 15:50:45 INFO root Device 21-0 VTLP sync handling began
2026-03-05 15:50:45 INFO root Device 21-0 VTLP sync handling ended
2026-03-05 15:50:46 ERROR root Debug Server restarted:Listening
2026-03-05 15:50:55 INFO root Device 21-0 VTLP sync handling began
2026-03-05 15:50:55 INFO root Device 21-0 VTLP sync handling ended
2026-03-05 15:50:55 INFO root Device 21-0 VTLP sync handling began
2026-03-05 15:50:55 INFO root Device 21-0 VTLP sync handling ended
2026-03-05 15:50:59 INFO root Device 21-0 VTLP sync handling began
2026-03-05 15:50:59 INFO root Device 21-0 VTLP sync handling ended
2026-03-05 15:51:00 INFO root Device 21-0 VTLP sync handling began
2026-03-05 15:51:00 INFO root Device 21-0 VTLP sync handling ended
2026-03-05 15:51:00 INFO root Device 21-0 VTLP sync handling began
2026-03-05 15:51:00 INFO root Device 21-0 VTLP sync handling ended
2026-03-05 15:51:00 INFO root Device 21-0 VTLP sync handling began
2026-03-05 15:51:00 INFO root Device 21-0 VTLP sync handling ended
2026-03-05 15:51:07 INFO root Device 20-0 VTLP sync handling began
2026-03-05 15:51:07 INFO root Device 20-0 VTLP sync handling ended
2026-03-05 15:51:07 INFO root Device 17-0 VTLP sync handling began
2026-03-05 15:51:07 INFO root Device 20-0 VTLP sync handling began
2026-03-05 15:51:07 INFO root Device 17-0 VTLP sync handling ended
2026-03-05 15:51:07 INFO root Device 20-0 VTLP sync handling ended
2026-03-05 15:51:07 INFO root Device 20-0 VTLP sync handling began
2026-03-05 15:51:07 INFO root Device 16-0 VTLP sync handling began
2026-03-05 15:51:07 INFO root Device 17-0 VTLP sync handling began
2026-03-05 15:51:07 INFO root Device 16-0 VTLP sync handling ended
2026-03-05 15:51:07 INFO root Device 17-0 VTLP sync handling ended
2026-03-05 15:51:07 INFO root Device 20-0 VTLP sync handling ended
2026-03-05 15:51:07 INFO root Device 16-0 VTLP sync handling began
2026-03-05 15:51:07 INFO root Device 17-0 VTLP sync handling began
2026-03-05 15:51:07 INFO root Device 20-0 VTLP sync handling began
2026-03-05 15:51:07 INFO root Device 16-0 VTLP sync handling ended
2026-03-05 15:51:07 INFO root Device 17-0 VTLP sync handling ended
2026-03-05 15:51:07 INFO root Device 19-0 VTLP sync handling began
2026-03-05 15:51:07 INFO root Device 16-0 VTLP sync handling began
2026-03-05 15:51:07 INFO root Device 19-0 VTLP sync handling ended
2026-03-05 15:51:07 INFO root Device 20-0 VTLP sync handling ended
2026-03-05 15:51:07 INFO root Device 19-0 VTLP sync handling began
2026-03-05 15:51:07 INFO root Device 17-0 VTLP sync handling began
2026-03-05 15:51:07 INFO root Device 16-0 VTLP sync handling ended
2026-03-05 15:51:07 INFO root Device 17-0 VTLP sync handling ended
2026-03-05 15:51:07 INFO root Device 20-0 VTLP sync handling began
2026-03-05 15:51:07 INFO root Device 19-0 VTLP sync handling ended
2026-03-05 15:51:07 INFO root Device 16-0 VTLP sync handling began
2026-03-05 15:51:07 INFO root Device 20-0 VTLP sync handling ended
2026-03-05 15:51:07 INFO root Device 17-0 VTLP sync handling began
2026-03-05 15:51:07 INFO root Device 19-0 VTLP sync handling began
2026-03-05 15:51:07 INFO root Device 20-0 VTLP sync handling began
2026-03-05 15:51:07 INFO root Device 17-0 VTLP sync handling ended
2026-03-05 15:51:07 INFO root Device 16-0 VTLP sync handling ended
2026-03-05 15:51:07 INFO root Device 20-0 VTLP sync handling ended
2026-03-05 15:51:07 INFO root Device 17-0 VTLP sync handling began
2026-03-05 15:51:07 INFO root Device 17-0 VTLP sync handling ended
2026-03-05 15:51:07 INFO root Device 19-0 VTLP sync handling ended
2026-03-05 15:51:07 INFO root Device 16-0 VTLP sync handling began
2026-03-05 15:51:07 INFO root Device 20-0 VTLP sync handling began
2026-03-05 15:51:07 INFO root Device 17-0 VTLP sync handling began
2026-03-05 15:51:07 INFO root Device 19-0 VTLP sync handling began
2026-03-05 15:51:07 INFO root Device 17-0 VTLP sync handling ended
2026-03-05 15:51:07 INFO root Device 20-0 VTLP sync handling ended
2026-03-05 15:51:07 INFO root Device 19-0 VTLP sync handling ended
2026-03-05 15:51:07 INFO root Device 17-0 VTLP sync handling began
2026-03-05 15:51:07 INFO root Device 16-0 VTLP sync handling ended
2026-03-05 15:51:07 INFO root Device 19-0 VTLP sync handling began
2026-03-05 15:51:07 INFO root Device 19-0 VTLP sync handling ended
2026-03-05 15:51:07 INFO root Device 17-0 VTLP sync handling ended
2026-03-05 15:51:07 INFO root Device 19-0 VTLP sync handling began
2026-03-05 15:51:07 INFO root Device 19-0 VTLP sync handling ended
2026-03-05 15:51:07 INFO root Device 19-0 VTLP sync handling began
2026-03-05 15:51:07 INFO root Device 19-0 VTLP sync handling ended
2026-03-05 15:51:07 INFO root Device 19-0 VTLP sync handling began
2026-03-05 15:51:07 INFO root Device 19-0 VTLP sync handling ended
2026-03-05 15:51:09 ERROR root SerialInterface spd4:COM1SendAndWait: Port COM1 not open
2026-03-05 15:51:09 ERROR root SerialInterface spd1:COM1SendAndWait: Port COM1 not open
2026-03-05 15:51:09 ERROR root SerialInterface spd5:COM1SendAndWait: Port COM1 not open
2026-03-05 15:51:09 ERROR root SerialInterface spd3:COM1SendAndWait: Port COM1 not open
2026-03-05 15:51:09 ERROR root SerialInterface spd2:COM1SendAndWait: Port COM1 not open
2026-03-05 15:51:09 ERROR root SerialInterface spd6:COM1SendAndWait: Port COM1 not open
2026-03-05 15:51:10 INFO root Device 21-0 VTLP sync handling began
2026-03-05 15:51:10 INFO root Device 21-0 VTLP sync handling ended
2026-03-05 15:51:10 INFO root Device 21-0 VTLP sync handling began
2026-03-05 15:51:10 INFO root Device 21-0 VTLP sync handling ended
2026-03-05 15:51:14 INFO root Device 21-0 VTLP sync handling began
2026-03-05 15:51:14 INFO root Device 21-0 VTLP sync handling ended
2026-03-05 15:51:15 INFO root Device 21-0 VTLP sync handling began
2026-03-05 15:51:15 INFO root Device 21-0 VTLP sync handling ended
2026-03-05 15:51:15 INFO root Device 21-0 VTLP sync handling began
2026-03-05 15:51:15 INFO root Device 21-0 VTLP sync handling ended
2026-03-05 15:51:15 INFO root Device 21-0 VTLP sync handling began
2026-03-05 15:51:15 INFO root Device 21-0 VTLP sync handling ended
2026-03-05 15:51:16 ERROR root Debug Server restarted:Listening
2026-03-05 15:51:24 ERROR root SerialInterface spd4:COM1SendAndWait: Port COM1 not open
2026-03-05 15:51:24 ERROR root SerialInterface spd6:COM1SendAndWait: Port COM1 not open
2026-03-05 15:51:24 ERROR root SerialInterface spd3:COM1SendAndWait: Port COM1 not open
2026-03-05 15:51:24 ERROR root SerialInterface spd1:COM1SendAndWait: Port COM1 not open
2026-03-05 15:51:24 ERROR root SerialInterface spd2:COM1SendAndWait: Port COM1 not open
2026-03-05 15:51:24 ERROR root SerialInterface spd5:COM1SendAndWait: Port COM1 not open
2026-03-05 15:51:25 INFO root Device 21-0 VTLP sync handling began
2026-03-05 15:51:25 INFO root Device 21-0 VTLP sync handling ended
2026-03-05 15:51:25 INFO root Device 21-0 VTLP sync handling began
2026-03-05 15:51:25 INFO root Device 21-0 VTLP sync handling ended
2026-03-05 15:51:29 INFO root Device 21-0 VTLP sync handling began
2026-03-05 15:51:29 INFO root Device 21-0 VTLP sync handling ended
2026-03-05 15:51:30 INFO root Device 21-0 VTLP sync handling began
2026-03-05 15:51:30 INFO root Device 21-0 VTLP sync handling ended
2026-03-05 15:51:30 INFO root Device 21-0 VTLP sync handling began
2026-03-05 15:51:30 INFO root Device 21-0 VTLP sync handling ended
2026-03-05 15:51:30 INFO root Device 21-0 VTLP sync handling began
2026-03-05 15:51:30 INFO root Device 21-0 VTLP sync handling ended
2026-03-05 15:51:34 ERROR root SerialInterface spd4:COM1SendAndWait: Port COM1 not open
2026-03-05 15:51:34 ERROR root SerialInterface spd6:COM1SendAndWait: Port COM1 not open
2026-03-05 15:51:34 ERROR root SerialInterface spd1:COM1SendAndWait: Port COM1 not open
2026-03-05 15:51:34 ERROR root SerialInterface spd2:COM1SendAndWait: Port COM1 not open
2026-03-05 15:51:34 ERROR root SerialInterface spd3:COM1SendAndWait: Port COM1 not open
2026-03-05 15:51:34 ERROR root SerialInterface spd5:COM1SendAndWait: Port COM1 not open
2026-03-05 15:51:40 INFO root Device 21-0 VTLP sync handling began
2026-03-05 15:51:40 INFO root Device 21-0 VTLP sync handling ended
2026-03-05 15:51:40 INFO root Device 21-0 VTLP sync handling began
2026-03-05 15:51:40 INFO root Device 21-0 VTLP sync handling ended
2026-03-05 15:51:44 ERROR root SerialInterface spd4:COM1SendAndWait: Port COM1 not open
2026-03-05 15:51:44 ERROR root SerialInterface spd6:COM1SendAndWait: Port COM1 not open
2026-03-05 15:51:44 ERROR root SerialInterface spd2:COM1SendAndWait: Port COM1 not open
2026-03-05 15:51:44 ERROR root SerialInterface spd1:COM1SendAndWait: Port COM1 not open
2026-03-05 15:51:44 ERROR root SerialInterface spd3:COM1SendAndWait: Port COM1 not open
2026-03-05 15:51:44 ERROR root SerialInterface spd5:COM1SendAndWait: Port COM1 not open
2026-03-05 15:51:44 INFO root Device 21-0 VTLP sync handling began
2026-03-05 15:51:44 INFO root Device 21-0 VTLP sync handling ended
2026-03-05 15:51:45 INFO root Device 21-0 VTLP sync handling began
2026-03-05 15:51:45 INFO root Device 21-0 VTLP sync handling ended
2026-03-05 15:51:45 INFO root Device 21-0 VTLP sync handling began
2026-03-05 15:51:45 INFO root Device 21-0 VTLP sync handling ended
2026-03-05 15:51:45 INFO root Device 21-0 VTLP sync handling began
2026-03-05 15:51:45 INFO root Device 21-0 VTLP sync handling ended
2026-03-05 15:51:46 ERROR root Debug Server restarted:Listening
2026-03-05 15:51:54 ERROR root SerialInterface spd4:COM1SendAndWait: Port COM1 not open
2026-03-05 15:51:54 ERROR root SerialInterface spd6:COM1SendAndWait: Port COM1 not open
2026-03-05 15:51:54 ERROR root SerialInterface spd2:COM1SendAndWait: Port COM1 not open
2026-03-05 15:51:54 ERROR root SerialInterface spd1:COM1SendAndWait: Port COM1 not open
2026-03-05 15:51:54 ERROR root SerialInterface spd3:COM1SendAndWait: Port COM1 not open
2026-03-05 15:51:54 ERROR root SerialInterface spd5:COM1SendAndWait: Port COM1 not open
2026-03-05 15:51:55 INFO root Device 21-0 VTLP sync handling began
2026-03-05 15:51:55 INFO root Device 21-0 VTLP sync handling ended
2026-03-05 15:51:55 INFO root Device 21-0 VTLP sync handling began
2026-03-05 15:51:55 INFO root Device 21-0 VTLP sync handling ended
2026-03-05 15:51:59 INFO root Device 21-0 VTLP sync handling began
2026-03-05 15:51:59 INFO root Device 21-0 VTLP sync handling ended
2026-03-05 15:52:00 INFO root Device 21-0 VTLP sync handling began
2026-03-05 15:52:00 INFO root Device 21-0 VTLP sync handling ended
2026-03-05 15:52:00 INFO root Device 21-0 VTLP sync handling began
2026-03-05 15:52:00 INFO root Device 21-0 VTLP sync handling ended
2026-03-05 15:52:00 INFO root Device 21-0 VTLP sync handling began
2026-03-05 15:52:00 INFO root Device 21-0 VTLP sync handling ended
2026-03-05 15:52:04 ERROR root SerialInterface spd4:COM1SendAndWait: Port COM1 not open
2026-03-05 15:52:04 ERROR root SerialInterface spd6:COM1SendAndWait: Port COM1 not open
2026-03-05 15:52:04 ERROR root SerialInterface spd2:COM1SendAndWait: Port COM1 not open
2026-03-05 15:52:04 ERROR root SerialInterface spd1:COM1SendAndWait: Port COM1 not open
2026-03-05 15:52:04 ERROR root SerialInterface spd3:COM1SendAndWait: Port COM1 not open
2026-03-05 15:52:04 ERROR root SerialInterface spd5:COM1SendAndWait: Port COM1 not open
2026-03-05 15:52:07 INFO root Device 19-0 VTLP sync handling began
2026-03-05 15:52:07 INFO root Device 20-0 VTLP sync handling began
2026-03-05 15:52:07 INFO root Device 19-0 VTLP sync handling ended
2026-03-05 15:52:07 INFO root Device 20-0 VTLP sync handling ended
2026-03-05 15:52:07 INFO root Device 20-0 VTLP sync handling began
2026-03-05 15:52:07 INFO root Device 19-0 VTLP sync handling began
2026-03-05 15:52:07 INFO root Device 20-0 VTLP sync handling ended
2026-03-05 15:52:07 INFO root Device 19-0 VTLP sync handling ended
2026-03-05 15:52:07 INFO root Device 20-0 VTLP sync handling began
2026-03-05 15:52:07 INFO root Device 16-0 VTLP sync handling began
2026-03-05 15:52:07 INFO root Device 20-0 VTLP sync handling ended
2026-03-05 15:52:07 INFO root Device 19-0 VTLP sync handling began
2026-03-05 15:52:07 INFO root Device 16-0 VTLP sync handling ended
2026-03-05 15:52:07 INFO root Device 17-0 VTLP sync handling began
2026-03-05 15:52:07 INFO root Device 16-0 VTLP sync handling began
2026-03-05 15:52:07 INFO root Device 19-0 VTLP sync handling ended
2026-03-05 15:52:07 INFO root Device 17-0 VTLP sync handling ended
2026-03-05 15:52:07 INFO root Device 20-0 VTLP sync handling began
2026-03-05 15:52:07 INFO root Device 16-0 VTLP sync handling ended
2026-03-05 15:52:07 INFO root Device 19-0 VTLP sync handling began
2026-03-05 15:52:07 INFO root Device 17-0 VTLP sync handling began
2026-03-05 15:52:07 INFO root Device 17-0 VTLP sync handling ended
2026-03-05 15:52:07 INFO root Device 17-0 VTLP sync handling began
2026-03-05 15:52:07 INFO root Device 16-0 VTLP sync handling began
2026-03-05 15:52:07 INFO root Device 19-0 VTLP sync handling ended
2026-03-05 15:52:07 INFO root Device 20-0 VTLP sync handling ended
2026-03-05 15:52:07 INFO root Device 17-0 VTLP sync handling ended
2026-03-05 15:52:07 INFO root Device 20-0 VTLP sync handling began
2026-03-05 15:52:07 INFO root Device 16-0 VTLP sync handling ended
2026-03-05 15:52:07 INFO root Device 19-0 VTLP sync handling began
2026-03-05 15:52:07 INFO root Device 20-0 VTLP sync handling ended
2026-03-05 15:52:07 INFO root Device 17-0 VTLP sync handling began
2026-03-05 15:52:07 INFO root Device 19-0 VTLP sync handling ended
2026-03-05 15:52:07 INFO root Device 17-0 VTLP sync handling ended
2026-03-05 15:52:07 INFO root Device 16-0 VTLP sync handling began
2026-03-05 15:52:07 INFO root Device 20-0 VTLP sync handling began
2026-03-05 15:52:07 INFO root Device 19-0 VTLP sync handling began
2026-03-05 15:52:07 INFO root Device 16-0 VTLP sync handling ended
2026-03-05 15:52:07 INFO root Device 17-0 VTLP sync handling began
2026-03-05 15:52:07 INFO root Device 19-0 VTLP sync handling ended
2026-03-05 15:52:07 INFO root Device 16-0 VTLP sync handling began
2026-03-05 15:52:07 INFO root Device 20-0 VTLP sync handling ended
2026-03-05 15:52:07 INFO root Device 17-0 VTLP sync handling ended
2026-03-05 15:52:07 INFO root Device 19-0 VTLP sync handling began
2026-03-05 15:52:07 INFO root Device 20-0 VTLP sync handling began
2026-03-05 15:52:07 INFO root Device 17-0 VTLP sync handling began
2026-03-05 15:52:07 INFO root Device 19-0 VTLP sync handling ended
2026-03-05 15:52:07 INFO root Device 16-0 VTLP sync handling ended
2026-03-05 15:52:07 INFO root Device 17-0 VTLP sync handling ended
2026-03-05 15:52:07 INFO root Device 20-0 VTLP sync handling ended
2026-03-05 15:52:07 INFO root Device 19-0 VTLP sync handling began
2026-03-05 15:52:07 INFO root Device 17-0 VTLP sync handling began
2026-03-05 15:52:07 INFO root Device 19-0 VTLP sync handling ended
2026-03-05 15:52:07 INFO root Device 17-0 VTLP sync handling ended
2026-03-05 15:52:07 INFO root Device 17-0 VTLP sync handling began
2026-03-05 15:52:07 INFO root Device 17-0 VTLP sync handling ended
2026-03-05 15:52:10 INFO root Device 21-0 VTLP sync handling began
2026-03-05 15:52:10 INFO root Device 21-0 VTLP sync handling ended
2026-03-05 15:52:10 INFO root Device 21-0 VTLP sync handling began
2026-03-05 15:52:10 INFO root Device 21-0 VTLP sync handling ended
2026-03-05 15:52:14 ERROR root SerialInterface spd4:COM1SendAndWait: Port COM1 not open
2026-03-05 15:52:14 ERROR root SerialInterface spd6:COM1SendAndWait: Port COM1 not open
2026-03-05 15:52:14 ERROR root SerialInterface spd2:COM1SendAndWait: Port COM1 not open
2026-03-05 15:52:14 ERROR root SerialInterface spd1:COM1SendAndWait: Port COM1 not open
2026-03-05 15:52:14 ERROR root SerialInterface spd3:COM1SendAndWait: Port COM1 not open
2026-03-05 15:52:14 ERROR root SerialInterface spd5:COM1SendAndWait: Port COM1 not open
2026-03-05 15:52:14 INFO root Device 21-0 VTLP sync handling began
2026-03-05 15:52:14 INFO root Device 21-0 VTLP sync handling ended
2026-03-05 15:52:15 INFO root Device 21-0 VTLP sync handling began
2026-03-05 15:52:15 INFO root Device 21-0 VTLP sync handling ended
2026-03-05 15:52:15 INFO root Device 21-0 VTLP sync handling began
2026-03-05 15:52:15 INFO root Device 21-0 VTLP sync handling ended
2026-03-05 15:52:15 INFO root Device 21-0 VTLP sync handling began
2026-03-05 15:52:15 INFO root Device 21-0 VTLP sync handling ended
2026-03-05 15:52:16 ERROR root Debug Server restarted:Listening
