2026-03-06 11:37:24 ERROR root remotelib error:BWDPanel:14665:{"property": "init", "value": "device does not exist", "qualifier": {"alias": "BWDPanel:14665", "code": "missing device"}}
2026-03-06 11:37:24 ERROR root remotelib error:BWDPanel:14666:{"property": "init", "value": "device does not exist", "qualifier": {"alias": "BWDPanel:14666", "code": "missing device"}}
2026-03-06 11:37:24 ERROR root remotelib error:IC144Panel:4712:{"property": "init", "value": "device does not exist", "qualifier": {"alias": "IC144Panel:4712", "code": "missing device"}}
2026-03-06 11:37:24 ERROR root remotelib error:IC142Panel:4714:{"property": "init", "value": "device does not exist", "qualifier": {"alias": "IC142Panel:4714", "code": "missing device"}}
2026-03-06 11:37:24 ERROR root remotelib error:IC144Panel:4713:{"property": "init", "value": "device does not exist", "qualifier": {"alias": "IC144Panel:4713", "code": "missing device"}}
2026-03-06 11:37:24 ERROR root remotelib error:HallPanel:14675:{"property": "init", "value": "device does not exist", "qualifier": {"alias": "HallPanel:14675", "code": "missing device"}}
2026-03-06 11:37:24 ERROR root remotelib error:BreakRmPanel:4707:{"property": "init", "value": "device does not exist", "qualifier": {"alias": "BreakRmPanel:4707", "code": "missing device"}}
2026-03-06 11:37:24 ERROR root remotelib error:BWDPanel:14667:{"property": "init", "value": "device does not exist", "qualifier": {"alias": "BWDPanel:14667", "code": "missing device"}}
2026-03-06 11:37:24 ERROR root remotelib error:HallPanel:14676:{"property": "init", "value": "device does not exist", "qualifier": {"alias": "HallPanel:14676", "code": "missing device"}}
2026-03-06 11:37:24 ERROR root remotelib error:IC142Panel:4715:{"property": "init", "value": "device does not exist", "qualifier": {"alias": "IC142Panel:4715", "code": "missing device"}}
2026-03-06 11:37:24 ERROR root remotelib error:IC143Panel:4717:{"property": "init", "value": "device does not exist", "qualifier": {"alias": "IC143Panel:4717", "code": "missing device"}}
2026-03-06 11:37:24 ERROR root remotelib error:BreakRmPanel:4708:{"property": "init", "value": "device does not exist", "qualifier": {"alias": "BreakRmPanel:4708", "code": "missing device"}}
2026-03-06 11:37:24 ERROR root remotelib error:BWDPanel:14668:{"property": "init", "value": "device does not exist", "qualifier": {"alias": "BWDPanel:14668", "code": "missing device"}}
2026-03-06 11:37:24 ERROR root remotelib error:HallPanel:14677:{"property": "init", "value": "device does not exist", "qualifier": {"alias": "HallPanel:14677", "code": "missing device"}}
2026-03-06 11:37:24 ERROR root remotelib error:IC144Panel:4714:{"property": "init", "value": "device does not exist", "qualifier": {"alias": "IC144Panel:4714", "code": "missing device"}}
2026-03-06 11:37:24 ERROR root remotelib error:IC143Panel:4718:{"property": "init", "value": "device does not exist", "qualifier": {"alias": "IC143Panel:4718", "code": "missing device"}}
2026-03-06 11:37:24 ERROR root remotelib error:IC142Panel:4716:{"property": "init", "value": "device does not exist", "qualifier": {"alias": "IC142Panel:4716", "code": "missing device"}}
2026-03-06 11:37:24 ERROR root remotelib error:IC143Panel:4719:{"property": "init", "value": "device does not exist", "qualifier": {"alias": "IC143Panel:4719", "code": "missing device"}}
2026-03-06 11:37:24 ERROR root remotelib error:IC144Panel:4715:{"property": "init", "value": "device does not exist", "qualifier": {"alias": "IC144Panel:4715", "code": "missing device"}}
2026-03-06 11:37:24 ERROR root remotelib error:LobbyPanel:4707:{"property": "init", "value": "device does not exist", "qualifier": {"alias": "LobbyPanel:4707", "code": "missing device"}}
2026-03-06 11:37:24 ERROR root remotelib error:HallPanel:14678:{"property": "init", "value": "device does not exist", "qualifier": {"alias": "HallPanel:14678", "code": "missing device"}}
2026-03-06 11:37:24 ERROR root remotelib error:IC143Panel:4720:{"property": "init", "value": "device does not exist", "qualifier": {"alias": "IC143Panel:4720", "code": "missing device"}}
2026-03-06 11:37:24 ERROR root remotelib error:LobbyPanel:4708:{"property": "init", "value": "device does not exist", "qualifier": {"alias": "LobbyPanel:4708", "code": "missing device"}}
2026-03-06 11:37:24 ERROR root remotelib error:BreakRmPanel:4711:{"property": "init", "value": "device does not exist", "qualifier": {"alias": "BreakRmPanel:4711", "code": "missing device"}}
2026-03-06 11:37:24 ERROR root remotelib error:BWDPanel:14669:{"property": "init", "value": "device does not exist", "qualifier": {"alias": "BWDPanel:14669", "code": "missing device"}}
2026-03-06 11:37:24 ERROR root remotelib error:IC142Panel:4717:{"property": "init", "value": "device does not exist", "qualifier": {"alias": "IC142Panel:4717", "code": "missing device"}}
2026-03-06 11:37:24 ERROR root remotelib error:BreakRmPanel:4710:{"property": "init", "value": "device does not exist", "qualifier": {"alias": "BreakRmPanel:4710", "code": "missing device"}}
2026-03-06 11:37:24 ERROR root remotelib error:BWDPanel:14670:{"property": "init", "value": "device does not exist", "qualifier": {"alias": "BWDPanel:14670", "code": "missing device"}}
2026-03-06 11:37:24 ERROR root remotelib error:IC142Panel:4718:{"property": "init", "value": "device does not exist", "qualifier": {"alias": "IC142Panel:4718", "code": "missing device"}}
2026-03-06 11:37:24 ERROR root remotelib error:IC144Panel:4716:{"property": "init", "value": "device does not exist", "qualifier": {"alias": "IC144Panel:4716", "code": "missing device"}}
2026-03-06 11:37:24 ERROR root remotelib error:HallPanel:14679:{"property": "init", "value": "device does not exist", "qualifier": {"alias": "HallPanel:14679", "code": "missing device"}}
2026-03-06 11:37:24 ERROR root remotelib error:BWDPanel:14671:{"property": "init", "value": "device does not exist", "qualifier": {"alias": "BWDPanel:14671", "code": "missing device"}}
2026-03-06 11:37:24 ERROR root remotelib error:IC143Panel:4721:{"property": "init", "value": "device does not exist", "qualifier": {"alias": "IC143Panel:4721", "code": "missing device"}}
2026-03-06 11:37:24 ERROR root remotelib error:BreakRmPanel:4712:{"property": "init", "value": "device does not exist", "qualifier": {"alias": "BreakRmPanel:4712", "code": "missing device"}}
2026-03-06 11:37:24 ERROR root remotelib error:HallPanel:14680:{"property": "init", "value": "device does not exist", "qualifier": {"alias": "HallPanel:14680", "code": "missing device"}}
2026-03-06 11:37:24 ERROR root remotelib error:IC142Panel:4719:{"property": "init", "value": "device does not exist", "qualifier": {"alias": "IC142Panel:4719", "code": "missing device"}}
2026-03-06 11:37:24 ERROR root remotelib error:IC144Panel:4717:{"property": "init", "value": "device does not exist", "qualifier": {"alias": "IC144Panel:4717", "code": "missing device"}}
2026-03-06 11:37:24 ERROR root remotelib error:IC144Panel:4718:{"property": "init", "value": "device does not exist", "qualifier": {"alias": "IC144Panel:4718", "code": "missing device"}}
2026-03-06 11:37:24 ERROR root remotelib error:IC143Panel:4722:{"property": "init", "value": "device does not exist", "qualifier": {"alias": "IC143Panel:4722", "code": "missing device"}}
2026-03-06 11:37:24 ERROR root remotelib error:BWDPanel:14672:{"property": "init", "value": "device does not exist", "qualifier": {"alias": "BWDPanel:14672", "code": "missing device"}}
2026-03-06 11:37:24 ERROR root remotelib error:LobbyPanel:4710:{"property": "init", "value": "device does not exist", "qualifier": {"alias": "LobbyPanel:4710", "code": "missing device"}}
2026-03-06 11:37:24 ERROR root remotelib error:IC144Panel:4719:{"property": "init", "value": "device does not exist", "qualifier": {"alias": "IC144Panel:4719", "code": "missing device"}}
2026-03-06 11:37:24 ERROR root remotelib error:HallPanel:14681:{"property": "init", "value": "device does not exist", "qualifier": {"alias": "HallPanel:14681", "code": "missing device"}}
2026-03-06 11:37:24 ERROR root remotelib error:BreakRmPanel:4714:{"property": "init", "value": "device does not exist", "qualifier": {"alias": "BreakRmPanel:4714", "code": "missing device"}}
2026-03-06 11:37:24 ERROR root remotelib error:BreakRmPanel:4713:{"property": "init", "value": "device does not exist", "qualifier": {"alias": "BreakRmPanel:4713", "code": "missing device"}}
2026-03-06 11:37:24 ERROR root remotelib error:IC142Panel:4720:{"property": "init", "value": "device does not exist", "qualifier": {"alias": "IC142Panel:4720", "code": "missing device"}}
2026-03-06 11:37:24 ERROR root remotelib error:IC144Panel:4720:{"property": "init", "value": "device does not exist", "qualifier": {"alias": "IC144Panel:4720", "code": "missing device"}}
2026-03-06 11:37:24 ERROR root remotelib error:IC143Panel:4723:{"property": "init", "value": "device does not exist", "qualifier": {"alias": "IC143Panel:4723", "code": "missing device"}}
2026-03-06 11:37:24 ERROR root remotelib error:BWDPanel:14673:{"property": "init", "value": "device does not exist", "qualifier": {"alias": "BWDPanel:14673", "code": "missing device"}}
2026-03-06 11:37:24 ERROR root remotelib error:LobbyPanel:4711:{"property": "init", "value": "device does not exist", "qualifier": {"alias": "LobbyPanel:4711", "code": "missing device"}}
2026-03-06 11:37:24 ERROR root remotelib error:IC142Panel:4721:{"property": "init", "value": "device does not exist", "qualifier": {"alias": "IC142Panel:4721", "code": "missing device"}}
2026-03-06 11:37:24 ERROR root remotelib error:BreakRmPanel:4715:{"property": "init", "value": "device does not exist", "qualifier": {"alias": "BreakRmPanel:4715", "code": "missing device"}}
2026-03-06 11:37:24 ERROR root remotelib error:IC143Panel:4724:{"property": "init", "value": "device does not exist", "qualifier": {"alias": "IC143Panel:4724", "code": "missing device"}}
2026-03-06 11:37:24 ERROR root remotelib error:BreakRmPanel:4716:{"property": "init", "value": "device does not exist", "qualifier": {"alias": "BreakRmPanel:4716", "code": "missing device"}}
2026-03-06 11:37:24 ERROR root remotelib error:HallPanel:14682:{"property": "init", "value": "device does not exist", "qualifier": {"alias": "HallPanel:14682", "code": "missing device"}}
2026-03-06 11:37:24 ERROR root remotelib error:IC142Panel:4722:{"property": "init", "value": "device does not exist", "qualifier": {"alias": "IC142Panel:4722", "code": "missing device"}}
2026-03-06 11:37:24 ERROR root remotelib error:IC144Panel:4721:{"property": "init", "value": "device does not exist", "qualifier": {"alias": "IC144Panel:4721", "code": "missing device"}}
2026-03-06 11:37:24 ERROR root remotelib error:IC143Panel:4725:{"property": "init", "value": "device does not exist", "qualifier": {"alias": "IC143Panel:4725", "code": "missing device"}}
2026-03-06 11:37:24 ERROR root remotelib error:BWDPanel:14674:{"property": "init", "value": "device does not exist", "qualifier": {"alias": "BWDPanel:14674", "code": "missing device"}}
2026-03-06 11:37:24 ERROR root remotelib error:LobbyPanel:4713:{"property": "init", "value": "device does not exist", "qualifier": {"alias": "LobbyPanel:4713", "code": "missing device"}}
2026-03-06 11:37:24 ERROR root remotelib error:BreakRmPanel:4717:{"property": "init", "value": "device does not exist", "qualifier": {"alias": "BreakRmPanel:4717", "code": "missing device"}}
2026-03-06 11:37:24 ERROR root remotelib error:IC144Panel:4722:{"property": "init", "value": "device does not exist", "qualifier": {"alias": "IC144Panel:4722", "code": "missing device"}}
2026-03-06 11:37:24 ERROR root remotelib error:IC143Panel:4727:{"property": "init", "value": "device does not exist", "qualifier": {"alias": "IC143Panel:4727", "code": "missing device"}}
2026-03-06 11:37:24 ERROR root remotelib error:IC144Panel:4723:{"property": "init", "value": "device does not exist", "qualifier": {"alias": "IC144Panel:4723", "code": "missing device"}}
2026-03-06 11:37:24 ERROR root remotelib error:HallPanel:14651:{"property": "init", "value": "device does not exist", "qualifier": {"alias": "HallPanel:14651", "code": "missing device"}}
2026-03-06 11:37:24 ERROR root remotelib error:IC143Panel:4726:{"property": "init", "value": "device does not exist", "qualifier": {"alias": "IC143Panel:4726", "code": "missing device"}}
2026-03-06 11:37:24 ERROR root remotelib error:LobbyPanel:4712:{"property": "init", "value": "device does not exist", "qualifier": {"alias": "LobbyPanel:4712", "code": "missing device"}}
2026-03-06 11:37:24 ERROR root remotelib error:BreakRmPanel:4718:{"property": "init", "value": "device does not exist", "qualifier": {"alias": "BreakRmPanel:4718", "code": "missing device"}}
2026-03-06 11:37:24 ERROR root remotelib error:BWDPanel:14675:{"property": "init", "value": "device does not exist", "qualifier": {"alias": "BWDPanel:14675", "code": "missing device"}}
2026-03-06 11:37:24 ERROR root remotelib error:IC142Panel:4723:{"property": "init", "value": "device does not exist", "qualifier": {"alias": "IC142Panel:4723", "code": "missing device"}}
2026-03-06 11:37:24 ERROR root remotelib error:BWDPanel:14676:{"property": "init", "value": "device does not exist", "qualifier": {"alias": "BWDPanel:14676", "code": "missing device"}}
2026-03-06 11:37:24 ERROR root remotelib error:LobbyPanel:4714:{"property": "init", "value": "device does not exist", "qualifier": {"alias": "LobbyPanel:4714", "code": "missing device"}}
2026-03-06 11:37:24 ERROR root remotelib error:BreakRmPanel:4719:{"property": "init", "value": "device does not exist", "qualifier": {"alias": "BreakRmPanel:4719", "code": "missing device"}}
2026-03-06 11:37:24 ERROR root remotelib error:BWDPanel:14677:{"property": "init", "value": "device does not exist", "qualifier": {"alias": "BWDPanel:14677", "code": "missing device"}}
2026-03-06 11:37:24 ERROR root remotelib error:IC142Panel:4724:{"property": "init", "value": "device does not exist", "qualifier": {"alias": "IC142Panel:4724", "code": "missing device"}}
2026-03-06 11:37:24 ERROR root remotelib error:IC144Panel:4724:{"property": "init", "value": "device does not exist", "qualifier": {"alias": "IC144Panel:4724", "code": "missing device"}}
2026-03-06 11:37:24 ERROR root remotelib error:LobbyPanel:4715:{"property": "init", "value": "device does not exist", "qualifier": {"alias": "LobbyPanel:4715", "code": "missing device"}}
2026-03-06 11:37:24 ERROR root remotelib error:BreakRmPanel:4720:{"property": "init", "value": "device does not exist", "qualifier": {"alias": "BreakRmPanel:4720", "code": "missing device"}}
2026-03-06 11:37:24 ERROR root remotelib error:IC142Panel:4725:{"property": "init", "value": "device does not exist", "qualifier": {"alias": "IC142Panel:4725", "code": "missing device"}}
2026-03-06 11:37:24 ERROR root remotelib error:IC143Panel:4728:{"property": "init", "value": "device does not exist", "qualifier": {"alias": "IC143Panel:4728", "code": "missing device"}}
2026-03-06 11:37:24 ERROR root remotelib error:BreakRmPanel:4722:{"property": "init", "value": "device does not exist", "qualifier": {"alias": "BreakRmPanel:4722", "code": "missing device"}}
2026-03-06 11:37:24 ERROR root remotelib error:BWDPanel:14678:{"property": "init", "value": "device does not exist", "qualifier": {"alias": "BWDPanel:14678", "code": "missing device"}}
2026-03-06 11:37:24 ERROR root remotelib error:IC144Panel:4726:{"property": "init", "value": "device does not exist", "qualifier": {"alias": "IC144Panel:4726", "code": "missing device"}}
2026-03-06 11:37:24 ERROR root remotelib error:BWDPanel:14681:{"property": "init", "value": "device does not exist", "qualifier": {"alias": "BWDPanel:14681", "code": "missing device"}}
2026-03-06 11:37:24 ERROR root remotelib error:IC144Panel:4725:{"property": "init", "value": "device does not exist", "qualifier": {"alias": "IC144Panel:4725", "code": "missing device"}}
2026-03-06 11:37:24 ERROR root remotelib error:BWDPanel:14680:{"property": "init", "value": "device does not exist", "qualifier": {"alias": "BWDPanel:14680", "code": "missing device"}}
2026-03-06 11:37:24 ERROR root remotelib error:LobbyPanel:4716:{"property": "init", "value": "device does not exist", "qualifier": {"alias": "LobbyPanel:4716", "code": "missing device"}}
2026-03-06 11:37:24 ERROR root remotelib error:BreakRmPanel:4721:{"property": "init", "value": "device does not exist", "qualifier": {"alias": "BreakRmPanel:4721", "code": "missing device"}}
2026-03-06 11:37:24 ERROR root remotelib error:IC143Panel:4730:{"property": "init", "value": "device does not exist", "qualifier": {"alias": "IC143Panel:4730", "code": "missing device"}}
2026-03-06 11:37:24 ERROR root remotelib error:IC142Panel:4726:{"property": "init", "value": "device does not exist", "qualifier": {"alias": "IC142Panel:4726", "code": "missing device"}}
2026-03-06 11:37:24 ERROR root remotelib error:LobbyPanel:4718:{"property": "init", "value": "device does not exist", "qualifier": {"alias": "LobbyPanel:4718", "code": "missing device"}}
2026-03-06 11:37:24 ERROR root remotelib error:IC142Panel:4728:{"property": "init", "value": "device does not exist", "qualifier": {"alias": "IC142Panel:4728", "code": "missing device"}}
2026-03-06 11:37:24 ERROR root remotelib error:BWDPanel:14679:{"property": "init", "value": "device does not exist", "qualifier": {"alias": "BWDPanel:14679", "code": "missing device"}}
2026-03-06 11:37:24 ERROR root remotelib error:IC143Panel:4729:{"property": "init", "value": "device does not exist", "qualifier": {"alias": "IC143Panel:4729", "code": "missing device"}}
2026-03-06 11:37:24 ERROR root remotelib error:IC144Panel:4728:{"property": "init", "value": "device does not exist", "qualifier": {"alias": "IC144Panel:4728", "code": "missing device"}}
2026-03-06 11:37:24 ERROR root remotelib error:LobbyPanel:4717:{"property": "init", "value": "device does not exist", "qualifier": {"alias": "LobbyPanel:4717", "code": "missing device"}}
2026-03-06 11:37:24 ERROR root remotelib error:IC143Panel:4731:{"property": "init", "value": "device does not exist", "qualifier": {"alias": "IC143Panel:4731", "code": "missing device"}}
2026-03-06 11:37:24 ERROR root remotelib error:BreakRmPanel:4723:{"property": "init", "value": "device does not exist", "qualifier": {"alias": "BreakRmPanel:4723", "code": "missing device"}}
2026-03-06 11:37:24 ERROR root remotelib error:IC142Panel:4727:{"property": "init", "value": "device does not exist", "qualifier": {"alias": "IC142Panel:4727", "code": "missing device"}}
2026-03-06 11:37:24 ERROR root remotelib error:IC144Panel:4727:{"property": "init", "value": "device does not exist", "qualifier": {"alias": "IC144Panel:4727", "code": "missing device"}}
2026-03-06 11:37:24 ERROR root remotelib error:LobbyPanel:4719:{"property": "init", "value": "device does not exist", "qualifier": {"alias": "LobbyPanel:4719", "code": "missing device"}}
2026-03-06 11:37:24 ERROR root remotelib error:LobbyPanel:4720:{"property": "init", "value": "device does not exist", "qualifier": {"alias": "LobbyPanel:4720", "code": "missing device"}}
2026-03-06 11:37:24 ERROR root remotelib error:IC143Panel:4732:{"property": "init", "value": "device does not exist", "qualifier": {"alias": "IC143Panel:4732", "code": "missing device"}}
2026-03-06 11:37:24 ERROR root remotelib error:IC142Panel:4729:{"property": "init", "value": "device does not exist", "qualifier": {"alias": "IC142Panel:4729", "code": "missing device"}}
2026-03-06 11:37:24 ERROR root remotelib error:BWDPanel:14682:{"property": "init", "value": "device does not exist", "qualifier": {"alias": "BWDPanel:14682", "code": "missing device"}}
2026-03-06 11:37:24 ERROR root remotelib error:IC142Panel:4730:{"property": "init", "value": "device does not exist", "qualifier": {"alias": "IC142Panel:4730", "code": "missing device"}}
2026-03-06 11:37:24 ERROR root remotelib error:HallPanel:4707:{"property": "init", "value": "device does not exist", "qualifier": {"alias": "HallPanel:4707", "code": "missing device"}}
2026-03-06 11:37:24 ERROR root remotelib error:BreakRmPanel:4724:{"property": "init", "value": "device does not exist", "qualifier": {"alias": "BreakRmPanel:4724", "code": "missing device"}}
2026-03-06 11:37:24 ERROR root remotelib error:IC144Panel:4729:{"property": "init", "value": "device does not exist", "qualifier": {"alias": "IC144Panel:4729", "code": "missing device"}}
2026-03-06 11:37:24 ERROR root remotelib error:HallPanel:4708:{"property": "init", "value": "device does not exist", "qualifier": {"alias": "HallPanel:4708", "code": "missing device"}}
2026-03-06 11:37:24 ERROR root remotelib error:LobbyPanel:4721:{"property": "init", "value": "device does not exist", "qualifier": {"alias": "LobbyPanel:4721", "code": "missing device"}}
2026-03-06 11:37:24 ERROR root remotelib error:BWDPanel:14651:{"property": "init", "value": "device does not exist", "qualifier": {"alias": "BWDPanel:14651", "code": "missing device"}}
2026-03-06 11:37:24 ERROR root remotelib error:IC142Panel:4731:{"property": "init", "value": "device does not exist", "qualifier": {"alias": "IC142Panel:4731", "code": "missing device"}}
2026-03-06 11:37:24 ERROR root remotelib error:IC144Panel:4730:{"property": "init", "value": "device does not exist", "qualifier": {"alias": "IC144Panel:4730", "code": "missing device"}}
2026-03-06 11:37:25 ERROR root remotelib error:BreakRmPanel:4725:{"property": "init", "value": "device does not exist", "qualifier": {"alias": "BreakRmPanel:4725", "code": "missing device"}}
2026-03-06 11:37:25 ERROR root remotelib error:IC144Panel:4731:{"property": "init", "value": "device does not exist", "qualifier": {"alias": "IC144Panel:4731", "code": "missing device"}}
2026-03-06 11:37:25 ERROR root remotelib error:LobbyPanel:4722:{"property": "init", "value": "device does not exist", "qualifier": {"alias": "LobbyPanel:4722", "code": "missing device"}}
2026-03-06 11:37:25 ERROR root remotelib error:BreakRmPanel:4726:{"property": "init", "value": "device does not exist", "qualifier": {"alias": "BreakRmPanel:4726", "code": "missing device"}}
2026-03-06 11:37:25 ERROR root remotelib error:HallPanel:4710:{"property": "init", "value": "device does not exist", "qualifier": {"alias": "HallPanel:4710", "code": "missing device"}}
2026-03-06 11:37:25 ERROR root remotelib error:IC144Panel:4732:{"property": "init", "value": "device does not exist", "qualifier": {"alias": "IC144Panel:4732", "code": "missing device"}}
2026-03-06 11:37:25 ERROR root remotelib error:IC142Panel:4732:{"property": "init", "value": "device does not exist", "qualifier": {"alias": "IC142Panel:4732", "code": "missing device"}}
2026-03-06 11:37:25 ERROR root remotelib error:LobbyPanel:4723:{"property": "init", "value": "device does not exist", "qualifier": {"alias": "LobbyPanel:4723", "code": "missing device"}}
2026-03-06 11:37:25 ERROR root remotelib error:BreakRmPanel:4727:{"property": "init", "value": "device does not exist", "qualifier": {"alias": "BreakRmPanel:4727", "code": "missing device"}}
2026-03-06 11:37:25 ERROR root remotelib error:HallPanel:4712:{"property": "init", "value": "device does not exist", "qualifier": {"alias": "HallPanel:4712", "code": "missing device"}}
2026-03-06 11:37:25 ERROR root remotelib error:HallPanel:4711:{"property": "init", "value": "device does not exist", "qualifier": {"alias": "HallPanel:4711", "code": "missing device"}}
2026-03-06 11:37:25 ERROR root remotelib error:BreakRmPanel:4728:{"property": "init", "value": "device does not exist", "qualifier": {"alias": "BreakRmPanel:4728", "code": "missing device"}}
2026-03-06 11:37:25 ERROR root remotelib error:IC143Panel:4801:{"property": "init", "value": "device does not exist", "qualifier": {"alias": "IC143Panel:4801", "code": "missing device"}}
2026-03-06 11:37:25 ERROR root remotelib error:LobbyPanel:4724:{"property": "init", "value": "device does not exist", "qualifier": {"alias": "LobbyPanel:4724", "code": "missing device"}}
2026-03-06 11:37:25 ERROR root remotelib error:HallPanel:4713:{"property": "init", "value": "device does not exist", "qualifier": {"alias": "HallPanel:4713", "code": "missing device"}}
2026-03-06 11:37:25 ERROR root remotelib error:LobbyPanel:4725:{"property": "init", "value": "device does not exist", "qualifier": {"alias": "LobbyPanel:4725", "code": "missing device"}}
2026-03-06 11:37:25 ERROR root remotelib error:BreakRmPanel:4729:{"property": "init", "value": "device does not exist", "qualifier": {"alias": "BreakRmPanel:4729", "code": "missing device"}}
2026-03-06 11:37:25 ERROR root remotelib error:HallPanel:4714:{"property": "init", "value": "device does not exist", "qualifier": {"alias": "HallPanel:4714", "code": "missing device"}}
2026-03-06 11:37:25 ERROR root remotelib error:LobbyPanel:4726:{"property": "init", "value": "device does not exist", "qualifier": {"alias": "LobbyPanel:4726", "code": "missing device"}}
2026-03-06 11:37:25 ERROR root remotelib error:BreakRmPanel:4730:{"property": "init", "value": "device does not exist", "qualifier": {"alias": "BreakRmPanel:4730", "code": "missing device"}}
2026-03-06 11:37:25 ERROR root remotelib error:BWDPanel:4707:{"property": "init", "value": "device does not exist", "qualifier": {"alias": "BWDPanel:4707", "code": "missing device"}}
2026-03-06 11:37:25 ERROR root remotelib error:HallPanel:4715:{"property": "init", "value": "device does not exist", "qualifier": {"alias": "HallPanel:4715", "code": "missing device"}}
2026-03-06 11:37:25 ERROR root remotelib error:IC143Panel:14651:{"property": "init", "value": "device does not exist", "qualifier": {"alias": "IC143Panel:14651", "code": "missing device"}}
2026-03-06 11:37:25 ERROR root remotelib error:BWDPanel:4708:{"property": "init", "value": "device does not exist", "qualifier": {"alias": "BWDPanel:4708", "code": "missing device"}}
2026-03-06 11:37:25 ERROR root remotelib error:LobbyPanel:4727:{"property": "init", "value": "device does not exist", "qualifier": {"alias": "LobbyPanel:4727", "code": "missing device"}}
2026-03-06 11:37:25 ERROR root remotelib error:HallPanel:4716:{"property": "init", "value": "device does not exist", "qualifier": {"alias": "HallPanel:4716", "code": "missing device"}}
2026-03-06 11:37:25 ERROR root remotelib error:BreakRmPanel:4731:{"property": "init", "value": "device does not exist", "qualifier": {"alias": "BreakRmPanel:4731", "code": "missing device"}}
2026-03-06 11:37:25 ERROR root remotelib error:IC143Panel:917:{"property": "init", "value": "device does not exist", "qualifier": {"alias": "IC143Panel:917", "code": "missing device"}}
2026-03-06 11:37:25 ERROR root remotelib error:IC142Panel:4801:{"property": "init", "value": "device does not exist", "qualifier": {"alias": "IC142Panel:4801", "code": "missing device"}}
2026-03-06 11:37:25 ERROR root remotelib error:IC144Panel:4801:{"property": "init", "value": "device does not exist", "qualifier": {"alias": "IC144Panel:4801", "code": "missing device"}}
2026-03-06 11:37:25 ERROR root remotelib error:LobbyPanel:4728:{"property": "init", "value": "device does not exist", "qualifier": {"alias": "LobbyPanel:4728", "code": "missing device"}}
2026-03-06 11:37:25 ERROR root remotelib error:BreakRmPanel:4732:{"property": "init", "value": "device does not exist", "qualifier": {"alias": "BreakRmPanel:4732", "code": "missing device"}}
2026-03-06 11:37:25 ERROR root remotelib error:BWDPanel:4710:{"property": "init", "value": "device does not exist", "qualifier": {"alias": "BWDPanel:4710", "code": "missing device"}}
2026-03-06 11:37:25 ERROR root remotelib error:HallPanel:4718:{"property": "init", "value": "device does not exist", "qualifier": {"alias": "HallPanel:4718", "code": "missing device"}}
2026-03-06 11:37:25 ERROR root remotelib error:BWDPanel:4712:{"property": "init", "value": "device does not exist", "qualifier": {"alias": "BWDPanel:4712", "code": "missing device"}}
2026-03-06 11:37:25 ERROR root remotelib error:LobbyPanel:4729:{"property": "init", "value": "device does not exist", "qualifier": {"alias": "LobbyPanel:4729", "code": "missing device"}}
2026-03-06 11:37:25 ERROR root remotelib error:BWDPanel:4711:{"property": "init", "value": "device does not exist", "qualifier": {"alias": "BWDPanel:4711", "code": "missing device"}}
2026-03-06 11:37:25 ERROR root remotelib error:HallPanel:4717:{"property": "init", "value": "device does not exist", "qualifier": {"alias": "HallPanel:4717", "code": "missing device"}}
2026-03-06 11:37:25 ERROR root remotelib error:HallPanel:4719:{"property": "init", "value": "device does not exist", "qualifier": {"alias": "HallPanel:4719", "code": "missing device"}}
2026-03-06 11:37:25 ERROR root remotelib error:IC143Panel:4851:{"property": "init", "value": "device does not exist", "qualifier": {"alias": "IC143Panel:4851", "code": "missing device"}}
2026-03-06 11:37:25 ERROR root remotelib error:LobbyPanel:4730:{"property": "init", "value": "device does not exist", "qualifier": {"alias": "LobbyPanel:4730", "code": "missing device"}}
2026-03-06 11:37:25 ERROR root remotelib error:HallPanel:4720:{"property": "init", "value": "device does not exist", "qualifier": {"alias": "HallPanel:4720", "code": "missing device"}}
2026-03-06 11:37:25 ERROR root remotelib error:BWDPanel:4713:{"property": "init", "value": "device does not exist", "qualifier": {"alias": "BWDPanel:4713", "code": "missing device"}}
2026-03-06 11:37:25 ERROR root remotelib error:IC144Panel:14651:{"property": "init", "value": "device does not exist", "qualifier": {"alias": "IC144Panel:14651", "code": "missing device"}}
2026-03-06 11:37:25 ERROR root remotelib error:IC142Panel:14651:{"property": "init", "value": "device does not exist", "qualifier": {"alias": "IC142Panel:14651", "code": "missing device"}}
2026-03-06 11:37:25 ERROR root remotelib error:IC143Panel:4852:{"property": "init", "value": "device does not exist", "qualifier": {"alias": "IC143Panel:4852", "code": "missing device"}}
2026-03-06 11:37:25 ERROR root remotelib error:BWDPanel:4714:{"property": "init", "value": "device does not exist", "qualifier": {"alias": "BWDPanel:4714", "code": "missing device"}}
2026-03-06 11:37:25 ERROR root remotelib error:HallPanel:4721:{"property": "init", "value": "device does not exist", "qualifier": {"alias": "HallPanel:4721", "code": "missing device"}}
2026-03-06 11:37:25 ERROR root remotelib error:LobbyPanel:4731:{"property": "init", "value": "device does not exist", "qualifier": {"alias": "LobbyPanel:4731", "code": "missing device"}}
2026-03-06 11:37:25 ERROR root remotelib error:IC142Panel:917:{"property": "init", "value": "device does not exist", "qualifier": {"alias": "IC142Panel:917", "code": "missing device"}}
2026-03-06 11:37:25 ERROR root remotelib error:IC144Panel:917:{"property": "init", "value": "device does not exist", "qualifier": {"alias": "IC144Panel:917", "code": "missing device"}}
2026-03-06 11:37:25 ERROR root remotelib error:LobbyPanel:4732:{"property": "init", "value": "device does not exist", "qualifier": {"alias": "LobbyPanel:4732", "code": "missing device"}}
2026-03-06 11:37:25 ERROR root remotelib error:BWDPanel:4715:{"property": "init", "value": "device does not exist", "qualifier": {"alias": "BWDPanel:4715", "code": "missing device"}}
2026-03-06 11:37:25 ERROR root remotelib error:BWDPanel:4716:{"property": "init", "value": "device does not exist", "qualifier": {"alias": "BWDPanel:4716", "code": "missing device"}}
2026-03-06 11:37:25 ERROR root remotelib error:HallPanel:4722:{"property": "init", "value": "device does not exist", "qualifier": {"alias": "HallPanel:4722", "code": "missing device"}}
2026-03-06 11:37:25 ERROR root remotelib error:IC143Panel:4853:{"property": "init", "value": "device does not exist", "qualifier": {"alias": "IC143Panel:4853", "code": "missing device"}}
2026-03-06 11:37:25 ERROR root remotelib error:BreakRmPanel:4801:{"property": "init", "value": "device does not exist", "qualifier": {"alias": "BreakRmPanel:4801", "code": "missing device"}}
2026-03-06 11:37:25 ERROR root remotelib error:IC142Panel:4851:{"property": "init", "value": "device does not exist", "qualifier": {"alias": "IC142Panel:4851", "code": "missing device"}}
2026-03-06 11:37:25 ERROR root remotelib error:HallPanel:4723:{"property": "init", "value": "device does not exist", "qualifier": {"alias": "HallPanel:4723", "code": "missing device"}}
2026-03-06 11:37:25 ERROR root remotelib error:HallPanel:4724:{"property": "init", "value": "device does not exist", "qualifier": {"alias": "HallPanel:4724", "code": "missing device"}}
2026-03-06 11:37:25 ERROR root remotelib error:IC144Panel:4851:{"property": "init", "value": "device does not exist", "qualifier": {"alias": "IC144Panel:4851", "code": "missing device"}}
2026-03-06 11:37:25 ERROR root remotelib error:HallPanel:4725:{"property": "init", "value": "device does not exist", "qualifier": {"alias": "HallPanel:4725", "code": "missing device"}}
2026-03-06 11:37:25 ERROR root remotelib error:IC143Panel:4854:{"property": "init", "value": "device does not exist", "qualifier": {"alias": "IC143Panel:4854", "code": "missing device"}}
2026-03-06 11:37:25 ERROR root remotelib error:BWDPanel:4718:{"property": "init", "value": "device does not exist", "qualifier": {"alias": "BWDPanel:4718", "code": "missing device"}}
2026-03-06 11:37:25 ERROR root remotelib error:BWDPanel:4717:{"property": "init", "value": "device does not exist", "qualifier": {"alias": "BWDPanel:4717", "code": "missing device"}}
2026-03-06 11:37:25 ERROR root remotelib error:IC142Panel:4852:{"property": "init", "value": "device does not exist", "qualifier": {"alias": "IC142Panel:4852", "code": "missing device"}}
2026-03-06 11:37:25 ERROR root remotelib error:IC143Panel:4855:{"property": "init", "value": "device does not exist", "qualifier": {"alias": "IC143Panel:4855", "code": "missing device"}}
2026-03-06 11:37:25 ERROR root remotelib error:HallPanel:4726:{"property": "init", "value": "device does not exist", "qualifier": {"alias": "HallPanel:4726", "code": "missing device"}}
2026-03-06 11:37:25 ERROR root remotelib error:BreakRmPanel:14651:{"property": "init", "value": "device does not exist", "qualifier": {"alias": "BreakRmPanel:14651", "code": "missing device"}}
2026-03-06 11:37:25 ERROR root remotelib error:IC142Panel:4853:{"property": "init", "value": "device does not exist", "qualifier": {"alias": "IC142Panel:4853", "code": "missing device"}}
2026-03-06 11:37:25 ERROR root remotelib error:BreakRmPanel:917:{"property": "init", "value": "device does not exist", "qualifier": {"alias": "BreakRmPanel:917", "code": "missing device"}}
2026-03-06 11:37:25 ERROR root remotelib error:IC144Panel:4852:{"property": "init", "value": "device does not exist", "qualifier": {"alias": "IC144Panel:4852", "code": "missing device"}}
2026-03-06 11:37:25 ERROR root remotelib error:BWDPanel:4719:{"property": "init", "value": "device does not exist", "qualifier": {"alias": "BWDPanel:4719", "code": "missing device"}}
2026-03-06 11:37:25 ERROR root remotelib error:HallPanel:4727:{"property": "init", "value": "device does not exist", "qualifier": {"alias": "HallPanel:4727", "code": "missing device"}}
2026-03-06 11:37:25 ERROR root remotelib error:HallPanel:4728:{"property": "init", "value": "device does not exist", "qualifier": {"alias": "HallPanel:4728", "code": "missing device"}}
2026-03-06 11:37:25 ERROR root remotelib error:IC143Panel:4856:{"property": "init", "value": "device does not exist", "qualifier": {"alias": "IC143Panel:4856", "code": "missing device"}}
2026-03-06 11:37:25 ERROR root remotelib error:LobbyPanel:4801:{"property": "init", "value": "device does not exist", "qualifier": {"alias": "LobbyPanel:4801", "code": "missing device"}}
2026-03-06 11:37:25 ERROR root remotelib error:IC144Panel:4853:{"property": "init", "value": "device does not exist", "qualifier": {"alias": "IC144Panel:4853", "code": "missing device"}}
2026-03-06 11:37:25 ERROR root remotelib error:HallPanel:4729:{"property": "init", "value": "device does not exist", "qualifier": {"alias": "HallPanel:4729", "code": "missing device"}}
2026-03-06 11:37:25 ERROR root remotelib error:BWDPanel:4721:{"property": "init", "value": "device does not exist", "qualifier": {"alias": "BWDPanel:4721", "code": "missing device"}}
2026-03-06 11:37:25 ERROR root remotelib error:BWDPanel:4720:{"property": "init", "value": "device does not exist", "qualifier": {"alias": "BWDPanel:4720", "code": "missing device"}}
2026-03-06 11:37:25 ERROR root remotelib error:BWDPanel:4722:{"property": "init", "value": "device does not exist", "qualifier": {"alias": "BWDPanel:4722", "code": "missing device"}}
2026-03-06 11:37:25 ERROR root remotelib error:BreakRmPanel:4851:{"property": "init", "value": "device does not exist", "qualifier": {"alias": "BreakRmPanel:4851", "code": "missing device"}}
2026-03-06 11:37:25 ERROR root remotelib error:IC142Panel:4854:{"property": "init", "value": "device does not exist", "qualifier": {"alias": "IC142Panel:4854", "code": "missing device"}}
2026-03-06 11:37:25 ERROR root remotelib error:IC143Panel:4857:{"property": "init", "value": "device does not exist", "qualifier": {"alias": "IC143Panel:4857", "code": "missing device"}}
2026-03-06 11:37:25 ERROR root remotelib error:IC144Panel:4854:{"property": "init", "value": "device does not exist", "qualifier": {"alias": "IC144Panel:4854", "code": "missing device"}}
2026-03-06 11:37:25 ERROR root remotelib error:BWDPanel:4723:{"property": "init", "value": "device does not exist", "qualifier": {"alias": "BWDPanel:4723", "code": "missing device"}}
2026-03-06 11:37:25 ERROR root remotelib error:HallPanel:4730:{"property": "init", "value": "device does not exist", "qualifier": {"alias": "HallPanel:4730", "code": "missing device"}}
2026-03-06 11:37:25 ERROR root remotelib error:BWDPanel:4724:{"property": "init", "value": "device does not exist", "qualifier": {"alias": "BWDPanel:4724", "code": "missing device"}}
2026-03-06 11:37:25 ERROR root remotelib error:IC142Panel:4855:{"property": "init", "value": "device does not exist", "qualifier": {"alias": "IC142Panel:4855", "code": "missing device"}}
2026-03-06 11:37:25 ERROR root remotelib error:BreakRmPanel:4852:{"property": "init", "value": "device does not exist", "qualifier": {"alias": "BreakRmPanel:4852", "code": "missing device"}}
2026-03-06 11:37:25 ERROR root remotelib error:IC143Panel:4957:{"property": "init", "value": "device does not exist", "qualifier": {"alias": "IC143Panel:4957", "code": "missing device"}}
2026-03-06 11:37:25 ERROR root remotelib error:HallPanel:4731:{"property": "init", "value": "device does not exist", "qualifier": {"alias": "HallPanel:4731", "code": "missing device"}}
2026-03-06 11:37:25 ERROR root remotelib error:LobbyPanel:14651:{"property": "init", "value": "device does not exist", "qualifier": {"alias": "LobbyPanel:14651", "code": "missing device"}}
2026-03-06 11:37:25 ERROR root remotelib error:BWDPanel:4725:{"property": "init", "value": "device does not exist", "qualifier": {"alias": "BWDPanel:4725", "code": "missing device"}}
2026-03-06 11:37:25 ERROR root remotelib error:IC144Panel:4855:{"property": "init", "value": "device does not exist", "qualifier": {"alias": "IC144Panel:4855", "code": "missing device"}}
2026-03-06 11:37:25 ERROR root remotelib error:BWDPanel:4726:{"property": "init", "value": "device does not exist", "qualifier": {"alias": "BWDPanel:4726", "code": "missing device"}}
2026-03-06 11:37:25 ERROR root remotelib error:BreakRmPanel:4853:{"property": "init", "value": "device does not exist", "qualifier": {"alias": "BreakRmPanel:4853", "code": "missing device"}}
2026-03-06 11:37:25 ERROR root remotelib error:IC143Panel:4958:{"property": "init", "value": "device does not exist", "qualifier": {"alias": "IC143Panel:4958", "code": "missing device"}}
2026-03-06 11:37:25 ERROR root remotelib error:IC142Panel:4856:{"property": "init", "value": "device does not exist", "qualifier": {"alias": "IC142Panel:4856", "code": "missing device"}}
2026-03-06 11:37:25 ERROR root remotelib error:LobbyPanel:917:{"property": "init", "value": "device does not exist", "qualifier": {"alias": "LobbyPanel:917", "code": "missing device"}}
2026-03-06 11:37:26 ERROR root remotelib error:IC143Panel:4859:{"property": "init", "value": "device does not exist", "qualifier": {"alias": "IC143Panel:4859", "code": "missing device"}}
2026-03-06 11:37:26 ERROR root remotelib error:IC144Panel:4856:{"property": "init", "value": "device does not exist", "qualifier": {"alias": "IC144Panel:4856", "code": "missing device"}}
2026-03-06 11:37:26 ERROR root remotelib error:BWDPanel:4727:{"property": "init", "value": "device does not exist", "qualifier": {"alias": "BWDPanel:4727", "code": "missing device"}}
2026-03-06 11:37:26 ERROR root remotelib error:HallPanel:4732:{"property": "init", "value": "device does not exist", "qualifier": {"alias": "HallPanel:4732", "code": "missing device"}}
2026-03-06 11:37:26 ERROR root remotelib error:BWDPanel:4728:{"property": "init", "value": "device does not exist", "qualifier": {"alias": "BWDPanel:4728", "code": "missing device"}}
2026-03-06 11:37:26 ERROR root remotelib error:IC144Panel:4857:{"property": "init", "value": "device does not exist", "qualifier": {"alias": "IC144Panel:4857", "code": "missing device"}}
2026-03-06 11:37:26 ERROR root remotelib error:BWDPanel:4729:{"property": "init", "value": "device does not exist", "qualifier": {"alias": "BWDPanel:4729", "code": "missing device"}}
2026-03-06 11:37:26 ERROR root remotelib error:IC143Panel:4860:{"property": "init", "value": "device does not exist", "qualifier": {"alias": "IC143Panel:4860", "code": "missing device"}}
2026-03-06 11:37:26 ERROR root remotelib error:LobbyPanel:4851:{"property": "init", "value": "device does not exist", "qualifier": {"alias": "LobbyPanel:4851", "code": "missing device"}}
2026-03-06 11:37:26 ERROR root remotelib error:BreakRmPanel:4854:{"property": "init", "value": "device does not exist", "qualifier": {"alias": "BreakRmPanel:4854", "code": "missing device"}}
2026-03-06 11:37:26 ERROR root remotelib error:IC144Panel:4957:{"property": "init", "value": "device does not exist", "qualifier": {"alias": "IC144Panel:4957", "code": "missing device"}}
2026-03-06 11:37:26 ERROR root remotelib error:IC143Panel:4960:{"property": "init", "value": "device does not exist", "qualifier": {"alias": "IC143Panel:4960", "code": "missing device"}}
2026-03-06 11:37:26 ERROR root remotelib error:IC142Panel:4857:{"property": "init", "value": "device does not exist", "qualifier": {"alias": "IC142Panel:4857", "code": "missing device"}}
2026-03-06 11:37:26 ERROR root remotelib error:BWDPanel:4730:{"property": "init", "value": "device does not exist", "qualifier": {"alias": "BWDPanel:4730", "code": "missing device"}}
2026-03-06 11:37:26 ERROR root remotelib error:LobbyPanel:4852:{"property": "init", "value": "device does not exist", "qualifier": {"alias": "LobbyPanel:4852", "code": "missing device"}}
2026-03-06 11:37:26 ERROR root remotelib error:IC144Panel:4958:{"property": "init", "value": "device does not exist", "qualifier": {"alias": "IC144Panel:4958", "code": "missing device"}}
2026-03-06 11:37:26 ERROR root remotelib error:IC143Panel:4861:{"property": "init", "value": "device does not exist", "qualifier": {"alias": "IC143Panel:4861", "code": "missing device"}}
2026-03-06 11:37:26 ERROR root remotelib error:IC142Panel:4957:{"property": "init", "value": "device does not exist", "qualifier": {"alias": "IC142Panel:4957", "code": "missing device"}}
2026-03-06 11:37:26 ERROR root remotelib error:IC144Panel:4859:{"property": "init", "value": "device does not exist", "qualifier": {"alias": "IC144Panel:4859", "code": "missing device"}}
2026-03-06 11:37:26 ERROR root remotelib error:BWDPanel:4731:{"property": "init", "value": "device does not exist", "qualifier": {"alias": "BWDPanel:4731", "code": "missing device"}}
2026-03-06 11:37:26 ERROR root remotelib error:LobbyPanel:4853:{"property": "init", "value": "device does not exist", "qualifier": {"alias": "LobbyPanel:4853", "code": "missing device"}}
2026-03-06 11:37:26 ERROR root remotelib error:BWDPanel:4732:{"property": "init", "value": "device does not exist", "qualifier": {"alias": "BWDPanel:4732", "code": "missing device"}}
2026-03-06 11:37:26 ERROR root remotelib error:BreakRmPanel:4855:{"property": "init", "value": "device does not exist", "qualifier": {"alias": "BreakRmPanel:4855", "code": "missing device"}}
2026-03-06 11:37:26 ERROR root remotelib error:IC143Panel:4961:{"property": "init", "value": "device does not exist", "qualifier": {"alias": "IC143Panel:4961", "code": "missing device"}}
2026-03-06 11:37:26 ERROR root remotelib error:IC144Panel:4860:{"property": "init", "value": "device does not exist", "qualifier": {"alias": "IC144Panel:4860", "code": "missing device"}}
2026-03-06 11:37:26 ERROR root remotelib error:HallPanel:4801:{"property": "init", "value": "device does not exist", "qualifier": {"alias": "HallPanel:4801", "code": "missing device"}}
2026-03-06 11:37:26 ERROR root remotelib error:BreakRmPanel:4856:{"property": "init", "value": "device does not exist", "qualifier": {"alias": "BreakRmPanel:4856", "code": "missing device"}}
2026-03-06 11:37:26 ERROR root remotelib error:BWDPanel:4801:{"property": "init", "value": "device does not exist", "qualifier": {"alias": "BWDPanel:4801", "code": "missing device"}}
2026-03-06 11:37:26 ERROR root remotelib error:IC143Panel:4964:{"property": "init", "value": "device does not exist", "qualifier": {"alias": "IC143Panel:4964", "code": "missing device"}}
2026-03-06 11:37:26 ERROR root remotelib error:IC142Panel:4958:{"property": "init", "value": "device does not exist", "qualifier": {"alias": "IC142Panel:4958", "code": "missing device"}}
2026-03-06 11:37:26 ERROR root remotelib error:IC143Panel:4962:{"property": "init", "value": "device does not exist", "qualifier": {"alias": "IC143Panel:4962", "code": "missing device"}}
2026-03-06 11:37:26 ERROR root remotelib error:IC142Panel:4859:{"property": "init", "value": "device does not exist", "qualifier": {"alias": "IC142Panel:4859", "code": "missing device"}}
2026-03-06 11:37:26 ERROR root remotelib error:IC142Panel:4961:{"property": "init", "value": "device does not exist", "qualifier": {"alias": "IC142Panel:4961", "code": "missing device"}}
2026-03-06 11:37:26 ERROR root remotelib error:BreakRmPanel:4958:{"property": "init", "value": "device does not exist", "qualifier": {"alias": "BreakRmPanel:4958", "code": "missing device"}}
2026-03-06 11:37:26 ERROR root remotelib error:LobbyPanel:4855:{"property": "init", "value": "device does not exist", "qualifier": {"alias": "LobbyPanel:4855", "code": "missing device"}}
2026-03-06 11:37:26 ERROR root remotelib error:LobbyPanel:4854:{"property": "init", "value": "device does not exist", "qualifier": {"alias": "LobbyPanel:4854", "code": "missing device"}}
2026-03-06 11:37:26 ERROR root remotelib error:IC144Panel:4861:{"property": "init", "value": "device does not exist", "qualifier": {"alias": "IC144Panel:4861", "code": "missing device"}}
2026-03-06 11:37:26 ERROR root remotelib error:IC144Panel:4960:{"property": "init", "value": "device does not exist", "qualifier": {"alias": "IC144Panel:4960", "code": "missing device"}}
2026-03-06 11:37:26 ERROR root remotelib error:IC143Panel:4863:{"property": "init", "value": "device does not exist", "qualifier": {"alias": "IC143Panel:4863", "code": "missing device"}}
2026-03-06 11:37:26 ERROR root remotelib error:HallPanel:14651:{"property": "init", "value": "device does not exist", "qualifier": {"alias": "HallPanel:14651", "code": "missing device"}}
2026-03-06 11:37:26 ERROR root remotelib error:IC142Panel:4960:{"property": "init", "value": "device does not exist", "qualifier": {"alias": "IC142Panel:4960", "code": "missing device"}}
2026-03-06 11:37:26 ERROR root remotelib error:IC144Panel:4961:{"property": "init", "value": "device does not exist", "qualifier": {"alias": "IC144Panel:4961", "code": "missing device"}}
2026-03-06 11:37:26 ERROR root remotelib error:HallPanel:917:{"property": "init", "value": "device does not exist", "qualifier": {"alias": "HallPanel:917", "code": "missing device"}}
2026-03-06 11:37:26 ERROR root remotelib error:IC143Panel:4963:{"property": "init", "value": "device does not exist", "qualifier": {"alias": "IC143Panel:4963", "code": "missing device"}}
2026-03-06 11:37:26 ERROR root remotelib error:IC142Panel:4860:{"property": "init", "value": "device does not exist", "qualifier": {"alias": "IC142Panel:4860", "code": "missing device"}}
2026-03-06 11:37:26 ERROR root remotelib error:BreakRmPanel:4857:{"property": "init", "value": "device does not exist", "qualifier": {"alias": "BreakRmPanel:4857", "code": "missing device"}}
2026-03-06 11:37:26 ERROR root remotelib error:IC142Panel:4861:{"property": "init", "value": "device does not exist", "qualifier": {"alias": "IC142Panel:4861", "code": "missing device"}}
2026-03-06 11:37:26 ERROR root remotelib error:HallPanel:4851:{"property": "init", "value": "device does not exist", "qualifier": {"alias": "HallPanel:4851", "code": "missing device"}}
2026-03-06 11:37:26 ERROR root remotelib error:IC143Panel:4865:{"property": "init", "value": "device does not exist", "qualifier": {"alias": "IC143Panel:4865", "code": "missing device"}}
2026-03-06 11:37:26 ERROR root remotelib error:IC144Panel:4962:{"property": "init", "value": "device does not exist", "qualifier": {"alias": "IC144Panel:4962", "code": "missing device"}}
2026-03-06 11:37:26 ERROR root remotelib error:BreakRmPanel:4957:{"property": "init", "value": "device does not exist", "qualifier": {"alias": "BreakRmPanel:4957", "code": "missing device"}}
2026-03-06 11:37:26 ERROR root remotelib error:IC143Panel:4864:{"property": "init", "value": "device does not exist", "qualifier": {"alias": "IC143Panel:4864", "code": "missing device"}}
2026-03-06 11:37:26 ERROR root remotelib error:LobbyPanel:4856:{"property": "init", "value": "device does not exist", "qualifier": {"alias": "LobbyPanel:4856", "code": "missing device"}}
2026-03-06 11:37:26 ERROR root remotelib error:BreakRmPanel:4859:{"property": "init", "value": "device does not exist", "qualifier": {"alias": "BreakRmPanel:4859", "code": "missing device"}}
2026-03-06 11:37:26 ERROR root remotelib error:IC143Panel:4965:{"property": "init", "value": "device does not exist", "qualifier": {"alias": "IC143Panel:4965", "code": "missing device"}}
2026-03-06 11:37:26 ERROR root remotelib error:IC144Panel:4863:{"property": "init", "value": "device does not exist", "qualifier": {"alias": "IC144Panel:4863", "code": "missing device"}}
2026-03-06 11:37:26 ERROR root remotelib error:BreakRmPanel:4860:{"property": "init", "value": "device does not exist", "qualifier": {"alias": "BreakRmPanel:4860", "code": "missing device"}}
2026-03-06 11:37:26 ERROR root remotelib error:HallPanel:4852:{"property": "init", "value": "device does not exist", "qualifier": {"alias": "HallPanel:4852", "code": "missing device"}}
2026-03-06 11:37:26 ERROR root remotelib error:IC142Panel:4962:{"property": "init", "value": "device does not exist", "qualifier": {"alias": "IC142Panel:4962", "code": "missing device"}}
2026-03-06 11:37:26 ERROR root remotelib error:IC143Panel:4866:{"property": "init", "value": "device does not exist", "qualifier": {"alias": "IC143Panel:4866", "code": "missing device"}}
2026-03-06 11:37:26 ERROR root remotelib error:IC144Panel:4963:{"property": "init", "value": "device does not exist", "qualifier": {"alias": "IC144Panel:4963", "code": "missing device"}}
2026-03-06 11:37:26 ERROR root remotelib error:LobbyPanel:4857:{"property": "init", "value": "device does not exist", "qualifier": {"alias": "LobbyPanel:4857", "code": "missing device"}}
2026-03-06 11:37:26 ERROR root remotelib error:IC142Panel:4863:{"property": "init", "value": "device does not exist", "qualifier": {"alias": "IC142Panel:4863", "code": "missing device"}}
2026-03-06 11:37:26 ERROR root remotelib error:LobbyPanel:4957:{"property": "init", "value": "device does not exist", "qualifier": {"alias": "LobbyPanel:4957", "code": "missing device"}}
2026-03-06 11:37:26 ERROR root remotelib error:HallPanel:4853:{"property": "init", "value": "device does not exist", "qualifier": {"alias": "HallPanel:4853", "code": "missing device"}}
2026-03-06 11:37:26 ERROR root remotelib error:IC144Panel:4864:{"property": "init", "value": "device does not exist", "qualifier": {"alias": "IC144Panel:4864", "code": "missing device"}}
2026-03-06 11:37:26 ERROR root remotelib error:BreakRmPanel:4861:{"property": "init", "value": "device does not exist", "qualifier": {"alias": "BreakRmPanel:4861", "code": "missing device"}}
2026-03-06 11:37:26 ERROR root remotelib error:IC143Panel:4966:{"property": "init", "value": "device does not exist", "qualifier": {"alias": "IC143Panel:4966", "code": "missing device"}}
2026-03-06 11:37:26 ERROR root remotelib error:BreakRmPanel:4961:{"property": "init", "value": "device does not exist", "qualifier": {"alias": "BreakRmPanel:4961", "code": "missing device"}}
2026-03-06 11:37:26 ERROR root remotelib error:IC142Panel:4963:{"property": "init", "value": "device does not exist", "qualifier": {"alias": "IC142Panel:4963", "code": "missing device"}}
2026-03-06 11:37:26 ERROR root remotelib error:BWDPanel:14651:{"property": "init", "value": "device does not exist", "qualifier": {"alias": "BWDPanel:14651", "code": "missing device"}}
2026-03-06 11:37:26 ERROR root remotelib error:BWDPanel:917:{"property": "init", "value": "device does not exist", "qualifier": {"alias": "BWDPanel:917", "code": "missing device"}}
2026-03-06 11:37:26 ERROR root remotelib error:IC143Panel:4867:{"property": "init", "value": "device does not exist", "qualifier": {"alias": "IC143Panel:4867", "code": "missing device"}}
2026-03-06 11:37:26 ERROR root remotelib error:IC144Panel:4964:{"property": "init", "value": "device does not exist", "qualifier": {"alias": "IC144Panel:4964", "code": "missing device"}}
2026-03-06 11:37:26 ERROR root remotelib error:LobbyPanel:4958:{"property": "init", "value": "device does not exist", "qualifier": {"alias": "LobbyPanel:4958", "code": "missing device"}}
2026-03-06 11:37:26 ERROR root remotelib error:LobbyPanel:4859:{"property": "init", "value": "device does not exist", "qualifier": {"alias": "LobbyPanel:4859", "code": "missing device"}}
2026-03-06 11:37:26 ERROR root remotelib error:IC144Panel:4865:{"property": "init", "value": "device does not exist", "qualifier": {"alias": "IC144Panel:4865", "code": "missing device"}}
2026-03-06 11:37:26 ERROR root remotelib error:BreakRmPanel:4962:{"property": "init", "value": "device does not exist", "qualifier": {"alias": "BreakRmPanel:4962", "code": "missing device"}}
2026-03-06 11:37:26 ERROR root remotelib error:IC143Panel:4868:{"property": "init", "value": "device does not exist", "qualifier": {"alias": "IC143Panel:4868", "code": "missing device"}}
2026-03-06 11:37:26 ERROR root remotelib error:HallPanel:4854:{"property": "init", "value": "device does not exist", "qualifier": {"alias": "HallPanel:4854", "code": "missing device"}}
2026-03-06 11:37:26 ERROR root remotelib error:BreakRmPanel:4863:{"property": "init", "value": "device does not exist", "qualifier": {"alias": "BreakRmPanel:4863", "code": "missing device"}}
2026-03-06 11:37:26 ERROR root remotelib error:IC142Panel:4964:{"property": "init", "value": "device does not exist", "qualifier": {"alias": "IC142Panel:4964", "code": "missing device"}}
2026-03-06 11:37:26 ERROR root remotelib error:IC142Panel:4864:{"property": "init", "value": "device does not exist", "qualifier": {"alias": "IC142Panel:4864", "code": "missing device"}}
2026-03-06 11:37:26 ERROR root remotelib error:BreakRmPanel:4963:{"property": "init", "value": "device does not exist", "qualifier": {"alias": "BreakRmPanel:4963", "code": "missing device"}}
2026-03-06 11:37:26 ERROR root remotelib error:IC144Panel:4965:{"property": "init", "value": "device does not exist", "qualifier": {"alias": "IC144Panel:4965", "code": "missing device"}}
2026-03-06 11:37:26 ERROR root remotelib error:BWDPanel:4851:{"property": "init", "value": "device does not exist", "qualifier": {"alias": "BWDPanel:4851", "code": "missing device"}}
2026-03-06 11:37:26 ERROR root remotelib error:IC142Panel:4866:{"property": "init", "value": "device does not exist", "qualifier": {"alias": "IC142Panel:4866", "code": "missing device"}}
2026-03-06 11:37:26 ERROR root remotelib error:IC142Panel:4865:{"property": "init", "value": "device does not exist", "qualifier": {"alias": "IC142Panel:4865", "code": "missing device"}}
2026-03-06 11:37:26 ERROR root remotelib error:LobbyPanel:4959:{"property": "init", "value": "device does not exist", "qualifier": {"alias": "LobbyPanel:4959", "code": "missing device"}}
2026-03-06 11:37:26 ERROR root remotelib error:HallPanel:4855:{"property": "init", "value": "device does not exist", "qualifier": {"alias": "HallPanel:4855", "code": "missing device"}}
2026-03-06 11:37:26 ERROR root remotelib error:IC144Panel:4966:{"property": "init", "value": "device does not exist", "qualifier": {"alias": "IC144Panel:4966", "code": "missing device"}}
2026-03-06 11:37:26 ERROR root remotelib error:BreakRmPanel:4865:{"property": "init", "value": "device does not exist", "qualifier": {"alias": "BreakRmPanel:4865", "code": "missing device"}}
2026-03-06 11:37:26 ERROR root remotelib error:IC143Panel:4869:{"property": "init", "value": "device does not exist", "qualifier": {"alias": "IC143Panel:4869", "code": "missing device"}}
2026-03-06 11:37:26 ERROR root remotelib error:BreakRmPanel:4864:{"property": "init", "value": "device does not exist", "qualifier": {"alias": "BreakRmPanel:4864", "code": "missing device"}}
2026-03-06 11:37:26 ERROR root remotelib error:IC144Panel:4866:{"property": "init", "value": "device does not exist", "qualifier": {"alias": "IC144Panel:4866", "code": "missing device"}}
2026-03-06 11:37:26 ERROR root remotelib error:LobbyPanel:4861:{"property": "init", "value": "device does not exist", "qualifier": {"alias": "LobbyPanel:4861", "code": "missing device"}}
2026-03-06 11:37:26 ERROR root remotelib error:IC142Panel:4965:{"property": "init", "value": "device does not exist", "qualifier": {"alias": "IC142Panel:4965", "code": "missing device"}}
2026-03-06 11:37:26 ERROR root remotelib error:LobbyPanel:4860:{"property": "init", "value": "device does not exist", "qualifier": {"alias": "LobbyPanel:4860", "code": "missing device"}}
2026-03-06 11:37:26 ERROR root remotelib error:BreakRmPanel:4964:{"property": "init", "value": "device does not exist", "qualifier": {"alias": "BreakRmPanel:4964", "code": "missing device"}}
2026-03-06 11:37:26 ERROR root remotelib error:IC142Panel:4966:{"property": "init", "value": "device does not exist", "qualifier": {"alias": "IC142Panel:4966", "code": "missing device"}}
2026-03-06 11:37:26 ERROR root remotelib error:IC143Panel:4870:{"property": "init", "value": "device does not exist", "qualifier": {"alias": "IC143Panel:4870", "code": "missing device"}}
2026-03-06 11:37:26 ERROR root remotelib error:BWDPanel:4852:{"property": "init", "value": "device does not exist", "qualifier": {"alias": "BWDPanel:4852", "code": "missing device"}}
2026-03-06 11:37:26 ERROR root remotelib error:HallPanel:4856:{"property": "init", "value": "device does not exist", "qualifier": {"alias": "HallPanel:4856", "code": "missing device"}}
2026-03-06 11:37:26 ERROR root remotelib error:LobbyPanel:4961:{"property": "init", "value": "device does not exist", "qualifier": {"alias": "LobbyPanel:4961", "code": "missing device"}}
2026-03-06 11:37:26 ERROR root remotelib error:BreakRmPanel:4965:{"property": "init", "value": "device does not exist", "qualifier": {"alias": "BreakRmPanel:4965", "code": "missing device"}}
2026-03-06 11:37:26 ERROR root remotelib error:IC142Panel:4867:{"property": "init", "value": "device does not exist", "qualifier": {"alias": "IC142Panel:4867", "code": "missing device"}}
2026-03-06 11:37:26 ERROR root remotelib error:IC144Panel:4867:{"property": "init", "value": "device does not exist", "qualifier": {"alias": "IC144Panel:4867", "code": "missing device"}}
2026-03-06 11:37:27 ERROR root remotelib error:BWDPanel:4853:{"property": "init", "value": "device does not exist", "qualifier": {"alias": "BWDPanel:4853", "code": "missing device"}}
2026-03-06 11:37:27 ERROR root remotelib error:IC143Panel:4871:{"property": "init", "value": "device does not exist", "qualifier": {"alias": "IC143Panel:4871", "code": "missing device"}}
2026-03-06 11:37:27 ERROR root remotelib error:HallPanel:4857:{"property": "init", "value": "device does not exist", "qualifier": {"alias": "HallPanel:4857", "code": "missing device"}}
2026-03-06 11:37:27 ERROR root remotelib error:BreakRmPanel:4866:{"property": "init", "value": "device does not exist", "qualifier": {"alias": "BreakRmPanel:4866", "code": "missing device"}}
2026-03-06 11:37:27 ERROR root remotelib error:BWDPanel:4854:{"property": "init", "value": "device does not exist", "qualifier": {"alias": "BWDPanel:4854", "code": "missing device"}}
2026-03-06 11:37:27 ERROR root remotelib error:HallPanel:4957:{"property": "init", "value": "device does not exist", "qualifier": {"alias": "HallPanel:4957", "code": "missing device"}}
2026-03-06 11:37:27 ERROR root remotelib error:LobbyPanel:4962:{"property": "init", "value": "device does not exist", "qualifier": {"alias": "LobbyPanel:4962", "code": "missing device"}}
2026-03-06 11:37:27 ERROR root remotelib error:BreakRmPanel:4966:{"property": "init", "value": "device does not exist", "qualifier": {"alias": "BreakRmPanel:4966", "code": "missing device"}}
2026-03-06 11:37:27 ERROR root remotelib error:IC142Panel:4868:{"property": "init", "value": "device does not exist", "qualifier": {"alias": "IC142Panel:4868", "code": "missing device"}}
2026-03-06 11:37:27 ERROR root remotelib error:IC143Panel:4872:{"property": "init", "value": "device does not exist", "qualifier": {"alias": "IC143Panel:4872", "code": "missing device"}}
2026-03-06 11:37:27 ERROR root remotelib error:IC144Panel:4868:{"property": "init", "value": "device does not exist", "qualifier": {"alias": "IC144Panel:4868", "code": "missing device"}}
2026-03-06 11:37:27 ERROR root remotelib error:LobbyPanel:4863:{"property": "init", "value": "device does not exist", "qualifier": {"alias": "LobbyPanel:4863", "code": "missing device"}}
2026-03-06 11:37:27 ERROR root remotelib error:BreakRmPanel:4867:{"property": "init", "value": "device does not exist", "qualifier": {"alias": "BreakRmPanel:4867", "code": "missing device"}}
2026-03-06 11:37:27 ERROR root remotelib error:LobbyPanel:4963:{"property": "init", "value": "device does not exist", "qualifier": {"alias": "LobbyPanel:4963", "code": "missing device"}}
2026-03-06 11:37:27 ERROR root remotelib error:BWDPanel:4855:{"property": "init", "value": "device does not exist", "qualifier": {"alias": "BWDPanel:4855", "code": "missing device"}}
2026-03-06 11:37:27 ERROR root remotelib error:HallPanel:4958:{"property": "init", "value": "device does not exist", "qualifier": {"alias": "HallPanel:4958", "code": "missing device"}}
2026-03-06 11:37:27 ERROR root remotelib error:IC144Panel:4869:{"property": "init", "value": "device does not exist", "qualifier": {"alias": "IC144Panel:4869", "code": "missing device"}}
2026-03-06 11:37:27 ERROR root remotelib error:LobbyPanel:4864:{"property": "init", "value": "device does not exist", "qualifier": {"alias": "LobbyPanel:4864", "code": "missing device"}}
2026-03-06 11:37:27 ERROR root remotelib error:IC144Panel:4870:{"property": "init", "value": "device does not exist", "qualifier": {"alias": "IC144Panel:4870", "code": "missing device"}}
2026-03-06 11:37:27 ERROR root remotelib error:IC143Panel:4873:{"property": "init", "value": "device does not exist", "qualifier": {"alias": "IC143Panel:4873", "code": "missing device"}}
2026-03-06 11:37:27 ERROR root remotelib error:BreakRmPanel:4967:{"property": "init", "value": "device does not exist", "qualifier": {"alias": "BreakRmPanel:4967", "code": "missing device"}}
2026-03-06 11:37:27 ERROR root remotelib error:LobbyPanel:4964:{"property": "init", "value": "device does not exist", "qualifier": {"alias": "LobbyPanel:4964", "code": "missing device"}}
2026-03-06 11:37:27 ERROR root remotelib error:BWDPanel:4856:{"property": "init", "value": "device does not exist", "qualifier": {"alias": "BWDPanel:4856", "code": "missing device"}}
2026-03-06 11:37:27 ERROR root remotelib error:LobbyPanel:4865:{"property": "init", "value": "device does not exist", "qualifier": {"alias": "LobbyPanel:4865", "code": "missing device"}}
2026-03-06 11:37:27 ERROR root remotelib error:IC142Panel:4869:{"property": "init", "value": "device does not exist", "qualifier": {"alias": "IC142Panel:4869", "code": "missing device"}}
2026-03-06 11:37:27 ERROR root remotelib error:HallPanel:4959:{"property": "init", "value": "device does not exist", "qualifier": {"alias": "HallPanel:4959", "code": "missing device"}}
2026-03-06 11:37:27 ERROR root remotelib error:HallPanel:4859:{"property": "init", "value": "device does not exist", "qualifier": {"alias": "HallPanel:4859", "code": "missing device"}}
2026-03-06 11:37:27 ERROR root remotelib error:BreakRmPanel:4868:{"property": "init", "value": "device does not exist", "qualifier": {"alias": "BreakRmPanel:4868", "code": "missing device"}}
2026-03-06 11:37:27 ERROR root remotelib error:BreakRmPanel:4968:{"property": "init", "value": "device does not exist", "qualifier": {"alias": "BreakRmPanel:4968", "code": "missing device"}}
2026-03-06 11:37:27 ERROR root remotelib error:HallPanel:4860:{"property": "init", "value": "device does not exist", "qualifier": {"alias": "HallPanel:4860", "code": "missing device"}}
2026-03-06 11:37:27 ERROR root remotelib error:LobbyPanel:4965:{"property": "init", "value": "device does not exist", "qualifier": {"alias": "LobbyPanel:4965", "code": "missing device"}}
2026-03-06 11:37:27 ERROR root remotelib error:BreakRmPanel:4869:{"property": "init", "value": "device does not exist", "qualifier": {"alias": "BreakRmPanel:4869", "code": "missing device"}}
2026-03-06 11:37:27 ERROR root remotelib error:LobbyPanel:4866:{"property": "init", "value": "device does not exist", "qualifier": {"alias": "LobbyPanel:4866", "code": "missing device"}}
2026-03-06 11:37:27 ERROR root remotelib error:IC144Panel:4871:{"property": "init", "value": "device does not exist", "qualifier": {"alias": "IC144Panel:4871", "code": "missing device"}}
2026-03-06 11:37:27 ERROR root remotelib error:IC142Panel:4870:{"property": "init", "value": "device does not exist", "qualifier": {"alias": "IC142Panel:4870", "code": "missing device"}}
2026-03-06 11:37:27 ERROR root remotelib error:BWDPanel:4857:{"property": "init", "value": "device does not exist", "qualifier": {"alias": "BWDPanel:4857", "code": "missing device"}}
2026-03-06 11:37:27 ERROR root remotelib error:BreakRmPanel:4969:{"property": "init", "value": "device does not exist", "qualifier": {"alias": "BreakRmPanel:4969", "code": "missing device"}}
2026-03-06 11:37:27 ERROR root remotelib error:LobbyPanel:4966:{"property": "init", "value": "device does not exist", "qualifier": {"alias": "LobbyPanel:4966", "code": "missing device"}}
2026-03-06 11:37:27 ERROR root remotelib error:BreakRmPanel:4870:{"property": "init", "value": "device does not exist", "qualifier": {"alias": "BreakRmPanel:4870", "code": "missing device"}}
2026-03-06 11:37:27 ERROR root remotelib error:IC144Panel:4872:{"property": "init", "value": "device does not exist", "qualifier": {"alias": "IC144Panel:4872", "code": "missing device"}}
2026-03-06 11:37:27 ERROR root remotelib error:HallPanel:4861:{"property": "init", "value": "device does not exist", "qualifier": {"alias": "HallPanel:4861", "code": "missing device"}}
2026-03-06 11:37:27 ERROR root remotelib error:IC142Panel:4871:{"property": "init", "value": "device does not exist", "qualifier": {"alias": "IC142Panel:4871", "code": "missing device"}}
2026-03-06 11:37:27 ERROR root remotelib error:LobbyPanel:4867:{"property": "init", "value": "device does not exist", "qualifier": {"alias": "LobbyPanel:4867", "code": "missing device"}}
2026-03-06 11:37:27 ERROR root remotelib error:BreakRmPanel:4970:{"property": "init", "value": "device does not exist", "qualifier": {"alias": "BreakRmPanel:4970", "code": "missing device"}}
2026-03-06 11:37:27 ERROR root remotelib error:BreakRmPanel:4871:{"property": "init", "value": "device does not exist", "qualifier": {"alias": "BreakRmPanel:4871", "code": "missing device"}}
2026-03-06 11:37:27 ERROR root remotelib error:BWDPanel:4859:{"property": "init", "value": "device does not exist", "qualifier": {"alias": "BWDPanel:4859", "code": "missing device"}}
2026-03-06 11:37:27 ERROR root remotelib error:LobbyPanel:4967:{"property": "init", "value": "device does not exist", "qualifier": {"alias": "LobbyPanel:4967", "code": "missing device"}}
2026-03-06 11:37:27 ERROR root remotelib error:HallPanel:4961:{"property": "init", "value": "device does not exist", "qualifier": {"alias": "HallPanel:4961", "code": "missing device"}}
2026-03-06 11:37:27 ERROR root remotelib error:IC142Panel:4872:{"property": "init", "value": "device does not exist", "qualifier": {"alias": "IC142Panel:4872", "code": "missing device"}}
2026-03-06 11:37:27 ERROR root remotelib error:BreakRmPanel:4971:{"property": "init", "value": "device does not exist", "qualifier": {"alias": "BreakRmPanel:4971", "code": "missing device"}}
2026-03-06 11:37:27 ERROR root remotelib error:BreakRmPanel:4872:{"property": "init", "value": "device does not exist", "qualifier": {"alias": "BreakRmPanel:4872", "code": "missing device"}}
2026-03-06 11:37:27 ERROR root remotelib error:IC144Panel:4873:{"property": "init", "value": "device does not exist", "qualifier": {"alias": "IC144Panel:4873", "code": "missing device"}}
2026-03-06 11:37:27 ERROR root remotelib error:BreakRmPanel:4972:{"property": "init", "value": "device does not exist", "qualifier": {"alias": "BreakRmPanel:4972", "code": "missing device"}}
2026-03-06 11:37:27 ERROR root remotelib error:LobbyPanel:4868:{"property": "init", "value": "device does not exist", "qualifier": {"alias": "LobbyPanel:4868", "code": "missing device"}}
2026-03-06 11:37:27 ERROR root remotelib error:HallPanel:4962:{"property": "init", "value": "device does not exist", "qualifier": {"alias": "HallPanel:4962", "code": "missing device"}}
2026-03-06 11:37:27 ERROR root remotelib error:LobbyPanel:4968:{"property": "init", "value": "device does not exist", "qualifier": {"alias": "LobbyPanel:4968", "code": "missing device"}}
2026-03-06 11:37:27 ERROR root remotelib error:BreakRmPanel:4873:{"property": "init", "value": "device does not exist", "qualifier": {"alias": "BreakRmPanel:4873", "code": "missing device"}}
2026-03-06 11:37:27 ERROR root remotelib error:HallPanel:4863:{"property": "init", "value": "device does not exist", "qualifier": {"alias": "HallPanel:4863", "code": "missing device"}}
2026-03-06 11:37:27 ERROR root remotelib error:LobbyPanel:4869:{"property": "init", "value": "device does not exist", "qualifier": {"alias": "LobbyPanel:4869", "code": "missing device"}}
2026-03-06 11:37:27 ERROR root remotelib error:BreakRmPanel:4973:{"property": "init", "value": "device does not exist", "qualifier": {"alias": "BreakRmPanel:4973", "code": "missing device"}}
2026-03-06 11:37:27 ERROR root remotelib error:LobbyPanel:4969:{"property": "init", "value": "device does not exist", "qualifier": {"alias": "LobbyPanel:4969", "code": "missing device"}}
2026-03-06 11:37:27 ERROR root remotelib error:HallPanel:4963:{"property": "init", "value": "device does not exist", "qualifier": {"alias": "HallPanel:4963", "code": "missing device"}}
2026-03-06 11:37:27 ERROR root remotelib error:HallPanel:4864:{"property": "init", "value": "device does not exist", "qualifier": {"alias": "HallPanel:4864", "code": "missing device"}}
2026-03-06 11:37:27 ERROR root remotelib error:BWDPanel:4860:{"property": "init", "value": "device does not exist", "qualifier": {"alias": "BWDPanel:4860", "code": "missing device"}}
2026-03-06 11:37:27 ERROR root remotelib error:IC142Panel:4873:{"property": "init", "value": "device does not exist", "qualifier": {"alias": "IC142Panel:4873", "code": "missing device"}}
2026-03-06 11:37:27 ERROR root remotelib error:BWDPanel:4861:{"property": "init", "value": "device does not exist", "qualifier": {"alias": "BWDPanel:4861", "code": "missing device"}}
2026-03-06 11:37:27 ERROR root remotelib error:HallPanel:4865:{"property": "init", "value": "device does not exist", "qualifier": {"alias": "HallPanel:4865", "code": "missing device"}}
2026-03-06 11:37:27 ERROR root remotelib error:HallPanel:4964:{"property": "init", "value": "device does not exist", "qualifier": {"alias": "HallPanel:4964", "code": "missing device"}}
2026-03-06 11:37:27 ERROR root remotelib error:LobbyPanel:4870:{"property": "init", "value": "device does not exist", "qualifier": {"alias": "LobbyPanel:4870", "code": "missing device"}}
2026-03-06 11:37:27 ERROR root remotelib error:HallPanel:4965:{"property": "init", "value": "device does not exist", "qualifier": {"alias": "HallPanel:4965", "code": "missing device"}}
2026-03-06 11:37:27 ERROR root remotelib error:LobbyPanel:4970:{"property": "init", "value": "device does not exist", "qualifier": {"alias": "LobbyPanel:4970", "code": "missing device"}}
2026-03-06 11:37:27 ERROR root remotelib error:IC143Panel:6000:{"property": "init", "value": "device does not exist", "qualifier": {"alias": "IC143Panel:6000", "code": "missing device"}}
2026-03-06 11:37:27 ERROR root remotelib error:HallPanel:4866:{"property": "init", "value": "device does not exist", "qualifier": {"alias": "HallPanel:4866", "code": "missing device"}}
2026-03-06 11:37:27 ERROR root remotelib error:BWDPanel:4863:{"property": "init", "value": "device does not exist", "qualifier": {"alias": "BWDPanel:4863", "code": "missing device"}}
2026-03-06 11:37:27 ERROR root remotelib error:LobbyPanel:4871:{"property": "init", "value": "device does not exist", "qualifier": {"alias": "LobbyPanel:4871", "code": "missing device"}}
2026-03-06 11:37:27 ERROR root remotelib error:LobbyPanel:4971:{"property": "init", "value": "device does not exist", "qualifier": {"alias": "LobbyPanel:4971", "code": "missing device"}}
2026-03-06 11:37:27 ERROR root remotelib error:BWDPanel:4963:{"property": "init", "value": "device does not exist", "qualifier": {"alias": "BWDPanel:4963", "code": "missing device"}}
2026-03-06 11:37:27 ERROR root remotelib error:LobbyPanel:4872:{"property": "init", "value": "device does not exist", "qualifier": {"alias": "LobbyPanel:4872", "code": "missing device"}}
2026-03-06 11:37:27 ERROR root remotelib error:BWDPanel:4864:{"property": "init", "value": "device does not exist", "qualifier": {"alias": "BWDPanel:4864", "code": "missing device"}}
2026-03-06 11:37:27 ERROR root remotelib error:HallPanel:4966:{"property": "init", "value": "device does not exist", "qualifier": {"alias": "HallPanel:4966", "code": "missing device"}}
2026-03-06 11:37:27 ERROR root remotelib error:IC143Panel:462:{"property": "init", "value": "device does not exist", "qualifier": {"alias": "IC143Panel:462", "code": "missing device"}}
2026-03-06 11:37:27 ERROR root remotelib error:HallPanel:4867:{"property": "init", "value": "device does not exist", "qualifier": {"alias": "HallPanel:4867", "code": "missing device"}}
2026-03-06 11:37:27 ERROR root remotelib error:BWDPanel:4964:{"property": "init", "value": "device does not exist", "qualifier": {"alias": "BWDPanel:4964", "code": "missing device"}}
2026-03-06 11:37:27 ERROR root remotelib error:LobbyPanel:4972:{"property": "init", "value": "device does not exist", "qualifier": {"alias": "LobbyPanel:4972", "code": "missing device"}}
2026-03-06 11:37:27 ERROR root remotelib error:IC143Panel:463:{"property": "init", "value": "device does not exist", "qualifier": {"alias": "IC143Panel:463", "code": "missing device"}}
2026-03-06 11:37:27 ERROR root remotelib error:HallPanel:4967:{"property": "init", "value": "device does not exist", "qualifier": {"alias": "HallPanel:4967", "code": "missing device"}}
2026-03-06 11:37:27 ERROR root remotelib error:LobbyPanel:4873:{"property": "init", "value": "device does not exist", "qualifier": {"alias": "LobbyPanel:4873", "code": "missing device"}}
2026-03-06 11:37:27 ERROR root remotelib error:BWDPanel:4865:{"property": "init", "value": "device does not exist", "qualifier": {"alias": "BWDPanel:4865", "code": "missing device"}}
2026-03-06 11:37:27 ERROR root remotelib error:HallPanel:4868:{"property": "init", "value": "device does not exist", "qualifier": {"alias": "HallPanel:4868", "code": "missing device"}}
2026-03-06 11:37:27 ERROR root remotelib error:IC144Panel:6000:{"property": "init", "value": "device does not exist", "qualifier": {"alias": "IC144Panel:6000", "code": "missing device"}}
2026-03-06 11:37:27 ERROR root remotelib error:IC143Panel:464:{"property": "init", "value": "device does not exist", "qualifier": {"alias": "IC143Panel:464", "code": "missing device"}}
2026-03-06 11:37:27 ERROR root remotelib error:LobbyPanel:4973:{"property": "init", "value": "device does not exist", "qualifier": {"alias": "LobbyPanel:4973", "code": "missing device"}}
2026-03-06 11:37:27 ERROR root remotelib error:IC143Panel:465:{"property": "init", "value": "device does not exist", "qualifier": {"alias": "IC143Panel:465", "code": "missing device"}}
2026-03-06 11:37:27 ERROR root remotelib error:HallPanel:4968:{"property": "init", "value": "device does not exist", "qualifier": {"alias": "HallPanel:4968", "code": "missing device"}}
2026-03-06 11:37:27 ERROR root remotelib error:BWDPanel:4965:{"property": "init", "value": "device does not exist", "qualifier": {"alias": "BWDPanel:4965", "code": "missing device"}}
2026-03-06 11:37:27 ERROR root remotelib error:IC142Panel:6000:{"property": "init", "value": "device does not exist", "qualifier": {"alias": "IC142Panel:6000", "code": "missing device"}}
2026-03-06 11:37:27 ERROR root remotelib error:IC143Panel:466:{"property": "init", "value": "device does not exist", "qualifier": {"alias": "IC143Panel:466", "code": "missing device"}}
2026-03-06 11:37:27 ERROR root remotelib error:BWDPanel:4866:{"property": "init", "value": "device does not exist", "qualifier": {"alias": "BWDPanel:4866", "code": "missing device"}}
2026-03-06 11:37:27 ERROR root remotelib error:IC143Panel:467:{"property": "init", "value": "device does not exist", "qualifier": {"alias": "IC143Panel:467", "code": "missing device"}}
2026-03-06 11:37:27 ERROR root remotelib error:IC144Panel:462:{"property": "init", "value": "device does not exist", "qualifier": {"alias": "IC144Panel:462", "code": "missing device"}}
2026-03-06 11:37:28 ERROR root remotelib error:HallPanel:4869:{"property": "init", "value": "device does not exist", "qualifier": {"alias": "HallPanel:4869", "code": "missing device"}}
2026-03-06 11:37:28 ERROR root remotelib error:IC144Panel:463:{"property": "init", "value": "device does not exist", "qualifier": {"alias": "IC144Panel:463", "code": "missing device"}}
2026-03-06 11:37:28 ERROR root remotelib error:IC143Panel:468:{"property": "init", "value": "device does not exist", "qualifier": {"alias": "IC143Panel:468", "code": "missing device"}}
2026-03-06 11:37:28 ERROR root remotelib error:BWDPanel:4966:{"property": "init", "value": "device does not exist", "qualifier": {"alias": "BWDPanel:4966", "code": "missing device"}}
2026-03-06 11:37:28 ERROR root remotelib error:BWDPanel:4867:{"property": "init", "value": "device does not exist", "qualifier": {"alias": "BWDPanel:4867", "code": "missing device"}}
2026-03-06 11:37:28 ERROR root remotelib error:IC144Panel:464:{"property": "init", "value": "device does not exist", "qualifier": {"alias": "IC144Panel:464", "code": "missing device"}}
2026-03-06 11:37:28 ERROR root remotelib error:IC143Panel:469:{"property": "init", "value": "device does not exist", "qualifier": {"alias": "IC143Panel:469", "code": "missing device"}}
2026-03-06 11:37:28 ERROR root remotelib error:IC142Panel:462:{"property": "init", "value": "device does not exist", "qualifier": {"alias": "IC142Panel:462", "code": "missing device"}}
2026-03-06 11:37:28 ERROR root remotelib error:HallPanel:4969:{"property": "init", "value": "device does not exist", "qualifier": {"alias": "HallPanel:4969", "code": "missing device"}}
2026-03-06 11:37:28 ERROR root remotelib error:IC142Panel:463:{"property": "init", "value": "device does not exist", "qualifier": {"alias": "IC142Panel:463", "code": "missing device"}}
2026-03-06 11:37:28 ERROR root remotelib error:BreakRmPanel:6000:{"property": "init", "value": "device does not exist", "qualifier": {"alias": "BreakRmPanel:6000", "code": "missing device"}}
2026-03-06 11:37:28 ERROR root remotelib error:HallPanel:4870:{"property": "init", "value": "device does not exist", "qualifier": {"alias": "HallPanel:4870", "code": "missing device"}}
2026-03-06 11:37:28 ERROR root remotelib error:IC142Panel:464:{"property": "init", "value": "device does not exist", "qualifier": {"alias": "IC142Panel:464", "code": "missing device"}}
2026-03-06 11:37:28 ERROR root remotelib error:HallPanel:4970:{"property": "init", "value": "device does not exist", "qualifier": {"alias": "HallPanel:4970", "code": "missing device"}}
2026-03-06 11:37:28 ERROR root remotelib error:IC143Panel:470:{"property": "init", "value": "device does not exist", "qualifier": {"alias": "IC143Panel:470", "code": "missing device"}}
2026-03-06 11:37:28 ERROR root remotelib error:IC144Panel:466:{"property": "init", "value": "device does not exist", "qualifier": {"alias": "IC144Panel:466", "code": "missing device"}}
2026-03-06 11:37:28 ERROR root remotelib error:BWDPanel:4868:{"property": "init", "value": "device does not exist", "qualifier": {"alias": "BWDPanel:4868", "code": "missing device"}}
2026-03-06 11:37:28 ERROR root remotelib error:BreakRmPanel:462:{"property": "init", "value": "device does not exist", "qualifier": {"alias": "BreakRmPanel:462", "code": "missing device"}}
2026-03-06 11:37:28 ERROR root remotelib error:IC142Panel:465:{"property": "init", "value": "device does not exist", "qualifier": {"alias": "IC142Panel:465", "code": "missing device"}}
2026-03-06 11:37:28 ERROR root remotelib error:IC144Panel:465:{"property": "init", "value": "device does not exist", "qualifier": {"alias": "IC144Panel:465", "code": "missing device"}}
2026-03-06 11:37:28 ERROR root remotelib error:IC144Panel:467:{"property": "init", "value": "device does not exist", "qualifier": {"alias": "IC144Panel:467", "code": "missing device"}}
2026-03-06 11:37:28 ERROR root remotelib error:HallPanel:4871:{"property": "init", "value": "device does not exist", "qualifier": {"alias": "HallPanel:4871", "code": "missing device"}}
2026-03-06 11:37:28 ERROR root remotelib error:IC142Panel:466:{"property": "init", "value": "device does not exist", "qualifier": {"alias": "IC142Panel:466", "code": "missing device"}}
2026-03-06 11:37:28 ERROR root remotelib error:IC143Panel:442:{"property": "init", "value": "device does not exist", "qualifier": {"alias": "IC143Panel:442", "code": "missing device"}}
2026-03-06 11:37:28 ERROR root remotelib error:IC144Panel:469:{"property": "init", "value": "device does not exist", "qualifier": {"alias": "IC144Panel:469", "code": "missing device"}}
2026-03-06 11:37:28 ERROR root remotelib error:IC144Panel:468:{"property": "init", "value": "device does not exist", "qualifier": {"alias": "IC144Panel:468", "code": "missing device"}}
2026-03-06 11:37:28 ERROR root remotelib error:BreakRmPanel:463:{"property": "init", "value": "device does not exist", "qualifier": {"alias": "BreakRmPanel:463", "code": "missing device"}}
2026-03-06 11:37:28 ERROR root remotelib error:HallPanel:4971:{"property": "init", "value": "device does not exist", "qualifier": {"alias": "HallPanel:4971", "code": "missing device"}}
2026-03-06 11:37:28 ERROR root remotelib error:BWDPanel:4869:{"property": "init", "value": "device does not exist", "qualifier": {"alias": "BWDPanel:4869", "code": "missing device"}}
2026-03-06 11:37:28 ERROR root remotelib error:IC142Panel:467:{"property": "init", "value": "device does not exist", "qualifier": {"alias": "IC142Panel:467", "code": "missing device"}}
2026-03-06 11:37:28 ERROR root remotelib error:IC144Panel:470:{"property": "init", "value": "device does not exist", "qualifier": {"alias": "IC144Panel:470", "code": "missing device"}}
2026-03-06 11:37:28 ERROR root remotelib error:BreakRmPanel:464:{"property": "init", "value": "device does not exist", "qualifier": {"alias": "BreakRmPanel:464", "code": "missing device"}}
2026-03-06 11:37:28 ERROR root remotelib error:IC143Panel:443:{"property": "init", "value": "device does not exist", "qualifier": {"alias": "IC143Panel:443", "code": "missing device"}}
2026-03-06 11:37:28 ERROR root remotelib error:IC142Panel:468:{"property": "init", "value": "device does not exist", "qualifier": {"alias": "IC142Panel:468", "code": "missing device"}}
2026-03-06 11:37:28 ERROR root remotelib error:BreakRmPanel:465:{"property": "init", "value": "device does not exist", "qualifier": {"alias": "BreakRmPanel:465", "code": "missing device"}}
2026-03-06 11:37:28 ERROR root remotelib error:HallPanel:4872:{"property": "init", "value": "device does not exist", "qualifier": {"alias": "HallPanel:4872", "code": "missing device"}}
2026-03-06 11:37:28 ERROR root remotelib error:BWDPanel:4870:{"property": "init", "value": "device does not exist", "qualifier": {"alias": "BWDPanel:4870", "code": "missing device"}}
2026-03-06 11:37:28 ERROR root remotelib error:IC142Panel:469:{"property": "init", "value": "device does not exist", "qualifier": {"alias": "IC142Panel:469", "code": "missing device"}}
2026-03-06 11:37:28 ERROR root remotelib error:IC143Panel:445:{"property": "init", "value": "device does not exist", "qualifier": {"alias": "IC143Panel:445", "code": "missing device"}}
2026-03-06 11:37:28 ERROR root remotelib error:BreakRmPanel:466:{"property": "init", "value": "device does not exist", "qualifier": {"alias": "BreakRmPanel:466", "code": "missing device"}}
2026-03-06 11:37:28 ERROR root remotelib error:IC143Panel:444:{"property": "init", "value": "device does not exist", "qualifier": {"alias": "IC143Panel:444", "code": "missing device"}}
2026-03-06 11:37:28 ERROR root remotelib error:HallPanel:4972:{"property": "init", "value": "device does not exist", "qualifier": {"alias": "HallPanel:4972", "code": "missing device"}}
2026-03-06 11:37:28 ERROR root remotelib error:IC144Panel:442:{"property": "init", "value": "device does not exist", "qualifier": {"alias": "IC144Panel:442", "code": "missing device"}}
2026-03-06 11:37:28 ERROR root remotelib error:BreakRmPanel:467:{"property": "init", "value": "device does not exist", "qualifier": {"alias": "BreakRmPanel:467", "code": "missing device"}}
2026-03-06 11:37:28 ERROR root remotelib error:IC142Panel:470:{"property": "init", "value": "device does not exist", "qualifier": {"alias": "IC142Panel:470", "code": "missing device"}}
2026-03-06 11:37:28 ERROR root remotelib error:LobbyPanel:6000:{"property": "init", "value": "device does not exist", "qualifier": {"alias": "LobbyPanel:6000", "code": "missing device"}}
2026-03-06 11:37:28 ERROR root remotelib error:IC143Panel:446:{"property": "init", "value": "device does not exist", "qualifier": {"alias": "IC143Panel:446", "code": "missing device"}}
2026-03-06 11:37:28 ERROR root remotelib error:BWDPanel:4871:{"property": "init", "value": "device does not exist", "qualifier": {"alias": "BWDPanel:4871", "code": "missing device"}}
2026-03-06 11:37:28 ERROR root remotelib error:IC144Panel:443:{"property": "init", "value": "device does not exist", "qualifier": {"alias": "IC144Panel:443", "code": "missing device"}}
2026-03-06 11:37:28 ERROR root remotelib error:HallPanel:4873:{"property": "init", "value": "device does not exist", "qualifier": {"alias": "HallPanel:4873", "code": "missing device"}}
2026-03-06 11:37:28 ERROR root remotelib error:HallPanel:4973:{"property": "init", "value": "device does not exist", "qualifier": {"alias": "HallPanel:4973", "code": "missing device"}}
2026-03-06 11:37:28 ERROR root remotelib error:BWDPanel:4872:{"property": "init", "value": "device does not exist", "qualifier": {"alias": "BWDPanel:4872", "code": "missing device"}}
2026-03-06 11:37:28 ERROR root remotelib error:BreakRmPanel:468:{"property": "init", "value": "device does not exist", "qualifier": {"alias": "BreakRmPanel:468", "code": "missing device"}}
2026-03-06 11:37:28 ERROR root remotelib error:BreakRmPanel:469:{"property": "init", "value": "device does not exist", "qualifier": {"alias": "BreakRmPanel:469", "code": "missing device"}}
2026-03-06 11:37:28 ERROR root remotelib error:IC144Panel:444:{"property": "init", "value": "device does not exist", "qualifier": {"alias": "IC144Panel:444", "code": "missing device"}}
2026-03-06 11:37:28 ERROR root remotelib error:IC142Panel:443:{"property": "init", "value": "device does not exist", "qualifier": {"alias": "IC142Panel:443", "code": "missing device"}}
2026-03-06 11:37:28 ERROR root remotelib error:IC143Panel:448:{"property": "init", "value": "device does not exist", "qualifier": {"alias": "IC143Panel:448", "code": "missing device"}}
2026-03-06 11:37:28 ERROR root remotelib error:IC142Panel:442:{"property": "init", "value": "device does not exist", "qualifier": {"alias": "IC142Panel:442", "code": "missing device"}}
2026-03-06 11:37:28 ERROR root remotelib error:IC143Panel:447:{"property": "init", "value": "device does not exist", "qualifier": {"alias": "IC143Panel:447", "code": "missing device"}}
2026-03-06 11:37:28 ERROR root remotelib error:LobbyPanel:462:{"property": "init", "value": "device does not exist", "qualifier": {"alias": "LobbyPanel:462", "code": "missing device"}}
2026-03-06 11:37:28 ERROR root remotelib error:IC144Panel:445:{"property": "init", "value": "device does not exist", "qualifier": {"alias": "IC144Panel:445", "code": "missing device"}}
2026-03-06 11:37:28 ERROR root remotelib error:BreakRmPanel:470:{"property": "init", "value": "device does not exist", "qualifier": {"alias": "BreakRmPanel:470", "code": "missing device"}}
2026-03-06 11:37:28 ERROR root remotelib error:IC143Panel:449:{"property": "init", "value": "device does not exist", "qualifier": {"alias": "IC143Panel:449", "code": "missing device"}}
2026-03-06 11:37:28 ERROR root remotelib error:IC142Panel:444:{"property": "init", "value": "device does not exist", "qualifier": {"alias": "IC142Panel:444", "code": "missing device"}}
2026-03-06 11:37:28 ERROR root remotelib error:IC144Panel:446:{"property": "init", "value": "device does not exist", "qualifier": {"alias": "IC144Panel:446", "code": "missing device"}}
2026-03-06 11:37:28 ERROR root remotelib error:IC142Panel:445:{"property": "init", "value": "device does not exist", "qualifier": {"alias": "IC142Panel:445", "code": "missing device"}}
2026-03-06 11:37:28 ERROR root remotelib error:LobbyPanel:463:{"property": "init", "value": "device does not exist", "qualifier": {"alias": "LobbyPanel:463", "code": "missing device"}}
2026-03-06 11:37:28 ERROR root remotelib error:BreakRmPanel:442:{"property": "init", "value": "device does not exist", "qualifier": {"alias": "BreakRmPanel:442", "code": "missing device"}}
2026-03-06 11:37:28 ERROR root remotelib error:IC144Panel:448:{"property": "init", "value": "device does not exist", "qualifier": {"alias": "IC144Panel:448", "code": "missing device"}}
2026-03-06 11:37:28 ERROR root remotelib error:IC143Panel:450:{"property": "init", "value": "device does not exist", "qualifier": {"alias": "IC143Panel:450", "code": "missing device"}}
2026-03-06 11:37:28 ERROR root remotelib error:IC144Panel:447:{"property": "init", "value": "device does not exist", "qualifier": {"alias": "IC144Panel:447", "code": "missing device"}}
2026-03-06 11:37:28 ERROR root remotelib error:BWDPanel:4873:{"property": "init", "value": "device does not exist", "qualifier": {"alias": "BWDPanel:4873", "code": "missing device"}}
2026-03-06 11:37:28 ERROR root remotelib error:IC142Panel:446:{"property": "init", "value": "device does not exist", "qualifier": {"alias": "IC142Panel:446", "code": "missing device"}}
2026-03-06 11:37:28 ERROR root remotelib error:LobbyPanel:465:{"property": "init", "value": "device does not exist", "qualifier": {"alias": "LobbyPanel:465", "code": "missing device"}}
2026-03-06 11:37:28 ERROR root remotelib error:BreakRmPanel:443:{"property": "init", "value": "device does not exist", "qualifier": {"alias": "BreakRmPanel:443", "code": "missing device"}}
2026-03-06 11:37:28 ERROR root remotelib error:LobbyPanel:464:{"property": "init", "value": "device does not exist", "qualifier": {"alias": "LobbyPanel:464", "code": "missing device"}}
2026-03-06 11:37:28 ERROR root remotelib error:IC144Panel:449:{"property": "init", "value": "device does not exist", "qualifier": {"alias": "IC144Panel:449", "code": "missing device"}}
2026-03-06 11:37:28 ERROR root remotelib error:LobbyPanel:466:{"property": "init", "value": "device does not exist", "qualifier": {"alias": "LobbyPanel:466", "code": "missing device"}}
2026-03-06 11:37:28 ERROR root remotelib error:IC142Panel:447:{"property": "init", "value": "device does not exist", "qualifier": {"alias": "IC142Panel:447", "code": "missing device"}}
2026-03-06 11:37:28 ERROR root remotelib error:IC144Panel:450:{"property": "init", "value": "device does not exist", "qualifier": {"alias": "IC144Panel:450", "code": "missing device"}}
2026-03-06 11:37:28 ERROR root remotelib error:IC143Panel:422:{"property": "init", "value": "device does not exist", "qualifier": {"alias": "IC143Panel:422", "code": "missing device"}}
2026-03-06 11:37:28 ERROR root remotelib error:BreakRmPanel:444:{"property": "init", "value": "device does not exist", "qualifier": {"alias": "BreakRmPanel:444", "code": "missing device"}}
2026-03-06 11:37:28 ERROR root remotelib error:LobbyPanel:468:{"property": "init", "value": "device does not exist", "qualifier": {"alias": "LobbyPanel:468", "code": "missing device"}}
2026-03-06 11:37:28 ERROR root remotelib error:IC143Panel:423:{"property": "init", "value": "device does not exist", "qualifier": {"alias": "IC143Panel:423", "code": "missing device"}}
2026-03-06 11:37:28 ERROR root remotelib error:IC142Panel:448:{"property": "init", "value": "device does not exist", "qualifier": {"alias": "IC142Panel:448", "code": "missing device"}}
2026-03-06 11:37:28 ERROR root remotelib error:LobbyPanel:467:{"property": "init", "value": "device does not exist", "qualifier": {"alias": "LobbyPanel:467", "code": "missing device"}}
2026-03-06 11:37:28 ERROR root remotelib error:BreakRmPanel:445:{"property": "init", "value": "device does not exist", "qualifier": {"alias": "BreakRmPanel:445", "code": "missing device"}}
2026-03-06 11:37:28 ERROR root remotelib error:IC142Panel:449:{"property": "init", "value": "device does not exist", "qualifier": {"alias": "IC142Panel:449", "code": "missing device"}}
2026-03-06 11:37:28 ERROR root remotelib error:IC143Panel:424:{"property": "init", "value": "device does not exist", "qualifier": {"alias": "IC143Panel:424", "code": "missing device"}}
2026-03-06 11:37:28 ERROR root remotelib error:IC143Panel:425:{"property": "init", "value": "device does not exist", "qualifier": {"alias": "IC143Panel:425", "code": "missing device"}}
2026-03-06 11:37:28 ERROR root remotelib error:IC144Panel:422:{"property": "init", "value": "device does not exist", "qualifier": {"alias": "IC144Panel:422", "code": "missing device"}}
2026-03-06 11:37:28 ERROR root remotelib error:LobbyPanel:469:{"property": "init", "value": "device does not exist", "qualifier": {"alias": "LobbyPanel:469", "code": "missing device"}}
2026-03-06 11:37:28 ERROR root remotelib error:IC143Panel:426:{"property": "init", "value": "device does not exist", "qualifier": {"alias": "IC143Panel:426", "code": "missing device"}}
2026-03-06 11:37:28 ERROR root remotelib error:BreakRmPanel:446:{"property": "init", "value": "device does not exist", "qualifier": {"alias": "BreakRmPanel:446", "code": "missing device"}}
2026-03-06 11:37:28 ERROR root remotelib error:IC144Panel:423:{"property": "init", "value": "device does not exist", "qualifier": {"alias": "IC144Panel:423", "code": "missing device"}}
2026-03-06 11:37:28 ERROR root remotelib error:LobbyPanel:470:{"property": "init", "value": "device does not exist", "qualifier": {"alias": "LobbyPanel:470", "code": "missing device"}}
2026-03-06 11:37:28 ERROR root remotelib error:IC142Panel:450:{"property": "init", "value": "device does not exist", "qualifier": {"alias": "IC142Panel:450", "code": "missing device"}}
2026-03-06 11:37:28 ERROR root remotelib error:IC143Panel:427:{"property": "init", "value": "device does not exist", "qualifier": {"alias": "IC143Panel:427", "code": "missing device"}}
2026-03-06 11:37:28 ERROR root remotelib error:BreakRmPanel:447:{"property": "init", "value": "device does not exist", "qualifier": {"alias": "BreakRmPanel:447", "code": "missing device"}}
2026-03-06 11:37:28 ERROR root remotelib error:IC144Panel:424:{"property": "init", "value": "device does not exist", "qualifier": {"alias": "IC144Panel:424", "code": "missing device"}}
2026-03-06 11:37:28 ERROR root remotelib error:IC143Panel:428:{"property": "init", "value": "device does not exist", "qualifier": {"alias": "IC143Panel:428", "code": "missing device"}}
2026-03-06 11:37:28 ERROR root remotelib error:BreakRmPanel:448:{"property": "init", "value": "device does not exist", "qualifier": {"alias": "BreakRmPanel:448", "code": "missing device"}}
2026-03-06 11:37:28 ERROR root remotelib error:LobbyPanel:442:{"property": "init", "value": "device does not exist", "qualifier": {"alias": "LobbyPanel:442", "code": "missing device"}}
2026-03-06 11:37:28 ERROR root remotelib error:IC142Panel:422:{"property": "init", "value": "device does not exist", "qualifier": {"alias": "IC142Panel:422", "code": "missing device"}}
2026-03-06 11:37:28 ERROR root remotelib error:IC143Panel:429:{"property": "init", "value": "device does not exist", "qualifier": {"alias": "IC143Panel:429", "code": "missing device"}}
2026-03-06 11:37:28 ERROR root remotelib error:BreakRmPanel:449:{"property": "init", "value": "device does not exist", "qualifier": {"alias": "BreakRmPanel:449", "code": "missing device"}}
2026-03-06 11:37:28 ERROR root remotelib error:LobbyPanel:443:{"property": "init", "value": "device does not exist", "qualifier": {"alias": "LobbyPanel:443", "code": "missing device"}}
2026-03-06 11:37:28 ERROR root remotelib error:IC144Panel:425:{"property": "init", "value": "device does not exist", "qualifier": {"alias": "IC144Panel:425", "code": "missing device"}}
2026-03-06 11:37:29 ERROR root remotelib error:HallPanel:6000:{"property": "init", "value": "device does not exist", "qualifier": {"alias": "HallPanel:6000", "code": "missing device"}}
2026-03-06 11:37:29 ERROR root remotelib error:IC142Panel:423:{"property": "init", "value": "device does not exist", "qualifier": {"alias": "IC142Panel:423", "code": "missing device"}}
2026-03-06 11:37:29 ERROR root remotelib error:LobbyPanel:444:{"property": "init", "value": "device does not exist", "qualifier": {"alias": "LobbyPanel:444", "code": "missing device"}}
2026-03-06 11:37:29 ERROR root remotelib error:BreakRmPanel:450:{"property": "init", "value": "device does not exist", "qualifier": {"alias": "BreakRmPanel:450", "code": "missing device"}}
2026-03-06 11:37:29 ERROR root remotelib error:IC144Panel:426:{"property": "init", "value": "device does not exist", "qualifier": {"alias": "IC144Panel:426", "code": "missing device"}}
2026-03-06 11:37:29 ERROR root remotelib error:IC142Panel:424:{"property": "init", "value": "device does not exist", "qualifier": {"alias": "IC142Panel:424", "code": "missing device"}}
2026-03-06 11:37:29 ERROR root remotelib error:IC144Panel:427:{"property": "init", "value": "device does not exist", "qualifier": {"alias": "IC144Panel:427", "code": "missing device"}}
2026-03-06 11:37:29 ERROR root remotelib error:IC143Panel:430:{"property": "init", "value": "device does not exist", "qualifier": {"alias": "IC143Panel:430", "code": "missing device"}}
2026-03-06 11:37:29 ERROR root remotelib error:LobbyPanel:445:{"property": "init", "value": "device does not exist", "qualifier": {"alias": "LobbyPanel:445", "code": "missing device"}}
2026-03-06 11:37:29 ERROR root remotelib error:HallPanel:462:{"property": "init", "value": "device does not exist", "qualifier": {"alias": "HallPanel:462", "code": "missing device"}}
2026-03-06 11:37:29 ERROR root remotelib error:IC142Panel:425:{"property": "init", "value": "device does not exist", "qualifier": {"alias": "IC142Panel:425", "code": "missing device"}}
2026-03-06 11:37:29 ERROR root remotelib error:BreakRmPanel:422:{"property": "init", "value": "device does not exist", "qualifier": {"alias": "BreakRmPanel:422", "code": "missing device"}}
2026-03-06 11:37:29 ERROR root remotelib error:IC144Panel:428:{"property": "init", "value": "device does not exist", "qualifier": {"alias": "IC144Panel:428", "code": "missing device"}}
2026-03-06 11:37:29 ERROR root remotelib error:HallPanel:463:{"property": "init", "value": "device does not exist", "qualifier": {"alias": "HallPanel:463", "code": "missing device"}}
2026-03-06 11:37:29 ERROR root remotelib error:IC144Panel:429:{"property": "init", "value": "device does not exist", "qualifier": {"alias": "IC144Panel:429", "code": "missing device"}}
2026-03-06 11:37:29 ERROR root remotelib error:BreakRmPanel:423:{"property": "init", "value": "device does not exist", "qualifier": {"alias": "BreakRmPanel:423", "code": "missing device"}}
2026-03-06 11:37:29 ERROR root remotelib error:IC142Panel:426:{"property": "init", "value": "device does not exist", "qualifier": {"alias": "IC142Panel:426", "code": "missing device"}}
2026-03-06 11:37:29 ERROR root remotelib error:LobbyPanel:446:{"property": "init", "value": "device does not exist", "qualifier": {"alias": "LobbyPanel:446", "code": "missing device"}}
2026-03-06 11:37:29 ERROR root remotelib error:HallPanel:464:{"property": "init", "value": "device does not exist", "qualifier": {"alias": "HallPanel:464", "code": "missing device"}}
2026-03-06 11:37:29 ERROR root remotelib error:IC142Panel:427:{"property": "init", "value": "device does not exist", "qualifier": {"alias": "IC142Panel:427", "code": "missing device"}}
2026-03-06 11:37:29 ERROR root remotelib error:BWDPanel:6000:{"property": "init", "value": "device does not exist", "qualifier": {"alias": "BWDPanel:6000", "code": "missing device"}}
2026-03-06 11:37:29 ERROR root remotelib error:IC143Panel:3062:{"property": "init", "value": "device does not exist", "qualifier": {"alias": "IC143Panel:3062", "code": "missing device"}}
2026-03-06 11:37:29 ERROR root remotelib error:IC144Panel:430:{"property": "init", "value": "device does not exist", "qualifier": {"alias": "IC144Panel:430", "code": "missing device"}}
2026-03-06 11:37:29 ERROR root remotelib error:HallPanel:465:{"property": "init", "value": "device does not exist", "qualifier": {"alias": "HallPanel:465", "code": "missing device"}}
2026-03-06 11:37:29 ERROR root remotelib error:LobbyPanel:447:{"property": "init", "value": "device does not exist", "qualifier": {"alias": "LobbyPanel:447", "code": "missing device"}}
2026-03-06 11:37:29 ERROR root remotelib error:BreakRmPanel:424:{"property": "init", "value": "device does not exist", "qualifier": {"alias": "BreakRmPanel:424", "code": "missing device"}}
2026-03-06 11:37:29 ERROR root remotelib error:BreakRmPanel:425:{"property": "init", "value": "device does not exist", "qualifier": {"alias": "BreakRmPanel:425", "code": "missing device"}}
2026-03-06 11:37:29 ERROR root remotelib error:HallPanel:466:{"property": "init", "value": "device does not exist", "qualifier": {"alias": "HallPanel:466", "code": "missing device"}}
2026-03-06 11:37:29 ERROR root remotelib error:LobbyPanel:448:{"property": "init", "value": "device does not exist", "qualifier": {"alias": "LobbyPanel:448", "code": "missing device"}}
2026-03-06 11:37:29 ERROR root remotelib error:IC143Panel:3063:{"property": "init", "value": "device does not exist", "qualifier": {"alias": "IC143Panel:3063", "code": "missing device"}}
2026-03-06 11:37:29 ERROR root remotelib error:IC142Panel:428:{"property": "init", "value": "device does not exist", "qualifier": {"alias": "IC142Panel:428", "code": "missing device"}}
2026-03-06 11:37:29 ERROR root remotelib error:IC144Panel:3062:{"property": "init", "value": "device does not exist", "qualifier": {"alias": "IC144Panel:3062", "code": "missing device"}}
2026-03-06 11:37:29 ERROR root remotelib error:IC143Panel:3064:{"property": "init", "value": "device does not exist", "qualifier": {"alias": "IC143Panel:3064", "code": "missing device"}}
2026-03-06 11:37:29 ERROR root remotelib error:BreakRmPanel:426:{"property": "init", "value": "device does not exist", "qualifier": {"alias": "BreakRmPanel:426", "code": "missing device"}}
2026-03-06 11:37:29 ERROR root remotelib error:HallPanel:467:{"property": "init", "value": "device does not exist", "qualifier": {"alias": "HallPanel:467", "code": "missing device"}}
2026-03-06 11:37:29 ERROR root remotelib error:LobbyPanel:449:{"property": "init", "value": "device does not exist", "qualifier": {"alias": "LobbyPanel:449", "code": "missing device"}}
2026-03-06 11:37:29 ERROR root remotelib error:IC143Panel:3065:{"property": "init", "value": "device does not exist", "qualifier": {"alias": "IC143Panel:3065", "code": "missing device"}}
2026-03-06 11:37:29 ERROR root remotelib error:IC144Panel:3063:{"property": "init", "value": "device does not exist", "qualifier": {"alias": "IC144Panel:3063", "code": "missing device"}}
2026-03-06 11:37:29 ERROR root remotelib error:IC143Panel:3066:{"property": "init", "value": "device does not exist", "qualifier": {"alias": "IC143Panel:3066", "code": "missing device"}}
2026-03-06 11:37:29 ERROR root remotelib error:IC142Panel:429:{"property": "init", "value": "device does not exist", "qualifier": {"alias": "IC142Panel:429", "code": "missing device"}}
2026-03-06 11:37:29 ERROR root remotelib error:HallPanel:468:{"property": "init", "value": "device does not exist", "qualifier": {"alias": "HallPanel:468", "code": "missing device"}}
2026-03-06 11:37:29 ERROR root remotelib error:IC144Panel:3064:{"property": "init", "value": "device does not exist", "qualifier": {"alias": "IC144Panel:3064", "code": "missing device"}}
2026-03-06 11:37:29 ERROR root remotelib error:BreakRmPanel:427:{"property": "init", "value": "device does not exist", "qualifier": {"alias": "BreakRmPanel:427", "code": "missing device"}}
2026-03-06 11:37:29 ERROR root remotelib error:LobbyPanel:450:{"property": "init", "value": "device does not exist", "qualifier": {"alias": "LobbyPanel:450", "code": "missing device"}}
2026-03-06 11:37:29 ERROR root remotelib error:IC143Panel:3067:{"property": "init", "value": "device does not exist", "qualifier": {"alias": "IC143Panel:3067", "code": "missing device"}}
2026-03-06 11:37:29 ERROR root remotelib error:BreakRmPanel:428:{"property": "init", "value": "device does not exist", "qualifier": {"alias": "BreakRmPanel:428", "code": "missing device"}}
2026-03-06 11:37:29 ERROR root remotelib error:IC143Panel:3068:{"property": "init", "value": "device does not exist", "qualifier": {"alias": "IC143Panel:3068", "code": "missing device"}}
2026-03-06 11:37:29 ERROR root remotelib error:IC142Panel:430:{"property": "init", "value": "device does not exist", "qualifier": {"alias": "IC142Panel:430", "code": "missing device"}}
2026-03-06 11:37:29 ERROR root remotelib error:HallPanel:469:{"property": "init", "value": "device does not exist", "qualifier": {"alias": "HallPanel:469", "code": "missing device"}}
2026-03-06 11:37:29 ERROR root remotelib error:IC144Panel:3065:{"property": "init", "value": "device does not exist", "qualifier": {"alias": "IC144Panel:3065", "code": "missing device"}}
2026-03-06 11:37:29 ERROR root remotelib error:IC143Panel:3069:{"property": "init", "value": "device does not exist", "qualifier": {"alias": "IC143Panel:3069", "code": "missing device"}}
2026-03-06 11:37:29 ERROR root remotelib error:IC144Panel:3066:{"property": "init", "value": "device does not exist", "qualifier": {"alias": "IC144Panel:3066", "code": "missing device"}}
2026-03-06 11:37:29 ERROR root remotelib error:BreakRmPanel:429:{"property": "init", "value": "device does not exist", "qualifier": {"alias": "BreakRmPanel:429", "code": "missing device"}}
2026-03-06 11:37:29 ERROR root remotelib error:LobbyPanel:422:{"property": "init", "value": "device does not exist", "qualifier": {"alias": "LobbyPanel:422", "code": "missing device"}}
2026-03-06 11:37:29 ERROR root remotelib error:HallPanel:470:{"property": "init", "value": "device does not exist", "qualifier": {"alias": "HallPanel:470", "code": "missing device"}}
2026-03-06 11:37:29 ERROR root remotelib error:IC142Panel:3062:{"property": "init", "value": "device does not exist", "qualifier": {"alias": "IC142Panel:3062", "code": "missing device"}}
2026-03-06 11:37:29 ERROR root remotelib error:IC143Panel:3070:{"property": "init", "value": "device does not exist", "qualifier": {"alias": "IC143Panel:3070", "code": "missing device"}}
2026-03-06 11:37:29 ERROR root remotelib error:IC144Panel:3067:{"property": "init", "value": "device does not exist", "qualifier": {"alias": "IC144Panel:3067", "code": "missing device"}}
2026-03-06 11:37:29 ERROR root remotelib error:BreakRmPanel:430:{"property": "init", "value": "device does not exist", "qualifier": {"alias": "BreakRmPanel:430", "code": "missing device"}}
2026-03-06 11:37:29 ERROR root remotelib error:LobbyPanel:423:{"property": "init", "value": "device does not exist", "qualifier": {"alias": "LobbyPanel:423", "code": "missing device"}}
2026-03-06 11:37:29 ERROR root remotelib error:IC142Panel:3063:{"property": "init", "value": "device does not exist", "qualifier": {"alias": "IC142Panel:3063", "code": "missing device"}}
2026-03-06 11:37:29 ERROR root remotelib error:LobbyPanel:424:{"property": "init", "value": "device does not exist", "qualifier": {"alias": "LobbyPanel:424", "code": "missing device"}}
2026-03-06 11:37:29 ERROR root remotelib error:IC144Panel:3068:{"property": "init", "value": "device does not exist", "qualifier": {"alias": "IC144Panel:3068", "code": "missing device"}}
2026-03-06 11:37:29 ERROR root remotelib error:IC142Panel:3064:{"property": "init", "value": "device does not exist", "qualifier": {"alias": "IC142Panel:3064", "code": "missing device"}}
2026-03-06 11:37:29 ERROR root remotelib error:IC144Panel:3069:{"property": "init", "value": "device does not exist", "qualifier": {"alias": "IC144Panel:3069", "code": "missing device"}}
2026-03-06 11:37:29 ERROR root remotelib error:HallPanel:442:{"property": "init", "value": "device does not exist", "qualifier": {"alias": "HallPanel:442", "code": "missing device"}}
2026-03-06 11:37:29 ERROR root remotelib error:BreakRmPanel:3062:{"property": "init", "value": "device does not exist", "qualifier": {"alias": "BreakRmPanel:3062", "code": "missing device"}}
2026-03-06 11:37:29 ERROR root remotelib error:IC144Panel:3070:{"property": "init", "value": "device does not exist", "qualifier": {"alias": "IC144Panel:3070", "code": "missing device"}}
2026-03-06 11:37:29 ERROR root remotelib error:LobbyPanel:425:{"property": "init", "value": "device does not exist", "qualifier": {"alias": "LobbyPanel:425", "code": "missing device"}}
2026-03-06 11:37:29 ERROR root remotelib error:BWDPanel:469:{"property": "init", "value": "device does not exist", "qualifier": {"alias": "BWDPanel:469", "code": "missing device"}}
2026-03-06 11:37:29 ERROR root remotelib error:BreakRmPanel:3064:{"property": "init", "value": "device does not exist", "qualifier": {"alias": "BreakRmPanel:3064", "code": "missing device"}}
2026-03-06 11:37:29 ERROR root remotelib error:BreakRmPanel:3063:{"property": "init", "value": "device does not exist", "qualifier": {"alias": "BreakRmPanel:3063", "code": "missing device"}}
2026-03-06 11:37:29 ERROR root remotelib error:IC142Panel:3065:{"property": "init", "value": "device does not exist", "qualifier": {"alias": "IC142Panel:3065", "code": "missing device"}}
2026-03-06 11:37:29 ERROR root remotelib error:HallPanel:443:{"property": "init", "value": "device does not exist", "qualifier": {"alias": "HallPanel:443", "code": "missing device"}}
2026-03-06 11:37:29 ERROR root remotelib error:IC142Panel:3066:{"property": "init", "value": "device does not exist", "qualifier": {"alias": "IC142Panel:3066", "code": "missing device"}}
2026-03-06 11:37:29 ERROR root remotelib error:IC143Panel:295:{"property": "init", "value": "device does not exist", "qualifier": {"alias": "IC143Panel:295", "code": "missing device"}}
2026-03-06 11:37:29 ERROR root remotelib error:HallPanel:444:{"property": "init", "value": "device does not exist", "qualifier": {"alias": "HallPanel:444", "code": "missing device"}}
2026-03-06 11:37:29 ERROR root remotelib error:BWDPanel:470:{"property": "init", "value": "device does not exist", "qualifier": {"alias": "BWDPanel:470", "code": "missing device"}}
2026-03-06 11:37:29 ERROR root remotelib error:LobbyPanel:426:{"property": "init", "value": "device does not exist", "qualifier": {"alias": "LobbyPanel:426", "code": "missing device"}}
2026-03-06 11:37:29 ERROR root remotelib error:IC142Panel:3067:{"property": "init", "value": "device does not exist", "qualifier": {"alias": "IC142Panel:3067", "code": "missing device"}}
2026-03-06 11:37:29 ERROR root remotelib error:BreakRmPanel:3065:{"property": "init", "value": "device does not exist", "qualifier": {"alias": "BreakRmPanel:3065", "code": "missing device"}}
2026-03-06 11:37:29 ERROR root remotelib error:HallPanel:445:{"property": "init", "value": "device does not exist", "qualifier": {"alias": "HallPanel:445", "code": "missing device"}}
2026-03-06 11:37:29 ERROR root remotelib error:LobbyPanel:427:{"property": "init", "value": "device does not exist", "qualifier": {"alias": "LobbyPanel:427", "code": "missing device"}}
2026-03-06 11:37:29 ERROR root remotelib error:IC142Panel:3068:{"property": "init", "value": "device does not exist", "qualifier": {"alias": "IC142Panel:3068", "code": "missing device"}}
2026-03-06 11:37:29 ERROR root remotelib error:BreakRmPanel:3066:{"property": "init", "value": "device does not exist", "qualifier": {"alias": "BreakRmPanel:3066", "code": "missing device"}}
2026-03-06 11:37:29 ERROR root remotelib error:BWDPanel:442:{"property": "init", "value": "device does not exist", "qualifier": {"alias": "BWDPanel:442", "code": "missing device"}}
2026-03-06 11:37:29 ERROR root remotelib error:IC143Panel:296:{"property": "init", "value": "device does not exist", "qualifier": {"alias": "IC143Panel:296", "code": "missing device"}}
2026-03-06 11:37:29 ERROR root remotelib error:IC142Panel:3069:{"property": "init", "value": "device does not exist", "qualifier": {"alias": "IC142Panel:3069", "code": "missing device"}}
2026-03-06 11:37:29 ERROR root remotelib error:BWDPanel:443:{"property": "init", "value": "device does not exist", "qualifier": {"alias": "BWDPanel:443", "code": "missing device"}}
2026-03-06 11:37:29 ERROR root remotelib error:IC143Panel:297:{"property": "init", "value": "device does not exist", "qualifier": {"alias": "IC143Panel:297", "code": "missing device"}}
2026-03-06 11:37:29 ERROR root remotelib error:HallPanel:446:{"property": "init", "value": "device does not exist", "qualifier": {"alias": "HallPanel:446", "code": "missing device"}}
2026-03-06 11:37:29 ERROR root remotelib error:LobbyPanel:428:{"property": "init", "value": "device does not exist", "qualifier": {"alias": "LobbyPanel:428", "code": "missing device"}}
2026-03-06 11:37:29 ERROR root remotelib error:BreakRmPanel:3067:{"property": "init", "value": "device does not exist", "qualifier": {"alias": "BreakRmPanel:3067", "code": "missing device"}}
2026-03-06 11:37:29 ERROR root remotelib error:IC142Panel:3070:{"property": "init", "value": "device does not exist", "qualifier": {"alias": "IC142Panel:3070", "code": "missing device"}}
2026-03-06 11:37:29 ERROR root remotelib error:BWDPanel:444:{"property": "init", "value": "device does not exist", "qualifier": {"alias": "BWDPanel:444", "code": "missing device"}}
2026-03-06 11:37:29 ERROR root remotelib error:HallPanel:447:{"property": "init", "value": "device does not exist", "qualifier": {"alias": "HallPanel:447", "code": "missing device"}}
2026-03-06 11:37:29 ERROR root remotelib error:LobbyPanel:429:{"property": "init", "value": "device does not exist", "qualifier": {"alias": "LobbyPanel:429", "code": "missing device"}}
2026-03-06 11:37:29 ERROR root remotelib error:IC144Panel:295:{"property": "init", "value": "device does not exist", "qualifier": {"alias": "IC144Panel:295", "code": "missing device"}}
2026-03-06 11:37:29 ERROR root remotelib error:BreakRmPanel:3068:{"property": "init", "value": "device does not exist", "qualifier": {"alias": "BreakRmPanel:3068", "code": "missing device"}}
2026-03-06 11:37:29 ERROR root remotelib error:HallPanel:448:{"property": "init", "value": "device does not exist", "qualifier": {"alias": "HallPanel:448", "code": "missing device"}}
2026-03-06 11:37:29 ERROR root remotelib error:BWDPanel:445:{"property": "init", "value": "device does not exist", "qualifier": {"alias": "BWDPanel:445", "code": "missing device"}}
2026-03-06 11:37:30 ERROR root remotelib error:LobbyPanel:430:{"property": "init", "value": "device does not exist", "qualifier": {"alias": "LobbyPanel:430", "code": "missing device"}}
2026-03-06 11:37:30 ERROR root remotelib error:BWDPanel:446:{"property": "init", "value": "device does not exist", "qualifier": {"alias": "BWDPanel:446", "code": "missing device"}}
2026-03-06 11:37:30 ERROR root remotelib error:BreakRmPanel:3069:{"property": "init", "value": "device does not exist", "qualifier": {"alias": "BreakRmPanel:3069", "code": "missing device"}}
2026-03-06 11:37:30 ERROR root remotelib error:IC144Panel:296:{"property": "init", "value": "device does not exist", "qualifier": {"alias": "IC144Panel:296", "code": "missing device"}}
2026-03-06 11:37:30 ERROR root remotelib error:BreakRmPanel:3070:{"property": "init", "value": "device does not exist", "qualifier": {"alias": "BreakRmPanel:3070", "code": "missing device"}}
2026-03-06 11:37:30 ERROR root remotelib error:HallPanel:449:{"property": "init", "value": "device does not exist", "qualifier": {"alias": "HallPanel:449", "code": "missing device"}}
2026-03-06 11:37:30 ERROR root remotelib error:IC144Panel:297:{"property": "init", "value": "device does not exist", "qualifier": {"alias": "IC144Panel:297", "code": "missing device"}}
2026-03-06 11:37:30 ERROR root remotelib error:BWDPanel:447:{"property": "init", "value": "device does not exist", "qualifier": {"alias": "BWDPanel:447", "code": "missing device"}}
2026-03-06 11:37:30 ERROR root remotelib error:IC143Panel:8602:{"property": "init", "value": "device does not exist", "qualifier": {"alias": "IC143Panel:8602", "code": "missing device"}}
2026-03-06 11:37:30 ERROR root remotelib error:HallPanel:450:{"property": "init", "value": "device does not exist", "qualifier": {"alias": "HallPanel:450", "code": "missing device"}}
2026-03-06 11:37:30 ERROR root remotelib error:IC143Panel:8601:{"property": "init", "value": "device does not exist", "qualifier": {"alias": "IC143Panel:8601", "code": "missing device"}}
2026-03-06 11:37:30 ERROR root remotelib error:LobbyPanel:3062:{"property": "init", "value": "device does not exist", "qualifier": {"alias": "LobbyPanel:3062", "code": "missing device"}}
2026-03-06 11:37:30 ERROR root remotelib error:BWDPanel:448:{"property": "init", "value": "device does not exist", "qualifier": {"alias": "BWDPanel:448", "code": "missing device"}}
2026-03-06 11:37:30 ERROR root remotelib error:IC143Panel:8603:{"property": "init", "value": "device does not exist", "qualifier": {"alias": "IC143Panel:8603", "code": "missing device"}}
2026-03-06 11:37:30 ERROR root remotelib error:IC142Panel:295:{"property": "init", "value": "device does not exist", "qualifier": {"alias": "IC142Panel:295", "code": "missing device"}}
2026-03-06 11:37:30 ERROR root remotelib error:HallPanel:422:{"property": "init", "value": "device does not exist", "qualifier": {"alias": "HallPanel:422", "code": "missing device"}}
2026-03-06 11:37:30 ERROR root remotelib error:BWDPanel:449:{"property": "init", "value": "device does not exist", "qualifier": {"alias": "BWDPanel:449", "code": "missing device"}}
2026-03-06 11:37:30 ERROR root remotelib error:IC144Panel:8601:{"property": "init", "value": "device does not exist", "qualifier": {"alias": "IC144Panel:8601", "code": "missing device"}}
2026-03-06 11:37:30 ERROR root remotelib error:LobbyPanel:3063:{"property": "init", "value": "device does not exist", "qualifier": {"alias": "LobbyPanel:3063", "code": "missing device"}}
2026-03-06 11:37:30 ERROR root remotelib error:HallPanel:423:{"property": "init", "value": "device does not exist", "qualifier": {"alias": "HallPanel:423", "code": "missing device"}}
2026-03-06 11:37:30 ERROR root remotelib error:IC142Panel:296:{"property": "init", "value": "device does not exist", "qualifier": {"alias": "IC142Panel:296", "code": "missing device"}}
2026-03-06 11:37:30 ERROR root remotelib error:IC143Panel:8604:{"property": "init", "value": "device does not exist", "qualifier": {"alias": "IC143Panel:8604", "code": "missing device"}}
2026-03-06 11:37:30 ERROR root remotelib error:BWDPanel:450:{"property": "init", "value": "device does not exist", "qualifier": {"alias": "BWDPanel:450", "code": "missing device"}}
2026-03-06 11:37:30 ERROR root remotelib error:IC143Panel:8605:{"property": "init", "value": "device does not exist", "qualifier": {"alias": "IC143Panel:8605", "code": "missing device"}}
2026-03-06 11:37:30 ERROR root remotelib error:IC142Panel:297:{"property": "init", "value": "device does not exist", "qualifier": {"alias": "IC142Panel:297", "code": "missing device"}}
2026-03-06 11:37:30 ERROR root remotelib error:IC144Panel:8602:{"property": "init", "value": "device does not exist", "qualifier": {"alias": "IC144Panel:8602", "code": "missing device"}}
2026-03-06 11:37:30 ERROR root remotelib error:HallPanel:424:{"property": "init", "value": "device does not exist", "qualifier": {"alias": "HallPanel:424", "code": "missing device"}}
2026-03-06 11:37:30 ERROR root remotelib error:LobbyPanel:3064:{"property": "init", "value": "device does not exist", "qualifier": {"alias": "LobbyPanel:3064", "code": "missing device"}}
2026-03-06 11:37:30 ERROR root remotelib error:IC143Panel:8606:{"property": "init", "value": "device does not exist", "qualifier": {"alias": "IC143Panel:8606", "code": "missing device"}}
2026-03-06 11:37:30 ERROR root remotelib error:BreakRmPanel:295:{"property": "init", "value": "device does not exist", "qualifier": {"alias": "BreakRmPanel:295", "code": "missing device"}}
2026-03-06 11:37:30 ERROR root remotelib error:IC143Panel:8502:{"property": "init", "value": "device does not exist", "qualifier": {"alias": "IC143Panel:8502", "code": "missing device"}}
2026-03-06 11:37:30 ERROR root remotelib error:LobbyPanel:3065:{"property": "init", "value": "device does not exist", "qualifier": {"alias": "LobbyPanel:3065", "code": "missing device"}}
2026-03-06 11:37:30 ERROR root remotelib error:IC144Panel:8603:{"property": "init", "value": "device does not exist", "qualifier": {"alias": "IC144Panel:8603", "code": "missing device"}}
2026-03-06 11:37:30 ERROR root remotelib error:LobbyPanel:3066:{"property": "init", "value": "device does not exist", "qualifier": {"alias": "LobbyPanel:3066", "code": "missing device"}}
2026-03-06 11:37:30 ERROR root remotelib error:IC142Panel:8601:{"property": "init", "value": "device does not exist", "qualifier": {"alias": "IC142Panel:8601", "code": "missing device"}}
2026-03-06 11:37:30 ERROR root remotelib error:IC143Panel:8501:{"property": "init", "value": "device does not exist", "qualifier": {"alias": "IC143Panel:8501", "code": "missing device"}}
2026-03-06 11:37:30 ERROR root remotelib error:IC142Panel:8602:{"property": "init", "value": "device does not exist", "qualifier": {"alias": "IC142Panel:8602", "code": "missing device"}}
2026-03-06 11:37:30 ERROR root remotelib error:BreakRmPanel:296:{"property": "init", "value": "device does not exist", "qualifier": {"alias": "BreakRmPanel:296", "code": "missing device"}}
2026-03-06 11:37:30 ERROR root remotelib error:IC144Panel:8604:{"property": "init", "value": "device does not exist", "qualifier": {"alias": "IC144Panel:8604", "code": "missing device"}}
2026-03-06 11:37:30 ERROR root remotelib error:HallPanel:425:{"property": "init", "value": "device does not exist", "qualifier": {"alias": "HallPanel:425", "code": "missing device"}}
2026-03-06 11:37:30 ERROR root remotelib error:LobbyPanel:3067:{"property": "init", "value": "device does not exist", "qualifier": {"alias": "LobbyPanel:3067", "code": "missing device"}}
2026-03-06 11:37:30 ERROR root remotelib error:IC143Panel:8505:{"property": "init", "value": "device does not exist", "qualifier": {"alias": "IC143Panel:8505", "code": "missing device"}}
2026-03-06 11:37:30 ERROR root remotelib error:BreakRmPanel:297:{"property": "init", "value": "device does not exist", "qualifier": {"alias": "BreakRmPanel:297", "code": "missing device"}}
2026-03-06 11:37:30 ERROR root remotelib error:IC143Panel:8503:{"property": "init", "value": "device does not exist", "qualifier": {"alias": "IC143Panel:8503", "code": "missing device"}}
2026-03-06 11:37:30 ERROR root remotelib error:LobbyPanel:3068:{"property": "init", "value": "device does not exist", "qualifier": {"alias": "LobbyPanel:3068", "code": "missing device"}}
2026-03-06 11:37:30 ERROR root remotelib error:IC143Panel:8504:{"property": "init", "value": "device does not exist", "qualifier": {"alias": "IC143Panel:8504", "code": "missing device"}}
2026-03-06 11:37:30 ERROR root remotelib error:IC144Panel:8605:{"property": "init", "value": "device does not exist", "qualifier": {"alias": "IC144Panel:8605", "code": "missing device"}}
2026-03-06 11:37:30 ERROR root remotelib error:IC142Panel:8603:{"property": "init", "value": "device does not exist", "qualifier": {"alias": "IC142Panel:8603", "code": "missing device"}}
2026-03-06 11:37:30 ERROR root remotelib error:HallPanel:426:{"property": "init", "value": "device does not exist", "qualifier": {"alias": "HallPanel:426", "code": "missing device"}}
2026-03-06 11:37:30 ERROR root remotelib error:HallPanel:427:{"property": "init", "value": "device does not exist", "qualifier": {"alias": "HallPanel:427", "code": "missing device"}}
2026-03-06 11:37:30 ERROR root remotelib error:IC142Panel:8606:{"property": "init", "value": "device does not exist", "qualifier": {"alias": "IC142Panel:8606", "code": "missing device"}}
2026-03-06 11:37:30 ERROR root remotelib error:IC142Panel:8605:{"property": "init", "value": "device does not exist", "qualifier": {"alias": "IC142Panel:8605", "code": "missing device"}}
2026-03-06 11:37:30 ERROR root remotelib error:IC142Panel:8604:{"property": "init", "value": "device does not exist", "qualifier": {"alias": "IC142Panel:8604", "code": "missing device"}}
2026-03-06 11:37:30 ERROR root remotelib error:LobbyPanel:3069:{"property": "init", "value": "device does not exist", "qualifier": {"alias": "LobbyPanel:3069", "code": "missing device"}}
2026-03-06 11:37:30 ERROR root remotelib error:IC144Panel:8606:{"property": "init", "value": "device does not exist", "qualifier": {"alias": "IC144Panel:8606", "code": "missing device"}}
2026-03-06 11:37:30 ERROR root remotelib error:HallPanel:428:{"property": "init", "value": "device does not exist", "qualifier": {"alias": "HallPanel:428", "code": "missing device"}}
2026-03-06 11:37:30 ERROR root remotelib error:IC143Panel:8506:{"property": "init", "value": "device does not exist", "qualifier": {"alias": "IC143Panel:8506", "code": "missing device"}}
2026-03-06 11:37:30 ERROR root remotelib error:LobbyPanel:3070:{"property": "init", "value": "device does not exist", "qualifier": {"alias": "LobbyPanel:3070", "code": "missing device"}}
2026-03-06 11:37:30 ERROR root remotelib error:IC144Panel:8501:{"property": "init", "value": "device does not exist", "qualifier": {"alias": "IC144Panel:8501", "code": "missing device"}}
2026-03-06 11:37:30 ERROR root remotelib error:IC143Panel:8511:{"property": "init", "value": "device does not exist", "qualifier": {"alias": "IC143Panel:8511", "code": "missing device"}}
2026-03-06 11:37:30 ERROR root remotelib error:BreakRmPanel:8601:{"property": "init", "value": "device does not exist", "qualifier": {"alias": "BreakRmPanel:8601", "code": "missing device"}}
2026-03-06 11:37:30 ERROR root remotelib error:HallPanel:429:{"property": "init", "value": "device does not exist", "qualifier": {"alias": "HallPanel:429", "code": "missing device"}}
2026-03-06 11:37:30 ERROR root remotelib error:IC142Panel:8501:{"property": "init", "value": "device does not exist", "qualifier": {"alias": "IC142Panel:8501", "code": "missing device"}}
2026-03-06 11:37:30 ERROR root remotelib error:IC143Panel:8512:{"property": "init", "value": "device does not exist", "qualifier": {"alias": "IC143Panel:8512", "code": "missing device"}}
2026-03-06 11:37:30 ERROR root remotelib error:IC144Panel:8503:{"property": "init", "value": "device does not exist", "qualifier": {"alias": "IC144Panel:8503", "code": "missing device"}}
2026-03-06 11:37:30 ERROR root remotelib error:BWDPanel:429:{"property": "init", "value": "device does not exist", "qualifier": {"alias": "BWDPanel:429", "code": "missing device"}}
2026-03-06 11:37:30 ERROR root remotelib error:LobbyPanel:295:{"property": "init", "value": "device does not exist", "qualifier": {"alias": "LobbyPanel:295", "code": "missing device"}}
2026-03-06 11:37:30 ERROR root remotelib error:IC143Panel:8513:{"property": "init", "value": "device does not exist", "qualifier": {"alias": "IC143Panel:8513", "code": "missing device"}}
2026-03-06 11:37:30 ERROR root remotelib error:BreakRmPanel:8602:{"property": "init", "value": "device does not exist", "qualifier": {"alias": "BreakRmPanel:8602", "code": "missing device"}}
2026-03-06 11:37:30 ERROR root remotelib error:IC142Panel:8502:{"property": "init", "value": "device does not exist", "qualifier": {"alias": "IC142Panel:8502", "code": "missing device"}}
2026-03-06 11:37:30 ERROR root remotelib error:BWDPanel:430:{"property": "init", "value": "device does not exist", "qualifier": {"alias": "BWDPanel:430", "code": "missing device"}}
2026-03-06 11:37:30 ERROR root remotelib error:IC143Panel:8514:{"property": "init", "value": "device does not exist", "qualifier": {"alias": "IC143Panel:8514", "code": "missing device"}}
2026-03-06 11:37:30 ERROR root remotelib error:IC144Panel:8505:{"property": "init", "value": "device does not exist", "qualifier": {"alias": "IC144Panel:8505", "code": "missing device"}}
2026-03-06 11:37:30 ERROR root remotelib error:IC144Panel:8502:{"property": "init", "value": "device does not exist", "qualifier": {"alias": "IC144Panel:8502", "code": "missing device"}}
2026-03-06 11:37:30 ERROR root remotelib error:HallPanel:430:{"property": "init", "value": "device does not exist", "qualifier": {"alias": "HallPanel:430", "code": "missing device"}}
2026-03-06 11:37:30 ERROR root remotelib error:IC144Panel:8504:{"property": "init", "value": "device does not exist", "qualifier": {"alias": "IC144Panel:8504", "code": "missing device"}}
2026-03-06 11:37:30 ERROR root remotelib error:BreakRmPanel:8603:{"property": "init", "value": "device does not exist", "qualifier": {"alias": "BreakRmPanel:8603", "code": "missing device"}}
2026-03-06 11:37:30 ERROR root remotelib error:IC144Panel:8506:{"property": "init", "value": "device does not exist", "qualifier": {"alias": "IC144Panel:8506", "code": "missing device"}}
2026-03-06 11:37:30 ERROR root remotelib error:IC142Panel:8503:{"property": "init", "value": "device does not exist", "qualifier": {"alias": "IC142Panel:8503", "code": "missing device"}}
2026-03-06 11:37:30 ERROR root remotelib error:IC144Panel:8511:{"property": "init", "value": "device does not exist", "qualifier": {"alias": "IC144Panel:8511", "code": "missing device"}}
2026-03-06 11:37:30 ERROR root remotelib error:LobbyPanel:296:{"property": "init", "value": "device does not exist", "qualifier": {"alias": "LobbyPanel:296", "code": "missing device"}}
2026-03-06 11:37:30 ERROR root remotelib error:BreakRmPanel:8604:{"property": "init", "value": "device does not exist", "qualifier": {"alias": "BreakRmPanel:8604", "code": "missing device"}}
2026-03-06 11:37:30 ERROR root remotelib error:IC143Panel:8515:{"property": "init", "value": "device does not exist", "qualifier": {"alias": "IC143Panel:8515", "code": "missing device"}}
2026-03-06 11:37:30 ERROR root remotelib error:LobbyPanel:297:{"property": "init", "value": "device does not exist", "qualifier": {"alias": "LobbyPanel:297", "code": "missing device"}}
2026-03-06 11:37:30 ERROR root remotelib error:BreakRmPanel:8605:{"property": "init", "value": "device does not exist", "qualifier": {"alias": "BreakRmPanel:8605", "code": "missing device"}}
2026-03-06 11:37:30 ERROR root remotelib error:BWDPanel:3062:{"property": "init", "value": "device does not exist", "qualifier": {"alias": "BWDPanel:3062", "code": "missing device"}}
2026-03-06 11:37:30 ERROR root remotelib error:IC142Panel:8504:{"property": "init", "value": "device does not exist", "qualifier": {"alias": "IC142Panel:8504", "code": "missing device"}}
2026-03-06 11:37:30 ERROR root remotelib error:IC144Panel:8512:{"property": "init", "value": "device does not exist", "qualifier": {"alias": "IC144Panel:8512", "code": "missing device"}}
2026-03-06 11:37:30 ERROR root remotelib error:HallPanel:3063:{"property": "init", "value": "device does not exist", "qualifier": {"alias": "HallPanel:3063", "code": "missing device"}}
2026-03-06 11:37:30 ERROR root remotelib error:IC143Panel:8516:{"property": "init", "value": "device does not exist", "qualifier": {"alias": "IC143Panel:8516", "code": "missing device"}}
2026-03-06 11:37:30 ERROR root remotelib error:HallPanel:3062:{"property": "init", "value": "device does not exist", "qualifier": {"alias": "HallPanel:3062", "code": "missing device"}}
2026-03-06 11:37:30 ERROR root remotelib error:BWDPanel:3063:{"property": "init", "value": "device does not exist", "qualifier": {"alias": "BWDPanel:3063", "code": "missing device"}}
2026-03-06 11:37:30 ERROR root remotelib error:HallPanel:3064:{"property": "init", "value": "device does not exist", "qualifier": {"alias": "HallPanel:3064", "code": "missing device"}}
2026-03-06 11:37:30 ERROR root remotelib error:IC143Panel:8521:{"property": "init", "value": "device does not exist", "qualifier": {"alias": "IC143Panel:8521", "code": "missing device"}}
2026-03-06 11:37:30 ERROR root remotelib error:BWDPanel:3064:{"property": "init", "value": "device does not exist", "qualifier": {"alias": "BWDPanel:3064", "code": "missing device"}}
2026-03-06 11:37:30 ERROR root remotelib error:BreakRmPanel:8606:{"property": "init", "value": "device does not exist", "qualifier": {"alias": "BreakRmPanel:8606", "code": "missing device"}}
2026-03-06 11:37:30 ERROR root remotelib error:IC143Panel:8522:{"property": "init", "value": "device does not exist", "qualifier": {"alias": "IC143Panel:8522", "code": "missing device"}}
2026-03-06 11:37:30 ERROR root remotelib error:IC144Panel:8513:{"property": "init", "value": "device does not exist", "qualifier": {"alias": "IC144Panel:8513", "code": "missing device"}}
2026-03-06 11:37:30 ERROR root remotelib error:HallPanel:3065:{"property": "init", "value": "device does not exist", "qualifier": {"alias": "HallPanel:3065", "code": "missing device"}}
2026-03-06 11:37:30 ERROR root remotelib error:IC142Panel:8506:{"property": "init", "value": "device does not exist", "qualifier": {"alias": "IC142Panel:8506", "code": "missing device"}}
2026-03-06 11:37:30 ERROR root remotelib error:IC144Panel:8514:{"property": "init", "value": "device does not exist", "qualifier": {"alias": "IC144Panel:8514", "code": "missing device"}}
2026-03-06 11:37:30 ERROR root remotelib error:IC142Panel:8505:{"property": "init", "value": "device does not exist", "qualifier": {"alias": "IC142Panel:8505", "code": "missing device"}}
2026-03-06 11:37:30 ERROR root remotelib error:BreakRmPanel:8501:{"property": "init", "value": "device does not exist", "qualifier": {"alias": "BreakRmPanel:8501", "code": "missing device"}}
2026-03-06 11:37:30 ERROR root remotelib error:BWDPanel:3065:{"property": "init", "value": "device does not exist", "qualifier": {"alias": "BWDPanel:3065", "code": "missing device"}}
2026-03-06 11:37:30 ERROR root remotelib error:BreakRmPanel:8502:{"property": "init", "value": "device does not exist", "qualifier": {"alias": "BreakRmPanel:8502", "code": "missing device"}}
2026-03-06 11:37:30 ERROR root remotelib error:HallPanel:3066:{"property": "init", "value": "device does not exist", "qualifier": {"alias": "HallPanel:3066", "code": "missing device"}}
2026-03-06 11:37:31 ERROR root remotelib error:IC144Panel:8515:{"property": "init", "value": "device does not exist", "qualifier": {"alias": "IC144Panel:8515", "code": "missing device"}}
2026-03-06 11:37:31 ERROR root remotelib error:IC142Panel:8511:{"property": "init", "value": "device does not exist", "qualifier": {"alias": "IC142Panel:8511", "code": "missing device"}}
2026-03-06 11:37:31 ERROR root remotelib error:IC143Panel:8524:{"property": "init", "value": "device does not exist", "qualifier": {"alias": "IC143Panel:8524", "code": "missing device"}}
2026-03-06 11:37:31 ERROR root remotelib error:IC143Panel:8523:{"property": "init", "value": "device does not exist", "qualifier": {"alias": "IC143Panel:8523", "code": "missing device"}}
2026-03-06 11:37:31 ERROR root remotelib error:BWDPanel:3066:{"property": "init", "value": "device does not exist", "qualifier": {"alias": "BWDPanel:3066", "code": "missing device"}}
2026-03-06 11:37:31 ERROR root remotelib error:BreakRmPanel:8503:{"property": "init", "value": "device does not exist", "qualifier": {"alias": "BreakRmPanel:8503", "code": "missing device"}}
2026-03-06 11:37:31 ERROR root remotelib error:HallPanel:3067:{"property": "init", "value": "device does not exist", "qualifier": {"alias": "HallPanel:3067", "code": "missing device"}}
2026-03-06 11:37:31 ERROR root remotelib error:IC142Panel:8512:{"property": "init", "value": "device does not exist", "qualifier": {"alias": "IC142Panel:8512", "code": "missing device"}}
2026-03-06 11:37:31 ERROR root remotelib error:BreakRmPanel:8504:{"property": "init", "value": "device does not exist", "qualifier": {"alias": "BreakRmPanel:8504", "code": "missing device"}}
2026-03-06 11:37:31 ERROR root remotelib error:LobbyPanel:8601:{"property": "init", "value": "device does not exist", "qualifier": {"alias": "LobbyPanel:8601", "code": "missing device"}}
2026-03-06 11:37:31 ERROR root remotelib error:IC143Panel:8525:{"property": "init", "value": "device does not exist", "qualifier": {"alias": "IC143Panel:8525", "code": "missing device"}}
2026-03-06 11:37:31 ERROR root remotelib error:IC144Panel:8516:{"property": "init", "value": "device does not exist", "qualifier": {"alias": "IC144Panel:8516", "code": "missing device"}}
2026-03-06 11:37:31 ERROR root remotelib error:HallPanel:3068:{"property": "init", "value": "device does not exist", "qualifier": {"alias": "HallPanel:3068", "code": "missing device"}}
2026-03-06 11:37:31 ERROR root remotelib error:IC144Panel:8521:{"property": "init", "value": "device does not exist", "qualifier": {"alias": "IC144Panel:8521", "code": "missing device"}}
2026-03-06 11:37:31 ERROR root remotelib error:BWDPanel:3067:{"property": "init", "value": "device does not exist", "qualifier": {"alias": "BWDPanel:3067", "code": "missing device"}}
2026-03-06 11:37:31 ERROR root remotelib error:IC143Panel:8526:{"property": "init", "value": "device does not exist", "qualifier": {"alias": "IC143Panel:8526", "code": "missing device"}}
2026-03-06 11:37:31 ERROR root remotelib error:BreakRmPanel:8505:{"property": "init", "value": "device does not exist", "qualifier": {"alias": "BreakRmPanel:8505", "code": "missing device"}}
2026-03-06 11:37:31 ERROR root remotelib error:HallPanel:3069:{"property": "init", "value": "device does not exist", "qualifier": {"alias": "HallPanel:3069", "code": "missing device"}}
2026-03-06 11:37:31 ERROR root remotelib error:IC142Panel:8513:{"property": "init", "value": "device does not exist", "qualifier": {"alias": "IC142Panel:8513", "code": "missing device"}}
2026-03-06 11:37:31 ERROR root remotelib error:BWDPanel:3068:{"property": "init", "value": "device does not exist", "qualifier": {"alias": "BWDPanel:3068", "code": "missing device"}}
2026-03-06 11:37:31 ERROR root remotelib error:IC144Panel:8522:{"property": "init", "value": "device does not exist", "qualifier": {"alias": "IC144Panel:8522", "code": "missing device"}}
2026-03-06 11:37:31 ERROR root remotelib error:LobbyPanel:8602:{"property": "init", "value": "device does not exist", "qualifier": {"alias": "LobbyPanel:8602", "code": "missing device"}}
2026-03-06 11:37:31 ERROR root remotelib error:IC143Panel:8531:{"property": "init", "value": "device does not exist", "qualifier": {"alias": "IC143Panel:8531", "code": "missing device"}}
2026-03-06 11:37:31 ERROR root remotelib error:BreakRmPanel:8506:{"property": "init", "value": "device does not exist", "qualifier": {"alias": "BreakRmPanel:8506", "code": "missing device"}}
2026-03-06 11:37:31 ERROR root remotelib error:IC142Panel:8514:{"property": "init", "value": "device does not exist", "qualifier": {"alias": "IC142Panel:8514", "code": "missing device"}}
2026-03-06 11:37:31 ERROR root remotelib error:LobbyPanel:8603:{"property": "init", "value": "device does not exist", "qualifier": {"alias": "LobbyPanel:8603", "code": "missing device"}}
2026-03-06 11:37:31 ERROR root remotelib error:HallPanel:3070:{"property": "init", "value": "device does not exist", "qualifier": {"alias": "HallPanel:3070", "code": "missing device"}}
2026-03-06 11:37:31 ERROR root remotelib error:IC144Panel:8523:{"property": "init", "value": "device does not exist", "qualifier": {"alias": "IC144Panel:8523", "code": "missing device"}}
2026-03-06 11:37:31 ERROR root remotelib error:BreakRmPanel:8511:{"property": "init", "value": "device does not exist", "qualifier": {"alias": "BreakRmPanel:8511", "code": "missing device"}}
2026-03-06 11:37:31 ERROR root remotelib error:BWDPanel:3069:{"property": "init", "value": "device does not exist", "qualifier": {"alias": "BWDPanel:3069", "code": "missing device"}}
2026-03-06 11:37:31 ERROR root remotelib error:IC143Panel:8532:{"property": "init", "value": "device does not exist", "qualifier": {"alias": "IC143Panel:8532", "code": "missing device"}}
2026-03-06 11:37:31 ERROR root remotelib error:IC142Panel:8515:{"property": "init", "value": "device does not exist", "qualifier": {"alias": "IC142Panel:8515", "code": "missing device"}}
2026-03-06 11:37:31 ERROR root remotelib error:BWDPanel:3070:{"property": "init", "value": "device does not exist", "qualifier": {"alias": "BWDPanel:3070", "code": "missing device"}}
2026-03-06 11:37:31 ERROR root remotelib error:IC144Panel:8524:{"property": "init", "value": "device does not exist", "qualifier": {"alias": "IC144Panel:8524", "code": "missing device"}}
2026-03-06 11:37:31 ERROR root remotelib error:BreakRmPanel:8512:{"property": "init", "value": "device does not exist", "qualifier": {"alias": "BreakRmPanel:8512", "code": "missing device"}}
2026-03-06 11:37:31 ERROR root remotelib error:IC143Panel:8533:{"property": "init", "value": "device does not exist", "qualifier": {"alias": "IC143Panel:8533", "code": "missing device"}}
2026-03-06 11:37:31 ERROR root remotelib error:LobbyPanel:8604:{"property": "init", "value": "device does not exist", "qualifier": {"alias": "LobbyPanel:8604", "code": "missing device"}}
2026-03-06 11:37:31 ERROR root remotelib error:IC143Panel:8535:{"property": "init", "value": "device does not exist", "qualifier": {"alias": "IC143Panel:8535", "code": "missing device"}}
2026-03-06 11:37:31 ERROR root remotelib error:BWDPanel:295:{"property": "init", "value": "device does not exist", "qualifier": {"alias": "BWDPanel:295", "code": "missing device"}}
2026-03-06 11:37:31 ERROR root remotelib error:LobbyPanel:8605:{"property": "init", "value": "device does not exist", "qualifier": {"alias": "LobbyPanel:8605", "code": "missing device"}}
2026-03-06 11:37:31 ERROR root remotelib error:IC143Panel:8536:{"property": "init", "value": "device does not exist", "qualifier": {"alias": "IC143Panel:8536", "code": "missing device"}}
2026-03-06 11:37:31 ERROR root remotelib error:IC143Panel:8534:{"property": "init", "value": "device does not exist", "qualifier": {"alias": "IC143Panel:8534", "code": "missing device"}}
2026-03-06 11:37:31 ERROR root remotelib error:IC142Panel:8522:{"property": "init", "value": "device does not exist", "qualifier": {"alias": "IC142Panel:8522", "code": "missing device"}}
2026-03-06 11:37:31 ERROR root remotelib error:LobbyPanel:8501:{"property": "init", "value": "device does not exist", "qualifier": {"alias": "LobbyPanel:8501", "code": "missing device"}}
2026-03-06 11:37:31 ERROR root remotelib error:BreakRmPanel:8514:{"property": "init", "value": "device does not exist", "qualifier": {"alias": "BreakRmPanel:8514", "code": "missing device"}}
2026-03-06 11:37:31 ERROR root remotelib error:HallPanel:295:{"property": "init", "value": "device does not exist", "qualifier": {"alias": "HallPanel:295", "code": "missing device"}}
2026-03-06 11:37:31 ERROR root remotelib error:LobbyPanel:8502:{"property": "init", "value": "device does not exist", "qualifier": {"alias": "LobbyPanel:8502", "code": "missing device"}}
2026-03-06 11:37:31 ERROR root remotelib error:BreakRmPanel:8513:{"property": "init", "value": "device does not exist", "qualifier": {"alias": "BreakRmPanel:8513", "code": "missing device"}}
2026-03-06 11:37:31 ERROR root remotelib error:IC144Panel:8526:{"property": "init", "value": "device does not exist", "qualifier": {"alias": "IC144Panel:8526", "code": "missing device"}}
2026-03-06 11:37:31 ERROR root remotelib error:LobbyPanel:8606:{"property": "init", "value": "device does not exist", "qualifier": {"alias": "LobbyPanel:8606", "code": "missing device"}}
2026-03-06 11:37:31 ERROR root remotelib error:IC142Panel:8516:{"property": "init", "value": "device does not exist", "qualifier": {"alias": "IC142Panel:8516", "code": "missing device"}}
2026-03-06 11:37:31 ERROR root remotelib error:IC144Panel:8531:{"property": "init", "value": "device does not exist", "qualifier": {"alias": "IC144Panel:8531", "code": "missing device"}}
2026-03-06 11:37:31 ERROR root remotelib error:BWDPanel:297:{"property": "init", "value": "device does not exist", "qualifier": {"alias": "BWDPanel:297", "code": "missing device"}}
2026-03-06 11:37:31 ERROR root remotelib error:IC142Panel:8521:{"property": "init", "value": "device does not exist", "qualifier": {"alias": "IC142Panel:8521", "code": "missing device"}}
2026-03-06 11:37:31 ERROR root remotelib error:HallPanel:296:{"property": "init", "value": "device does not exist", "qualifier": {"alias": "HallPanel:296", "code": "missing device"}}
2026-03-06 11:37:31 ERROR root remotelib error:IC143Panel:8541:{"property": "init", "value": "device does not exist", "qualifier": {"alias": "IC143Panel:8541", "code": "missing device"}}
2026-03-06 11:37:31 ERROR root remotelib error:IC144Panel:8532:{"property": "init", "value": "device does not exist", "qualifier": {"alias": "IC144Panel:8532", "code": "missing device"}}
2026-03-06 11:37:31 ERROR root remotelib error:LobbyPanel:8503:{"property": "init", "value": "device does not exist", "qualifier": {"alias": "LobbyPanel:8503", "code": "missing device"}}
2026-03-06 11:37:31 ERROR root remotelib error:BWDPanel:296:{"property": "init", "value": "device does not exist", "qualifier": {"alias": "BWDPanel:296", "code": "missing device"}}
2026-03-06 11:37:31 ERROR root remotelib error:IC144Panel:8525:{"property": "init", "value": "device does not exist", "qualifier": {"alias": "IC144Panel:8525", "code": "missing device"}}
2026-03-06 11:37:31 ERROR root remotelib error:IC142Panel:8524:{"property": "init", "value": "device does not exist", "qualifier": {"alias": "IC142Panel:8524", "code": "missing device"}}
2026-03-06 11:37:31 ERROR root remotelib error:IC143Panel:8542:{"property": "init", "value": "device does not exist", "qualifier": {"alias": "IC143Panel:8542", "code": "missing device"}}
2026-03-06 11:37:31 ERROR root remotelib error:IC144Panel:8533:{"property": "init", "value": "device does not exist", "qualifier": {"alias": "IC144Panel:8533", "code": "missing device"}}
2026-03-06 11:37:31 ERROR root remotelib error:HallPanel:297:{"property": "init", "value": "device does not exist", "qualifier": {"alias": "HallPanel:297", "code": "missing device"}}
2026-03-06 11:37:31 ERROR root remotelib error:BreakRmPanel:8516:{"property": "init", "value": "device does not exist", "qualifier": {"alias": "BreakRmPanel:8516", "code": "missing device"}}
2026-03-06 11:37:31 ERROR root remotelib error:LobbyPanel:8504:{"property": "init", "value": "device does not exist", "qualifier": {"alias": "LobbyPanel:8504", "code": "missing device"}}
2026-03-06 11:37:31 ERROR root remotelib error:IC143Panel:8543:{"property": "init", "value": "device does not exist", "qualifier": {"alias": "IC143Panel:8543", "code": "missing device"}}
2026-03-06 11:37:31 ERROR root remotelib error:IC142Panel:8523:{"property": "init", "value": "device does not exist", "qualifier": {"alias": "IC142Panel:8523", "code": "missing device"}}
2026-03-06 11:37:31 ERROR root remotelib error:BreakRmPanel:8515:{"property": "init", "value": "device does not exist", "qualifier": {"alias": "BreakRmPanel:8515", "code": "missing device"}}
2026-03-06 11:37:31 ERROR root remotelib error:IC144Panel:8534:{"property": "init", "value": "device does not exist", "qualifier": {"alias": "IC144Panel:8534", "code": "missing device"}}
2026-03-06 11:37:31 ERROR root remotelib error:BreakRmPanel:8521:{"property": "init", "value": "device does not exist", "qualifier": {"alias": "BreakRmPanel:8521", "code": "missing device"}}
2026-03-06 11:37:31 ERROR root remotelib error:BWDPanel:8601:{"property": "init", "value": "device does not exist", "qualifier": {"alias": "BWDPanel:8601", "code": "missing device"}}
2026-03-06 11:37:31 ERROR root remotelib error:LobbyPanel:8505:{"property": "init", "value": "device does not exist", "qualifier": {"alias": "LobbyPanel:8505", "code": "missing device"}}
2026-03-06 11:37:31 ERROR root remotelib error:IC144Panel:8535:{"property": "init", "value": "device does not exist", "qualifier": {"alias": "IC144Panel:8535", "code": "missing device"}}
2026-03-06 11:37:31 ERROR root remotelib error:IC143Panel:8544:{"property": "init", "value": "device does not exist", "qualifier": {"alias": "IC143Panel:8544", "code": "missing device"}}
2026-03-06 11:37:31 ERROR root remotelib error:IC142Panel:8525:{"property": "init", "value": "device does not exist", "qualifier": {"alias": "IC142Panel:8525", "code": "missing device"}}
2026-03-06 11:37:31 ERROR root remotelib error:HallPanel:8601:{"property": "init", "value": "device does not exist", "qualifier": {"alias": "HallPanel:8601", "code": "missing device"}}
2026-03-06 11:37:31 ERROR root remotelib error:LobbyPanel:8512:{"property": "init", "value": "device does not exist", "qualifier": {"alias": "LobbyPanel:8512", "code": "missing device"}}
2026-03-06 11:37:31 ERROR root remotelib error:IC144Panel:8536:{"property": "init", "value": "device does not exist", "qualifier": {"alias": "IC144Panel:8536", "code": "missing device"}}
2026-03-06 11:37:31 ERROR root remotelib error:IC143Panel:8545:{"property": "init", "value": "device does not exist", "qualifier": {"alias": "IC143Panel:8545", "code": "missing device"}}
2026-03-06 11:37:31 ERROR root remotelib error:BWDPanel:8602:{"property": "init", "value": "device does not exist", "qualifier": {"alias": "BWDPanel:8602", "code": "missing device"}}
2026-03-06 11:37:31 ERROR root remotelib error:IC142Panel:8526:{"property": "init", "value": "device does not exist", "qualifier": {"alias": "IC142Panel:8526", "code": "missing device"}}
2026-03-06 11:37:31 ERROR root remotelib error:BreakRmPanel:8522:{"property": "init", "value": "device does not exist", "qualifier": {"alias": "BreakRmPanel:8522", "code": "missing device"}}
2026-03-06 11:37:31 ERROR root remotelib error:IC143Panel:8546:{"property": "init", "value": "device does not exist", "qualifier": {"alias": "IC143Panel:8546", "code": "missing device"}}
2026-03-06 11:37:31 ERROR root remotelib error:BreakRmPanel:8523:{"property": "init", "value": "device does not exist", "qualifier": {"alias": "BreakRmPanel:8523", "code": "missing device"}}
2026-03-06 11:37:31 ERROR root remotelib error:BWDPanel:8603:{"property": "init", "value": "device does not exist", "qualifier": {"alias": "BWDPanel:8603", "code": "missing device"}}
2026-03-06 11:37:31 ERROR root remotelib error:LobbyPanel:8511:{"property": "init", "value": "device does not exist", "qualifier": {"alias": "LobbyPanel:8511", "code": "missing device"}}
2026-03-06 11:37:31 ERROR root remotelib error:BreakRmPanel:8524:{"property": "init", "value": "device does not exist", "qualifier": {"alias": "BreakRmPanel:8524", "code": "missing device"}}
2026-03-06 11:37:31 ERROR root remotelib error:HallPanel:8603:{"property": "init", "value": "device does not exist", "qualifier": {"alias": "HallPanel:8603", "code": "missing device"}}
2026-03-06 11:37:31 ERROR root remotelib error:IC142Panel:8532:{"property": "init", "value": "device does not exist", "qualifier": {"alias": "IC142Panel:8532", "code": "missing device"}}
2026-03-06 11:37:31 ERROR root remotelib error:BWDPanel:8604:{"property": "init", "value": "device does not exist", "qualifier": {"alias": "BWDPanel:8604", "code": "missing device"}}
2026-03-06 11:37:31 ERROR root remotelib error:IC144Panel:8542:{"property": "init", "value": "device does not exist", "qualifier": {"alias": "IC144Panel:8542", "code": "missing device"}}
2026-03-06 11:37:31 ERROR root remotelib error:IC142Panel:8533:{"property": "init", "value": "device does not exist", "qualifier": {"alias": "IC142Panel:8533", "code": "missing device"}}
2026-03-06 11:37:31 ERROR root remotelib error:LobbyPanel:8513:{"property": "init", "value": "device does not exist", "qualifier": {"alias": "LobbyPanel:8513", "code": "missing device"}}
2026-03-06 11:37:31 ERROR root remotelib error:LobbyPanel:8506:{"property": "init", "value": "device does not exist", "qualifier": {"alias": "LobbyPanel:8506", "code": "missing device"}}
2026-03-06 11:37:31 ERROR root remotelib error:HallPanel:8602:{"property": "init", "value": "device does not exist", "qualifier": {"alias": "HallPanel:8602", "code": "missing device"}}
2026-03-06 11:37:31 ERROR root remotelib error:IC142Panel:8531:{"property": "init", "value": "device does not exist", "qualifier": {"alias": "IC142Panel:8531", "code": "missing device"}}
2026-03-06 11:37:31 ERROR root remotelib error:IC144Panel:8541:{"property": "init", "value": "device does not exist", "qualifier": {"alias": "IC144Panel:8541", "code": "missing device"}}
2026-03-06 11:37:31 ERROR root remotelib error:BreakRmPanel:8525:{"property": "init", "value": "device does not exist", "qualifier": {"alias": "BreakRmPanel:8525", "code": "missing device"}}
2026-03-06 11:37:31 ERROR root remotelib error:HallPanel:8604:{"property": "init", "value": "device does not exist", "qualifier": {"alias": "HallPanel:8604", "code": "missing device"}}
2026-03-06 11:37:32 ERROR root remotelib error:IC143Panel:945:{"property": "init", "value": "device does not exist", "qualifier": {"alias": "IC143Panel:945", "code": "missing device"}}
2026-03-06 11:37:32 ERROR root remotelib error:BWDPanel:8605:{"property": "init", "value": "device does not exist", "qualifier": {"alias": "BWDPanel:8605", "code": "missing device"}}
2026-03-06 11:37:32 ERROR root remotelib error:IC144Panel:8545:{"property": "init", "value": "device does not exist", "qualifier": {"alias": "IC144Panel:8545", "code": "missing device"}}
2026-03-06 11:37:32 ERROR root remotelib error:LobbyPanel:8521:{"property": "init", "value": "device does not exist", "qualifier": {"alias": "LobbyPanel:8521", "code": "missing device"}}
2026-03-06 11:37:32 ERROR root remotelib error:IC142Panel:8536:{"property": "init", "value": "device does not exist", "qualifier": {"alias": "IC142Panel:8536", "code": "missing device"}}
2026-03-06 11:37:32 ERROR root remotelib error:HallPanel:8501:{"property": "init", "value": "device does not exist", "qualifier": {"alias": "HallPanel:8501", "code": "missing device"}}
2026-03-06 11:37:32 ERROR root remotelib error:IC144Panel:8546:{"property": "init", "value": "device does not exist", "qualifier": {"alias": "IC144Panel:8546", "code": "missing device"}}
2026-03-06 11:37:32 ERROR root remotelib error:BWDPanel:8502:{"property": "init", "value": "device does not exist", "qualifier": {"alias": "BWDPanel:8502", "code": "missing device"}}
2026-03-06 11:37:32 ERROR root remotelib error:LobbyPanel:8522:{"property": "init", "value": "device does not exist", "qualifier": {"alias": "LobbyPanel:8522", "code": "missing device"}}
2026-03-06 11:37:32 ERROR root remotelib error:IC142Panel:8541:{"property": "init", "value": "device does not exist", "qualifier": {"alias": "IC142Panel:8541", "code": "missing device"}}
2026-03-06 11:37:32 ERROR root remotelib error:BreakRmPanel:8533:{"property": "init", "value": "device does not exist", "qualifier": {"alias": "BreakRmPanel:8533", "code": "missing device"}}
2026-03-06 11:37:32 ERROR root remotelib error:LobbyPanel:8523:{"property": "init", "value": "device does not exist", "qualifier": {"alias": "LobbyPanel:8523", "code": "missing device"}}
2026-03-06 11:37:32 ERROR root remotelib error:BWDPanel:8503:{"property": "init", "value": "device does not exist", "qualifier": {"alias": "BWDPanel:8503", "code": "missing device"}}
2026-03-06 11:37:32 ERROR root remotelib error:LobbyPanel:8514:{"property": "init", "value": "device does not exist", "qualifier": {"alias": "LobbyPanel:8514", "code": "missing device"}}
2026-03-06 11:37:32 ERROR root remotelib error:IC144Panel:8543:{"property": "init", "value": "device does not exist", "qualifier": {"alias": "IC144Panel:8543", "code": "missing device"}}
2026-03-06 11:37:32 ERROR root remotelib error:BreakRmPanel:8526:{"property": "init", "value": "device does not exist", "qualifier": {"alias": "BreakRmPanel:8526", "code": "missing device"}}
2026-03-06 11:37:32 ERROR root remotelib error:BreakRmPanel:8531:{"property": "init", "value": "device does not exist", "qualifier": {"alias": "BreakRmPanel:8531", "code": "missing device"}}
2026-03-06 11:37:32 ERROR root remotelib error:IC142Panel:8535:{"property": "init", "value": "device does not exist", "qualifier": {"alias": "IC142Panel:8535", "code": "missing device"}}
2026-03-06 11:37:32 ERROR root remotelib error:BreakRmPanel:8532:{"property": "init", "value": "device does not exist", "qualifier": {"alias": "BreakRmPanel:8532", "code": "missing device"}}
2026-03-06 11:37:32 ERROR root remotelib error:IC143Panel:943:{"property": "init", "value": "device does not exist", "qualifier": {"alias": "IC143Panel:943", "code": "missing device"}}
2026-03-06 11:37:32 ERROR root remotelib error:LobbyPanel:8515:{"property": "init", "value": "device does not exist", "qualifier": {"alias": "LobbyPanel:8515", "code": "missing device"}}
2026-03-06 11:37:32 ERROR root remotelib error:IC144Panel:8544:{"property": "init", "value": "device does not exist", "qualifier": {"alias": "IC144Panel:8544", "code": "missing device"}}
2026-03-06 11:37:32 ERROR root remotelib error:HallPanel:8606:{"property": "init", "value": "device does not exist", "qualifier": {"alias": "HallPanel:8606", "code": "missing device"}}
2026-03-06 11:37:32 ERROR root remotelib error:BWDPanel:8606:{"property": "init", "value": "device does not exist", "qualifier": {"alias": "BWDPanel:8606", "code": "missing device"}}
2026-03-06 11:37:32 ERROR root remotelib error:LobbyPanel:8516:{"property": "init", "value": "device does not exist", "qualifier": {"alias": "LobbyPanel:8516", "code": "missing device"}}
2026-03-06 11:37:32 ERROR root remotelib error:HallPanel:8502:{"property": "init", "value": "device does not exist", "qualifier": {"alias": "HallPanel:8502", "code": "missing device"}}
2026-03-06 11:37:32 ERROR root remotelib error:BWDPanel:8501:{"property": "init", "value": "device does not exist", "qualifier": {"alias": "BWDPanel:8501", "code": "missing device"}}
2026-03-06 11:37:32 ERROR root remotelib error:IC142Panel:8534:{"property": "init", "value": "device does not exist", "qualifier": {"alias": "IC142Panel:8534", "code": "missing device"}}
2026-03-06 11:37:32 ERROR root remotelib error:HallPanel:8605:{"property": "init", "value": "device does not exist", "qualifier": {"alias": "HallPanel:8605", "code": "missing device"}}
2026-03-06 11:37:32 ERROR root remotelib error:LobbyPanel:8524:{"property": "init", "value": "device does not exist", "qualifier": {"alias": "LobbyPanel:8524", "code": "missing device"}}
2026-03-06 11:37:32 ERROR root remotelib error:IC143Panel:944:{"property": "init", "value": "device does not exist", "qualifier": {"alias": "IC143Panel:944", "code": "missing device"}}
2026-03-06 11:37:32 ERROR root remotelib error:HallPanel:8504:{"property": "init", "value": "device does not exist", "qualifier": {"alias": "HallPanel:8504", "code": "missing device"}}
2026-03-06 11:37:32 ERROR root remotelib error:IC144Panel:944:{"property": "init", "value": "device does not exist", "qualifier": {"alias": "IC144Panel:944", "code": "missing device"}}
2026-03-06 11:37:32 ERROR root remotelib error:BreakRmPanel:8534:{"property": "init", "value": "device does not exist", "qualifier": {"alias": "BreakRmPanel:8534", "code": "missing device"}}
2026-03-06 11:37:32 ERROR root remotelib error:LobbyPanel:8525:{"property": "init", "value": "device does not exist", "qualifier": {"alias": "LobbyPanel:8525", "code": "missing device"}}
2026-03-06 11:37:32 ERROR root remotelib error:BWDPanel:8504:{"property": "init", "value": "device does not exist", "qualifier": {"alias": "BWDPanel:8504", "code": "missing device"}}
2026-03-06 11:37:32 ERROR root remotelib error:HallPanel:8505:{"property": "init", "value": "device does not exist", "qualifier": {"alias": "HallPanel:8505", "code": "missing device"}}
2026-03-06 11:37:32 ERROR root remotelib error:IC142Panel:8543:{"property": "init", "value": "device does not exist", "qualifier": {"alias": "IC142Panel:8543", "code": "missing device"}}
2026-03-06 11:37:32 ERROR root remotelib error:HallPanel:8503:{"property": "init", "value": "device does not exist", "qualifier": {"alias": "HallPanel:8503", "code": "missing device"}}
2026-03-06 11:37:32 ERROR root remotelib error:IC142Panel:8542:{"property": "init", "value": "device does not exist", "qualifier": {"alias": "IC142Panel:8542", "code": "missing device"}}
2026-03-06 11:37:32 ERROR root remotelib error:IC142Panel:8544:{"property": "init", "value": "device does not exist", "qualifier": {"alias": "IC142Panel:8544", "code": "missing device"}}
2026-03-06 11:37:32 ERROR root remotelib error:HallPanel:8506:{"property": "init", "value": "device does not exist", "qualifier": {"alias": "HallPanel:8506", "code": "missing device"}}
2026-03-06 11:37:32 ERROR root remotelib error:BWDPanel:8505:{"property": "init", "value": "device does not exist", "qualifier": {"alias": "BWDPanel:8505", "code": "missing device"}}
2026-03-06 11:37:32 ERROR root remotelib error:BreakRmPanel:8541:{"property": "init", "value": "device does not exist", "qualifier": {"alias": "BreakRmPanel:8541", "code": "missing device"}}
2026-03-06 11:37:32 ERROR root remotelib error:IC142Panel:8545:{"property": "init", "value": "device does not exist", "qualifier": {"alias": "IC142Panel:8545", "code": "missing device"}}
2026-03-06 11:37:32 ERROR root remotelib error:BWDPanel:8506:{"property": "init", "value": "device does not exist", "qualifier": {"alias": "BWDPanel:8506", "code": "missing device"}}
2026-03-06 11:37:32 ERROR root remotelib error:BreakRmPanel:8535:{"property": "init", "value": "device does not exist", "qualifier": {"alias": "BreakRmPanel:8535", "code": "missing device"}}
2026-03-06 11:37:32 ERROR root remotelib error:BreakRmPanel:8536:{"property": "init", "value": "device does not exist", "qualifier": {"alias": "BreakRmPanel:8536", "code": "missing device"}}
2026-03-06 11:37:32 ERROR root remotelib error:IC144Panel:943:{"property": "init", "value": "device does not exist", "qualifier": {"alias": "IC144Panel:943", "code": "missing device"}}
2026-03-06 11:37:32 ERROR root remotelib error:LobbyPanel:8531:{"property": "init", "value": "device does not exist", "qualifier": {"alias": "LobbyPanel:8531", "code": "missing device"}}
2026-03-06 11:37:32 ERROR root remotelib error:HallPanel:8511:{"property": "init", "value": "device does not exist", "qualifier": {"alias": "HallPanel:8511", "code": "missing device"}}
2026-03-06 11:37:32 ERROR root remotelib error:LobbyPanel:8526:{"property": "init", "value": "device does not exist", "qualifier": {"alias": "LobbyPanel:8526", "code": "missing device"}}
2026-03-06 11:37:32 ERROR root remotelib error:IC144Panel:945:{"property": "init", "value": "device does not exist", "qualifier": {"alias": "IC144Panel:945", "code": "missing device"}}
2026-03-06 11:37:32 ERROR root remotelib error:LobbyPanel:8532:{"property": "init", "value": "device does not exist", "qualifier": {"alias": "LobbyPanel:8532", "code": "missing device"}}
2026-03-06 11:37:32 ERROR root remotelib error:IC142Panel:8546:{"property": "init", "value": "device does not exist", "qualifier": {"alias": "IC142Panel:8546", "code": "missing device"}}
2026-03-06 11:37:32 ERROR root remotelib error:BreakRmPanel:8542:{"property": "init", "value": "device does not exist", "qualifier": {"alias": "BreakRmPanel:8542", "code": "missing device"}}
2026-03-06 11:37:32 ERROR root remotelib error:BWDPanel:8511:{"property": "init", "value": "device does not exist", "qualifier": {"alias": "BWDPanel:8511", "code": "missing device"}}
2026-03-06 11:37:32 ERROR root remotelib error:LobbyPanel:8533:{"property": "init", "value": "device does not exist", "qualifier": {"alias": "LobbyPanel:8533", "code": "missing device"}}
2026-03-06 11:37:32 ERROR root remotelib error:BreakRmPanel:8543:{"property": "init", "value": "device does not exist", "qualifier": {"alias": "BreakRmPanel:8543", "code": "missing device"}}
2026-03-06 11:37:32 ERROR root remotelib error:LobbyPanel:8534:{"property": "init", "value": "device does not exist", "qualifier": {"alias": "LobbyPanel:8534", "code": "missing device"}}
2026-03-06 11:37:32 ERROR root remotelib error:HallPanel:8512:{"property": "init", "value": "device does not exist", "qualifier": {"alias": "HallPanel:8512", "code": "missing device"}}
2026-03-06 11:37:32 ERROR root remotelib error:BreakRmPanel:8544:{"property": "init", "value": "device does not exist", "qualifier": {"alias": "BreakRmPanel:8544", "code": "missing device"}}
2026-03-06 11:37:32 ERROR root remotelib error:BWDPanel:8512:{"property": "init", "value": "device does not exist", "qualifier": {"alias": "BWDPanel:8512", "code": "missing device"}}
2026-03-06 11:37:32 ERROR root remotelib error:BreakRmPanel:8545:{"property": "init", "value": "device does not exist", "qualifier": {"alias": "BreakRmPanel:8545", "code": "missing device"}}
2026-03-06 11:37:32 ERROR root remotelib error:HallPanel:8513:{"property": "init", "value": "device does not exist", "qualifier": {"alias": "HallPanel:8513", "code": "missing device"}}
2026-03-06 11:37:32 ERROR root remotelib error:BreakRmPanel:8546:{"property": "init", "value": "device does not exist", "qualifier": {"alias": "BreakRmPanel:8546", "code": "missing device"}}
2026-03-06 11:37:32 ERROR root remotelib error:LobbyPanel:8536:{"property": "init", "value": "device does not exist", "qualifier": {"alias": "LobbyPanel:8536", "code": "missing device"}}
2026-03-06 11:37:32 ERROR root remotelib error:BWDPanel:8513:{"property": "init", "value": "device does not exist", "qualifier": {"alias": "BWDPanel:8513", "code": "missing device"}}
2026-03-06 11:37:32 ERROR root remotelib error:LobbyPanel:8535:{"property": "init", "value": "device does not exist", "qualifier": {"alias": "LobbyPanel:8535", "code": "missing device"}}
2026-03-06 11:37:32 ERROR root remotelib error:BWDPanel:8514:{"property": "init", "value": "device does not exist", "qualifier": {"alias": "BWDPanel:8514", "code": "missing device"}}
2026-03-06 11:37:32 ERROR root remotelib error:HallPanel:8514:{"property": "init", "value": "device does not exist", "qualifier": {"alias": "HallPanel:8514", "code": "missing device"}}
2026-03-06 11:37:32 ERROR root remotelib error:IC142Panel:944:{"property": "init", "value": "device does not exist", "qualifier": {"alias": "IC142Panel:944", "code": "missing device"}}
2026-03-06 11:37:32 ERROR root remotelib error:HallPanel:8515:{"property": "init", "value": "device does not exist", "qualifier": {"alias": "HallPanel:8515", "code": "missing device"}}
2026-03-06 11:37:32 ERROR root remotelib error:LobbyPanel:8542:{"property": "init", "value": "device does not exist", "qualifier": {"alias": "LobbyPanel:8542", "code": "missing device"}}
2026-03-06 11:37:32 ERROR root remotelib error:LobbyPanel:8541:{"property": "init", "value": "device does not exist", "qualifier": {"alias": "LobbyPanel:8541", "code": "missing device"}}
2026-03-06 11:37:32 ERROR root remotelib error:HallPanel:8516:{"property": "init", "value": "device does not exist", "qualifier": {"alias": "HallPanel:8516", "code": "missing device"}}
2026-03-06 11:37:32 ERROR root remotelib error:LobbyPanel:8543:{"property": "init", "value": "device does not exist", "qualifier": {"alias": "LobbyPanel:8543", "code": "missing device"}}
2026-03-06 11:37:32 ERROR root remotelib error:BWDPanel:8515:{"property": "init", "value": "device does not exist", "qualifier": {"alias": "BWDPanel:8515", "code": "missing device"}}
2026-03-06 11:37:32 ERROR root remotelib error:BWDPanel:8521:{"property": "init", "value": "device does not exist", "qualifier": {"alias": "BWDPanel:8521", "code": "missing device"}}
2026-03-06 11:37:32 ERROR root remotelib error:HallPanel:8522:{"property": "init", "value": "device does not exist", "qualifier": {"alias": "HallPanel:8522", "code": "missing device"}}
2026-03-06 11:37:32 ERROR root remotelib error:LobbyPanel:8544:{"property": "init", "value": "device does not exist", "qualifier": {"alias": "LobbyPanel:8544", "code": "missing device"}}
2026-03-06 11:37:32 ERROR root remotelib error:BreakRmPanel:944:{"property": "init", "value": "device does not exist", "qualifier": {"alias": "BreakRmPanel:944", "code": "missing device"}}
2026-03-06 11:37:32 ERROR root remotelib error:LobbyPanel:8545:{"property": "init", "value": "device does not exist", "qualifier": {"alias": "LobbyPanel:8545", "code": "missing device"}}
2026-03-06 11:37:32 ERROR root remotelib error:HallPanel:8523:{"property": "init", "value": "device does not exist", "qualifier": {"alias": "HallPanel:8523", "code": "missing device"}}
2026-03-06 11:37:32 ERROR root remotelib error:IC142Panel:945:{"property": "init", "value": "device does not exist", "qualifier": {"alias": "IC142Panel:945", "code": "missing device"}}
2026-03-06 11:37:32 ERROR root remotelib error:IC142Panel:943:{"property": "init", "value": "device does not exist", "qualifier": {"alias": "IC142Panel:943", "code": "missing device"}}
2026-03-06 11:37:32 ERROR root remotelib error:BreakRmPanel:945:{"property": "init", "value": "device does not exist", "qualifier": {"alias": "BreakRmPanel:945", "code": "missing device"}}
2026-03-06 11:37:32 ERROR root remotelib error:HallPanel:8524:{"property": "init", "value": "device does not exist", "qualifier": {"alias": "HallPanel:8524", "code": "missing device"}}
2026-03-06 11:37:32 ERROR root remotelib error:BWDPanel:8516:{"property": "init", "value": "device does not exist", "qualifier": {"alias": "BWDPanel:8516", "code": "missing device"}}
2026-03-06 11:37:32 ERROR root remotelib error:LobbyPanel:8546:{"property": "init", "value": "device does not exist", "qualifier": {"alias": "LobbyPanel:8546", "code": "missing device"}}
2026-03-06 11:37:32 ERROR root remotelib error:BreakRmPanel:943:{"property": "init", "value": "device does not exist", "qualifier": {"alias": "BreakRmPanel:943", "code": "missing device"}}
2026-03-06 11:37:32 ERROR root remotelib error:HallPanel:8525:{"property": "init", "value": "device does not exist", "qualifier": {"alias": "HallPanel:8525", "code": "missing device"}}
2026-03-06 11:37:32 ERROR root remotelib error:BWDPanel:8523:{"property": "init", "value": "device does not exist", "qualifier": {"alias": "BWDPanel:8523", "code": "missing device"}}
2026-03-06 11:37:32 ERROR root remotelib error:HallPanel:8521:{"property": "init", "value": "device does not exist", "qualifier": {"alias": "HallPanel:8521", "code": "missing device"}}
2026-03-06 11:37:32 ERROR root remotelib error:BWDPanel:8522:{"property": "init", "value": "device does not exist", "qualifier": {"alias": "BWDPanel:8522", "code": "missing device"}}
2026-03-06 11:37:32 ERROR root remotelib error:HallPanel:8526:{"property": "init", "value": "device does not exist", "qualifier": {"alias": "HallPanel:8526", "code": "missing device"}}
2026-03-06 11:37:32 ERROR root remotelib error:BWDPanel:8524:{"property": "init", "value": "device does not exist", "qualifier": {"alias": "BWDPanel:8524", "code": "missing device"}}
2026-03-06 11:37:32 ERROR root remotelib error:HallPanel:8531:{"property": "init", "value": "device does not exist", "qualifier": {"alias": "HallPanel:8531", "code": "missing device"}}
2026-03-06 11:37:32 ERROR root remotelib error:HallPanel:8532:{"property": "init", "value": "device does not exist", "qualifier": {"alias": "HallPanel:8532", "code": "missing device"}}
2026-03-06 11:37:32 ERROR root remotelib error:BWDPanel:8526:{"property": "init", "value": "device does not exist", "qualifier": {"alias": "BWDPanel:8526", "code": "missing device"}}
2026-03-06 11:37:32 ERROR root remotelib error:LobbyPanel:945:{"property": "init", "value": "device does not exist", "qualifier": {"alias": "LobbyPanel:945", "code": "missing device"}}
2026-03-06 11:37:32 ERROR root remotelib error:HallPanel:8533:{"property": "init", "value": "device does not exist", "qualifier": {"alias": "HallPanel:8533", "code": "missing device"}}
2026-03-06 11:37:32 ERROR root remotelib error:BWDPanel:8525:{"property": "init", "value": "device does not exist", "qualifier": {"alias": "BWDPanel:8525", "code": "missing device"}}
2026-03-06 11:37:32 ERROR root remotelib error:LobbyPanel:944:{"property": "init", "value": "device does not exist", "qualifier": {"alias": "LobbyPanel:944", "code": "missing device"}}
2026-03-06 11:37:33 ERROR root remotelib error:HallPanel:8534:{"property": "init", "value": "device does not exist", "qualifier": {"alias": "HallPanel:8534", "code": "missing device"}}
2026-03-06 11:37:33 ERROR root remotelib error:BWDPanel:8532:{"property": "init", "value": "device does not exist", "qualifier": {"alias": "BWDPanel:8532", "code": "missing device"}}
2026-03-06 11:37:33 ERROR root remotelib error:BWDPanel:8531:{"property": "init", "value": "device does not exist", "qualifier": {"alias": "BWDPanel:8531", "code": "missing device"}}
2026-03-06 11:37:33 ERROR root remotelib error:LobbyPanel:943:{"property": "init", "value": "device does not exist", "qualifier": {"alias": "LobbyPanel:943", "code": "missing device"}}
2026-03-06 11:37:33 ERROR root remotelib error:HallPanel:8535:{"property": "init", "value": "device does not exist", "qualifier": {"alias": "HallPanel:8535", "code": "missing device"}}
2026-03-06 11:37:33 ERROR root remotelib error:BWDPanel:8533:{"property": "init", "value": "device does not exist", "qualifier": {"alias": "BWDPanel:8533", "code": "missing device"}}
2026-03-06 11:37:33 ERROR root remotelib error:BWDPanel:8534:{"property": "init", "value": "device does not exist", "qualifier": {"alias": "BWDPanel:8534", "code": "missing device"}}
2026-03-06 11:37:33 ERROR root remotelib error:HallPanel:8536:{"property": "init", "value": "device does not exist", "qualifier": {"alias": "HallPanel:8536", "code": "missing device"}}
2026-03-06 11:37:33 ERROR root remotelib error:HallPanel:8541:{"property": "init", "value": "device does not exist", "qualifier": {"alias": "HallPanel:8541", "code": "missing device"}}
2026-03-06 11:37:33 ERROR root remotelib error:HallPanel:8544:{"property": "init", "value": "device does not exist", "qualifier": {"alias": "HallPanel:8544", "code": "missing device"}}
2026-03-06 11:37:33 ERROR root remotelib error:HallPanel:8542:{"property": "init", "value": "device does not exist", "qualifier": {"alias": "HallPanel:8542", "code": "missing device"}}
2026-03-06 11:37:33 ERROR root remotelib error:BWDPanel:8536:{"property": "init", "value": "device does not exist", "qualifier": {"alias": "BWDPanel:8536", "code": "missing device"}}
2026-03-06 11:37:33 ERROR root remotelib error:HallPanel:8543:{"property": "init", "value": "device does not exist", "qualifier": {"alias": "HallPanel:8543", "code": "missing device"}}
2026-03-06 11:37:33 ERROR root remotelib error:BWDPanel:8535:{"property": "init", "value": "device does not exist", "qualifier": {"alias": "BWDPanel:8535", "code": "missing device"}}
2026-03-06 11:37:33 ERROR root remotelib error:BWDPanel:8541:{"property": "init", "value": "device does not exist", "qualifier": {"alias": "BWDPanel:8541", "code": "missing device"}}
2026-03-06 11:37:33 ERROR root remotelib error:BWDPanel:8542:{"property": "init", "value": "device does not exist", "qualifier": {"alias": "BWDPanel:8542", "code": "missing device"}}
2026-03-06 11:37:33 ERROR root remotelib error:HallPanel:8545:{"property": "init", "value": "device does not exist", "qualifier": {"alias": "HallPanel:8545", "code": "missing device"}}
2026-03-06 11:37:33 ERROR root remotelib error:BWDPanel:8543:{"property": "init", "value": "device does not exist", "qualifier": {"alias": "BWDPanel:8543", "code": "missing device"}}
2026-03-06 11:37:33 ERROR root remotelib error:HallPanel:8546:{"property": "init", "value": "device does not exist", "qualifier": {"alias": "HallPanel:8546", "code": "missing device"}}
2026-03-06 11:37:33 ERROR root remotelib error:BWDPanel:8544:{"property": "init", "value": "device does not exist", "qualifier": {"alias": "BWDPanel:8544", "code": "missing device"}}
2026-03-06 11:37:33 ERROR root remotelib error:HallPanel:944:{"property": "init", "value": "device does not exist", "qualifier": {"alias": "HallPanel:944", "code": "missing device"}}
2026-03-06 11:37:33 ERROR root remotelib error:BWDPanel:8545:{"property": "init", "value": "device does not exist", "qualifier": {"alias": "BWDPanel:8545", "code": "missing device"}}
2026-03-06 11:37:33 ERROR root remotelib error:BWDPanel:8546:{"property": "init", "value": "device does not exist", "qualifier": {"alias": "BWDPanel:8546", "code": "missing device"}}
2026-03-06 11:37:33 ERROR root remotelib error:HallPanel:945:{"property": "init", "value": "device does not exist", "qualifier": {"alias": "HallPanel:945", "code": "missing device"}}
2026-03-06 11:37:33 ERROR root remotelib error:HallPanel:943:{"property": "init", "value": "device does not exist", "qualifier": {"alias": "HallPanel:943", "code": "missing device"}}
2026-03-06 11:37:33 ERROR root remotelib error:BWDPanel:944:{"property": "init", "value": "device does not exist", "qualifier": {"alias": "BWDPanel:944", "code": "missing device"}}
2026-03-06 11:37:33 ERROR root remotelib error:BWDPanel:945:{"property": "init", "value": "device does not exist", "qualifier": {"alias": "BWDPanel:945", "code": "missing device"}}
2026-03-06 11:37:36 ERROR root SerialInterface spd2:COM1SendAndWait: Port COM1 not open
2026-03-06 11:37:36 ERROR root SerialInterface spd4:COM1SendAndWait: Port COM1 not open
2026-03-06 11:37:36 ERROR root SerialInterface spd3:COM1SendAndWait: Port COM1 not open
2026-03-06 11:37:36 ERROR root SerialInterface spd6:COM1SendAndWait: Port COM1 not open
2026-03-06 11:37:36 ERROR root SerialInterface spd5:COM1SendAndWait: Port COM1 not open
2026-03-06 11:37:36 ERROR root SerialInterface spd1:COM1SendAndWait: Port COM1 not open
2026-03-06 11:37:36 ERROR root Debug Server restarted:Listening
2026-03-06 11:37:43 ERROR root Debug Server restarted:Listening
2026-03-06 11:37:46 ERROR root SerialInterface spd4:COM1SendAndWait: Port COM1 not open
2026-03-06 11:37:46 ERROR root SerialInterface spd2:COM1SendAndWait: Port COM1 not open
2026-03-06 11:37:46 ERROR root SerialInterface spd5:COM1SendAndWait: Port COM1 not open
2026-03-06 11:37:46 ERROR root SerialInterface spd6:COM1SendAndWait: Port COM1 not open
2026-03-06 11:37:46 ERROR root SerialInterface spd3:COM1SendAndWait: Port COM1 not open
2026-03-06 11:37:46 ERROR root SerialInterface spd1:COM1SendAndWait: Port COM1 not open
2026-03-06 11:37:56 ERROR root SerialInterface spd4:COM1SendAndWait: Port COM1 not open
2026-03-06 11:37:56 ERROR root SerialInterface spd5:COM1SendAndWait: Port COM1 not open
2026-03-06 11:37:56 ERROR root SerialInterface spd1:COM1SendAndWait: Port COM1 not open
2026-03-06 11:37:56 ERROR root SerialInterface spd2:COM1SendAndWait: Port COM1 not open
2026-03-06 11:37:56 ERROR root SerialInterface spd3:COM1SendAndWait: Port COM1 not open
2026-03-06 11:37:56 ERROR root SerialInterface spd6:COM1SendAndWait: Port COM1 not open
2026-03-06 11:38:06 ERROR root SerialInterface spd4:COM1SendAndWait: Port COM1 not open
2026-03-06 11:38:06 ERROR root SerialInterface spd5:COM1SendAndWait: Port COM1 not open
2026-03-06 11:38:06 ERROR root SerialInterface spd3:COM1SendAndWait: Port COM1 not open
2026-03-06 11:38:06 ERROR root SerialInterface spd2:COM1SendAndWait: Port COM1 not open
2026-03-06 11:38:06 ERROR root SerialInterface spd6:COM1SendAndWait: Port COM1 not open
2026-03-06 11:38:06 ERROR root SerialInterface spd1:COM1SendAndWait: Port COM1 not open
2026-03-06 11:38:13 ERROR root Debug Server restarted:Listening
2026-03-06 11:38:16 ERROR root SerialInterface spd4:COM1SendAndWait: Port COM1 not open
2026-03-06 11:38:16 ERROR root SerialInterface spd5:COM1SendAndWait: Port COM1 not open
2026-03-06 11:38:17 ERROR root SerialInterface spd3:COM1SendAndWait: Port COM1 not open
2026-03-06 11:38:17 ERROR root SerialInterface spd2:COM1SendAndWait: Port COM1 not open
2026-03-06 11:38:17 ERROR root SerialInterface spd6:COM1SendAndWait: Port COM1 not open
2026-03-06 11:38:17 ERROR root SerialInterface spd1:COM1SendAndWait: Port COM1 not open
2026-03-06 11:38:27 ERROR root SerialInterface spd4:COM1SendAndWait: Port COM1 not open
2026-03-06 11:38:27 ERROR root SerialInterface spd5:COM1SendAndWait: Port COM1 not open
2026-03-06 11:38:27 ERROR root SerialInterface spd3:COM1SendAndWait: Port COM1 not open
2026-03-06 11:38:27 ERROR root SerialInterface spd2:COM1SendAndWait: Port COM1 not open
2026-03-06 11:38:27 ERROR root SerialInterface spd6:COM1SendAndWait: Port COM1 not open
2026-03-06 11:38:27 ERROR root SerialInterface spd1:COM1SendAndWait: Port COM1 not open
2026-03-06 11:38:37 ERROR root SerialInterface spd4:COM1SendAndWait: Port COM1 not open
2026-03-06 11:38:37 ERROR root SerialInterface spd5:COM1SendAndWait: Port COM1 not open
2026-03-06 11:38:37 ERROR root SerialInterface spd3:COM1SendAndWait: Port COM1 not open
2026-03-06 11:38:37 ERROR root SerialInterface spd2:COM1SendAndWait: Port COM1 not open
2026-03-06 11:38:37 ERROR root SerialInterface spd1:COM1SendAndWait: Port COM1 not open
2026-03-06 11:38:37 ERROR root SerialInterface spd6:COM1SendAndWait: Port COM1 not open
2026-03-06 11:38:43 ERROR root Debug Server restarted:Listening
2026-03-06 11:38:47 ERROR root SerialInterface spd4:COM1SendAndWait: Port COM1 not open
2026-03-06 11:38:47 ERROR root SerialInterface spd5:COM1SendAndWait: Port COM1 not open
2026-03-06 11:38:47 ERROR root SerialInterface spd3:COM1SendAndWait: Port COM1 not open
2026-03-06 11:38:47 ERROR root SerialInterface spd2:COM1SendAndWait: Port COM1 not open
2026-03-06 11:38:47 ERROR root SerialInterface spd1:COM1SendAndWait: Port COM1 not open
2026-03-06 11:38:47 ERROR root SerialInterface spd6:COM1SendAndWait: Port COM1 not open
2026-03-06 11:38:57 ERROR root SerialInterface spd4:COM1SendAndWait: Port COM1 not open
2026-03-06 11:38:57 ERROR root SerialInterface spd5:COM1SendAndWait: Port COM1 not open
2026-03-06 11:38:57 ERROR root SerialInterface spd3:COM1SendAndWait: Port COM1 not open
2026-03-06 11:38:57 ERROR root SerialInterface spd2:COM1SendAndWait: Port COM1 not open
2026-03-06 11:38:57 ERROR root SerialInterface spd1:COM1SendAndWait: Port COM1 not open
2026-03-06 11:38:57 ERROR root SerialInterface spd6:COM1SendAndWait: Port COM1 not open
2026-03-06 11:39:07 ERROR root SerialInterface spd4:COM1SendAndWait: Port COM1 not open
2026-03-06 11:39:07 ERROR root SerialInterface spd5:COM1SendAndWait: Port COM1 not open
2026-03-06 11:39:07 ERROR root SerialInterface spd3:COM1SendAndWait: Port COM1 not open
2026-03-06 11:39:07 ERROR root SerialInterface spd2:COM1SendAndWait: Port COM1 not open
2026-03-06 11:39:07 ERROR root SerialInterface spd1:COM1SendAndWait: Port COM1 not open
2026-03-06 11:39:07 ERROR root SerialInterface spd6:COM1SendAndWait: Port COM1 not open
2026-03-06 11:39:13 ERROR root Debug Server restarted:Listening
2026-03-06 11:39:17 ERROR root SerialInterface spd4:COM1SendAndWait: Port COM1 not open
2026-03-06 11:39:17 ERROR root SerialInterface spd5:COM1SendAndWait: Port COM1 not open
2026-03-06 11:39:17 ERROR root SerialInterface spd3:COM1SendAndWait: Port COM1 not open
2026-03-06 11:39:17 ERROR root SerialInterface spd2:COM1SendAndWait: Port COM1 not open
2026-03-06 11:39:17 ERROR root SerialInterface spd1:COM1SendAndWait: Port COM1 not open
2026-03-06 11:39:17 ERROR root SerialInterface spd6:COM1SendAndWait: Port COM1 not open
2026-03-06 11:39:27 ERROR root SerialInterface spd4:COM1SendAndWait: Port COM1 not open
2026-03-06 11:39:27 ERROR root SerialInterface spd5:COM1SendAndWait: Port COM1 not open
2026-03-06 11:39:27 ERROR root SerialInterface spd3:COM1SendAndWait: Port COM1 not open
2026-03-06 11:39:27 ERROR root SerialInterface spd2:COM1SendAndWait: Port COM1 not open
2026-03-06 11:39:27 ERROR root SerialInterface spd1:COM1SendAndWait: Port COM1 not open
2026-03-06 11:39:28 ERROR root SerialInterface spd6:COM1SendAndWait: Port COM1 not open
2026-03-06 11:39:37 ERROR root SerialInterface spd4:COM1SendAndWait: Port COM1 not open
2026-03-06 11:39:37 ERROR root SerialInterface spd5:COM1SendAndWait: Port COM1 not open
2026-03-06 11:39:38 ERROR root SerialInterface spd3:COM1SendAndWait: Port COM1 not open
2026-03-06 11:39:38 ERROR root SerialInterface spd2:COM1SendAndWait: Port COM1 not open
2026-03-06 11:39:38 ERROR root SerialInterface spd1:COM1SendAndWait: Port COM1 not open
2026-03-06 11:39:38 ERROR root SerialInterface spd6:COM1SendAndWait: Port COM1 not open
2026-03-06 11:39:43 ERROR root Debug Server restarted:Listening
2026-03-06 11:39:48 ERROR root SerialInterface spd4:COM1SendAndWait: Port COM1 not open
2026-03-06 11:39:48 ERROR root SerialInterface spd5:COM1SendAndWait: Port COM1 not open
2026-03-06 11:39:48 ERROR root SerialInterface spd3:COM1SendAndWait: Port COM1 not open
2026-03-06 11:39:48 ERROR root SerialInterface spd2:COM1SendAndWait: Port COM1 not open
2026-03-06 11:39:48 ERROR root SerialInterface spd1:COM1SendAndWait: Port COM1 not open
2026-03-06 11:39:48 ERROR root SerialInterface spd6:COM1SendAndWait: Port COM1 not open
2026-03-06 11:39:58 ERROR root SerialInterface spd5:COM1SendAndWait: Port COM1 not open
2026-03-06 11:39:58 ERROR root SerialInterface spd4:COM1SendAndWait: Port COM1 not open
2026-03-06 11:39:58 ERROR root SerialInterface spd3:COM1SendAndWait: Port COM1 not open
2026-03-06 11:39:58 ERROR root SerialInterface spd2:COM1SendAndWait: Port COM1 not open
2026-03-06 11:39:58 ERROR root SerialInterface spd1:COM1SendAndWait: Port COM1 not open
2026-03-06 11:39:58 ERROR root SerialInterface spd6:COM1SendAndWait: Port COM1 not open
2026-03-06 11:40:09 ERROR root SerialInterface spd6:COM1SendAndWait: Port COM1 not open
2026-03-06 11:40:09 ERROR root SerialInterface spd4:COM1SendAndWait: Port COM1 not open
2026-03-06 11:40:09 ERROR root SerialInterface spd5:COM1SendAndWait: Port COM1 not open
2026-03-06 11:40:09 ERROR root SerialInterface spd1:COM1SendAndWait: Port COM1 not open
2026-03-06 11:40:09 ERROR root SerialInterface spd3:COM1SendAndWait: Port COM1 not open
2026-03-06 11:40:09 ERROR root SerialInterface spd2:COM1SendAndWait: Port COM1 not open
2026-03-06 11:40:13 ERROR root Debug Server restarted:Listening
2026-03-06 11:40:19 ERROR root SerialInterface spd6:COM1SendAndWait: Port COM1 not open
2026-03-06 11:40:19 ERROR root SerialInterface spd5:COM1SendAndWait: Port COM1 not open
2026-03-06 11:40:19 ERROR root SerialInterface spd2:COM1SendAndWait: Port COM1 not open
2026-03-06 11:40:19 ERROR root SerialInterface spd3:COM1SendAndWait: Port COM1 not open
2026-03-06 11:40:19 ERROR root SerialInterface spd4:COM1SendAndWait: Port COM1 not open
2026-03-06 11:40:19 ERROR root SerialInterface spd1:COM1SendAndWait: Port COM1 not open
2026-03-06 11:40:29 ERROR root SerialInterface spd6:COM1SendAndWait: Port COM1 not open
2026-03-06 11:40:29 ERROR root SerialInterface spd5:COM1SendAndWait: Port COM1 not open
2026-03-06 11:40:29 ERROR root SerialInterface spd1:COM1SendAndWait: Port COM1 not open
2026-03-06 11:40:29 ERROR root SerialInterface spd3:COM1SendAndWait: Port COM1 not open
2026-03-06 11:40:29 ERROR root SerialInterface spd4:COM1SendAndWait: Port COM1 not open
2026-03-06 11:40:29 ERROR root SerialInterface spd2:COM1SendAndWait: Port COM1 not open
2026-03-06 11:40:39 ERROR root SerialInterface spd6:COM1SendAndWait: Port COM1 not open
2026-03-06 11:40:39 ERROR root SerialInterface spd5:COM1SendAndWait: Port COM1 not open
2026-03-06 11:40:40 ERROR root SerialInterface spd1:COM1SendAndWait: Port COM1 not open
2026-03-06 11:40:40 ERROR root SerialInterface spd4:COM1SendAndWait: Port COM1 not open
2026-03-06 11:40:40 ERROR root SerialInterface spd2:COM1SendAndWait: Port COM1 not open
2026-03-06 11:40:40 ERROR root SerialInterface spd3:COM1SendAndWait: Port COM1 not open
2026-03-06 11:40:43 ERROR root Debug Server restarted:Listening
2026-03-06 11:40:49 ERROR root SerialInterface spd6:COM1SendAndWait: Port COM1 not open
2026-03-06 11:40:50 ERROR root SerialInterface spd5:COM1SendAndWait: Port COM1 not open
2026-03-06 11:40:50 ERROR root SerialInterface spd1:COM1SendAndWait: Port COM1 not open
2026-03-06 11:40:50 ERROR root SerialInterface spd4:COM1SendAndWait: Port COM1 not open
2026-03-06 11:40:50 ERROR root SerialInterface spd2:COM1SendAndWait: Port COM1 not open
2026-03-06 11:40:50 ERROR root SerialInterface spd3:COM1SendAndWait: Port COM1 not open
2026-03-06 11:41:00 ERROR root SerialInterface spd6:COM1SendAndWait: Port COM1 not open
2026-03-06 11:41:00 ERROR root SerialInterface spd5:COM1SendAndWait: Port COM1 not open
2026-03-06 11:41:00 ERROR root SerialInterface spd1:COM1SendAndWait: Port COM1 not open
2026-03-06 11:41:00 ERROR root SerialInterface spd4:COM1SendAndWait: Port COM1 not open
2026-03-06 11:41:00 ERROR root SerialInterface spd2:COM1SendAndWait: Port COM1 not open
2026-03-06 11:41:00 ERROR root SerialInterface spd3:COM1SendAndWait: Port COM1 not open
2026-03-06 11:41:10 ERROR root SerialInterface spd6:COM1SendAndWait: Port COM1 not open
2026-03-06 11:41:10 ERROR root SerialInterface spd5:COM1SendAndWait: Port COM1 not open
2026-03-06 11:41:10 ERROR root SerialInterface spd1:COM1SendAndWait: Port COM1 not open
2026-03-06 11:41:10 ERROR root SerialInterface spd4:COM1SendAndWait: Port COM1 not open
2026-03-06 11:41:10 ERROR root SerialInterface spd2:COM1SendAndWait: Port COM1 not open
2026-03-06 11:41:10 ERROR root SerialInterface spd3:COM1SendAndWait: Port COM1 not open
2026-03-06 11:41:13 ERROR root Debug Server restarted:Listening
2026-03-06 11:41:20 ERROR root SerialInterface spd6:COM1SendAndWait: Port COM1 not open
2026-03-06 11:41:20 ERROR root SerialInterface spd5:COM1SendAndWait: Port COM1 not open
2026-03-06 11:41:20 ERROR root SerialInterface spd1:COM1SendAndWait: Port COM1 not open
2026-03-06 11:41:20 ERROR root SerialInterface spd4:COM1SendAndWait: Port COM1 not open
2026-03-06 11:41:20 ERROR root SerialInterface spd2:COM1SendAndWait: Port COM1 not open
2026-03-06 11:41:20 ERROR root SerialInterface spd3:COM1SendAndWait: Port COM1 not open
2026-03-06 11:41:30 ERROR root SerialInterface spd6:COM1SendAndWait: Port COM1 not open
2026-03-06 11:41:30 ERROR root SerialInterface spd5:COM1SendAndWait: Port COM1 not open
2026-03-06 11:41:30 ERROR root SerialInterface spd1:COM1SendAndWait: Port COM1 not open
2026-03-06 11:41:30 ERROR root SerialInterface spd4:COM1SendAndWait: Port COM1 not open
2026-03-06 11:41:30 ERROR root SerialInterface spd2:COM1SendAndWait: Port COM1 not open
2026-03-06 11:41:30 ERROR root SerialInterface spd3:COM1SendAndWait: Port COM1 not open
2026-03-06 11:41:40 ERROR root SerialInterface spd6:COM1SendAndWait: Port COM1 not open
2026-03-06 11:41:40 ERROR root SerialInterface spd5:COM1SendAndWait: Port COM1 not open
2026-03-06 11:41:40 ERROR root SerialInterface spd1:COM1SendAndWait: Port COM1 not open
2026-03-06 11:41:40 ERROR root SerialInterface spd4:COM1SendAndWait: Port COM1 not open
2026-03-06 11:41:40 ERROR root SerialInterface spd2:COM1SendAndWait: Port COM1 not open
2026-03-06 11:41:40 ERROR root SerialInterface spd3:COM1SendAndWait: Port COM1 not open
2026-03-06 11:41:43 ERROR root Debug Server restarted:Listening
2026-03-06 11:41:50 ERROR root SerialInterface spd6:COM1SendAndWait: Port COM1 not open
2026-03-06 11:41:50 ERROR root SerialInterface spd5:COM1SendAndWait: Port COM1 not open
2026-03-06 11:41:50 ERROR root SerialInterface spd1:COM1SendAndWait: Port COM1 not open
2026-03-06 11:41:50 ERROR root SerialInterface spd4:COM1SendAndWait: Port COM1 not open
2026-03-06 11:41:50 ERROR root SerialInterface spd2:COM1SendAndWait: Port COM1 not open
2026-03-06 11:41:51 ERROR root SerialInterface spd3:COM1SendAndWait: Port COM1 not open
2026-03-06 11:42:00 ERROR root SerialInterface spd6:COM1SendAndWait: Port COM1 not open
2026-03-06 11:42:00 ERROR root SerialInterface spd5:COM1SendAndWait: Port COM1 not open
2026-03-06 11:42:01 ERROR root SerialInterface spd1:COM1SendAndWait: Port COM1 not open
2026-03-06 11:42:01 ERROR root SerialInterface spd4:COM1SendAndWait: Port COM1 not open
2026-03-06 11:42:01 ERROR root SerialInterface spd2:COM1SendAndWait: Port COM1 not open
2026-03-06 11:42:01 ERROR root SerialInterface spd3:COM1SendAndWait: Port COM1 not open
2026-03-06 11:42:10 ERROR root SerialInterface spd6:COM1SendAndWait: Port COM1 not open
2026-03-06 11:42:11 ERROR root SerialInterface spd5:COM1SendAndWait: Port COM1 not open
2026-03-06 11:42:11 ERROR root SerialInterface spd1:COM1SendAndWait: Port COM1 not open
2026-03-06 11:42:11 ERROR root SerialInterface spd4:COM1SendAndWait: Port COM1 not open
2026-03-06 11:42:11 ERROR root SerialInterface spd2:COM1SendAndWait: Port COM1 not open
2026-03-06 11:42:11 ERROR root SerialInterface spd3:COM1SendAndWait: Port COM1 not open
2026-03-06 11:42:13 ERROR root Debug Server restarted:Listening
2026-03-06 11:42:22 ERROR root SerialInterface spd4:COM1SendAndWait: Port COM1 not open
2026-03-06 11:42:22 ERROR root SerialInterface spd5:COM1SendAndWait: Port COM1 not open
2026-03-06 11:42:22 ERROR root SerialInterface spd3:COM1SendAndWait: Port COM1 not open
2026-03-06 11:42:22 ERROR root SerialInterface spd2:COM1SendAndWait: Port COM1 not open
2026-03-06 11:42:22 ERROR root SerialInterface spd1:COM1SendAndWait: Port COM1 not open
2026-03-06 11:42:22 ERROR root SerialInterface spd6:COM1SendAndWait: Port COM1 not open
2026-03-06 11:42:32 ERROR root SerialInterface spd4:COM1SendAndWait: Port COM1 not open
2026-03-06 11:42:32 ERROR root SerialInterface spd5:COM1SendAndWait: Port COM1 not open
2026-03-06 11:42:32 ERROR root SerialInterface spd3:COM1SendAndWait: Port COM1 not open
2026-03-06 11:42:32 ERROR root SerialInterface spd2:COM1SendAndWait: Port COM1 not open
2026-03-06 11:42:32 ERROR root SerialInterface spd1:COM1SendAndWait: Port COM1 not open
2026-03-06 11:42:32 ERROR root SerialInterface spd6:COM1SendAndWait: Port COM1 not open
2026-03-06 11:42:42 ERROR root SerialInterface spd4:COM1SendAndWait: Port COM1 not open
2026-03-06 11:42:42 ERROR root SerialInterface spd5:COM1SendAndWait: Port COM1 not open
2026-03-06 11:42:43 ERROR root SerialInterface spd3:COM1SendAndWait: Port COM1 not open
2026-03-06 11:42:43 ERROR root SerialInterface spd2:COM1SendAndWait: Port COM1 not open
2026-03-06 11:42:43 ERROR root SerialInterface spd6:COM1SendAndWait: Port COM1 not open
2026-03-06 11:42:43 ERROR root SerialInterface spd1:COM1SendAndWait: Port COM1 not open
2026-03-06 11:42:43 ERROR root Debug Server restarted:Listening
2026-03-06 11:42:53 ERROR root SerialInterface spd4:COM1SendAndWait: Port COM1 not open
2026-03-06 11:42:53 ERROR root SerialInterface spd5:COM1SendAndWait: Port COM1 not open
2026-03-06 11:42:53 ERROR root SerialInterface spd3:COM1SendAndWait: Port COM1 not open
2026-03-06 11:42:53 ERROR root SerialInterface spd2:COM1SendAndWait: Port COM1 not open
2026-03-06 11:42:53 ERROR root SerialInterface spd6:COM1SendAndWait: Port COM1 not open
2026-03-06 11:42:53 ERROR root SerialInterface spd1:COM1SendAndWait: Port COM1 not open
2026-03-06 11:43:03 ERROR root SerialInterface spd4:COM1SendAndWait: Port COM1 not open
2026-03-06 11:43:03 ERROR root SerialInterface spd5:COM1SendAndWait: Port COM1 not open
2026-03-06 11:43:03 ERROR root SerialInterface spd3:COM1SendAndWait: Port COM1 not open
2026-03-06 11:43:03 ERROR root SerialInterface spd2:COM1SendAndWait: Port COM1 not open
2026-03-06 11:43:03 ERROR root SerialInterface spd6:COM1SendAndWait: Port COM1 not open
2026-03-06 11:43:03 ERROR root SerialInterface spd1:COM1SendAndWait: Port COM1 not open
2026-03-06 11:43:13 ERROR root SerialInterface spd4:COM1SendAndWait: Port COM1 not open
2026-03-06 11:43:13 ERROR root SerialInterface spd5:COM1SendAndWait: Port COM1 not open
2026-03-06 11:43:13 ERROR root SerialInterface spd3:COM1SendAndWait: Port COM1 not open
2026-03-06 11:43:13 ERROR root SerialInterface spd2:COM1SendAndWait: Port COM1 not open
2026-03-06 11:43:13 ERROR root SerialInterface spd6:COM1SendAndWait: Port COM1 not open
2026-03-06 11:43:13 ERROR root SerialInterface spd1:COM1SendAndWait: Port COM1 not open
2026-03-06 11:43:13 ERROR root Debug Server restarted:Listening
2026-03-06 11:43:23 ERROR root SerialInterface spd4:COM1SendAndWait: Port COM1 not open
2026-03-06 11:43:23 ERROR root SerialInterface spd5:COM1SendAndWait: Port COM1 not open
2026-03-06 11:43:23 ERROR root SerialInterface spd3:COM1SendAndWait: Port COM1 not open
2026-03-06 11:43:23 ERROR root SerialInterface spd2:COM1SendAndWait: Port COM1 not open
2026-03-06 11:43:23 ERROR root SerialInterface spd6:COM1SendAndWait: Port COM1 not open
2026-03-06 11:43:23 ERROR root SerialInterface spd1:COM1SendAndWait: Port COM1 not open
2026-03-06 11:43:33 ERROR root SerialInterface spd4:COM1SendAndWait: Port COM1 not open
2026-03-06 11:43:33 ERROR root SerialInterface spd5:COM1SendAndWait: Port COM1 not open
2026-03-06 11:43:33 ERROR root SerialInterface spd2:COM1SendAndWait: Port COM1 not open
2026-03-06 11:43:33 ERROR root SerialInterface spd3:COM1SendAndWait: Port COM1 not open
2026-03-06 11:43:33 ERROR root SerialInterface spd6:COM1SendAndWait: Port COM1 not open
2026-03-06 11:43:33 ERROR root SerialInterface spd1:COM1SendAndWait: Port COM1 not open
2026-03-06 11:43:43 ERROR root Debug Server restarted:Listening
2026-03-06 11:43:43 ERROR root SerialInterface spd4:COM1SendAndWait: Port COM1 not open
2026-03-06 11:43:43 ERROR root SerialInterface spd5:COM1SendAndWait: Port COM1 not open
2026-03-06 11:43:43 ERROR root SerialInterface spd2:COM1SendAndWait: Port COM1 not open
2026-03-06 11:43:43 ERROR root SerialInterface spd3:COM1SendAndWait: Port COM1 not open
2026-03-06 11:43:43 ERROR root SerialInterface spd6:COM1SendAndWait: Port COM1 not open
2026-03-06 11:43:43 ERROR root SerialInterface spd1:COM1SendAndWait: Port COM1 not open
2026-03-06 11:43:53 ERROR root SerialInterface spd4:COM1SendAndWait: Port COM1 not open
2026-03-06 11:43:53 ERROR root SerialInterface spd5:COM1SendAndWait: Port COM1 not open
2026-03-06 11:43:53 ERROR root SerialInterface spd2:COM1SendAndWait: Port COM1 not open
2026-03-06 11:43:53 ERROR root SerialInterface spd3:COM1SendAndWait: Port COM1 not open
2026-03-06 11:43:54 ERROR root SerialInterface spd6:COM1SendAndWait: Port COM1 not open
2026-03-06 11:43:54 ERROR root SerialInterface spd1:COM1SendAndWait: Port COM1 not open
2026-03-06 11:44:04 ERROR root SerialInterface spd4:COM1SendAndWait: Port COM1 not open
2026-03-06 11:44:04 ERROR root SerialInterface spd5:COM1SendAndWait: Port COM1 not open
2026-03-06 11:44:04 ERROR root SerialInterface spd2:COM1SendAndWait: Port COM1 not open
2026-03-06 11:44:04 ERROR root SerialInterface spd3:COM1SendAndWait: Port COM1 not open
2026-03-06 11:44:04 ERROR root SerialInterface spd6:COM1SendAndWait: Port COM1 not open
2026-03-06 11:44:04 ERROR root SerialInterface spd1:COM1SendAndWait: Port COM1 not open
2026-03-06 11:44:13 ERROR root Debug Server restarted:Listening
2026-03-06 11:44:14 ERROR root SerialInterface spd4:COM1SendAndWait: Port COM1 not open
2026-03-06 11:44:14 ERROR root SerialInterface spd5:COM1SendAndWait: Port COM1 not open
2026-03-06 11:44:14 ERROR root SerialInterface spd2:COM1SendAndWait: Port COM1 not open
2026-03-06 11:44:14 ERROR root SerialInterface spd3:COM1SendAndWait: Port COM1 not open
2026-03-06 11:44:14 ERROR root SerialInterface spd6:COM1SendAndWait: Port COM1 not open
2026-03-06 11:44:14 ERROR root SerialInterface spd1:COM1SendAndWait: Port COM1 not open
2026-03-06 11:44:24 ERROR root SerialInterface spd4:COM1SendAndWait: Port COM1 not open
2026-03-06 11:44:24 ERROR root SerialInterface spd5:COM1SendAndWait: Port COM1 not open
2026-03-06 11:44:24 ERROR root SerialInterface spd2:COM1SendAndWait: Port COM1 not open
2026-03-06 11:44:24 ERROR root SerialInterface spd3:COM1SendAndWait: Port COM1 not open
2026-03-06 11:44:24 ERROR root SerialInterface spd1:COM1SendAndWait: Port COM1 not open
2026-03-06 11:44:24 ERROR root SerialInterface spd6:COM1SendAndWait: Port COM1 not open
2026-03-06 11:44:36 ERROR root SerialInterface spd2:COM1SendAndWait: Port COM1 not open
2026-03-06 11:44:36 ERROR root SerialInterface spd1:COM1SendAndWait: Port COM1 not open
2026-03-06 11:44:36 ERROR root SerialInterface spd5:COM1SendAndWait: Port COM1 not open
2026-03-06 11:44:36 ERROR root SerialInterface spd3:COM1SendAndWait: Port COM1 not open
2026-03-06 11:44:36 ERROR root SerialInterface spd4:COM1SendAndWait: Port COM1 not open
2026-03-06 11:44:36 ERROR root SerialInterface spd6:COM1SendAndWait: Port COM1 not open
2026-03-06 11:44:43 ERROR root Debug Server restarted:Listening
2026-03-06 11:44:46 ERROR root SerialInterface spd2:COM1SendAndWait: Port COM1 not open
2026-03-06 11:44:46 ERROR root SerialInterface spd1:COM1SendAndWait: Port COM1 not open
2026-03-06 11:44:46 ERROR root SerialInterface spd5:COM1SendAndWait: Port COM1 not open
2026-03-06 11:44:46 ERROR root SerialInterface spd4:COM1SendAndWait: Port COM1 not open
2026-03-06 11:44:46 ERROR root SerialInterface spd3:COM1SendAndWait: Port COM1 not open
2026-03-06 11:44:46 ERROR root SerialInterface spd6:COM1SendAndWait: Port COM1 not open
2026-03-06 11:44:56 ERROR root SerialInterface spd2:COM1SendAndWait: Port COM1 not open
2026-03-06 11:44:56 ERROR root SerialInterface spd1:COM1SendAndWait: Port COM1 not open
2026-03-06 11:44:56 ERROR root SerialInterface spd4:COM1SendAndWait: Port COM1 not open
2026-03-06 11:44:56 ERROR root SerialInterface spd5:COM1SendAndWait: Port COM1 not open
2026-03-06 11:44:56 ERROR root SerialInterface spd3:COM1SendAndWait: Port COM1 not open
2026-03-06 11:44:56 ERROR root SerialInterface spd6:COM1SendAndWait: Port COM1 not open
2026-03-06 11:45:06 ERROR root SerialInterface spd2:COM1SendAndWait: Port COM1 not open
2026-03-06 11:45:06 ERROR root SerialInterface spd1:COM1SendAndWait: Port COM1 not open
2026-03-06 11:45:06 ERROR root SerialInterface spd4:COM1SendAndWait: Port COM1 not open
2026-03-06 11:45:06 ERROR root SerialInterface spd5:COM1SendAndWait: Port COM1 not open
2026-03-06 11:45:06 ERROR root SerialInterface spd3:COM1SendAndWait: Port COM1 not open
2026-03-06 11:45:06 ERROR root SerialInterface spd6:COM1SendAndWait: Port COM1 not open
2026-03-06 11:45:13 ERROR root Debug Server restarted:Listening
2026-03-06 11:45:16 ERROR root SerialInterface spd2:COM1SendAndWait: Port COM1 not open
2026-03-06 11:45:16 ERROR root SerialInterface spd1:COM1SendAndWait: Port COM1 not open
2026-03-06 11:45:16 ERROR root SerialInterface spd4:COM1SendAndWait: Port COM1 not open
2026-03-06 11:45:16 ERROR root SerialInterface spd5:COM1SendAndWait: Port COM1 not open
2026-03-06 11:45:16 ERROR root SerialInterface spd3:COM1SendAndWait: Port COM1 not open
2026-03-06 11:45:16 ERROR root SerialInterface spd6:COM1SendAndWait: Port COM1 not open
2026-03-06 11:45:26 ERROR root SerialInterface spd2:COM1SendAndWait: Port COM1 not open
2026-03-06 11:45:26 ERROR root SerialInterface spd1:COM1SendAndWait: Port COM1 not open
2026-03-06 11:45:26 ERROR root SerialInterface spd4:COM1SendAndWait: Port COM1 not open
2026-03-06 11:45:27 ERROR root SerialInterface spd5:COM1SendAndWait: Port COM1 not open
2026-03-06 11:45:27 ERROR root SerialInterface spd3:COM1SendAndWait: Port COM1 not open
2026-03-06 11:45:27 ERROR root SerialInterface spd6:COM1SendAndWait: Port COM1 not open
2026-03-06 11:45:36 ERROR root SerialInterface spd2:COM1SendAndWait: Port COM1 not open
2026-03-06 11:45:37 ERROR root SerialInterface spd1:COM1SendAndWait: Port COM1 not open
2026-03-06 11:45:37 ERROR root SerialInterface spd4:COM1SendAndWait: Port COM1 not open
2026-03-06 11:45:37 ERROR root SerialInterface spd5:COM1SendAndWait: Port COM1 not open
2026-03-06 11:45:37 ERROR root SerialInterface spd3:COM1SendAndWait: Port COM1 not open
2026-03-06 11:45:37 ERROR root SerialInterface spd6:COM1SendAndWait: Port COM1 not open
2026-03-06 11:45:43 ERROR root Debug Server restarted:Listening
2026-03-06 11:45:47 ERROR root SerialInterface spd2:COM1SendAndWait: Port COM1 not open
2026-03-06 11:45:47 ERROR root SerialInterface spd1:COM1SendAndWait: Port COM1 not open
2026-03-06 11:45:47 ERROR root SerialInterface spd4:COM1SendAndWait: Port COM1 not open
2026-03-06 11:45:47 ERROR root SerialInterface spd5:COM1SendAndWait: Port COM1 not open
2026-03-06 11:45:47 ERROR root SerialInterface spd3:COM1SendAndWait: Port COM1 not open
2026-03-06 11:45:47 ERROR root SerialInterface spd6:COM1SendAndWait: Port COM1 not open
2026-03-06 11:45:57 ERROR root SerialInterface spd2:COM1SendAndWait: Port COM1 not open
2026-03-06 11:45:57 ERROR root SerialInterface spd1:COM1SendAndWait: Port COM1 not open
2026-03-06 11:45:57 ERROR root SerialInterface spd4:COM1SendAndWait: Port COM1 not open
2026-03-06 11:45:57 ERROR root SerialInterface spd5:COM1SendAndWait: Port COM1 not open
2026-03-06 11:45:57 ERROR root SerialInterface spd3:COM1SendAndWait: Port COM1 not open
2026-03-06 11:45:57 ERROR root SerialInterface spd6:COM1SendAndWait: Port COM1 not open
2026-03-06 11:46:07 ERROR root SerialInterface spd2:COM1SendAndWait: Port COM1 not open
2026-03-06 11:46:07 ERROR root SerialInterface spd1:COM1SendAndWait: Port COM1 not open
2026-03-06 11:46:07 ERROR root SerialInterface spd4:COM1SendAndWait: Port COM1 not open
2026-03-06 11:46:07 ERROR root SerialInterface spd5:COM1SendAndWait: Port COM1 not open
2026-03-06 11:46:07 ERROR root SerialInterface spd3:COM1SendAndWait: Port COM1 not open
2026-03-06 11:46:07 ERROR root SerialInterface spd6:COM1SendAndWait: Port COM1 not open
2026-03-06 11:46:13 ERROR root Debug Server restarted:Listening
2026-03-06 11:46:17 ERROR root SerialInterface spd2:COM1SendAndWait: Port COM1 not open
2026-03-06 11:46:17 ERROR root SerialInterface spd1:COM1SendAndWait: Port COM1 not open
2026-03-06 11:46:17 ERROR root SerialInterface spd4:COM1SendAndWait: Port COM1 not open
2026-03-06 11:46:17 ERROR root SerialInterface spd5:COM1SendAndWait: Port COM1 not open
2026-03-06 11:46:17 ERROR root SerialInterface spd3:COM1SendAndWait: Port COM1 not open
2026-03-06 11:46:17 ERROR root SerialInterface spd6:COM1SendAndWait: Port COM1 not open
2026-03-06 11:46:27 ERROR root SerialInterface spd2:COM1SendAndWait: Port COM1 not open
2026-03-06 11:46:27 ERROR root SerialInterface spd1:COM1SendAndWait: Port COM1 not open
2026-03-06 11:46:27 ERROR root SerialInterface spd4:COM1SendAndWait: Port COM1 not open
2026-03-06 11:46:27 ERROR root SerialInterface spd5:COM1SendAndWait: Port COM1 not open
2026-03-06 11:46:27 ERROR root SerialInterface spd3:COM1SendAndWait: Port COM1 not open
2026-03-06 11:46:27 ERROR root SerialInterface spd6:COM1SendAndWait: Port COM1 not open
2026-03-06 11:46:37 ERROR root SerialInterface spd2:COM1SendAndWait: Port COM1 not open
2026-03-06 11:46:37 ERROR root SerialInterface spd1:COM1SendAndWait: Port COM1 not open
2026-03-06 11:46:37 ERROR root SerialInterface spd4:COM1SendAndWait: Port COM1 not open
2026-03-06 11:46:37 ERROR root SerialInterface spd5:COM1SendAndWait: Port COM1 not open
2026-03-06 11:46:38 ERROR root SerialInterface spd3:COM1SendAndWait: Port COM1 not open
2026-03-06 11:46:38 ERROR root SerialInterface spd6:COM1SendAndWait: Port COM1 not open
2026-03-06 11:46:43 ERROR root Debug Server restarted:Listening
2026-03-06 11:46:50 ERROR root SerialInterface spd6:COM1SendAndWait: Port COM1 not open
2026-03-06 11:46:50 ERROR root SerialInterface spd3:COM1SendAndWait: Port COM1 not open
2026-03-06 11:46:50 ERROR root SerialInterface spd5:COM1SendAndWait: Port COM1 not open
2026-03-06 11:46:50 ERROR root SerialInterface spd2:COM1SendAndWait: Port COM1 not open
2026-03-06 11:46:50 ERROR root SerialInterface spd1:COM1SendAndWait: Port COM1 not open
2026-03-06 11:46:50 ERROR root SerialInterface spd4:COM1SendAndWait: Port COM1 not open
2026-03-06 11:47:00 ERROR root SerialInterface spd6:COM1SendAndWait: Port COM1 not open
2026-03-06 11:47:00 ERROR root SerialInterface spd2:COM1SendAndWait: Port COM1 not open
2026-03-06 11:47:00 ERROR root SerialInterface spd1:COM1SendAndWait: Port COM1 not open
2026-03-06 11:47:00 ERROR root SerialInterface spd4:COM1SendAndWait: Port COM1 not open
2026-03-06 11:47:00 ERROR root SerialInterface spd3:COM1SendAndWait: Port COM1 not open
2026-03-06 11:47:00 ERROR root SerialInterface spd5:COM1SendAndWait: Port COM1 not open
2026-03-06 11:47:10 ERROR root SerialInterface spd6:COM1SendAndWait: Port COM1 not open
2026-03-06 11:47:10 ERROR root SerialInterface spd2:COM1SendAndWait: Port COM1 not open
2026-03-06 11:47:10 ERROR root SerialInterface spd5:COM1SendAndWait: Port COM1 not open
2026-03-06 11:47:10 ERROR root SerialInterface spd3:COM1SendAndWait: Port COM1 not open
2026-03-06 11:47:10 ERROR root SerialInterface spd4:COM1SendAndWait: Port COM1 not open
2026-03-06 11:47:10 ERROR root SerialInterface spd1:COM1SendAndWait: Port COM1 not open
2026-03-06 11:47:13 ERROR root Debug Server restarted:Listening
2026-03-06 11:47:20 ERROR root SerialInterface spd6:COM1SendAndWait: Port COM1 not open
2026-03-06 11:47:20 ERROR root SerialInterface spd2:COM1SendAndWait: Port COM1 not open
2026-03-06 11:47:20 ERROR root SerialInterface spd5:COM1SendAndWait: Port COM1 not open
2026-03-06 11:47:20 ERROR root SerialInterface spd3:COM1SendAndWait: Port COM1 not open
2026-03-06 11:47:21 ERROR root SerialInterface spd4:COM1SendAndWait: Port COM1 not open
2026-03-06 11:47:21 ERROR root SerialInterface spd1:COM1SendAndWait: Port COM1 not open
2026-03-06 11:47:30 ERROR root SerialInterface spd6:COM1SendAndWait: Port COM1 not open
2026-03-06 11:47:31 ERROR root SerialInterface spd2:COM1SendAndWait: Port COM1 not open
2026-03-06 11:47:31 ERROR root SerialInterface spd5:COM1SendAndWait: Port COM1 not open
2026-03-06 11:47:31 ERROR root SerialInterface spd3:COM1SendAndWait: Port COM1 not open
2026-03-06 11:47:31 ERROR root SerialInterface spd4:COM1SendAndWait: Port COM1 not open
2026-03-06 11:47:31 ERROR root SerialInterface spd1:COM1SendAndWait: Port COM1 not open
2026-03-06 11:47:41 ERROR root SerialInterface spd6:COM1SendAndWait: Port COM1 not open
2026-03-06 11:47:41 ERROR root SerialInterface spd2:COM1SendAndWait: Port COM1 not open
2026-03-06 11:47:41 ERROR root SerialInterface spd5:COM1SendAndWait: Port COM1 not open
2026-03-06 11:47:41 ERROR root SerialInterface spd3:COM1SendAndWait: Port COM1 not open
2026-03-06 11:47:41 ERROR root SerialInterface spd4:COM1SendAndWait: Port COM1 not open
2026-03-06 11:47:41 ERROR root SerialInterface spd1:COM1SendAndWait: Port COM1 not open
2026-03-06 11:47:43 ERROR root Debug Server restarted:Listening
2026-03-06 11:47:51 ERROR root SerialInterface spd6:COM1SendAndWait: Port COM1 not open
2026-03-06 11:47:51 ERROR root SerialInterface spd2:COM1SendAndWait: Port COM1 not open
2026-03-06 11:47:51 ERROR root SerialInterface spd5:COM1SendAndWait: Port COM1 not open
2026-03-06 11:47:51 ERROR root SerialInterface spd3:COM1SendAndWait: Port COM1 not open
2026-03-06 11:47:51 ERROR root SerialInterface spd4:COM1SendAndWait: Port COM1 not open
2026-03-06 11:47:51 ERROR root SerialInterface spd1:COM1SendAndWait: Port COM1 not open
2026-03-06 11:48:01 ERROR root SerialInterface spd6:COM1SendAndWait: Port COM1 not open
2026-03-06 11:48:01 ERROR root SerialInterface spd2:COM1SendAndWait: Port COM1 not open
2026-03-06 11:48:01 ERROR root SerialInterface spd5:COM1SendAndWait: Port COM1 not open
2026-03-06 11:48:01 ERROR root SerialInterface spd3:COM1SendAndWait: Port COM1 not open
2026-03-06 11:48:01 ERROR root SerialInterface spd4:COM1SendAndWait: Port COM1 not open
2026-03-06 11:48:01 ERROR root SerialInterface spd1:COM1SendAndWait: Port COM1 not open
2026-03-06 11:48:11 ERROR root SerialInterface spd6:COM1SendAndWait: Port COM1 not open
2026-03-06 11:48:11 ERROR root SerialInterface spd2:COM1SendAndWait: Port COM1 not open
2026-03-06 11:48:11 ERROR root SerialInterface spd5:COM1SendAndWait: Port COM1 not open
2026-03-06 11:48:11 ERROR root SerialInterface spd3:COM1SendAndWait: Port COM1 not open
2026-03-06 11:48:11 ERROR root SerialInterface spd4:COM1SendAndWait: Port COM1 not open
2026-03-06 11:48:11 ERROR root SerialInterface spd1:COM1SendAndWait: Port COM1 not open
2026-03-06 11:48:13 ERROR root Debug Server restarted:Listening
2026-03-06 11:48:21 ERROR root SerialInterface spd6:COM1SendAndWait: Port COM1 not open
2026-03-06 11:48:21 ERROR root SerialInterface spd2:COM1SendAndWait: Port COM1 not open
2026-03-06 11:48:21 ERROR root SerialInterface spd5:COM1SendAndWait: Port COM1 not open
2026-03-06 11:48:21 ERROR root SerialInterface spd4:COM1SendAndWait: Port COM1 not open
2026-03-06 11:48:21 ERROR root SerialInterface spd3:COM1SendAndWait: Port COM1 not open
2026-03-06 11:48:21 ERROR root SerialInterface spd1:COM1SendAndWait: Port COM1 not open
2026-03-06 11:48:31 ERROR root SerialInterface spd6:COM1SendAndWait: Port COM1 not open
2026-03-06 11:48:31 ERROR root SerialInterface spd2:COM1SendAndWait: Port COM1 not open
2026-03-06 11:48:31 ERROR root SerialInterface spd5:COM1SendAndWait: Port COM1 not open
2026-03-06 11:48:31 ERROR root SerialInterface spd4:COM1SendAndWait: Port COM1 not open
2026-03-06 11:48:31 ERROR root SerialInterface spd3:COM1SendAndWait: Port COM1 not open
2026-03-06 11:48:31 ERROR root SerialInterface spd1:COM1SendAndWait: Port COM1 not open
2026-03-06 11:48:41 ERROR root SerialInterface spd6:COM1SendAndWait: Port COM1 not open
2026-03-06 11:48:41 ERROR root SerialInterface spd2:COM1SendAndWait: Port COM1 not open
2026-03-06 11:48:41 ERROR root SerialInterface spd5:COM1SendAndWait: Port COM1 not open
2026-03-06 11:48:42 ERROR root SerialInterface spd4:COM1SendAndWait: Port COM1 not open
2026-03-06 11:48:42 ERROR root SerialInterface spd3:COM1SendAndWait: Port COM1 not open
2026-03-06 11:48:42 ERROR root SerialInterface spd1:COM1SendAndWait: Port COM1 not open
2026-03-06 11:48:43 ERROR root Debug Server restarted:Listening
2026-03-06 11:48:51 ERROR root SerialInterface spd6:COM1SendAndWait: Port COM1 not open
2026-03-06 11:48:52 ERROR root SerialInterface spd2:COM1SendAndWait: Port COM1 not open
2026-03-06 11:48:52 ERROR root SerialInterface spd5:COM1SendAndWait: Port COM1 not open
2026-03-06 11:48:52 ERROR root SerialInterface spd4:COM1SendAndWait: Port COM1 not open
2026-03-06 11:48:52 ERROR root SerialInterface spd3:COM1SendAndWait: Port COM1 not open
2026-03-06 11:48:52 ERROR root SerialInterface spd1:COM1SendAndWait: Port COM1 not open
2026-03-06 11:49:04 ERROR root SerialInterface spd3:COM1SendAndWait: Port COM1 not open
2026-03-06 11:49:04 ERROR root SerialInterface spd2:COM1SendAndWait: Port COM1 not open
2026-03-06 11:49:04 ERROR root SerialInterface spd5:COM1SendAndWait: Port COM1 not open
2026-03-06 11:49:04 ERROR root SerialInterface spd4:COM1SendAndWait: Port COM1 not open
2026-03-06 11:49:04 ERROR root SerialInterface spd6:COM1SendAndWait: Port COM1 not open
2026-03-06 11:49:04 ERROR root SerialInterface spd1:COM1SendAndWait: Port COM1 not open
2026-03-06 11:49:13 ERROR root Debug Server restarted:Listening
2026-03-06 11:49:15 ERROR root SerialInterface spd3:COM1SendAndWait: Port COM1 not open
2026-03-06 11:49:15 ERROR root SerialInterface spd2:COM1SendAndWait: Port COM1 not open
2026-03-06 11:49:15 ERROR root SerialInterface spd6:COM1SendAndWait: Port COM1 not open
2026-03-06 11:49:15 ERROR root SerialInterface spd5:COM1SendAndWait: Port COM1 not open
2026-03-06 11:49:15 ERROR root SerialInterface spd1:COM1SendAndWait: Port COM1 not open
2026-03-06 11:49:15 ERROR root SerialInterface spd4:COM1SendAndWait: Port COM1 not open
2026-03-06 11:49:25 ERROR root SerialInterface spd3:COM1SendAndWait: Port COM1 not open
2026-03-06 11:49:25 ERROR root SerialInterface spd2:COM1SendAndWait: Port COM1 not open
2026-03-06 11:49:25 ERROR root SerialInterface spd5:COM1SendAndWait: Port COM1 not open
2026-03-06 11:49:25 ERROR root SerialInterface spd4:COM1SendAndWait: Port COM1 not open
2026-03-06 11:49:25 ERROR root SerialInterface spd6:COM1SendAndWait: Port COM1 not open
2026-03-06 11:49:25 ERROR root SerialInterface spd1:COM1SendAndWait: Port COM1 not open
2026-03-06 11:49:35 ERROR root SerialInterface spd3:COM1SendAndWait: Port COM1 not open
2026-03-06 11:49:35 ERROR root SerialInterface spd2:COM1SendAndWait: Port COM1 not open
2026-03-06 11:49:35 ERROR root SerialInterface spd5:COM1SendAndWait: Port COM1 not open
2026-03-06 11:49:35 ERROR root SerialInterface spd1:COM1SendAndWait: Port COM1 not open
2026-03-06 11:49:35 ERROR root SerialInterface spd4:COM1SendAndWait: Port COM1 not open
2026-03-06 11:49:35 ERROR root SerialInterface spd6:COM1SendAndWait: Port COM1 not open
2026-03-06 11:49:43 ERROR root Debug Server restarted:Listening
2026-03-06 11:49:45 ERROR root SerialInterface spd3:COM1SendAndWait: Port COM1 not open
2026-03-06 11:49:45 ERROR root SerialInterface spd2:COM1SendAndWait: Port COM1 not open
2026-03-06 11:49:45 ERROR root SerialInterface spd5:COM1SendAndWait: Port COM1 not open
2026-03-06 11:49:45 ERROR root SerialInterface spd1:COM1SendAndWait: Port COM1 not open
2026-03-06 11:49:45 ERROR root SerialInterface spd4:COM1SendAndWait: Port COM1 not open
2026-03-06 11:49:45 ERROR root SerialInterface spd6:COM1SendAndWait: Port COM1 not open
2026-03-06 11:49:55 ERROR root SerialInterface spd3:COM1SendAndWait: Port COM1 not open
2026-03-06 11:49:55 ERROR root SerialInterface spd2:COM1SendAndWait: Port COM1 not open
2026-03-06 11:49:55 ERROR root SerialInterface spd5:COM1SendAndWait: Port COM1 not open
2026-03-06 11:49:55 ERROR root SerialInterface spd1:COM1SendAndWait: Port COM1 not open
2026-03-06 11:49:55 ERROR root SerialInterface spd4:COM1SendAndWait: Port COM1 not open
2026-03-06 11:49:55 ERROR root SerialInterface spd6:COM1SendAndWait: Port COM1 not open
2026-03-06 11:50:05 ERROR root SerialInterface spd3:COM1SendAndWait: Port COM1 not open
2026-03-06 11:50:05 ERROR root SerialInterface spd2:COM1SendAndWait: Port COM1 not open
2026-03-06 11:50:05 ERROR root SerialInterface spd5:COM1SendAndWait: Port COM1 not open
2026-03-06 11:50:05 ERROR root SerialInterface spd1:COM1SendAndWait: Port COM1 not open
2026-03-06 11:50:05 ERROR root SerialInterface spd4:COM1SendAndWait: Port COM1 not open
2026-03-06 11:50:05 ERROR root SerialInterface spd6:COM1SendAndWait: Port COM1 not open
2026-03-06 11:50:13 ERROR root Debug Server restarted:Listening
2026-03-06 11:50:16 ERROR root SerialInterface spd3:COM1SendAndWait: Port COM1 not open
2026-03-06 11:50:16 ERROR root SerialInterface spd2:COM1SendAndWait: Port COM1 not open
2026-03-06 11:50:16 ERROR root SerialInterface spd6:COM1SendAndWait: Port COM1 not open
2026-03-06 11:50:16 ERROR root SerialInterface spd4:COM1SendAndWait: Port COM1 not open
2026-03-06 11:50:16 ERROR root SerialInterface spd5:COM1SendAndWait: Port COM1 not open
2026-03-06 11:50:16 ERROR root SerialInterface spd1:COM1SendAndWait: Port COM1 not open
2026-03-06 11:50:26 ERROR root SerialInterface spd3:COM1SendAndWait: Port COM1 not open
2026-03-06 11:50:26 ERROR root SerialInterface spd4:COM1SendAndWait: Port COM1 not open
2026-03-06 11:50:26 ERROR root SerialInterface spd1:COM1SendAndWait: Port COM1 not open
2026-03-06 11:50:26 ERROR root SerialInterface spd6:COM1SendAndWait: Port COM1 not open
2026-03-06 11:50:26 ERROR root SerialInterface spd5:COM1SendAndWait: Port COM1 not open
2026-03-06 11:50:26 ERROR root SerialInterface spd2:COM1SendAndWait: Port COM1 not open
2026-03-06 11:50:36 ERROR root SerialInterface spd3:COM1SendAndWait: Port COM1 not open
2026-03-06 11:50:36 ERROR root SerialInterface spd4:COM1SendAndWait: Port COM1 not open
2026-03-06 11:50:36 ERROR root SerialInterface spd1:COM1SendAndWait: Port COM1 not open
2026-03-06 11:50:36 ERROR root SerialInterface spd5:COM1SendAndWait: Port COM1 not open
2026-03-06 11:50:36 ERROR root SerialInterface spd6:COM1SendAndWait: Port COM1 not open
2026-03-06 11:50:36 ERROR root SerialInterface spd2:COM1SendAndWait: Port COM1 not open
2026-03-06 11:50:43 ERROR root Debug Server restarted:Listening
2026-03-06 11:50:46 ERROR root SerialInterface spd3:COM1SendAndWait: Port COM1 not open
2026-03-06 11:50:46 ERROR root SerialInterface spd4:COM1SendAndWait: Port COM1 not open
2026-03-06 11:50:46 ERROR root SerialInterface spd1:COM1SendAndWait: Port COM1 not open
2026-03-06 11:50:46 ERROR root SerialInterface spd2:COM1SendAndWait: Port COM1 not open
2026-03-06 11:50:46 ERROR root SerialInterface spd5:COM1SendAndWait: Port COM1 not open
2026-03-06 11:50:46 ERROR root SerialInterface spd6:COM1SendAndWait: Port COM1 not open
2026-03-06 11:50:56 ERROR root SerialInterface spd3:COM1SendAndWait: Port COM1 not open
2026-03-06 11:50:56 ERROR root SerialInterface spd4:COM1SendAndWait: Port COM1 not open
2026-03-06 11:50:56 ERROR root SerialInterface spd1:COM1SendAndWait: Port COM1 not open
2026-03-06 11:50:56 ERROR root SerialInterface spd5:COM1SendAndWait: Port COM1 not open
2026-03-06 11:50:56 ERROR root SerialInterface spd2:COM1SendAndWait: Port COM1 not open
2026-03-06 11:50:56 ERROR root SerialInterface spd6:COM1SendAndWait: Port COM1 not open
2026-03-06 11:51:06 ERROR root SerialInterface spd3:COM1SendAndWait: Port COM1 not open
2026-03-06 11:51:06 ERROR root SerialInterface spd4:COM1SendAndWait: Port COM1 not open
2026-03-06 11:51:06 ERROR root SerialInterface spd1:COM1SendAndWait: Port COM1 not open
2026-03-06 11:51:06 ERROR root SerialInterface spd5:COM1SendAndWait: Port COM1 not open
2026-03-06 11:51:06 ERROR root SerialInterface spd2:COM1SendAndWait: Port COM1 not open
2026-03-06 11:51:07 ERROR root SerialInterface spd6:COM1SendAndWait: Port COM1 not open
2026-03-06 11:51:13 ERROR root Debug Server restarted:Listening
2026-03-06 11:51:19 ERROR root SerialInterface spd4:COM1SendAndWait: Port COM1 not open
2026-03-06 11:51:19 ERROR root SerialInterface spd3:COM1SendAndWait: Port COM1 not open
2026-03-06 11:51:19 ERROR root SerialInterface spd2:COM1SendAndWait: Port COM1 not open
2026-03-06 11:51:19 ERROR root SerialInterface spd1:COM1SendAndWait: Port COM1 not open
2026-03-06 11:51:19 ERROR root SerialInterface spd5:COM1SendAndWait: Port COM1 not open
2026-03-06 11:51:19 ERROR root SerialInterface spd6:COM1SendAndWait: Port COM1 not open
2026-03-06 11:51:30 ERROR root SerialInterface spd4:COM1SendAndWait: Port COM1 not open
2026-03-06 11:51:30 ERROR root SerialInterface spd1:COM1SendAndWait: Port COM1 not open
2026-03-06 11:51:30 ERROR root SerialInterface spd2:COM1SendAndWait: Port COM1 not open
2026-03-06 11:51:30 ERROR root SerialInterface spd3:COM1SendAndWait: Port COM1 not open
2026-03-06 11:51:30 ERROR root SerialInterface spd5:COM1SendAndWait: Port COM1 not open
2026-03-06 11:51:30 ERROR root SerialInterface spd6:COM1SendAndWait: Port COM1 not open
2026-03-06 11:51:40 ERROR root SerialInterface spd4:COM1SendAndWait: Port COM1 not open
2026-03-06 11:51:40 ERROR root SerialInterface spd1:COM1SendAndWait: Port COM1 not open
2026-03-06 11:51:40 ERROR root SerialInterface spd2:COM1SendAndWait: Port COM1 not open
2026-03-06 11:51:40 ERROR root SerialInterface spd3:COM1SendAndWait: Port COM1 not open
2026-03-06 11:51:40 ERROR root SerialInterface spd6:COM1SendAndWait: Port COM1 not open
2026-03-06 11:51:40 ERROR root SerialInterface spd5:COM1SendAndWait: Port COM1 not open
2026-03-06 11:51:43 ERROR root Debug Server restarted:Listening
2026-03-06 11:51:50 ERROR root SerialInterface spd4:COM1SendAndWait: Port COM1 not open
2026-03-06 11:51:50 ERROR root SerialInterface spd1:COM1SendAndWait: Port COM1 not open
2026-03-06 11:51:50 ERROR root SerialInterface spd2:COM1SendAndWait: Port COM1 not open
2026-03-06 11:51:50 ERROR root SerialInterface spd5:COM1SendAndWait: Port COM1 not open
2026-03-06 11:51:50 ERROR root SerialInterface spd3:COM1SendAndWait: Port COM1 not open
2026-03-06 11:51:50 ERROR root SerialInterface spd6:COM1SendAndWait: Port COM1 not open
2026-03-06 11:52:00 ERROR root SerialInterface spd4:COM1SendAndWait: Port COM1 not open
2026-03-06 11:52:00 ERROR root SerialInterface spd1:COM1SendAndWait: Port COM1 not open
2026-03-06 11:52:00 ERROR root SerialInterface spd2:COM1SendAndWait: Port COM1 not open
2026-03-06 11:52:00 ERROR root SerialInterface spd5:COM1SendAndWait: Port COM1 not open
2026-03-06 11:52:00 ERROR root SerialInterface spd3:COM1SendAndWait: Port COM1 not open
2026-03-06 11:52:00 ERROR root SerialInterface spd6:COM1SendAndWait: Port COM1 not open
2026-03-06 11:52:10 ERROR root SerialInterface spd4:COM1SendAndWait: Port COM1 not open
2026-03-06 11:52:10 ERROR root SerialInterface spd1:COM1SendAndWait: Port COM1 not open
2026-03-06 11:52:10 ERROR root SerialInterface spd2:COM1SendAndWait: Port COM1 not open
2026-03-06 11:52:10 ERROR root SerialInterface spd5:COM1SendAndWait: Port COM1 not open
2026-03-06 11:52:10 ERROR root SerialInterface spd3:COM1SendAndWait: Port COM1 not open
2026-03-06 11:52:10 ERROR root SerialInterface spd6:COM1SendAndWait: Port COM1 not open
2026-03-06 11:52:13 ERROR root Debug Server restarted:Listening
2026-03-06 11:52:20 ERROR root SerialInterface spd4:COM1SendAndWait: Port COM1 not open
2026-03-06 11:52:20 ERROR root SerialInterface spd1:COM1SendAndWait: Port COM1 not open
2026-03-06 11:52:20 ERROR root SerialInterface spd2:COM1SendAndWait: Port COM1 not open
2026-03-06 11:52:20 ERROR root SerialInterface spd5:COM1SendAndWait: Port COM1 not open
2026-03-06 11:52:20 ERROR root SerialInterface spd3:COM1SendAndWait: Port COM1 not open
2026-03-06 11:52:20 ERROR root SerialInterface spd6:COM1SendAndWait: Port COM1 not open
2026-03-06 11:52:31 ERROR root SerialInterface spd4:COM1SendAndWait: Port COM1 not open
2026-03-06 11:52:31 ERROR root SerialInterface spd1:COM1SendAndWait: Port COM1 not open
2026-03-06 11:52:31 ERROR root SerialInterface spd5:COM1SendAndWait: Port COM1 not open
2026-03-06 11:52:31 ERROR root SerialInterface spd3:COM1SendAndWait: Port COM1 not open
2026-03-06 11:52:31 ERROR root SerialInterface spd6:COM1SendAndWait: Port COM1 not open
2026-03-06 11:52:31 ERROR root SerialInterface spd2:COM1SendAndWait: Port COM1 not open
2026-03-06 11:52:41 ERROR root SerialInterface spd4:COM1SendAndWait: Port COM1 not open
2026-03-06 11:52:41 ERROR root SerialInterface spd2:COM1SendAndWait: Port COM1 not open
2026-03-06 11:52:41 ERROR root SerialInterface spd6:COM1SendAndWait: Port COM1 not open
2026-03-06 11:52:41 ERROR root SerialInterface spd3:COM1SendAndWait: Port COM1 not open
2026-03-06 11:52:41 ERROR root SerialInterface spd1:COM1SendAndWait: Port COM1 not open
2026-03-06 11:52:41 ERROR root SerialInterface spd5:COM1SendAndWait: Port COM1 not open
2026-03-06 11:52:43 ERROR root Debug Server restarted:Listening
2026-03-06 11:52:51 ERROR root SerialInterface spd4:COM1SendAndWait: Port COM1 not open
2026-03-06 11:52:51 ERROR root SerialInterface spd2:COM1SendAndWait: Port COM1 not open
2026-03-06 11:52:51 ERROR root SerialInterface spd6:COM1SendAndWait: Port COM1 not open
2026-03-06 11:52:51 ERROR root SerialInterface spd3:COM1SendAndWait: Port COM1 not open
2026-03-06 11:52:51 ERROR root SerialInterface spd1:COM1SendAndWait: Port COM1 not open
2026-03-06 11:52:51 ERROR root SerialInterface spd5:COM1SendAndWait: Port COM1 not open
2026-03-06 11:53:00 ERROR root Receive failed, from client
2026-03-06 11:53:00 ERROR root Invalid Parameter IC142Panel ShowPopup: popup=Control Server is Offline
2026-03-06 11:53:00 ERROR root Invalid Parameter IC143Panel ShowPopup: popup=Control Server is Offline
2026-03-06 11:53:00 ERROR root Invalid Parameter IC144Panel ShowPopup: popup=Control Server is Offline
2026-03-06 11:53:00 ERROR root Invalid Parameter BreakRmPanel ShowPopup: popup=Control Server is Offline
2026-03-06 11:53:00 ERROR root Invalid Parameter LobbyPanel ShowPopup: popup=Control Server is Offline
2026-03-06 11:53:00 ERROR root Invalid Parameter HallPanel ShowPopup: popup=Control Server is Offline
2026-03-06 11:53:00 ERROR root Invalid Parameter BWDPanel ShowPopup: popup=Control Server is Offline
2026-03-06 11:53:00 ERROR root Invalid Parameter IC142Panel ShowPopup: popup=Control Server is Offline
2026-03-06 11:53:00 ERROR root Invalid Parameter IC143Panel ShowPopup: popup=Control Server is Offline
2026-03-06 11:53:00 ERROR root Invalid Parameter IC144Panel ShowPopup: popup=Control Server is Offline
2026-03-06 11:53:00 ERROR root Invalid Parameter BreakRmPanel ShowPopup: popup=Control Server is Offline
2026-03-06 11:53:00 ERROR root Invalid Parameter LobbyPanel ShowPopup: popup=Control Server is Offline
2026-03-06 11:53:00 ERROR root Invalid Parameter HallPanel ShowPopup: popup=Control Server is Offline
2026-03-06 11:53:00 ERROR root Invalid Parameter BWDPanel ShowPopup: popup=Control Server is Offline
2026-03-06 11:53:01 ERROR root Invalid Parameter IC142Panel HidePopup: popup=Control Server is Offline
2026-03-06 11:53:01 ERROR root Invalid Parameter IC143Panel HidePopup: popup=Control Server is Offline
2026-03-06 11:53:01 ERROR root Invalid Parameter IC144Panel HidePopup: popup=Control Server is Offline
2026-03-06 11:53:01 ERROR root Invalid Parameter BreakRmPanel HidePopup: popup=Control Server is Offline
2026-03-06 11:53:01 ERROR root Invalid Parameter LobbyPanel HidePopup: popup=Control Server is Offline
2026-03-06 11:53:01 ERROR root Invalid Parameter HallPanel HidePopup: popup=Control Server is Offline
2026-03-06 11:53:01 ERROR root Invalid Parameter BWDPanel HidePopup: popup=Control Server is Offline
2026-03-06 11:53:01 ERROR root EXCEPTION:NonvolatileValues:ReadValues:Traceback (most recent call last):
  File "c:\Users\manyr\OneDrive\Desktop\Chris system\Server\source\tools.py", line 403, in ReadValues
    values = _json.load(f)
  File "C:\Python\Python310\lib\json\__init__.py", line 293, in load
    return loads(fp.read(),
  File "C:\Python\Python310\lib\json\__init__.py", line 346, in loads
    return _default_decoder.decode(s)
  File "C:\Python\Python310\lib\json\decoder.py", line 337, in decode
    obj, end = self.raw_decode(s, idx=_w(s, 0).end())
  File "C:\Python\Python310\lib\json\decoder.py", line 355, in raw_decode
    raise JSONDecodeError("Expecting value", s, err.value) from None
json.decoder.JSONDecodeError: Expecting value: line 1 column 1 (char 0)
:deleting corrupted file
2026-03-06 11:53:06 ERROR root SerialInterface spd4:COM1SendAndWait: Port COM1 not open
2026-03-06 11:53:06 ERROR root SerialInterface spd1:COM1SendAndWait: Port COM1 not open
2026-03-06 11:53:06 ERROR root SerialInterface spd2:COM1SendAndWait: Port COM1 not open
2026-03-06 11:53:06 ERROR root SerialInterface spd3:COM1SendAndWait: Port COM1 not open
2026-03-06 11:53:06 ERROR root SerialInterface spd6:COM1SendAndWait: Port COM1 not open
2026-03-06 11:53:06 ERROR root SerialInterface spd5:COM1SendAndWait: Port COM1 not open
2026-03-06 11:53:15 ERROR root EXCEPTION:NonvolatileValues:ReadValues:Traceback (most recent call last):
  File "c:\Users\manyr\OneDrive\Desktop\Chris system\Server\source\tools.py", line 403, in ReadValues
    values = _json.load(f)
  File "C:\Python\Python310\lib\json\__init__.py", line 293, in load
    return loads(fp.read(),
  File "C:\Python\Python310\lib\json\__init__.py", line 346, in loads
    return _default_decoder.decode(s)
  File "C:\Python\Python310\lib\json\decoder.py", line 337, in decode
    obj, end = self.raw_decode(s, idx=_w(s, 0).end())
  File "C:\Python\Python310\lib\json\decoder.py", line 355, in raw_decode
    raise JSONDecodeError("Expecting value", s, err.value) from None
json.decoder.JSONDecodeError: Expecting value: line 1 column 1 (char 0)
:deleting corrupted file
2026-03-06 11:53:31 ERROR root SerialInterface spd1:COM1SendAndWait: Port COM1 not open
2026-03-06 11:53:31 ERROR root SerialInterface spd4:COM1SendAndWait: Port COM1 not open
2026-03-06 11:53:31 ERROR root SerialInterface spd3:COM1SendAndWait: Port COM1 not open
2026-03-06 11:53:31 ERROR root SerialInterface spd6:COM1SendAndWait: Port COM1 not open
2026-03-06 11:53:31 ERROR root SerialInterface spd2:COM1SendAndWait: Port COM1 not open
2026-03-06 11:53:31 ERROR root SerialInterface spd5:COM1SendAndWait: Port COM1 not open
2026-03-06 11:53:31 ERROR root Debug Server restarted:Listening
2026-03-06 11:53:39 INFO root Device 22-0 VTLP sync handling began
2026-03-06 11:53:39 INFO root Device 22-0 VTLP sync handling ended
2026-03-06 11:53:39 ERROR root Control ID 0 not defined
2026-03-06 11:53:41 ERROR root SerialInterface spd1:COM1SendAndWait: Port COM1 not open
2026-03-06 11:53:41 ERROR root SerialInterface spd4:COM1SendAndWait: Port COM1 not open
2026-03-06 11:53:41 ERROR root SerialInterface spd2:COM1SendAndWait: Port COM1 not open
2026-03-06 11:53:41 ERROR root SerialInterface spd3:COM1SendAndWait: Port COM1 not open
2026-03-06 11:53:41 ERROR root SerialInterface spd5:COM1SendAndWait: Port COM1 not open
2026-03-06 11:53:41 ERROR root SerialInterface spd6:COM1SendAndWait: Port COM1 not open
2026-03-06 11:53:51 ERROR root SerialInterface spd1:COM1SendAndWait: Port COM1 not open
2026-03-06 11:53:51 ERROR root SerialInterface spd4:COM1SendAndWait: Port COM1 not open
2026-03-06 11:53:51 ERROR root SerialInterface spd2:COM1SendAndWait: Port COM1 not open
2026-03-06 11:53:52 ERROR root SerialInterface spd3:COM1SendAndWait: Port COM1 not open
2026-03-06 11:53:52 ERROR root SerialInterface spd6:COM1SendAndWait: Port COM1 not open
2026-03-06 11:53:52 ERROR root SerialInterface spd5:COM1SendAndWait: Port COM1 not open
2026-03-06 11:54:01 ERROR root Debug Server restarted:Listening
2026-03-06 11:54:02 ERROR root SerialInterface spd1:COM1SendAndWait: Port COM1 not open
2026-03-06 11:54:02 ERROR root SerialInterface spd4:COM1SendAndWait: Port COM1 not open
2026-03-06 11:54:02 ERROR root SerialInterface spd2:COM1SendAndWait: Port COM1 not open
2026-03-06 11:54:02 ERROR root SerialInterface spd3:COM1SendAndWait: Port COM1 not open
2026-03-06 11:54:02 ERROR root SerialInterface spd5:COM1SendAndWait: Port COM1 not open
2026-03-06 11:54:02 ERROR root SerialInterface spd6:COM1SendAndWait: Port COM1 not open
2026-03-06 11:54:15 ERROR root SerialInterface spd3:COM1SendAndWait: Port COM1 not open
2026-03-06 11:54:15 ERROR root SerialInterface spd4:COM1SendAndWait: Port COM1 not open
2026-03-06 11:54:15 ERROR root SerialInterface spd1:COM1SendAndWait: Port COM1 not open
2026-03-06 11:54:15 ERROR root SerialInterface spd2:COM1SendAndWait: Port COM1 not open
2026-03-06 11:54:15 ERROR root SerialInterface spd5:COM1SendAndWait: Port COM1 not open
2026-03-06 11:54:15 ERROR root SerialInterface spd6:COM1SendAndWait: Port COM1 not open
2026-03-06 11:54:25 ERROR root SerialInterface spd3:COM1SendAndWait: Port COM1 not open
2026-03-06 11:54:25 ERROR root SerialInterface spd4:COM1SendAndWait: Port COM1 not open
2026-03-06 11:54:25 ERROR root SerialInterface spd1:COM1SendAndWait: Port COM1 not open
2026-03-06 11:54:25 ERROR root SerialInterface spd2:COM1SendAndWait: Port COM1 not open
2026-03-06 11:54:26 ERROR root SerialInterface spd6:COM1SendAndWait: Port COM1 not open
2026-03-06 11:54:26 ERROR root SerialInterface spd5:COM1SendAndWait: Port COM1 not open
2026-03-06 11:54:31 ERROR root Debug Server restarted:Listening
2026-03-06 11:54:36 ERROR root SerialInterface spd3:COM1SendAndWait: Port COM1 not open
2026-03-06 11:54:36 ERROR root SerialInterface spd4:COM1SendAndWait: Port COM1 not open
2026-03-06 11:54:36 ERROR root SerialInterface spd1:COM1SendAndWait: Port COM1 not open
2026-03-06 11:54:36 ERROR root SerialInterface spd6:COM1SendAndWait: Port COM1 not open
2026-03-06 11:54:36 ERROR root SerialInterface spd2:COM1SendAndWait: Port COM1 not open
2026-03-06 11:54:36 ERROR root SerialInterface spd5:COM1SendAndWait: Port COM1 not open
2026-03-06 11:54:46 ERROR root SerialInterface spd3:COM1SendAndWait: Port COM1 not open
2026-03-06 11:54:46 ERROR root SerialInterface spd4:COM1SendAndWait: Port COM1 not open
2026-03-06 11:54:46 ERROR root SerialInterface spd1:COM1SendAndWait: Port COM1 not open
2026-03-06 11:54:46 ERROR root SerialInterface spd6:COM1SendAndWait: Port COM1 not open
2026-03-06 11:54:46 ERROR root SerialInterface spd2:COM1SendAndWait: Port COM1 not open
2026-03-06 11:54:46 ERROR root SerialInterface spd5:COM1SendAndWait: Port COM1 not open
2026-03-06 11:54:56 ERROR root SerialInterface spd3:COM1SendAndWait: Port COM1 not open
2026-03-06 11:54:56 ERROR root SerialInterface spd4:COM1SendAndWait: Port COM1 not open
2026-03-06 11:54:56 ERROR root SerialInterface spd1:COM1SendAndWait: Port COM1 not open
2026-03-06 11:54:56 ERROR root SerialInterface spd6:COM1SendAndWait: Port COM1 not open
2026-03-06 11:54:56 ERROR root SerialInterface spd2:COM1SendAndWait: Port COM1 not open
2026-03-06 11:54:56 ERROR root SerialInterface spd5:COM1SendAndWait: Port COM1 not open
2026-03-06 11:55:01 ERROR root Debug Server restarted:Listening
2026-03-06 11:55:06 ERROR root SerialInterface spd3:COM1SendAndWait: Port COM1 not open
2026-03-06 11:55:06 ERROR root SerialInterface spd4:COM1SendAndWait: Port COM1 not open
2026-03-06 11:55:06 ERROR root SerialInterface spd1:COM1SendAndWait: Port COM1 not open
2026-03-06 11:55:06 ERROR root SerialInterface spd6:COM1SendAndWait: Port COM1 not open
2026-03-06 11:55:06 ERROR root SerialInterface spd2:COM1SendAndWait: Port COM1 not open
2026-03-06 11:55:06 ERROR root SerialInterface spd5:COM1SendAndWait: Port COM1 not open
2026-03-06 11:55:16 ERROR root SerialInterface spd3:COM1SendAndWait: Port COM1 not open
2026-03-06 11:55:16 ERROR root SerialInterface spd4:COM1SendAndWait: Port COM1 not open
2026-03-06 11:55:16 ERROR root SerialInterface spd1:COM1SendAndWait: Port COM1 not open
2026-03-06 11:55:16 ERROR root SerialInterface spd6:COM1SendAndWait: Port COM1 not open
2026-03-06 11:55:16 ERROR root SerialInterface spd2:COM1SendAndWait: Port COM1 not open
2026-03-06 11:55:16 ERROR root SerialInterface spd5:COM1SendAndWait: Port COM1 not open
2026-03-06 11:55:27 ERROR root SerialInterface spd2:COM1SendAndWait: Port COM1 not open
2026-03-06 11:55:27 ERROR root SerialInterface spd3:COM1SendAndWait: Port COM1 not open
2026-03-06 11:55:27 ERROR root SerialInterface spd1:COM1SendAndWait: Port COM1 not open
2026-03-06 11:55:27 ERROR root SerialInterface spd4:COM1SendAndWait: Port COM1 not open
2026-03-06 11:55:28 ERROR root SerialInterface spd6:COM1SendAndWait: Port COM1 not open
2026-03-06 11:55:28 ERROR root SerialInterface spd5:COM1SendAndWait: Port COM1 not open
2026-03-06 11:55:31 ERROR root Debug Server restarted:Listening
2026-03-06 11:55:38 ERROR root SerialInterface spd2:COM1SendAndWait: Port COM1 not open
2026-03-06 11:55:38 ERROR root SerialInterface spd6:COM1SendAndWait: Port COM1 not open
2026-03-06 11:55:38 ERROR root SerialInterface spd1:COM1SendAndWait: Port COM1 not open
2026-03-06 11:55:38 ERROR root SerialInterface spd5:COM1SendAndWait: Port COM1 not open
2026-03-06 11:55:38 ERROR root SerialInterface spd3:COM1SendAndWait: Port COM1 not open
2026-03-06 11:55:38 ERROR root SerialInterface spd4:COM1SendAndWait: Port COM1 not open
2026-03-06 11:55:48 ERROR root SerialInterface spd2:COM1SendAndWait: Port COM1 not open
2026-03-06 11:55:48 ERROR root SerialInterface spd6:COM1SendAndWait: Port COM1 not open
2026-03-06 11:55:48 ERROR root SerialInterface spd4:COM1SendAndWait: Port COM1 not open
2026-03-06 11:55:48 ERROR root SerialInterface spd3:COM1SendAndWait: Port COM1 not open
2026-03-06 11:55:48 ERROR root SerialInterface spd1:COM1SendAndWait: Port COM1 not open
2026-03-06 11:55:48 ERROR root SerialInterface spd5:COM1SendAndWait: Port COM1 not open
2026-03-06 11:55:58 ERROR root SerialInterface spd2:COM1SendAndWait: Port COM1 not open
2026-03-06 11:55:58 ERROR root SerialInterface spd6:COM1SendAndWait: Port COM1 not open
2026-03-06 11:55:58 ERROR root SerialInterface spd4:COM1SendAndWait: Port COM1 not open
2026-03-06 11:55:58 ERROR root SerialInterface spd3:COM1SendAndWait: Port COM1 not open
2026-03-06 11:55:58 ERROR root SerialInterface spd1:COM1SendAndWait: Port COM1 not open
2026-03-06 11:55:58 ERROR root SerialInterface spd5:COM1SendAndWait: Port COM1 not open
2026-03-06 11:56:01 ERROR root Debug Server restarted:Listening
2026-03-06 11:56:08 ERROR root SerialInterface spd2:COM1SendAndWait: Port COM1 not open
2026-03-06 11:56:08 ERROR root SerialInterface spd6:COM1SendAndWait: Port COM1 not open
2026-03-06 11:56:08 ERROR root SerialInterface spd4:COM1SendAndWait: Port COM1 not open
2026-03-06 11:56:08 ERROR root SerialInterface spd3:COM1SendAndWait: Port COM1 not open
2026-03-06 11:56:08 ERROR root SerialInterface spd1:COM1SendAndWait: Port COM1 not open
2026-03-06 11:56:08 ERROR root SerialInterface spd5:COM1SendAndWait: Port COM1 not open
2026-03-06 11:56:18 ERROR root SerialInterface spd2:COM1SendAndWait: Port COM1 not open
2026-03-06 11:56:18 ERROR root SerialInterface spd6:COM1SendAndWait: Port COM1 not open
2026-03-06 11:56:18 ERROR root SerialInterface spd4:COM1SendAndWait: Port COM1 not open
2026-03-06 11:56:18 ERROR root SerialInterface spd3:COM1SendAndWait: Port COM1 not open
2026-03-06 11:56:18 ERROR root SerialInterface spd1:COM1SendAndWait: Port COM1 not open
2026-03-06 11:56:18 ERROR root SerialInterface spd5:COM1SendAndWait: Port COM1 not open
2026-03-06 11:56:31 ERROR root Debug Server restarted:Listening
2026-03-06 11:56:32 ERROR root SerialInterface spd2:COM1SendAndWait: Port COM1 not open
2026-03-06 11:56:32 ERROR root SerialInterface spd3:COM1SendAndWait: Port COM1 not open
2026-03-06 11:56:32 ERROR root SerialInterface spd6:COM1SendAndWait: Port COM1 not open
2026-03-06 11:56:32 ERROR root SerialInterface spd4:COM1SendAndWait: Port COM1 not open
2026-03-06 11:56:32 ERROR root SerialInterface spd1:COM1SendAndWait: Port COM1 not open
2026-03-06 11:56:32 ERROR root SerialInterface spd5:COM1SendAndWait: Port COM1 not open
2026-03-06 11:56:42 ERROR root SerialInterface spd2:COM1SendAndWait: Port COM1 not open
2026-03-06 11:56:42 ERROR root SerialInterface spd4:COM1SendAndWait: Port COM1 not open
2026-03-06 11:56:42 ERROR root SerialInterface spd3:COM1SendAndWait: Port COM1 not open
2026-03-06 11:56:42 ERROR root SerialInterface spd6:COM1SendAndWait: Port COM1 not open
2026-03-06 11:56:42 ERROR root SerialInterface spd5:COM1SendAndWait: Port COM1 not open
2026-03-06 11:56:42 ERROR root SerialInterface spd1:COM1SendAndWait: Port COM1 not open
2026-03-06 11:56:52 ERROR root SerialInterface spd2:COM1SendAndWait: Port COM1 not open
2026-03-06 11:56:52 ERROR root SerialInterface spd4:COM1SendAndWait: Port COM1 not open
2026-03-06 11:56:52 ERROR root SerialInterface spd3:COM1SendAndWait: Port COM1 not open
2026-03-06 11:56:52 ERROR root SerialInterface spd6:COM1SendAndWait: Port COM1 not open
2026-03-06 11:56:52 ERROR root SerialInterface spd5:COM1SendAndWait: Port COM1 not open
2026-03-06 11:56:52 ERROR root SerialInterface spd1:COM1SendAndWait: Port COM1 not open
2026-03-06 11:57:01 ERROR root Debug Server restarted:Listening
2026-03-06 11:57:02 ERROR root SerialInterface spd2:COM1SendAndWait: Port COM1 not open
2026-03-06 11:57:02 ERROR root SerialInterface spd4:COM1SendAndWait: Port COM1 not open
2026-03-06 11:57:02 ERROR root SerialInterface spd3:COM1SendAndWait: Port COM1 not open
2026-03-06 11:57:02 ERROR root SerialInterface spd6:COM1SendAndWait: Port COM1 not open
2026-03-06 11:57:02 ERROR root SerialInterface spd5:COM1SendAndWait: Port COM1 not open
2026-03-06 11:57:02 ERROR root SerialInterface spd1:COM1SendAndWait: Port COM1 not open
2026-03-06 11:57:12 ERROR root SerialInterface spd2:COM1SendAndWait: Port COM1 not open
2026-03-06 11:57:12 ERROR root SerialInterface spd4:COM1SendAndWait: Port COM1 not open
2026-03-06 11:57:12 ERROR root SerialInterface spd3:COM1SendAndWait: Port COM1 not open
2026-03-06 11:57:12 ERROR root SerialInterface spd6:COM1SendAndWait: Port COM1 not open
2026-03-06 11:57:12 ERROR root SerialInterface spd5:COM1SendAndWait: Port COM1 not open
2026-03-06 11:57:12 ERROR root SerialInterface spd1:COM1SendAndWait: Port COM1 not open
2026-03-06 11:57:22 ERROR root SerialInterface spd2:COM1SendAndWait: Port COM1 not open
2026-03-06 11:57:22 ERROR root SerialInterface spd4:COM1SendAndWait: Port COM1 not open
2026-03-06 11:57:22 ERROR root SerialInterface spd3:COM1SendAndWait: Port COM1 not open
2026-03-06 11:57:22 ERROR root SerialInterface spd6:COM1SendAndWait: Port COM1 not open
2026-03-06 11:57:22 ERROR root SerialInterface spd5:COM1SendAndWait: Port COM1 not open
2026-03-06 11:57:22 ERROR root SerialInterface spd1:COM1SendAndWait: Port COM1 not open
