Timestamp,Device Name,MessageType,Data
2026-03-06 08:00:00.535972,Module:Switch0,API,To Device,'w3cv\r\n'
2026-03-06 08:00:00.535972,Module:Switch0,API,To Device,'{1o:B\r}\r'
2026-03-06 08:00:08.993995,DEBUG,Print,'shutdown timer execute'
2026-03-06 08:00:09.538089,Module:Switch0,Command,"UpdateVideoMuteDecoder,{'ID': '1'}"
2026-03-06 08:00:10.553890,Module:Switch0,API,To Device,'w3cv\r\n'
2026-03-06 08:00:10.553890,Module:Switch0,API,To Device,'{1o:B\r}\r'
2026-03-06 08:00:19.551018,Module:Switch0,Command,"UpdateVideoMuteDecoder,{'ID': '1'}"
2026-03-06 08:00:20.555667,Module:Switch0,API,To Device,'w3cv\r\n'
2026-03-06 08:00:20.555667,Module:Switch0,API,To Device,'{1o:B\r}\r'
2026-03-06 08:00:29.562366,Module:Switch0,Command,"UpdateVideoMuteDecoder,{'ID': '1'}"
2026-03-06 08:00:30.569310,Module:Switch0,API,To Device,'w3cv\r\n'
2026-03-06 08:00:30.569310,Module:Switch0,API,To Device,'{1o:B\r}\r'
2026-03-06 08:00:39.574893,Module:Switch0,Command,"UpdateVideoMuteDecoder,{'ID': '1'}"
2026-03-06 08:00:40.582493,Module:Switch0,API,To Device,'w3cv\r\n'
2026-03-06 08:00:40.582493,Module:Switch0,API,To Device,'{1o:B\r}\r'
2026-03-06 08:00:49.587671,Module:Switch0,Command,"UpdateVideoMuteDecoder,{'ID': '1'}"
2026-03-06 08:00:50.602932,Module:Switch0,API,To Device,'w3cv\r\n'
2026-03-06 08:00:50.602932,Module:Switch0,API,To Device,'{1o:B\r}\r'
2026-03-06 08:00:59.600983,Module:Switch0,Command,"UpdateVideoMuteDecoder,{'ID': '1'}"Timestamp,Device Name,MessageType,Data
2026-03-06 08:01:00.612422,Module:Switch0,API,To Device,'w3cv\r\n'
2026-03-06 08:01:00.612422,Module:Switch0,API,To Device,'{1o:B\r}\r'
2026-03-06 08:01:09.605818,Module:Switch0,Command,"UpdateVideoMuteDecoder,{'ID': '1'}"
2026-03-06 08:01:10.617375,Module:Switch0,API,To Device,'w3cv\r\n'
2026-03-06 08:01:10.617375,Module:Switch0,API,To Device,'{1o:B\r}\r'
2026-03-06 08:01:19.616508,Module:Switch0,Command,"UpdateVideoMuteDecoder,{'ID': '1'}"
2026-03-06 08:01:20.623538,Module:Switch0,API,To Device,'w3cv\r\n'
2026-03-06 08:01:20.623538,Module:Switch0,API,To Device,'{1o:B\r}\r'
2026-03-06 08:01:29.626898,Module:Switch0,Command,"UpdateVideoMuteDecoder,{'ID': '1'}"
2026-03-06 08:01:30.643395,Module:Switch0,API,To Device,'w3cv\r\n'
2026-03-06 08:01:30.643395,Module:Switch0,API,To Device,'{1o:B\r}\r'
2026-03-06 08:01:39.642745,Module:Switch0,Command,"UpdateVideoMuteDecoder,{'ID': '1'}"
2026-03-06 08:01:40.653464,Module:Switch0,API,To Device,'w3cv\r\n'
2026-03-06 08:01:40.654460,Module:Switch0,API,To Device,'{1o:B\r}\r'
2026-03-06 08:01:49.661860,Module:Switch0,Command,"UpdateVideoMuteDecoder,{'ID': '1'}"
2026-03-06 08:01:50.671505,Module:Switch0,API,To Device,'w3cv\r\n'
2026-03-06 08:01:50.672500,Module:Switch0,API,To Device,'{1o:B\r}\r'
2026-03-06 08:01:59.668332,Module:Switch0,Command,"UpdateVideoMuteDecoder,{'ID': '1'}"Timestamp,Device Name,MessageType,Data
2026-03-06 08:02:00.672261,Module:Switch0,API,To Device,'w3cv\r\n'
2026-03-06 08:02:00.673729,Module:Switch0,API,To Device,'{1o:B\r}\r'
2026-03-06 08:02:09.673176,Module:Switch0,Command,"UpdateVideoMuteDecoder,{'ID': '1'}"
2026-03-06 08:02:10.684606,Module:Switch0,API,To Device,'w3cv\r\n'
2026-03-06 08:02:10.685650,Module:Switch0,API,To Device,'{1o:B\r}\r'
2026-03-06 08:02:19.683484,Module:Switch0,Command,"UpdateVideoMuteDecoder,{'ID': '1'}"
2026-03-06 08:02:20.692548,Module:Switch0,API,To Device,'w3cv\r\n'
2026-03-06 08:02:20.692548,Module:Switch0,API,To Device,'{1o:B\r}\r'
2026-03-06 08:02:29.694876,Module:Switch0,Command,"UpdateVideoMuteDecoder,{'ID': '1'}"
2026-03-06 08:02:30.697969,Module:Switch0,API,To Device,'w3cv\r\n'
2026-03-06 08:02:30.699405,Module:Switch0,API,To Device,'{1o:B\r}\r'
2026-03-06 08:02:39.708695,Module:Switch0,Command,"UpdateVideoMuteDecoder,{'ID': '1'}"
2026-03-06 08:02:40.711026,Module:Switch0,API,To Device,'w3cv\r\n'
2026-03-06 08:02:40.712022,Module:Switch0,API,To Device,'{1o:B\r}\r'
2026-03-06 08:02:49.712975,Module:Switch0,Command,"UpdateVideoMuteDecoder,{'ID': '1'}"
2026-03-06 08:02:50.720085,Module:Switch0,API,To Device,'w3cv\r\n'
2026-03-06 08:02:50.720085,Module:Switch0,API,To Device,'{1o:B\r}\r'
2026-03-06 08:02:59.732283,Module:Switch0,Command,"UpdateVideoMuteDecoder,{'ID': '1'}"Timestamp,Device Name,MessageType,Data
2026-03-06 08:03:00.746818,Module:Switch0,API,To Device,'w3cv\r\n'
2026-03-06 08:03:00.746818,Module:Switch0,API,To Device,'{1o:B\r}\r'
2026-03-06 08:03:09.741048,Module:Switch0,Command,"UpdateVideoMuteDecoder,{'ID': '1'}"
2026-03-06 08:03:10.754502,Module:Switch0,API,To Device,'w3cv\r\n'
2026-03-06 08:03:10.754502,Module:Switch0,API,To Device,'{1o:B\r}\r'
2026-03-06 08:03:19.757078,Module:Switch0,Command,"UpdateVideoMuteDecoder,{'ID': '1'}"
2026-03-06 08:03:20.769210,Module:Switch0,API,To Device,'w3cv\r\n'
2026-03-06 08:03:20.769210,Module:Switch0,API,To Device,'{1o:B\r}\r'
2026-03-06 08:03:29.773002,Module:Switch0,Command,"UpdateVideoMuteDecoder,{'ID': '1'}"
2026-03-06 08:03:30.781108,Module:Switch0,API,To Device,'w3cv\r\n'
2026-03-06 08:03:30.781108,Module:Switch0,API,To Device,'{1o:B\r}\r'
2026-03-06 08:03:39.779143,Module:Switch0,Command,"UpdateVideoMuteDecoder,{'ID': '1'}"
2026-03-06 08:03:40.795238,Module:Switch0,API,To Device,'w3cv\r\n'
2026-03-06 08:03:40.795238,Module:Switch0,API,To Device,'{1o:B\r}\r'
2026-03-06 08:03:49.788551,Module:Switch0,Command,"UpdateVideoMuteDecoder,{'ID': '1'}"
2026-03-06 08:03:50.801987,Module:Switch0,API,To Device,'w3cv\r\n'
2026-03-06 08:03:50.801987,Module:Switch0,API,To Device,'{1o:B\r}\r'
2026-03-06 08:03:59.802774,Module:Switch0,Command,"UpdateVideoMuteDecoder,{'ID': '1'}"Timestamp,Device Name,MessageType,Data
2026-03-06 08:04:00.813230,Module:Switch0,API,To Device,'w3cv\r\n'
2026-03-06 08:04:00.813230,Module:Switch0,API,To Device,'{1o:B\r}\r'
2026-03-06 08:04:09.814702,Module:Switch0,Command,"UpdateVideoMuteDecoder,{'ID': '1'}"
2026-03-06 08:04:10.825624,Module:Switch0,API,To Device,'w3cv\r\n'
2026-03-06 08:04:10.826625,Module:Switch0,API,To Device,'{1o:B\r}\r'
2026-03-06 08:04:16.784948,Room6 Virtual Panel,Command,'Button,BWDPanel,98,btn_page_user_catv_exit,Pressed'
2026-03-06 08:04:16.785949,Room6 Virtual Panel,Command,'HidePopup,140 - CATV Controls'
2026-03-06 08:04:16.864735,Room6 Virtual Panel,Command,'Button,BWDPanel,98,btn_page_user_catv_exit,Released'
2026-03-06 08:04:17.941461,Room6 Virtual Panel,Command,'Button,BWDPanel,40,btn_page_power,Pressed'
2026-03-06 08:04:17.941461,Room6 Virtual Panel,Command,'SetTextButton,961,btn_tech_details_names,Touch Panel'
2026-03-06 08:04:17.941461,Room6 Virtual Panel,Command,'SetTextButton,981,btn_tech_details_status,Disconnected'
2026-03-06 08:04:17.941461,Room6 Virtual Panel,Command,'SetStateButton,981,btn_tech_details_status,0'
2026-03-06 08:04:17.942608,Room6 Virtual Panel,Command,'SetText,Label,1001,lbl_tech_details_ips,'
2026-03-06 08:04:17.942608,Room6 Virtual Panel,Command,'SetVisible,Button,8,btn_err_indicator,True'
2026-03-06 08:04:17.942608,Room6 Virtual Panel,Command,'SetEnable,Button,8,btn_err_indicator,True'
2026-03-06 08:04:17.942608,Room6 Virtual Panel,Command,'SetLevel,Level,14,lvl_startup_timer,0'
2026-03-06 08:04:17.942608,Room6 Virtual Panel,Command,'SetVisible,Level,14,lvl_startup_timer,True'
2026-03-06 08:04:17.944141,Room6 Virtual Panel,Command,'HideAllPopups'
2026-03-06 08:04:17.944141,Room6 Virtual Panel,Command,'ShowPopup,100 - Starting Up,0'
2026-03-06 08:04:17.944141,Room6 Virtual Panel,Command,'SetStateButton,11,btn_mode_conferencing,0'
2026-03-06 08:04:17.945147,Room6 Virtual Panel,Command,'SetStateButton,12,btn_mode_media,0'
2026-03-06 08:04:17.945147,Room6 Virtual Panel,Command,'SetCurrent,int,[11, 12, 13],0'
2026-03-06 08:04:17.945147,Room6 Virtual Panel,Command,'ShowPopup,Header-Uncombined-6,0'
2026-03-06 08:04:17.945147,Room0 Virtual Panel,Command,'SetVisible,Button,8001,btn_system_combine_modes,True'
2026-03-06 08:04:17.945147,Room0 Virtual Panel,Command,'SetVisible,Button,8002,btn_system_combine_modes,True'
2026-03-06 08:04:17.945147,Room0 Virtual Panel,Command,'SetVisible,Button,8003,,True'
2026-03-06 08:04:17.945147,Room0 Virtual Panel,Command,'SetVisible,Button,8004,,True'
2026-03-06 08:04:17.946147,Room0 Virtual Panel,Command,'SetEnable,Button,8001,btn_system_combine_modes,True'
2026-03-06 08:04:17.946147,Room0 Virtual Panel,Command,'SetEnable,Button,8002,btn_system_combine_modes,True'
2026-03-06 08:04:17.946147,Room0 Virtual Panel,Command,'SetEnable,Button,8003,,True'
2026-03-06 08:04:17.946147,Room0 Virtual Panel,Command,'SetEnable,Button,8004,,True'
2026-03-06 08:04:17.946147,Room1 Virtual Panel,Command,'SetVisible,Button,8001,btn_system_combine_modes,True'
2026-03-06 08:04:17.946147,Room1 Virtual Panel,Command,'SetVisible,Button,8002,btn_system_combine_modes,True'
2026-03-06 08:04:17.946147,Room1 Virtual Panel,Command,'SetVisible,Button,8003,,True'
2026-03-06 08:04:17.946147,Room1 Virtual Panel,Command,'SetVisible,Button,8004,,True'
2026-03-06 08:04:17.946147,Room1 Virtual Panel,Command,'SetEnable,Button,8001,btn_system_combine_modes,True'
2026-03-06 08:04:17.947146,Room1 Virtual Panel,Command,'SetEnable,Button,8002,btn_system_combine_modes,True'
2026-03-06 08:04:17.947146,Room1 Virtual Panel,Command,'SetEnable,Button,8003,,True'
2026-03-06 08:04:17.947146,Room1 Virtual Panel,Command,'SetEnable,Button,8004,,True'
2026-03-06 08:04:17.947146,Room2 Virtual Panel,Command,'SetVisible,Button,8001,btn_system_combine_modes,True'
2026-03-06 08:04:17.947146,Room2 Virtual Panel,Command,'SetVisible,Button,8002,btn_system_combine_modes,True'
2026-03-06 08:04:17.947146,Room2 Virtual Panel,Command,'SetVisible,Button,8003,,True'
2026-03-06 08:04:17.947146,Room2 Virtual Panel,Command,'SetVisible,Button,8004,,True'
2026-03-06 08:04:17.947146,Room2 Virtual Panel,Command,'SetEnable,Button,8001,btn_system_combine_modes,True'
2026-03-06 08:04:17.948145,Room2 Virtual Panel,Command,'SetEnable,Button,8002,btn_system_combine_modes,True'
2026-03-06 08:04:17.948145,Room2 Virtual Panel,Command,'SetEnable,Button,8003,,True'
2026-03-06 08:04:17.948145,Room2 Virtual Panel,Command,'SetEnable,Button,8004,,True'
2026-03-06 08:04:17.948145,Room3 Virtual Panel,Command,'SetVisible,Button,8001,btn_system_combine_modes,True'
2026-03-06 08:04:17.949146,Room3 Virtual Panel,Command,'SetVisible,Button,8002,btn_system_combine_modes,True'
2026-03-06 08:04:17.949146,Room3 Virtual Panel,Command,'SetVisible,Button,8003,,True'
2026-03-06 08:04:17.949146,Room3 Virtual Panel,Command,'SetVisible,Button,8004,,True'
2026-03-06 08:04:17.949146,Room3 Virtual Panel,Command,'SetEnable,Button,8001,btn_system_combine_modes,True'
2026-03-06 08:04:17.949146,Room3 Virtual Panel,Command,'SetEnable,Button,8002,btn_system_combine_modes,True'
2026-03-06 08:04:17.949146,Room3 Virtual Panel,Command,'SetEnable,Button,8003,,True'
2026-03-06 08:04:17.949146,Room3 Virtual Panel,Command,'SetEnable,Button,8004,,True'
2026-03-06 08:04:17.949146,Room4 Virtual Panel,Command,'SetVisible,Button,8001,btn_system_combine_modes,True'
2026-03-06 08:04:17.949146,Room4 Virtual Panel,Command,'SetVisible,Button,8002,btn_system_combine_modes,True'
2026-03-06 08:04:17.949146,Room4 Virtual Panel,Command,'SetVisible,Button,8003,,True'
2026-03-06 08:04:17.950145,Room4 Virtual Panel,Command,'SetVisible,Button,8004,,True'
2026-03-06 08:04:17.950145,Room4 Virtual Panel,Command,'SetEnable,Button,8001,btn_system_combine_modes,True'
2026-03-06 08:04:17.950145,Room4 Virtual Panel,Command,'SetEnable,Button,8002,btn_system_combine_modes,True'
2026-03-06 08:04:17.950145,Room4 Virtual Panel,Command,'SetEnable,Button,8003,,True'
2026-03-06 08:04:17.950145,Room4 Virtual Panel,Command,'SetEnable,Button,8004,,True'
2026-03-06 08:04:17.950145,Room5 Virtual Panel,Command,'SetVisible,Button,8001,btn_system_combine_modes,True'
2026-03-06 08:04:17.950145,Room5 Virtual Panel,Command,'SetVisible,Button,8002,btn_system_combine_modes,True'
2026-03-06 08:04:17.950145,Room5 Virtual Panel,Command,'SetVisible,Button,8003,,True'
2026-03-06 08:04:17.951145,Room5 Virtual Panel,Command,'SetVisible,Button,8004,,True'
2026-03-06 08:04:17.951145,Room5 Virtual Panel,Command,'SetEnable,Button,8001,btn_system_combine_modes,True'
2026-03-06 08:04:17.951145,Room5 Virtual Panel,Command,'SetEnable,Button,8002,btn_system_combine_modes,True'
2026-03-06 08:04:17.951145,Room5 Virtual Panel,Command,'SetEnable,Button,8003,,True'
2026-03-06 08:04:17.951145,Room5 Virtual Panel,Command,'SetEnable,Button,8004,,True'
2026-03-06 08:04:17.951145,Room6 Virtual Panel,Command,'SetVisible,Button,8001,btn_system_combine_modes,True'
2026-03-06 08:04:17.951145,Room6 Virtual Panel,Command,'SetVisible,Button,8002,btn_system_combine_modes,True'
2026-03-06 08:04:17.952146,Room6 Virtual Panel,Command,'SetVisible,Button,8003,,True'
2026-03-06 08:04:17.952146,Room6 Virtual Panel,Command,'SetVisible,Button,8004,,True'
2026-03-06 08:04:17.952146,Room6 Virtual Panel,Command,'SetEnable,Button,8001,btn_system_combine_modes,True'
2026-03-06 08:04:17.952146,Room6 Virtual Panel,Command,'SetEnable,Button,8002,btn_system_combine_modes,True'
2026-03-06 08:04:17.952146,Room6 Virtual Panel,Command,'SetEnable,Button,8003,,True'
2026-03-06 08:04:17.952146,Room6 Virtual Panel,Command,'SetEnable,Button,8004,,True'
2026-03-06 08:04:17.952146,Room6 Virtual Panel,Command,'SetStateButton,4600,,0'
2026-03-06 08:04:17.952146,Room6 Virtual Panel,Command,'SetStateButton,4601,btn_switch_sources,0'
2026-03-06 08:04:17.952146,Room6 Virtual Panel,Command,'SetStateButton,4602,btn_switch_sources,0'
2026-03-06 08:04:17.953146,Room6 Virtual Panel,Command,'SetStateButton,4603,btn_switch_sources,0'
2026-03-06 08:04:17.953146,Room6 Virtual Panel,Command,'SetStateButton,4604,btn_switch_sources,0'
2026-03-06 08:04:17.953146,Room6 Virtual Panel,Command,'SetStateButton,4605,btn_switch_sources_ID3,0'
2026-03-06 08:04:17.953146,Room6 Virtual Panel,Command,'SetStateButton,4606,btn_switch_sources_ID6,0'
2026-03-06 08:04:17.953146,Room6 Virtual Panel,Command,'SetStateButton,4607,btn_switch_sources,0'
2026-03-06 08:04:17.953146,Room6 Virtual Panel,Command,'SetStateButton,4608,btn_switch_sources_ID13,0'
2026-03-06 08:04:17.953146,Room6 Virtual Panel,Command,'SetStateButton,4609,btn_switch_sources_ID17,0'
2026-03-06 08:04:17.953146,Room6 Virtual Panel,Command,'SetStateButton,4610,btn_switch_sources_ID19,0'
2026-03-06 08:04:17.953146,Room6 Virtual Panel,Command,'SetStateButton,4611,btn_switch_sources_ID23,0'
2026-03-06 08:04:17.953146,Room6 Virtual Panel,Command,'SetStateButton,4612,btn_switch_sources_ID25,0'
2026-03-06 08:04:17.953146,Room6 Virtual Panel,Command,'SetStateButton,4613,btn_switch_sources_ID3,0'
2026-03-06 08:04:17.954145,Room6 Virtual Panel,Command,'SetStateButton,4614,btn_switch_sources_ID6,0'
2026-03-06 08:04:17.954651,Room6 Virtual Panel,Command,'SetStateButton,4615,btn_switch_sources_ID13,0'
2026-03-06 08:04:17.954651,Room6 Virtual Panel,Command,'SetStateButton,4616,btn_switch_sources_ID17,0'
2026-03-06 08:04:17.954651,Room6 Virtual Panel,Command,'SetStateButton,4617,btn_switch_sources_ID19,0'
2026-03-06 08:04:17.954651,Room6 Virtual Panel,Command,'SetStateButton,4618,btn_switch_sources_ID23,0'
2026-03-06 08:04:17.954651,Room6 Virtual Panel,Command,'SetStateButton,4619,btn_switch_sources_ID3,0'
2026-03-06 08:04:17.954651,Room6 Virtual Panel,Command,'SetStateButton,4620,btn_switch_sources_ID6,0'
2026-03-06 08:04:17.954651,Room6 Virtual Panel,Command,'SetStateButton,4621,btn_switch_sources_ID13,0'
2026-03-06 08:04:17.954651,Room6 Virtual Panel,Command,'SetStateButton,4622,btn_switch_sources_ID17,0'
2026-03-06 08:04:17.955573,Room6 Virtual Panel,Command,'SetStateButton,4623,btn_switch_sources_ID19,0'
2026-03-06 08:04:17.955573,Room6 Virtual Panel,Command,'SetStateButton,4624,btn_switch_sources_ID23,0'
2026-03-06 08:04:17.955573,Room6 Virtual Panel,Command,'SetStateButton,4625,btn_switch_sources_ID25,0'
2026-03-06 08:04:17.955573,Room6 Virtual Panel,Command,'SetStateButton,4626,btn_switch_sources_ID3,0'
2026-03-06 08:04:17.955573,Room6 Virtual Panel,Command,'SetStateButton,4627,btn_switch_sources_ID6,0'
2026-03-06 08:04:17.955573,Room6 Virtual Panel,Command,'SetStateButton,4628,btn_switch_sources_ID13,0'
2026-03-06 08:04:17.955573,Room6 Virtual Panel,Command,'SetStateButton,4629,,0'
2026-03-06 08:04:17.955573,Room6 Virtual Panel,Command,'SetStateButton,4630,,0'
2026-03-06 08:04:17.955573,Room6 Virtual Panel,Command,'SetStateButton,4631,,0'
2026-03-06 08:04:17.956656,Room6 Virtual Panel,Command,'SetStateButton,4632,,0'
2026-03-06 08:04:17.956656,Room6 Virtual Panel,Command,'SetCurrent,int,[4600, 4601, 4602, 4603, 4604, 4605, 4606, 4607, 4608, 4609, 4610, 4611, 4612, 4613, 4614, 4615, 4616, 4617, 4618, 4619, 4620, 4621, 4622, 4623, 4624, 4625, 4626, 4627, 4628, 4629, 4630, 4631, 4632],0'
2026-03-06 08:04:17.956656,Room6 Virtual Panel,Command,'SetStateButton,5000,,0'
2026-03-06 08:04:17.956656,Room6 Virtual Panel,Command,'SetStateButton,5001,btn_switch_media_sources,0'
2026-03-06 08:04:17.956656,Room6 Virtual Panel,Command,'SetStateButton,5002,btn_switch_media_sources,0'
2026-03-06 08:04:17.956656,Room6 Virtual Panel,Command,'SetStateButton,5003,btn_switch_media_sources,0'
2026-03-06 08:04:17.956656,Room6 Virtual Panel,Command,'SetStateButton,5004,btn_switch_media_sources_ID3,0'
2026-03-06 08:04:17.957657,Room6 Virtual Panel,Command,'SetStateButton,5005,btn_switch_media_sources_ID3,0'
2026-03-06 08:04:17.957657,Room6 Virtual Panel,Command,'SetStateButton,5006,btn_switch_media_sources,0'
2026-03-06 08:04:17.957657,Room6 Virtual Panel,Command,'SetStateButton,5007,btn_switch_media_sources_ID3,0'
2026-03-06 08:04:17.957657,Room6 Virtual Panel,Command,'SetStateButton,5008,btn_switch_media_sources_ID3,0'
2026-03-06 08:04:17.957657,Room6 Virtual Panel,Command,'SetStateButton,5009,btn_switch_media_sources_ID10,0'
2026-03-06 08:04:17.958658,Room6 Virtual Panel,Command,'SetStateButton,5010,btn_switch_media_sources_ID17,0'
2026-03-06 08:04:17.958658,Room6 Virtual Panel,Command,'SetStateButton,5011,btn_switch_media_sources_ID20,0'
2026-03-06 08:04:17.959117,Room6 Virtual Panel,Command,'SetStateButton,5012,btn_switch_media_sources_ID25,0'
2026-03-06 08:04:17.959117,Room6 Virtual Panel,Command,'SetStateButton,5013,,0'
2026-03-06 08:04:17.959117,Room6 Virtual Panel,Command,'SetStateButton,5014,,0'
2026-03-06 08:04:17.959117,Room6 Virtual Panel,Command,'SetStateButton,5015,,0'
2026-03-06 08:04:17.959117,Room6 Virtual Panel,Command,'SetStateButton,5016,,0'
2026-03-06 08:04:17.959117,Room6 Virtual Panel,Command,'SetStateButton,5017,btn_switch_media_sources_ID3,0'
2026-03-06 08:04:17.959117,Room6 Virtual Panel,Command,'SetStateButton,5018,btn_switch_media_sources_ID3,0'
2026-03-06 08:04:17.960126,Room6 Virtual Panel,Command,'SetStateButton,5019,btn_switch_media_sources_ID10,0'
2026-03-06 08:04:17.960126,Room6 Virtual Panel,Command,'SetStateButton,5020,btn_switch_media_sources_ID17,0'
2026-03-06 08:04:17.960126,Room6 Virtual Panel,Command,'SetStateButton,5021,btn_switch_media_sources_ID20,0'
2026-03-06 08:04:17.960126,Room6 Virtual Panel,Command,'SetStateButton,5022,btn_switch_media_sources_ID3,0'
2026-03-06 08:04:17.960126,Room6 Virtual Panel,Command,'SetStateButton,5023,btn_switch_media_sources_ID3,0'
2026-03-06 08:04:17.960126,Room6 Virtual Panel,Command,'SetStateButton,5024,btn_switch_media_sources_ID3,0'
2026-03-06 08:04:17.961131,Room6 Virtual Panel,Command,'SetStateButton,5025,,0'
2026-03-06 08:04:17.961131,Room6 Virtual Panel,Command,'SetStateButton,5026,,0'
2026-03-06 08:04:17.961131,Room6 Virtual Panel,Command,'SetStateButton,5027,,0'
2026-03-06 08:04:17.961131,Room6 Virtual Panel,Command,'SetStateButton,5028,,0'
2026-03-06 08:04:17.961131,Room6 Virtual Panel,Command,'SetStateButton,5029,,0'
2026-03-06 08:04:17.961131,Room6 Virtual Panel,Command,'SetStateButton,5030,,0'
2026-03-06 08:04:17.962174,Room6 Virtual Panel,Command,'SetStateButton,5031,,0'
2026-03-06 08:04:17.962174,Room6 Virtual Panel,Command,'SetStateButton,5032,,0'
2026-03-06 08:04:17.962174,Room6 Virtual Panel,Command,'SetCurrent,int,[5000, 5001, 5002, 5003, 5004, 5005, 5006, 5007, 5008, 5009, 5010, 5011, 5012, 5013, 5014, 5015, 5016, 5017, 5018, 5019, 5020, 5021, 5022, 5023, 5024, 5025, 5026, 5027, 5028, 5029, 5030, 5031, 5032],0'
2026-03-06 08:04:17.962174,Room6 Virtual Panel,Command,'SetStateButton,4950,,0'
2026-03-06 08:04:17.962174,Room6 Virtual Panel,Command,'SetStateButton,4951,btn_logo,0'
2026-03-06 08:04:17.962174,Room6 Virtual Panel,Command,'SetStateButton,4952,btn_logo,0'
2026-03-06 08:04:17.962174,Room6 Virtual Panel,Command,'SetStateButton,4953,btn_logo,0'
2026-03-06 08:04:17.963178,Room6 Virtual Panel,Command,'SetStateButton,4954,btn_logo_ID6,0'
2026-03-06 08:04:17.963178,Room6 Virtual Panel,Command,'SetStateButton,4955,btn_logo_ID6,0'
2026-03-06 08:04:17.963178,Room6 Virtual Panel,Command,'SetStateButton,4956,btn_logo,0'
2026-03-06 08:04:17.963178,Room6 Virtual Panel,Command,'SetStateButton,4957,btn_logo_ID6,0'
2026-03-06 08:04:17.963178,Room6 Virtual Panel,Command,'SetStateButton,4958,btn_logo_ID6,0'
2026-03-06 08:04:17.963178,Room6 Virtual Panel,Command,'SetStateButton,4959,btn_logo_ID16,0'
2026-03-06 08:04:17.963178,Room6 Virtual Panel,Command,'SetStateButton,4960,btn_logo_ID19,0'
2026-03-06 08:04:17.963178,Room6 Virtual Panel,Command,'SetStateButton,4961,btn_logo_ID24,0'
2026-03-06 08:04:17.963178,Room6 Virtual Panel,Command,'SetStateButton,4962,btn_logo_ID27,0'
2026-03-06 08:04:17.964197,Room6 Virtual Panel,Command,'SetStateButton,4963,,0'
2026-03-06 08:04:17.964197,Room6 Virtual Panel,Command,'SetStateButton,4964,,0'
2026-03-06 08:04:17.964197,Room6 Virtual Panel,Command,'SetStateButton,4965,,0'
2026-03-06 08:04:17.964197,Room6 Virtual Panel,Command,'SetStateButton,4966,,0'
2026-03-06 08:04:17.964197,Room6 Virtual Panel,Command,'SetStateButton,4967,btn_logo_ID6,0'
2026-03-06 08:04:17.964197,Room6 Virtual Panel,Command,'SetStateButton,4968,btn_logo_ID6,0'
2026-03-06 08:04:17.964197,Room6 Virtual Panel,Command,'SetStateButton,4969,btn_logo_ID16,0'
2026-03-06 08:04:17.964197,Room6 Virtual Panel,Command,'SetStateButton,4970,btn_logo_ID19,0'
2026-03-06 08:04:17.964197,Room6 Virtual Panel,Command,'SetStateButton,4971,btn_logo_ID24,0'
2026-03-06 08:04:17.965201,Room6 Virtual Panel,Command,'SetStateButton,4972,btn_logo_ID6,0'
2026-03-06 08:04:17.965201,Room6 Virtual Panel,Command,'SetStateButton,4973,btn_logo_ID6,0'
2026-03-06 08:04:17.965201,Room6 Virtual Panel,Command,'SetStateButton,4974,btn_logo_ID6,0'
2026-03-06 08:04:17.965201,Room6 Virtual Panel,Command,'SetStateButton,4975,,0'
2026-03-06 08:04:17.965201,Room6 Virtual Panel,Command,'SetStateButton,4976,,0'
2026-03-06 08:04:17.965201,Room6 Virtual Panel,Command,'SetStateButton,4977,,0'
2026-03-06 08:04:17.965201,Room6 Virtual Panel,Command,'SetStateButton,4978,,0'
2026-03-06 08:04:17.966214,Room6 Virtual Panel,Command,'SetStateButton,4979,,0'
2026-03-06 08:04:17.966214,Room6 Virtual Panel,Command,'SetStateButton,4980,,0'
2026-03-06 08:04:17.966214,Room6 Virtual Panel,Command,'SetStateButton,4981,,0'
2026-03-06 08:04:17.966214,Room6 Virtual Panel,Command,'SetStateButton,4982,,0'
2026-03-06 08:04:17.966214,Room6 Virtual Panel,Command,'SetCurrent,int,[4950, 4951, 4952, 4953, 4954, 4955, 4956, 4957, 4958, 4959, 4960, 4961, 4962, 4963, 4964, 4965, 4966, 4967, 4968, 4969, 4970, 4971, 4972, 4973, 4974, 4975, 4976, 4977, 4978, 4979, 4980, 4981, 4982],0'
2026-03-06 08:04:17.967213,DEBUG,Print,'making vtc default routes...'
2026-03-06 08:04:18.035925,Room6 Virtual Panel,Command,'Button,BWDPanel,40,btn_page_power,Released'
2026-03-06 08:04:18.950911,Room6 Virtual Panel,Command,'SetLevel,Level,14,lvl_startup_timer,20'
2026-03-06 08:04:19.824250,Module:Switch0,Command,"UpdateVideoMuteDecoder,{'ID': '1'}"
2026-03-06 08:04:19.966302,Room6 Virtual Panel,Command,'SetLevel,Level,14,lvl_startup_timer,40'
2026-03-06 08:04:19.981652,DEBUG,Print,'done powering on'
2026-03-06 08:04:20.828972,Module:Switch0,API,To Device,'w3cv\r\n'
2026-03-06 08:04:20.829964,Module:Switch0,API,To Device,'{1o:B\r}\r'
2026-03-06 08:04:20.968149,Room6 Virtual Panel,Command,'SetLevel,Level,14,lvl_startup_timer,60'
2026-03-06 08:04:21.976863,Room6 Virtual Panel,Command,'SetLevel,Level,14,lvl_startup_timer,80'
2026-03-06 08:04:22.981699,Room6 Virtual Panel,Command,'HidePopup,100 - Starting Up'
2026-03-06 08:04:22.981699,Room6 Virtual Panel,Command,'SetLevel,Level,14,lvl_startup_timer,0'
2026-03-06 08:04:25.379370,Room6 Virtual Panel,Command,'Button,BWDPanel,40,btn_page_power,Pressed'
2026-03-06 08:04:25.379370,Room6 Virtual Panel,Command,'ShowPopup,160 - Confirmation,0'
2026-03-06 08:04:25.412545,Room6 Virtual Panel,Command,'Button,BWDPanel,40,btn_page_power,Released'
2026-03-06 08:04:26.250203,Room6 Virtual Panel,Command,'Button,BWDPanel,81,btn_shutdown_confirm,Pressed'
2026-03-06 08:04:26.251203,Room6 Virtual Panel,Command,'HidePopup,160 - Confirmation'
2026-03-06 08:04:26.251203,Room6 Virtual Panel,Command,'SetLevel,Level,15,lvl_shutdown_timer,0'
2026-03-06 08:04:26.251203,Room6 Virtual Panel,Command,'SetVisible,Level,15,lvl_shutdown_timer,True'
2026-03-06 08:04:26.252537,Room0 Virtual Panel,Command,'SetVisible,Button,8001,btn_system_combine_modes,True'
2026-03-06 08:04:26.252537,Room0 Virtual Panel,Command,'SetVisible,Button,8002,btn_system_combine_modes,True'
2026-03-06 08:04:26.252537,Room0 Virtual Panel,Command,'SetVisible,Button,8003,,True'
2026-03-06 08:04:26.252537,Room0 Virtual Panel,Command,'SetVisible,Button,8004,,True'
2026-03-06 08:04:26.252537,Room0 Virtual Panel,Command,'SetEnable,Button,8001,btn_system_combine_modes,True'
2026-03-06 08:04:26.252537,Room0 Virtual Panel,Command,'SetEnable,Button,8002,btn_system_combine_modes,True'
2026-03-06 08:04:26.252537,Room0 Virtual Panel,Command,'SetEnable,Button,8003,,True'
2026-03-06 08:04:26.253540,Room0 Virtual Panel,Command,'SetEnable,Button,8004,,True'
2026-03-06 08:04:26.253540,Room1 Virtual Panel,Command,'SetVisible,Button,8001,btn_system_combine_modes,True'
2026-03-06 08:04:26.253540,Room1 Virtual Panel,Command,'SetVisible,Button,8002,btn_system_combine_modes,True'
2026-03-06 08:04:26.253540,Room1 Virtual Panel,Command,'SetVisible,Button,8003,,True'
2026-03-06 08:04:26.253540,Room1 Virtual Panel,Command,'SetVisible,Button,8004,,True'
2026-03-06 08:04:26.253540,Room1 Virtual Panel,Command,'SetEnable,Button,8001,btn_system_combine_modes,True'
2026-03-06 08:04:26.253540,Room1 Virtual Panel,Command,'SetEnable,Button,8002,btn_system_combine_modes,True'
2026-03-06 08:04:26.253540,Room1 Virtual Panel,Command,'SetEnable,Button,8003,,True'
2026-03-06 08:04:26.253540,Room1 Virtual Panel,Command,'SetEnable,Button,8004,,True'
2026-03-06 08:04:26.253540,Room2 Virtual Panel,Command,'SetVisible,Button,8001,btn_system_combine_modes,True'
2026-03-06 08:04:26.253540,Room2 Virtual Panel,Command,'SetVisible,Button,8002,btn_system_combine_modes,True'
2026-03-06 08:04:26.254544,Room2 Virtual Panel,Command,'SetVisible,Button,8003,,True'
2026-03-06 08:04:26.254544,Room2 Virtual Panel,Command,'SetVisible,Button,8004,,True'
2026-03-06 08:04:26.254544,Room2 Virtual Panel,Command,'SetEnable,Button,8001,btn_system_combine_modes,True'
2026-03-06 08:04:26.254544,Room2 Virtual Panel,Command,'SetEnable,Button,8002,btn_system_combine_modes,True'
2026-03-06 08:04:26.254544,Room2 Virtual Panel,Command,'SetEnable,Button,8003,,True'
2026-03-06 08:04:26.254544,Room2 Virtual Panel,Command,'SetEnable,Button,8004,,True'
2026-03-06 08:04:26.254544,Room3 Virtual Panel,Command,'SetVisible,Button,8001,btn_system_combine_modes,True'
2026-03-06 08:04:26.254544,Room3 Virtual Panel,Command,'SetVisible,Button,8002,btn_system_combine_modes,True'
2026-03-06 08:04:26.254544,Room3 Virtual Panel,Command,'SetVisible,Button,8003,,True'
2026-03-06 08:04:26.255592,Room3 Virtual Panel,Command,'SetVisible,Button,8004,,True'
2026-03-06 08:04:26.255592,Room3 Virtual Panel,Command,'SetEnable,Button,8001,btn_system_combine_modes,True'
2026-03-06 08:04:26.255592,Room3 Virtual Panel,Command,'SetEnable,Button,8002,btn_system_combine_modes,True'
2026-03-06 08:04:26.255592,Room3 Virtual Panel,Command,'SetEnable,Button,8003,,True'
2026-03-06 08:04:26.255592,Room3 Virtual Panel,Command,'SetEnable,Button,8004,,True'
2026-03-06 08:04:26.255592,Room4 Virtual Panel,Command,'SetVisible,Button,8001,btn_system_combine_modes,True'
2026-03-06 08:04:26.255592,Room4 Virtual Panel,Command,'SetVisible,Button,8002,btn_system_combine_modes,True'
2026-03-06 08:04:26.255592,Room4 Virtual Panel,Command,'SetVisible,Button,8003,,True'
2026-03-06 08:04:26.256592,Room4 Virtual Panel,Command,'SetVisible,Button,8004,,True'
2026-03-06 08:04:26.256592,Room4 Virtual Panel,Command,'SetEnable,Button,8001,btn_system_combine_modes,True'
2026-03-06 08:04:26.256592,Room4 Virtual Panel,Command,'SetEnable,Button,8002,btn_system_combine_modes,True'
2026-03-06 08:04:26.256592,Room4 Virtual Panel,Command,'SetEnable,Button,8003,,True'
2026-03-06 08:04:26.256592,Room4 Virtual Panel,Command,'SetEnable,Button,8004,,True'
2026-03-06 08:04:26.257592,Room5 Virtual Panel,Command,'SetVisible,Button,8001,btn_system_combine_modes,True'
2026-03-06 08:04:26.257592,Room5 Virtual Panel,Command,'SetVisible,Button,8002,btn_system_combine_modes,True'
2026-03-06 08:04:26.257592,Room5 Virtual Panel,Command,'SetVisible,Button,8003,,True'
2026-03-06 08:04:26.257592,Room5 Virtual Panel,Command,'SetVisible,Button,8004,,True'
2026-03-06 08:04:26.257592,Room5 Virtual Panel,Command,'SetEnable,Button,8001,btn_system_combine_modes,True'
2026-03-06 08:04:26.257592,Room5 Virtual Panel,Command,'SetEnable,Button,8002,btn_system_combine_modes,True'
2026-03-06 08:04:26.258593,Room5 Virtual Panel,Command,'SetEnable,Button,8003,,True'
2026-03-06 08:04:26.258593,Room5 Virtual Panel,Command,'SetEnable,Button,8004,,True'
2026-03-06 08:04:26.258593,Room6 Virtual Panel,Command,'SetVisible,Button,8001,btn_system_combine_modes,True'
2026-03-06 08:04:26.258593,Room6 Virtual Panel,Command,'SetVisible,Button,8002,btn_system_combine_modes,True'
2026-03-06 08:04:26.258593,Room6 Virtual Panel,Command,'SetVisible,Button,8003,,True'
2026-03-06 08:04:26.258593,Room6 Virtual Panel,Command,'SetVisible,Button,8004,,True'
2026-03-06 08:04:26.258593,Room6 Virtual Panel,Command,'SetEnable,Button,8001,btn_system_combine_modes,True'
2026-03-06 08:04:26.259592,Room6 Virtual Panel,Command,'SetEnable,Button,8002,btn_system_combine_modes,True'
2026-03-06 08:04:26.259592,Room6 Virtual Panel,Command,'SetEnable,Button,8003,,True'
2026-03-06 08:04:26.259592,Room6 Virtual Panel,Command,'SetEnable,Button,8004,,True'
2026-03-06 08:04:26.259592,Room6 Virtual Panel,Command,'HideAllPopups'
2026-03-06 08:04:26.259592,Room6 Virtual Panel,Command,'ShowPage,1000 - Home'
2026-03-06 08:04:26.259592,Room6 Virtual Panel,Command,'ShowPopup,170 - Powering Down,0'
2026-03-06 08:04:26.260592,Room6 Virtual Panel,Command,'ShowPopup,Header-Uncombined-6,0'
2026-03-06 08:04:26.260592,Room6 Virtual Panel,Command,'SetStateButton,11,btn_mode_conferencing,0'
2026-03-06 08:04:26.260592,Room6 Virtual Panel,Command,'SetStateButton,12,btn_mode_media,0'
2026-03-06 08:04:26.260592,Room6 Virtual Panel,Command,'SetCurrent,int,[11, 12, 13],0'
2026-03-06 08:04:26.260592,DEBUG,Print,'making route: input:0 output:0 sw_type:Audio/Video'
2026-03-06 08:04:26.260592,DEBUG,Print,'length of output ids:7'
2026-03-06 08:04:26.261594,DEBUG,Print,'SET MATRIX TIE COMMAND: IN: 0, OUT: 1101, TYPE: Audio/Video'
2026-03-06 08:04:26.261594,Module:Switch0,Command,"SetMatrixTieCommand,None,{'Input': '0', 'Output': '1101', 'Tie Type': 'Audio/Video'}"
2026-03-06 08:04:26.262593,DEBUG,Print,'making route: input:0 output:0 sw_type:Audio/Video'
2026-03-06 08:04:26.262593,DEBUG,Print,'length of output ids:7'
2026-03-06 08:04:26.262593,DEBUG,Print,'SET MATRIX TIE COMMAND: IN: 0, OUT: 1101, TYPE: Audio/Video'
2026-03-06 08:04:26.262593,Module:Switch0,Command,"SetMatrixTieCommand,None,{'Input': '0', 'Output': '1101', 'Tie Type': 'Audio/Video'}"
2026-03-06 08:04:26.263592,Room6 Virtual Panel,Command,'SetStateButton,5087,lbl_switch_media_destinations_left,1'
2026-03-06 08:04:26.264096,Room6 Virtual Panel,Command,'SetStateButton,5088,lbl_switch_media_destinations_right,0'
2026-03-06 08:04:26.264096,Room6 Virtual Panel,Command,'SetCurrent,int,[5087, 5088],5087'
2026-03-06 08:04:26.264096,Module:Switch0,Command,"SetVideoMuteDecoder,Off,{'ID': '1101'}"
2026-03-06 08:04:26.265100,Room6 Virtual Panel,Command,'SetStateButton,4600,,0'
2026-03-06 08:04:26.265100,Room6 Virtual Panel,Command,'SetStateButton,4601,btn_switch_sources,0'
2026-03-06 08:04:26.265100,Room6 Virtual Panel,Command,'SetStateButton,4602,btn_switch_sources,0'
2026-03-06 08:04:26.265864,Room6 Virtual Panel,Command,'SetStateButton,4603,btn_switch_sources,0'
2026-03-06 08:04:26.265864,Room6 Virtual Panel,Command,'SetStateButton,4604,btn_switch_sources,0'
2026-03-06 08:04:26.265864,Room6 Virtual Panel,Command,'SetStateButton,4605,btn_switch_sources_ID3,0'
2026-03-06 08:04:26.265864,Room6 Virtual Panel,Command,'SetStateButton,4606,btn_switch_sources_ID6,0'
2026-03-06 08:04:26.265864,Room6 Virtual Panel,Command,'SetStateButton,4607,btn_switch_sources,0'
2026-03-06 08:04:26.265864,Room6 Virtual Panel,Command,'SetStateButton,4608,btn_switch_sources_ID13,0'
2026-03-06 08:04:26.265864,Room6 Virtual Panel,Command,'SetStateButton,4609,btn_switch_sources_ID17,0'
2026-03-06 08:04:26.265864,Room6 Virtual Panel,Command,'SetStateButton,4610,btn_switch_sources_ID19,0'
2026-03-06 08:04:26.265864,Room6 Virtual Panel,Command,'SetStateButton,4611,btn_switch_sources_ID23,0'
2026-03-06 08:04:26.266869,Room6 Virtual Panel,Command,'SetStateButton,4612,btn_switch_sources_ID25,0'
2026-03-06 08:04:26.266869,Room6 Virtual Panel,Command,'SetStateButton,4613,btn_switch_sources_ID3,0'
2026-03-06 08:04:26.266869,Room6 Virtual Panel,Command,'SetStateButton,4614,btn_switch_sources_ID6,0'
2026-03-06 08:04:26.266869,Room6 Virtual Panel,Command,'SetStateButton,4615,btn_switch_sources_ID13,0'
2026-03-06 08:04:26.266869,Room6 Virtual Panel,Command,'SetStateButton,4616,btn_switch_sources_ID17,0'
2026-03-06 08:04:26.266869,Room6 Virtual Panel,Command,'SetStateButton,4617,btn_switch_sources_ID19,0'
2026-03-06 08:04:26.266869,Room6 Virtual Panel,Command,'SetStateButton,4618,btn_switch_sources_ID23,0'
2026-03-06 08:04:26.266869,Room6 Virtual Panel,Command,'SetStateButton,4619,btn_switch_sources_ID3,0'
2026-03-06 08:04:26.266869,Room6 Virtual Panel,Command,'SetStateButton,4620,btn_switch_sources_ID6,0'
2026-03-06 08:04:26.266869,Room6 Virtual Panel,Command,'SetStateButton,4621,btn_switch_sources_ID13,0'
2026-03-06 08:04:26.266869,Room6 Virtual Panel,Command,'SetStateButton,4622,btn_switch_sources_ID17,0'
2026-03-06 08:04:26.267922,Room6 Virtual Panel,Command,'SetStateButton,4623,btn_switch_sources_ID19,0'
2026-03-06 08:04:26.267922,Room6 Virtual Panel,Command,'SetStateButton,4624,btn_switch_sources_ID23,0'
2026-03-06 08:04:26.267922,Room6 Virtual Panel,Command,'SetStateButton,4625,btn_switch_sources_ID25,0'
2026-03-06 08:04:26.267922,Room6 Virtual Panel,Command,'SetStateButton,4626,btn_switch_sources_ID3,0'
2026-03-06 08:04:26.267922,Room6 Virtual Panel,Command,'SetStateButton,4627,btn_switch_sources_ID6,0'
2026-03-06 08:04:26.267922,Room6 Virtual Panel,Command,'SetStateButton,4628,btn_switch_sources_ID13,0'
2026-03-06 08:04:26.267922,Room6 Virtual Panel,Command,'SetStateButton,4629,,0'
2026-03-06 08:04:26.267922,Room6 Virtual Panel,Command,'SetStateButton,4630,,0'
2026-03-06 08:04:26.267922,Room6 Virtual Panel,Command,'SetStateButton,4631,,0'
2026-03-06 08:04:26.267922,Room6 Virtual Panel,Command,'SetStateButton,4632,,0'
2026-03-06 08:04:26.267922,Room6 Virtual Panel,Command,'SetCurrent,int,[4600, 4601, 4602, 4603, 4604, 4605, 4606, 4607, 4608, 4609, 4610, 4611, 4612, 4613, 4614, 4615, 4616, 4617, 4618, 4619, 4620, 4621, 4622, 4623, 4624, 4625, 4626, 4627, 4628, 4629, 4630, 4631, 4632],0'
2026-03-06 08:04:26.268925,Module:Switch0,Command,"SetAudioMuteDecoder,Off,{'ID': '1101', 'Type': 'All'}"
2026-03-06 08:04:26.268925,Room6 Virtual Panel,Command,'SetStateButton,1669,btn_switch_media_send_to_all,1'
2026-03-06 08:04:26.270021,Room6 Virtual Panel,Command,'SetStateButton,89,,0'
2026-03-06 08:04:26.270021,Room6 Virtual Panel,Command,'SetStateButton,7,btn_page_help,0'
2026-03-06 08:04:26.270021,Room6 Virtual Panel,Command,'SetStateButton,85,btn_page_user_wireles_mis,0'
2026-03-06 08:04:26.270021,Room6 Virtual Panel,Command,'SetStateButton,87,btn_page_user_displays,0'
2026-03-06 08:04:26.270021,Room6 Virtual Panel,Command,'SetStateButton,21,btn_page_camera,0'
2026-03-06 08:04:26.270021,Room6 Virtual Panel,Command,'SetStateButton,81,btn_shutdown_confirm,0'
2026-03-06 08:04:26.270021,Room6 Virtual Panel,Command,'SetStateButton,81,btn_shutdown_confirm,1'
2026-03-06 08:04:26.343252,Room6 Virtual Panel,Command,'Button,BWDPanel,81,btn_shutdown_confirm,Released'
2026-03-06 08:04:27.252749,Room6 Virtual Panel,Command,'SetLevel,Level,15,lvl_shutdown_timer,20'
2026-03-06 08:04:27.267478,Module:Switch0,API,To Device,'w3cv\r\n'
2026-03-06 08:04:27.267478,Module:Switch0,API,To Device,'w3cv\r\n'
2026-03-06 08:04:27.267478,Module:Switch0,API,To Device,'{1101o:0B\r}\r'
2026-03-06 08:04:27.267478,Module:Switch0,API,To Device,'\x1b0*1101!\r'
2026-03-06 08:04:27.268397,Module:Switch0,API,To Device,'w3cv\r\n'
2026-03-06 08:04:27.268397,Module:Switch0,API,To Device,'\x1b0*1101!\r'
2026-03-06 08:04:27.283558,Module:Switch0,API,To Device,'w3cv\r\n'
2026-03-06 08:04:27.284106,Module:Switch0,API,To Device,'{1101o:0Z\r}\r'
2026-03-06 08:04:28.264368,Room6 Virtual Panel,Command,'SetLevel,Level,15,lvl_shutdown_timer,40'
2026-03-06 08:04:29.277519,Room6 Virtual Panel,Command,'SetLevel,Level,15,lvl_shutdown_timer,60'
2026-03-06 08:04:29.835960,Module:Switch0,Command,"UpdateVideoMuteDecoder,{'ID': '1'}"
2026-03-06 08:04:30.292137,Room6 Virtual Panel,Command,'SetLevel,Level,15,lvl_shutdown_timer,80'
2026-03-06 08:04:30.853738,Module:Switch0,API,To Device,'w3cv\r\n'
2026-03-06 08:04:30.854371,Module:Switch0,API,To Device,'{1o:B\r}\r'
2026-03-06 08:04:31.308013,Room6 Virtual Panel,Command,'HidePopup,170 - Powering Down'
2026-03-06 08:04:31.308013,Room6 Virtual Panel,Command,'SetLevel,Level,15,lvl_shutdown_timer,0'
2026-03-06 08:04:32.861808,Room6 Virtual Panel,Command,'Button,BWDPanel,12,btn_mode_media,Pressed'
2026-03-06 08:04:32.861808,Room6 Virtual Panel,Command,'SetTextButton,961,btn_tech_details_names,Touch Panel'
2026-03-06 08:04:32.862324,Room6 Virtual Panel,Command,'SetTextButton,981,btn_tech_details_status,Disconnected'
2026-03-06 08:04:32.862324,Room6 Virtual Panel,Command,'SetStateButton,981,btn_tech_details_status,0'
2026-03-06 08:04:32.862324,Room6 Virtual Panel,Command,'SetText,Label,1001,lbl_tech_details_ips,'
2026-03-06 08:04:32.862324,Room6 Virtual Panel,Command,'SetVisible,Button,8,btn_err_indicator,True'
2026-03-06 08:04:32.862837,Room6 Virtual Panel,Command,'SetEnable,Button,8,btn_err_indicator,True'
2026-03-06 08:04:32.862837,Room6 Virtual Panel,Command,'SetLevel,Level,14,lvl_startup_timer,0'
2026-03-06 08:04:32.862837,Room6 Virtual Panel,Command,'SetVisible,Level,14,lvl_startup_timer,True'
2026-03-06 08:04:32.863931,Room6 Virtual Panel,Command,'HideAllPopups'
2026-03-06 08:04:32.864461,Room6 Virtual Panel,Command,'ShowPopup,100 - Starting Up,0'
2026-03-06 08:04:32.864461,Room6 Virtual Panel,Command,'SetStateButton,11,btn_mode_conferencing,0'
2026-03-06 08:04:32.864461,Room6 Virtual Panel,Command,'SetStateButton,12,btn_mode_media,0'
2026-03-06 08:04:32.864461,Room6 Virtual Panel,Command,'SetCurrent,int,[11, 12, 13],0'
2026-03-06 08:04:32.864461,Room6 Virtual Panel,Command,'ShowPopup,Header-Uncombined-6,0'
2026-03-06 08:04:32.864461,Room0 Virtual Panel,Command,'SetVisible,Button,8001,btn_system_combine_modes,True'
2026-03-06 08:04:32.865474,Room0 Virtual Panel,Command,'SetVisible,Button,8002,btn_system_combine_modes,True'
2026-03-06 08:04:32.865474,Room0 Virtual Panel,Command,'SetVisible,Button,8003,,True'
2026-03-06 08:04:32.865474,Room0 Virtual Panel,Command,'SetVisible,Button,8004,,True'
2026-03-06 08:04:32.865474,Room0 Virtual Panel,Command,'SetEnable,Button,8001,btn_system_combine_modes,True'
2026-03-06 08:04:32.865474,Room0 Virtual Panel,Command,'SetEnable,Button,8002,btn_system_combine_modes,True'
2026-03-06 08:04:32.865474,Room0 Virtual Panel,Command,'SetEnable,Button,8003,,True'
2026-03-06 08:04:32.865474,Room0 Virtual Panel,Command,'SetEnable,Button,8004,,True'
2026-03-06 08:04:32.866164,Room1 Virtual Panel,Command,'SetVisible,Button,8001,btn_system_combine_modes,True'
2026-03-06 08:04:32.866164,Room1 Virtual Panel,Command,'SetVisible,Button,8002,btn_system_combine_modes,True'
2026-03-06 08:04:32.866164,Room1 Virtual Panel,Command,'SetVisible,Button,8003,,True'
2026-03-06 08:04:32.866164,Room1 Virtual Panel,Command,'SetVisible,Button,8004,,True'
2026-03-06 08:04:32.866164,Room1 Virtual Panel,Command,'SetEnable,Button,8001,btn_system_combine_modes,True'
2026-03-06 08:04:32.866164,Room1 Virtual Panel,Command,'SetEnable,Button,8002,btn_system_combine_modes,True'
2026-03-06 08:04:32.866164,Room1 Virtual Panel,Command,'SetEnable,Button,8003,,True'
2026-03-06 08:04:32.866164,Room1 Virtual Panel,Command,'SetEnable,Button,8004,,True'
2026-03-06 08:04:32.866164,Room2 Virtual Panel,Command,'SetVisible,Button,8001,btn_system_combine_modes,True'
2026-03-06 08:04:32.867169,Room2 Virtual Panel,Command,'SetVisible,Button,8002,btn_system_combine_modes,True'
2026-03-06 08:04:32.867169,Room2 Virtual Panel,Command,'SetVisible,Button,8003,,True'
2026-03-06 08:04:32.867169,Room2 Virtual Panel,Command,'SetVisible,Button,8004,,True'
2026-03-06 08:04:32.867169,Room2 Virtual Panel,Command,'SetEnable,Button,8001,btn_system_combine_modes,True'
2026-03-06 08:04:32.867169,Room2 Virtual Panel,Command,'SetEnable,Button,8002,btn_system_combine_modes,True'
2026-03-06 08:04:32.867169,Room2 Virtual Panel,Command,'SetEnable,Button,8003,,True'
2026-03-06 08:04:32.867169,Room2 Virtual Panel,Command,'SetEnable,Button,8004,,True'
2026-03-06 08:04:32.868169,Room3 Virtual Panel,Command,'SetVisible,Button,8001,btn_system_combine_modes,True'
2026-03-06 08:04:32.868169,Room3 Virtual Panel,Command,'SetVisible,Button,8002,btn_system_combine_modes,True'
2026-03-06 08:04:32.868169,Room3 Virtual Panel,Command,'SetVisible,Button,8003,,True'
2026-03-06 08:04:32.868169,Room3 Virtual Panel,Command,'SetVisible,Button,8004,,True'
2026-03-06 08:04:32.868169,Room3 Virtual Panel,Command,'SetEnable,Button,8001,btn_system_combine_modes,True'
2026-03-06 08:04:32.868169,Room3 Virtual Panel,Command,'SetEnable,Button,8002,btn_system_combine_modes,True'
2026-03-06 08:04:32.868169,Room3 Virtual Panel,Command,'SetEnable,Button,8003,,True'
2026-03-06 08:04:32.869170,Room3 Virtual Panel,Command,'SetEnable,Button,8004,,True'
2026-03-06 08:04:32.869170,Room4 Virtual Panel,Command,'SetVisible,Button,8001,btn_system_combine_modes,True'
2026-03-06 08:04:32.869170,Room4 Virtual Panel,Command,'SetVisible,Button,8002,btn_system_combine_modes,True'
2026-03-06 08:04:32.869170,Room4 Virtual Panel,Command,'SetVisible,Button,8003,,True'
2026-03-06 08:04:32.869170,Room4 Virtual Panel,Command,'SetVisible,Button,8004,,True'
2026-03-06 08:04:32.869170,Room4 Virtual Panel,Command,'SetEnable,Button,8001,btn_system_combine_modes,True'
2026-03-06 08:04:32.869170,Room4 Virtual Panel,Command,'SetEnable,Button,8002,btn_system_combine_modes,True'
2026-03-06 08:04:32.869170,Room4 Virtual Panel,Command,'SetEnable,Button,8003,,True'
2026-03-06 08:04:32.869170,Room4 Virtual Panel,Command,'SetEnable,Button,8004,,True'
2026-03-06 08:04:32.869170,Room5 Virtual Panel,Command,'SetVisible,Button,8001,btn_system_combine_modes,True'
2026-03-06 08:04:32.870169,Room5 Virtual Panel,Command,'SetVisible,Button,8002,btn_system_combine_modes,True'
2026-03-06 08:04:32.870169,Room5 Virtual Panel,Command,'SetVisible,Button,8003,,True'
2026-03-06 08:04:32.870169,Room5 Virtual Panel,Command,'SetVisible,Button,8004,,True'
2026-03-06 08:04:32.870169,Room5 Virtual Panel,Command,'SetEnable,Button,8001,btn_system_combine_modes,True'
2026-03-06 08:04:32.870169,Room5 Virtual Panel,Command,'SetEnable,Button,8002,btn_system_combine_modes,True'
2026-03-06 08:04:32.870169,Room5 Virtual Panel,Command,'SetEnable,Button,8003,,True'
2026-03-06 08:04:32.870169,Room5 Virtual Panel,Command,'SetEnable,Button,8004,,True'
2026-03-06 08:04:32.870169,Room6 Virtual Panel,Command,'SetVisible,Button,8001,btn_system_combine_modes,True'
2026-03-06 08:04:32.870169,Room6 Virtual Panel,Command,'SetVisible,Button,8002,btn_system_combine_modes,True'
2026-03-06 08:04:32.870169,Room6 Virtual Panel,Command,'SetVisible,Button,8003,,True'
2026-03-06 08:04:32.870169,Room6 Virtual Panel,Command,'SetVisible,Button,8004,,True'
2026-03-06 08:04:32.871169,Room6 Virtual Panel,Command,'SetEnable,Button,8001,btn_system_combine_modes,True'
2026-03-06 08:04:32.871169,Room6 Virtual Panel,Command,'SetEnable,Button,8002,btn_system_combine_modes,True'
2026-03-06 08:04:32.871169,Room6 Virtual Panel,Command,'SetEnable,Button,8003,,True'
2026-03-06 08:04:32.871169,Room6 Virtual Panel,Command,'SetEnable,Button,8004,,True'
2026-03-06 08:04:32.871169,Room6 Virtual Panel,Command,'SetStateButton,4600,,0'
2026-03-06 08:04:32.871169,Room6 Virtual Panel,Command,'SetStateButton,4601,btn_switch_sources,0'
2026-03-06 08:04:32.871169,Room6 Virtual Panel,Command,'SetStateButton,4602,btn_switch_sources,0'
2026-03-06 08:04:32.871169,Room6 Virtual Panel,Command,'SetStateButton,4603,btn_switch_sources,0'
2026-03-06 08:04:32.871169,Room6 Virtual Panel,Command,'SetStateButton,4604,btn_switch_sources,0'
2026-03-06 08:04:32.871169,Room6 Virtual Panel,Command,'SetStateButton,4605,btn_switch_sources_ID3,0'
2026-03-06 08:04:32.871169,Room6 Virtual Panel,Command,'SetStateButton,4606,btn_switch_sources_ID6,0'
2026-03-06 08:04:32.872170,Room6 Virtual Panel,Command,'SetStateButton,4607,btn_switch_sources,0'
2026-03-06 08:04:32.872170,Room6 Virtual Panel,Command,'SetStateButton,4608,btn_switch_sources_ID13,0'
2026-03-06 08:04:32.872170,Room6 Virtual Panel,Command,'SetStateButton,4609,btn_switch_sources_ID17,0'
2026-03-06 08:04:32.872170,Room6 Virtual Panel,Command,'SetStateButton,4610,btn_switch_sources_ID19,0'
2026-03-06 08:04:32.872170,Room6 Virtual Panel,Command,'SetStateButton,4611,btn_switch_sources_ID23,0'
2026-03-06 08:04:32.872170,Room6 Virtual Panel,Command,'SetStateButton,4612,btn_switch_sources_ID25,0'
2026-03-06 08:04:32.872170,Room6 Virtual Panel,Command,'SetStateButton,4613,btn_switch_sources_ID3,0'
2026-03-06 08:04:32.872170,Room6 Virtual Panel,Command,'SetStateButton,4614,btn_switch_sources_ID6,0'
2026-03-06 08:04:32.872170,Room6 Virtual Panel,Command,'SetStateButton,4615,btn_switch_sources_ID13,0'
2026-03-06 08:04:32.872170,Room6 Virtual Panel,Command,'SetStateButton,4616,btn_switch_sources_ID17,0'
2026-03-06 08:04:32.872170,Room6 Virtual Panel,Command,'SetStateButton,4617,btn_switch_sources_ID19,0'
2026-03-06 08:04:32.872170,Room6 Virtual Panel,Command,'SetStateButton,4618,btn_switch_sources_ID23,0'
2026-03-06 08:04:32.872170,Room6 Virtual Panel,Command,'SetStateButton,4619,btn_switch_sources_ID3,0'
2026-03-06 08:04:32.872170,Room6 Virtual Panel,Command,'SetStateButton,4620,btn_switch_sources_ID6,0'
2026-03-06 08:04:32.872170,Room6 Virtual Panel,Command,'SetStateButton,4621,btn_switch_sources_ID13,0'
2026-03-06 08:04:32.872170,Room6 Virtual Panel,Command,'SetStateButton,4622,btn_switch_sources_ID17,0'
2026-03-06 08:04:32.873673,Room6 Virtual Panel,Command,'SetStateButton,4623,btn_switch_sources_ID19,0'
2026-03-06 08:04:32.873673,Room6 Virtual Panel,Command,'SetStateButton,4624,btn_switch_sources_ID23,0'
2026-03-06 08:04:32.873673,Room6 Virtual Panel,Command,'SetStateButton,4625,btn_switch_sources_ID25,0'
2026-03-06 08:04:32.874295,Room6 Virtual Panel,Command,'SetStateButton,4626,btn_switch_sources_ID3,0'
2026-03-06 08:04:32.874295,Room6 Virtual Panel,Command,'SetStateButton,4627,btn_switch_sources_ID6,0'
2026-03-06 08:04:32.874295,Room6 Virtual Panel,Command,'SetStateButton,4628,btn_switch_sources_ID13,0'
2026-03-06 08:04:32.874295,Room6 Virtual Panel,Command,'SetStateButton,4629,,0'
2026-03-06 08:04:32.874295,Room6 Virtual Panel,Command,'SetStateButton,4630,,0'
2026-03-06 08:04:32.874295,Room6 Virtual Panel,Command,'SetStateButton,4631,,0'
2026-03-06 08:04:32.874295,Room6 Virtual Panel,Command,'SetStateButton,4632,,0'
2026-03-06 08:04:32.875299,Room6 Virtual Panel,Command,'SetCurrent,int,[4600, 4601, 4602, 4603, 4604, 4605, 4606, 4607, 4608, 4609, 4610, 4611, 4612, 4613, 4614, 4615, 4616, 4617, 4618, 4619, 4620, 4621, 4622, 4623, 4624, 4625, 4626, 4627, 4628, 4629, 4630, 4631, 4632],0'
2026-03-06 08:04:32.875299,Room6 Virtual Panel,Command,'SetStateButton,5000,,0'
2026-03-06 08:04:32.875299,Room6 Virtual Panel,Command,'SetStateButton,5001,btn_switch_media_sources,0'
2026-03-06 08:04:32.875299,Room6 Virtual Panel,Command,'SetStateButton,5002,btn_switch_media_sources,0'
2026-03-06 08:04:32.875299,Room6 Virtual Panel,Command,'SetStateButton,5003,btn_switch_media_sources,0'
2026-03-06 08:04:32.875299,Room6 Virtual Panel,Command,'SetStateButton,5004,btn_switch_media_sources_ID3,0'
2026-03-06 08:04:32.875299,Room6 Virtual Panel,Command,'SetStateButton,5005,btn_switch_media_sources_ID3,0'
2026-03-06 08:04:32.875299,Room6 Virtual Panel,Command,'SetStateButton,5006,btn_switch_media_sources,0'
2026-03-06 08:04:32.875299,Room6 Virtual Panel,Command,'SetStateButton,5007,btn_switch_media_sources_ID3,0'
2026-03-06 08:04:32.875299,Room6 Virtual Panel,Command,'SetStateButton,5008,btn_switch_media_sources_ID3,0'
2026-03-06 08:04:32.876306,Room6 Virtual Panel,Command,'SetStateButton,5009,btn_switch_media_sources_ID10,0'
2026-03-06 08:04:32.876306,Room6 Virtual Panel,Command,'SetStateButton,5010,btn_switch_media_sources_ID17,0'
2026-03-06 08:04:32.876306,Room6 Virtual Panel,Command,'SetStateButton,5011,btn_switch_media_sources_ID20,0'
2026-03-06 08:04:32.876306,Room6 Virtual Panel,Command,'SetStateButton,5012,btn_switch_media_sources_ID25,0'
2026-03-06 08:04:32.876306,Room6 Virtual Panel,Command,'SetStateButton,5013,,0'
2026-03-06 08:04:32.876306,Room6 Virtual Panel,Command,'SetStateButton,5014,,0'
2026-03-06 08:04:32.876306,Room6 Virtual Panel,Command,'SetStateButton,5015,,0'
2026-03-06 08:04:32.876306,Room6 Virtual Panel,Command,'SetStateButton,5016,,0'
2026-03-06 08:04:32.876306,Room6 Virtual Panel,Command,'SetStateButton,5017,btn_switch_media_sources_ID3,0'
2026-03-06 08:04:32.877306,Room6 Virtual Panel,Command,'SetStateButton,5018,btn_switch_media_sources_ID3,0'
2026-03-06 08:04:32.877306,Room6 Virtual Panel,Command,'SetStateButton,5019,btn_switch_media_sources_ID10,0'
2026-03-06 08:04:32.877306,Room6 Virtual Panel,Command,'SetStateButton,5020,btn_switch_media_sources_ID17,0'
2026-03-06 08:04:32.877306,Room6 Virtual Panel,Command,'SetStateButton,5021,btn_switch_media_sources_ID20,0'
2026-03-06 08:04:32.877306,Room6 Virtual Panel,Command,'SetStateButton,5022,btn_switch_media_sources_ID3,0'
2026-03-06 08:04:32.877306,Room6 Virtual Panel,Command,'SetStateButton,5023,btn_switch_media_sources_ID3,0'
2026-03-06 08:04:32.877306,Room6 Virtual Panel,Command,'SetStateButton,5024,btn_switch_media_sources_ID3,0'
2026-03-06 08:04:32.877306,Room6 Virtual Panel,Command,'SetStateButton,5025,,0'
2026-03-06 08:04:32.877306,Room6 Virtual Panel,Command,'SetStateButton,5026,,0'
2026-03-06 08:04:32.878306,Room6 Virtual Panel,Command,'SetStateButton,5027,,0'
2026-03-06 08:04:32.878306,Room6 Virtual Panel,Command,'SetStateButton,5028,,0'
2026-03-06 08:04:32.878306,Room6 Virtual Panel,Command,'SetStateButton,5029,,0'
2026-03-06 08:04:32.878306,Room6 Virtual Panel,Command,'SetStateButton,5030,,0'
2026-03-06 08:04:32.878306,Room6 Virtual Panel,Command,'SetStateButton,5031,,0'
2026-03-06 08:04:32.878306,Room6 Virtual Panel,Command,'SetStateButton,5032,,0'
2026-03-06 08:04:32.878306,Room6 Virtual Panel,Command,'SetCurrent,int,[5000, 5001, 5002, 5003, 5004, 5005, 5006, 5007, 5008, 5009, 5010, 5011, 5012, 5013, 5014, 5015, 5016, 5017, 5018, 5019, 5020, 5021, 5022, 5023, 5024, 5025, 5026, 5027, 5028, 5029, 5030, 5031, 5032],0'
2026-03-06 08:04:32.878306,Room6 Virtual Panel,Command,'SetStateButton,4950,,0'
2026-03-06 08:04:32.878306,Room6 Virtual Panel,Command,'SetStateButton,4951,btn_logo,0'
2026-03-06 08:04:32.879303,Room6 Virtual Panel,Command,'SetStateButton,4952,btn_logo,0'
2026-03-06 08:04:32.879303,Room6 Virtual Panel,Command,'SetStateButton,4953,btn_logo,0'
2026-03-06 08:04:32.879303,Room6 Virtual Panel,Command,'SetStateButton,4954,btn_logo_ID6,0'
2026-03-06 08:04:32.879303,Room6 Virtual Panel,Command,'SetStateButton,4955,btn_logo_ID6,0'
2026-03-06 08:04:32.879303,Room6 Virtual Panel,Command,'SetStateButton,4956,btn_logo,0'
2026-03-06 08:04:32.879303,Room6 Virtual Panel,Command,'SetStateButton,4957,btn_logo_ID6,0'
2026-03-06 08:04:32.879303,Room6 Virtual Panel,Command,'SetStateButton,4958,btn_logo_ID6,0'
2026-03-06 08:04:32.879303,Room6 Virtual Panel,Command,'SetStateButton,4959,btn_logo_ID16,0'
2026-03-06 08:04:32.879303,Room6 Virtual Panel,Command,'SetStateButton,4960,btn_logo_ID19,0'
2026-03-06 08:04:32.879303,Room6 Virtual Panel,Command,'SetStateButton,4961,btn_logo_ID24,0'
2026-03-06 08:04:32.879303,Room6 Virtual Panel,Command,'SetStateButton,4962,btn_logo_ID27,0'
2026-03-06 08:04:32.880302,Room6 Virtual Panel,Command,'SetStateButton,4963,,0'
2026-03-06 08:04:32.880302,Room6 Virtual Panel,Command,'SetStateButton,4964,,0'
2026-03-06 08:04:32.880302,Room6 Virtual Panel,Command,'SetStateButton,4965,,0'
2026-03-06 08:04:32.880302,Room6 Virtual Panel,Command,'SetStateButton,4966,,0'
2026-03-06 08:04:32.880302,Room6 Virtual Panel,Command,'SetStateButton,4967,btn_logo_ID6,0'
2026-03-06 08:04:32.880302,Room6 Virtual Panel,Command,'SetStateButton,4968,btn_logo_ID6,0'
2026-03-06 08:04:32.880302,Room6 Virtual Panel,Command,'SetStateButton,4969,btn_logo_ID16,0'
2026-03-06 08:04:32.880302,Room6 Virtual Panel,Command,'SetStateButton,4970,btn_logo_ID19,0'
2026-03-06 08:04:32.880302,Room6 Virtual Panel,Command,'SetStateButton,4971,btn_logo_ID24,0'
2026-03-06 08:04:32.881302,Room6 Virtual Panel,Command,'SetStateButton,4972,btn_logo_ID6,0'
2026-03-06 08:04:32.881302,Room6 Virtual Panel,Command,'SetStateButton,4973,btn_logo_ID6,0'
2026-03-06 08:04:32.881302,Room6 Virtual Panel,Command,'SetStateButton,4974,btn_logo_ID6,0'
2026-03-06 08:04:32.881302,Room6 Virtual Panel,Command,'SetStateButton,4975,,0'
2026-03-06 08:04:32.881302,Room6 Virtual Panel,Command,'SetStateButton,4976,,0'
2026-03-06 08:04:32.881302,Room6 Virtual Panel,Command,'SetStateButton,4977,,0'
2026-03-06 08:04:32.881302,Room6 Virtual Panel,Command,'SetStateButton,4978,,0'
2026-03-06 08:04:32.881302,Room6 Virtual Panel,Command,'SetStateButton,4979,,0'
2026-03-06 08:04:32.881302,Room6 Virtual Panel,Command,'SetStateButton,4980,,0'
2026-03-06 08:04:32.882300,Room6 Virtual Panel,Command,'SetStateButton,4981,,0'
2026-03-06 08:04:32.882300,Room6 Virtual Panel,Command,'SetStateButton,4982,,0'
2026-03-06 08:04:32.882300,Room6 Virtual Panel,Command,'SetCurrent,int,[4950, 4951, 4952, 4953, 4954, 4955, 4956, 4957, 4958, 4959, 4960, 4961, 4962, 4963, 4964, 4965, 4966, 4967, 4968, 4969, 4970, 4971, 4972, 4973, 4974, 4975, 4976, 4977, 4978, 4979, 4980, 4981, 4982],0'
2026-03-06 08:04:32.883307,Room6 Virtual Panel,Command,'ShowPopup,2100 - Presentation No Dest,0'
2026-03-06 08:04:32.883307,Room6 Virtual Panel,Command,'SetStateButton,5000,,0'
2026-03-06 08:04:32.883307,Room6 Virtual Panel,Command,'SetStateButton,5001,btn_switch_media_sources,0'
2026-03-06 08:04:32.883307,Room6 Virtual Panel,Command,'SetStateButton,5002,btn_switch_media_sources,0'
2026-03-06 08:04:32.883307,Room6 Virtual Panel,Command,'SetStateButton,5003,btn_switch_media_sources,0'
2026-03-06 08:04:32.883307,Room6 Virtual Panel,Command,'SetStateButton,5004,btn_switch_media_sources_ID3,0'
2026-03-06 08:04:32.883307,Room6 Virtual Panel,Command,'SetStateButton,5005,btn_switch_media_sources_ID3,0'
2026-03-06 08:04:32.883307,Room6 Virtual Panel,Command,'SetStateButton,5006,btn_switch_media_sources,0'
2026-03-06 08:04:32.883307,Room6 Virtual Panel,Command,'SetStateButton,5007,btn_switch_media_sources_ID3,0'
2026-03-06 08:04:32.883307,Room6 Virtual Panel,Command,'SetStateButton,5008,btn_switch_media_sources_ID3,0'
2026-03-06 08:04:32.884514,Room6 Virtual Panel,Command,'SetStateButton,5009,btn_switch_media_sources_ID10,0'
2026-03-06 08:04:32.884514,Room6 Virtual Panel,Command,'SetStateButton,5010,btn_switch_media_sources_ID17,0'
2026-03-06 08:04:32.884514,Room6 Virtual Panel,Command,'SetStateButton,5011,btn_switch_media_sources_ID20,0'
2026-03-06 08:04:32.884514,Room6 Virtual Panel,Command,'SetStateButton,5012,btn_switch_media_sources_ID25,0'
2026-03-06 08:04:32.884514,Room6 Virtual Panel,Command,'SetStateButton,5013,,0'
2026-03-06 08:04:32.884514,Room6 Virtual Panel,Command,'SetStateButton,5014,,0'
2026-03-06 08:04:32.884514,Room6 Virtual Panel,Command,'SetStateButton,5015,,0'
2026-03-06 08:04:32.884514,Room6 Virtual Panel,Command,'SetStateButton,5016,,0'
2026-03-06 08:04:32.885518,Room6 Virtual Panel,Command,'SetStateButton,5017,btn_switch_media_sources_ID3,0'
2026-03-06 08:04:32.885518,Room6 Virtual Panel,Command,'SetStateButton,5018,btn_switch_media_sources_ID3,0'
2026-03-06 08:04:32.885518,Room6 Virtual Panel,Command,'SetStateButton,5019,btn_switch_media_sources_ID10,0'
2026-03-06 08:04:32.885518,Room6 Virtual Panel,Command,'SetStateButton,5020,btn_switch_media_sources_ID17,0'
2026-03-06 08:04:32.885518,Room6 Virtual Panel,Command,'SetStateButton,5021,btn_switch_media_sources_ID20,0'
2026-03-06 08:04:32.885518,Room6 Virtual Panel,Command,'SetStateButton,5022,btn_switch_media_sources_ID3,0'
2026-03-06 08:04:32.886195,Room6 Virtual Panel,Command,'SetStateButton,5023,btn_switch_media_sources_ID3,0'
2026-03-06 08:04:32.886195,Room6 Virtual Panel,Command,'SetStateButton,5024,btn_switch_media_sources_ID3,0'
2026-03-06 08:04:32.886195,Room6 Virtual Panel,Command,'SetStateButton,5025,,0'
2026-03-06 08:04:32.886195,Room6 Virtual Panel,Command,'SetStateButton,5026,,0'
2026-03-06 08:04:32.886195,Room6 Virtual Panel,Command,'SetStateButton,5027,,0'
2026-03-06 08:04:32.886195,Room6 Virtual Panel,Command,'SetStateButton,5028,,0'
2026-03-06 08:04:32.886195,Room6 Virtual Panel,Command,'SetStateButton,5029,,0'
2026-03-06 08:04:32.886195,Room6 Virtual Panel,Command,'SetStateButton,5030,,0'
2026-03-06 08:04:32.887199,Room6 Virtual Panel,Command,'SetStateButton,5031,,0'
2026-03-06 08:04:32.887199,Room6 Virtual Panel,Command,'SetStateButton,5032,,0'
2026-03-06 08:04:32.887199,Room6 Virtual Panel,Command,'SetCurrent,int,[5000, 5001, 5002, 5003, 5004, 5005, 5006, 5007, 5008, 5009, 5010, 5011, 5012, 5013, 5014, 5015, 5016, 5017, 5018, 5019, 5020, 5021, 5022, 5023, 5024, 5025, 5026, 5027, 5028, 5029, 5030, 5031, 5032],0'
2026-03-06 08:04:32.887199,Room6 Virtual Panel,Command,'SetStateButton,4950,,0'
2026-03-06 08:04:32.887199,Room6 Virtual Panel,Command,'SetStateButton,4951,btn_logo,0'
2026-03-06 08:04:32.887199,Room6 Virtual Panel,Command,'SetStateButton,4952,btn_logo,0'
2026-03-06 08:04:32.887199,Room6 Virtual Panel,Command,'SetStateButton,4953,btn_logo,0'
2026-03-06 08:04:32.887199,Room6 Virtual Panel,Command,'SetStateButton,4954,btn_logo_ID6,0'
2026-03-06 08:04:32.887199,Room6 Virtual Panel,Command,'SetStateButton,4955,btn_logo_ID6,0'
2026-03-06 08:04:32.888207,Room6 Virtual Panel,Command,'SetStateButton,4956,btn_logo,0'
2026-03-06 08:04:32.888207,Room6 Virtual Panel,Command,'SetStateButton,4957,btn_logo_ID6,0'
2026-03-06 08:04:32.888207,Room6 Virtual Panel,Command,'SetStateButton,4958,btn_logo_ID6,0'
2026-03-06 08:04:32.888207,Room6 Virtual Panel,Command,'SetStateButton,4959,btn_logo_ID16,0'
2026-03-06 08:04:32.888207,Room6 Virtual Panel,Command,'SetStateButton,4960,btn_logo_ID19,0'
2026-03-06 08:04:32.888207,Room6 Virtual Panel,Command,'SetStateButton,4961,btn_logo_ID24,0'
2026-03-06 08:04:32.888207,Room6 Virtual Panel,Command,'SetStateButton,4962,btn_logo_ID27,0'
2026-03-06 08:04:32.888207,Room6 Virtual Panel,Command,'SetStateButton,4963,,0'
2026-03-06 08:04:32.888207,Room6 Virtual Panel,Command,'SetStateButton,4964,,0'
2026-03-06 08:04:32.888207,Room6 Virtual Panel,Command,'SetStateButton,4965,,0'
2026-03-06 08:04:32.889203,Room6 Virtual Panel,Command,'SetStateButton,4966,,0'
2026-03-06 08:04:32.889203,Room6 Virtual Panel,Command,'SetStateButton,4967,btn_logo_ID6,0'
2026-03-06 08:04:32.889203,Room6 Virtual Panel,Command,'SetStateButton,4968,btn_logo_ID6,0'
2026-03-06 08:04:32.889203,Room6 Virtual Panel,Command,'SetStateButton,4969,btn_logo_ID16,0'
2026-03-06 08:04:32.889203,Room6 Virtual Panel,Command,'SetStateButton,4970,btn_logo_ID19,0'
2026-03-06 08:04:32.889203,Room6 Virtual Panel,Command,'SetStateButton,4971,btn_logo_ID24,0'
2026-03-06 08:04:32.890209,Room6 Virtual Panel,Command,'SetStateButton,4972,btn_logo_ID6,0'
2026-03-06 08:04:32.890209,Room6 Virtual Panel,Command,'SetStateButton,4973,btn_logo_ID6,0'
2026-03-06 08:04:32.890209,Room6 Virtual Panel,Command,'SetStateButton,4974,btn_logo_ID6,0'
2026-03-06 08:04:32.890209,Room6 Virtual Panel,Command,'SetStateButton,4975,,0'
2026-03-06 08:04:32.890209,Room6 Virtual Panel,Command,'SetStateButton,4976,,0'
2026-03-06 08:04:32.890209,Room6 Virtual Panel,Command,'SetStateButton,4977,,0'
2026-03-06 08:04:32.890209,Room6 Virtual Panel,Command,'SetStateButton,4978,,0'
2026-03-06 08:04:32.890209,Room6 Virtual Panel,Command,'SetStateButton,4979,,0'
2026-03-06 08:04:32.890209,Room6 Virtual Panel,Command,'SetStateButton,4980,,0'
2026-03-06 08:04:32.891199,Room6 Virtual Panel,Command,'SetStateButton,4981,,0'
2026-03-06 08:04:32.891199,Room6 Virtual Panel,Command,'SetStateButton,4982,,0'
2026-03-06 08:04:32.891199,Room6 Virtual Panel,Command,'SetCurrent,int,[4950, 4951, 4952, 4953, 4954, 4955, 4956, 4957, 4958, 4959, 4960, 4961, 4962, 4963, 4964, 4965, 4966, 4967, 4968, 4969, 4970, 4971, 4972, 4973, 4974, 4975, 4976, 4977, 4978, 4979, 4980, 4981, 4982],0'
2026-03-06 08:04:32.891199,Room6 Virtual Panel,Command,'SetStateButton,11,btn_mode_conferencing,0'
2026-03-06 08:04:32.891199,Room6 Virtual Panel,Command,'SetStateButton,12,btn_mode_media,1'
2026-03-06 08:04:32.891199,Room6 Virtual Panel,Command,'SetCurrent,int,[11, 12, 13],12'
2026-03-06 08:04:32.892199,Room6 Virtual Panel,Command,'ShowPage,2000 - Main - Presentation'
2026-03-06 08:04:32.905743,Room6 Virtual Panel,Command,'Button,BWDPanel,12,btn_mode_media,Released'
2026-03-06 08:04:33.874334,Room6 Virtual Panel,Command,'SetLevel,Level,14,lvl_startup_timer,20'
2026-03-06 08:04:34.881936,Room6 Virtual Panel,Command,'SetLevel,Level,14,lvl_startup_timer,40'
2026-03-06 08:04:34.897602,DEBUG,Print,'done powering on'
2026-03-06 08:04:35.889580,Room6 Virtual Panel,Command,'SetLevel,Level,14,lvl_startup_timer,60'
2026-03-06 08:04:36.902807,Room6 Virtual Panel,Command,'SetLevel,Level,14,lvl_startup_timer,80'
2026-03-06 08:04:37.912306,Room6 Virtual Panel,Command,'HidePopup,100 - Starting Up'
2026-03-06 08:04:37.912306,Room6 Virtual Panel,Command,'SetLevel,Level,14,lvl_startup_timer,0'
2026-03-06 08:04:39.021212,Room6 Virtual Panel,Command,'Button,BWDPanel,40,btn_page_power,Pressed'
2026-03-06 08:04:39.022211,Room6 Virtual Panel,Command,'ShowPopup,160 - Confirmation,0'
2026-03-06 08:04:39.048205,Room6 Virtual Panel,Command,'Button,BWDPanel,40,btn_page_power,Released'
2026-03-06 08:04:39.840211,Module:Switch0,Command,"UpdateVideoMuteDecoder,{'ID': '1'}"
2026-03-06 08:04:39.854210,Room6 Virtual Panel,Command,'Button,BWDPanel,81,btn_shutdown_confirm,Pressed'
2026-03-06 08:04:39.854210,Room6 Virtual Panel,Command,'HidePopup,160 - Confirmation'
2026-03-06 08:04:39.854210,Room6 Virtual Panel,Command,'SetLevel,Level,15,lvl_shutdown_timer,0'
2026-03-06 08:04:39.854210,Room6 Virtual Panel,Command,'SetVisible,Level,15,lvl_shutdown_timer,True'
2026-03-06 08:04:39.855566,Room0 Virtual Panel,Command,'SetVisible,Button,8001,btn_system_combine_modes,True'
2026-03-06 08:04:39.856668,Room0 Virtual Panel,Command,'SetVisible,Button,8002,btn_system_combine_modes,True'
2026-03-06 08:04:39.856668,Room0 Virtual Panel,Command,'SetVisible,Button,8003,,True'
2026-03-06 08:04:39.856668,Room0 Virtual Panel,Command,'SetVisible,Button,8004,,True'
2026-03-06 08:04:39.856668,Room0 Virtual Panel,Command,'SetEnable,Button,8001,btn_system_combine_modes,True'
2026-03-06 08:04:39.857667,Room0 Virtual Panel,Command,'SetEnable,Button,8002,btn_system_combine_modes,True'
2026-03-06 08:04:39.857667,Room0 Virtual Panel,Command,'SetEnable,Button,8003,,True'
2026-03-06 08:04:39.857667,Room0 Virtual Panel,Command,'SetEnable,Button,8004,,True'
2026-03-06 08:04:39.857667,Room1 Virtual Panel,Command,'SetVisible,Button,8001,btn_system_combine_modes,True'
2026-03-06 08:04:39.857667,Room1 Virtual Panel,Command,'SetVisible,Button,8002,btn_system_combine_modes,True'
2026-03-06 08:04:39.857667,Room1 Virtual Panel,Command,'SetVisible,Button,8003,,True'
2026-03-06 08:04:39.857667,Room1 Virtual Panel,Command,'SetVisible,Button,8004,,True'
2026-03-06 08:04:39.857667,Room1 Virtual Panel,Command,'SetEnable,Button,8001,btn_system_combine_modes,True'
2026-03-06 08:04:39.857667,Room1 Virtual Panel,Command,'SetEnable,Button,8002,btn_system_combine_modes,True'
2026-03-06 08:04:39.857667,Room1 Virtual Panel,Command,'SetEnable,Button,8003,,True'
2026-03-06 08:04:39.857667,Room1 Virtual Panel,Command,'SetEnable,Button,8004,,True'
2026-03-06 08:04:39.859177,Room2 Virtual Panel,Command,'SetVisible,Button,8001,btn_system_combine_modes,True'
2026-03-06 08:04:39.859177,Room2 Virtual Panel,Command,'SetVisible,Button,8002,btn_system_combine_modes,True'
2026-03-06 08:04:39.859177,Room2 Virtual Panel,Command,'SetVisible,Button,8003,,True'
2026-03-06 08:04:39.859177,Room2 Virtual Panel,Command,'SetVisible,Button,8004,,True'
2026-03-06 08:04:39.859177,Room2 Virtual Panel,Command,'SetEnable,Button,8001,btn_system_combine_modes,True'
2026-03-06 08:04:39.859177,Room2 Virtual Panel,Command,'SetEnable,Button,8002,btn_system_combine_modes,True'
2026-03-06 08:04:39.859177,Room2 Virtual Panel,Command,'SetEnable,Button,8003,,True'
2026-03-06 08:04:39.859177,Room2 Virtual Panel,Command,'SetEnable,Button,8004,,True'
2026-03-06 08:04:39.860192,Room3 Virtual Panel,Command,'SetVisible,Button,8001,btn_system_combine_modes,True'
2026-03-06 08:04:39.860192,Room3 Virtual Panel,Command,'SetVisible,Button,8002,btn_system_combine_modes,True'
2026-03-06 08:04:39.860192,Room3 Virtual Panel,Command,'SetVisible,Button,8003,,True'
2026-03-06 08:04:39.860192,Room3 Virtual Panel,Command,'SetVisible,Button,8004,,True'
2026-03-06 08:04:39.860192,Room3 Virtual Panel,Command,'SetEnable,Button,8001,btn_system_combine_modes,True'
2026-03-06 08:04:39.860192,Room3 Virtual Panel,Command,'SetEnable,Button,8002,btn_system_combine_modes,True'
2026-03-06 08:04:39.860192,Room3 Virtual Panel,Command,'SetEnable,Button,8003,,True'
2026-03-06 08:04:39.861186,Room3 Virtual Panel,Command,'SetEnable,Button,8004,,True'
2026-03-06 08:04:39.861186,Room4 Virtual Panel,Command,'SetVisible,Button,8001,btn_system_combine_modes,True'
2026-03-06 08:04:39.861186,Room4 Virtual Panel,Command,'SetVisible,Button,8002,btn_system_combine_modes,True'
2026-03-06 08:04:39.861186,Room4 Virtual Panel,Command,'SetVisible,Button,8003,,True'
2026-03-06 08:04:39.861186,Room4 Virtual Panel,Command,'SetVisible,Button,8004,,True'
2026-03-06 08:04:39.861186,Room4 Virtual Panel,Command,'SetEnable,Button,8001,btn_system_combine_modes,True'
2026-03-06 08:04:39.861186,Room4 Virtual Panel,Command,'SetEnable,Button,8002,btn_system_combine_modes,True'
2026-03-06 08:04:39.861186,Room4 Virtual Panel,Command,'SetEnable,Button,8003,,True'
2026-03-06 08:04:39.861186,Room4 Virtual Panel,Command,'SetEnable,Button,8004,,True'
2026-03-06 08:04:39.861186,Room5 Virtual Panel,Command,'SetVisible,Button,8001,btn_system_combine_modes,True'
2026-03-06 08:04:39.862185,Room5 Virtual Panel,Command,'SetVisible,Button,8002,btn_system_combine_modes,True'
2026-03-06 08:04:39.862185,Room5 Virtual Panel,Command,'SetVisible,Button,8003,,True'
2026-03-06 08:04:39.862185,Room5 Virtual Panel,Command,'SetVisible,Button,8004,,True'
2026-03-06 08:04:39.862185,Room5 Virtual Panel,Command,'SetEnable,Button,8001,btn_system_combine_modes,True'
2026-03-06 08:04:39.862185,Room5 Virtual Panel,Command,'SetEnable,Button,8002,btn_system_combine_modes,True'
2026-03-06 08:04:39.862185,Room5 Virtual Panel,Command,'SetEnable,Button,8003,,True'
2026-03-06 08:04:39.862185,Room5 Virtual Panel,Command,'SetEnable,Button,8004,,True'
2026-03-06 08:04:39.862185,Room6 Virtual Panel,Command,'SetVisible,Button,8001,btn_system_combine_modes,True'
2026-03-06 08:04:39.862185,Room6 Virtual Panel,Command,'SetVisible,Button,8002,btn_system_combine_modes,True'
2026-03-06 08:04:39.862185,Room6 Virtual Panel,Command,'SetVisible,Button,8003,,True'
2026-03-06 08:04:39.862185,Room6 Virtual Panel,Command,'SetVisible,Button,8004,,True'
2026-03-06 08:04:39.863185,Room6 Virtual Panel,Command,'SetEnable,Button,8001,btn_system_combine_modes,True'
2026-03-06 08:04:39.863185,Room6 Virtual Panel,Command,'SetEnable,Button,8002,btn_system_combine_modes,True'
2026-03-06 08:04:39.863185,Room6 Virtual Panel,Command,'SetEnable,Button,8003,,True'
2026-03-06 08:04:39.863185,Room6 Virtual Panel,Command,'SetEnable,Button,8004,,True'
2026-03-06 08:04:39.863185,Room6 Virtual Panel,Command,'HideAllPopups'
2026-03-06 08:04:39.863185,Room6 Virtual Panel,Command,'ShowPage,1000 - Home'
2026-03-06 08:04:39.863185,Room6 Virtual Panel,Command,'ShowPopup,170 - Powering Down,0'
2026-03-06 08:04:39.863185,Room6 Virtual Panel,Command,'ShowPopup,Header-Uncombined-6,0'
2026-03-06 08:04:39.864221,Room6 Virtual Panel,Command,'SetStateButton,11,btn_mode_conferencing,0'
2026-03-06 08:04:39.864221,Room6 Virtual Panel,Command,'SetStateButton,12,btn_mode_media,0'
2026-03-06 08:04:39.864221,Room6 Virtual Panel,Command,'SetCurrent,int,[11, 12, 13],0'
2026-03-06 08:04:39.864221,DEBUG,Print,'making route: input:0 output:0 sw_type:Audio/Video'
2026-03-06 08:04:39.864221,DEBUG,Print,'length of output ids:7'
2026-03-06 08:04:39.865226,DEBUG,Print,'SET MATRIX TIE COMMAND: IN: 0, OUT: 1101, TYPE: Audio/Video'
2026-03-06 08:04:39.865226,Module:Switch0,Command,"SetMatrixTieCommand,None,{'Input': '0', 'Output': '1101', 'Tie Type': 'Audio/Video'}"
2026-03-06 08:04:39.865226,DEBUG,Print,'making route: input:0 output:0 sw_type:Audio/Video'
2026-03-06 08:04:39.865226,DEBUG,Print,'length of output ids:7'
2026-03-06 08:04:39.865226,DEBUG,Print,'SET MATRIX TIE COMMAND: IN: 0, OUT: 1101, TYPE: Audio/Video'
2026-03-06 08:04:39.866693,Module:Switch0,Command,"SetMatrixTieCommand,None,{'Input': '0', 'Output': '1101', 'Tie Type': 'Audio/Video'}"
2026-03-06 08:04:39.867698,Room6 Virtual Panel,Command,'SetStateButton,5087,lbl_switch_media_destinations_left,1'
2026-03-06 08:04:39.867698,Room6 Virtual Panel,Command,'SetStateButton,5088,lbl_switch_media_destinations_right,0'
2026-03-06 08:04:39.867698,Room6 Virtual Panel,Command,'SetCurrent,int,[5087, 5088],5087'
2026-03-06 08:04:39.867698,Module:Switch0,Command,"SetVideoMuteDecoder,Off,{'ID': '1101'}"
2026-03-06 08:04:39.868698,Room6 Virtual Panel,Command,'SetStateButton,4600,,0'
2026-03-06 08:04:39.868698,Room6 Virtual Panel,Command,'SetStateButton,4601,btn_switch_sources,0'
2026-03-06 08:04:39.868698,Room6 Virtual Panel,Command,'SetStateButton,4602,btn_switch_sources,0'
2026-03-06 08:04:39.868698,Room6 Virtual Panel,Command,'SetStateButton,4603,btn_switch_sources,0'
2026-03-06 08:04:39.869697,Room6 Virtual Panel,Command,'SetStateButton,4604,btn_switch_sources,0'
2026-03-06 08:04:39.869697,Room6 Virtual Panel,Command,'SetStateButton,4605,btn_switch_sources_ID3,0'
2026-03-06 08:04:39.869697,Room6 Virtual Panel,Command,'SetStateButton,4606,btn_switch_sources_ID6,0'
2026-03-06 08:04:39.869697,Room6 Virtual Panel,Command,'SetStateButton,4607,btn_switch_sources,0'
2026-03-06 08:04:39.869697,Room6 Virtual Panel,Command,'SetStateButton,4608,btn_switch_sources_ID13,0'
2026-03-06 08:04:39.869697,Room6 Virtual Panel,Command,'SetStateButton,4609,btn_switch_sources_ID17,0'
2026-03-06 08:04:39.870722,Room6 Virtual Panel,Command,'SetStateButton,4610,btn_switch_sources_ID19,0'
2026-03-06 08:04:39.870722,Room6 Virtual Panel,Command,'SetStateButton,4611,btn_switch_sources_ID23,0'
2026-03-06 08:04:39.870722,Room6 Virtual Panel,Command,'SetStateButton,4612,btn_switch_sources_ID25,0'
2026-03-06 08:04:39.870722,Room6 Virtual Panel,Command,'SetStateButton,4613,btn_switch_sources_ID3,0'
2026-03-06 08:04:39.870722,Room6 Virtual Panel,Command,'SetStateButton,4614,btn_switch_sources_ID6,0'
2026-03-06 08:04:39.870722,Room6 Virtual Panel,Command,'SetStateButton,4615,btn_switch_sources_ID13,0'
2026-03-06 08:04:39.870722,Room6 Virtual Panel,Command,'SetStateButton,4616,btn_switch_sources_ID17,0'
2026-03-06 08:04:39.870722,Room6 Virtual Panel,Command,'SetStateButton,4617,btn_switch_sources_ID19,0'
2026-03-06 08:04:39.871697,Room6 Virtual Panel,Command,'SetStateButton,4618,btn_switch_sources_ID23,0'
2026-03-06 08:04:39.871697,Room6 Virtual Panel,Command,'SetStateButton,4619,btn_switch_sources_ID3,0'
2026-03-06 08:04:39.871697,Room6 Virtual Panel,Command,'SetStateButton,4620,btn_switch_sources_ID6,0'
2026-03-06 08:04:39.871697,Room6 Virtual Panel,Command,'SetStateButton,4621,btn_switch_sources_ID13,0'
2026-03-06 08:04:39.871697,Room6 Virtual Panel,Command,'SetStateButton,4622,btn_switch_sources_ID17,0'
2026-03-06 08:04:39.871697,Room6 Virtual Panel,Command,'SetStateButton,4623,btn_switch_sources_ID19,0'
2026-03-06 08:04:39.871697,Room6 Virtual Panel,Command,'SetStateButton,4624,btn_switch_sources_ID23,0'
2026-03-06 08:04:39.871697,Room6 Virtual Panel,Command,'SetStateButton,4625,btn_switch_sources_ID25,0'
2026-03-06 08:04:39.871697,Room6 Virtual Panel,Command,'SetStateButton,4626,btn_switch_sources_ID3,0'
2026-03-06 08:04:39.871697,Room6 Virtual Panel,Command,'SetStateButton,4627,btn_switch_sources_ID6,0'
2026-03-06 08:04:39.871697,Room6 Virtual Panel,Command,'SetStateButton,4628,btn_switch_sources_ID13,0'
2026-03-06 08:04:39.871697,Room6 Virtual Panel,Command,'SetStateButton,4629,,0'
2026-03-06 08:04:39.871697,Room6 Virtual Panel,Command,'SetStateButton,4630,,0'
2026-03-06 08:04:39.871697,Room6 Virtual Panel,Command,'SetStateButton,4631,,0'
2026-03-06 08:04:39.873201,Room6 Virtual Panel,Command,'SetStateButton,4632,,0'
2026-03-06 08:04:39.873201,Room6 Virtual Panel,Command,'SetCurrent,int,[4600, 4601, 4602, 4603, 4604, 4605, 4606, 4607, 4608, 4609, 4610, 4611, 4612, 4613, 4614, 4615, 4616, 4617, 4618, 4619, 4620, 4621, 4622, 4623, 4624, 4625, 4626, 4627, 4628, 4629, 4630, 4631, 4632],0'
2026-03-06 08:04:39.873201,Module:Switch0,Command,"SetAudioMuteDecoder,Off,{'ID': '1101', 'Type': 'All'}"
2026-03-06 08:04:39.874206,Room6 Virtual Panel,Command,'SetStateButton,1669,btn_switch_media_send_to_all,1'
2026-03-06 08:04:39.874206,Room6 Virtual Panel,Command,'SetStateButton,89,,0'
2026-03-06 08:04:39.874206,Room6 Virtual Panel,Command,'SetStateButton,7,btn_page_help,0'
2026-03-06 08:04:39.874206,Room6 Virtual Panel,Command,'SetStateButton,85,btn_page_user_wireles_mis,0'
2026-03-06 08:04:39.875556,Room6 Virtual Panel,Command,'SetStateButton,87,btn_page_user_displays,0'
2026-03-06 08:04:39.875556,Room6 Virtual Panel,Command,'SetStateButton,21,btn_page_camera,0'
2026-03-06 08:04:39.875556,Room6 Virtual Panel,Command,'SetStateButton,81,btn_shutdown_confirm,0'
2026-03-06 08:04:39.876114,Room6 Virtual Panel,Command,'SetStateButton,81,btn_shutdown_confirm,1'
2026-03-06 08:04:39.884144,Room6 Virtual Panel,Command,'Button,BWDPanel,81,btn_shutdown_confirm,Released'
2026-03-06 08:04:40.854426,Module:Switch0,API,To Device,'w3cv\r\n'
2026-03-06 08:04:40.855449,Module:Switch0,API,To Device,'{1o:B\r}\r'
2026-03-06 08:04:40.869908,Module:Switch0,API,To Device,'w3cv\r\n'
2026-03-06 08:04:40.869908,Module:Switch0,API,To Device,'w3cv\r\n'
2026-03-06 08:04:40.869908,Module:Switch0,API,To Device,'\x1b0*1101!\r'
2026-03-06 08:04:40.870906,Module:Switch0,API,To Device,'\x1b0*1101!\r'
2026-03-06 08:04:40.870906,Room6 Virtual Panel,Command,'SetLevel,Level,15,lvl_shutdown_timer,20'
2026-03-06 08:04:40.884362,Module:Switch0,API,To Device,'w3cv\r\n'
2026-03-06 08:04:40.884865,Module:Switch0,API,To Device,'{1101o:0Z\r}\r'
2026-03-06 08:04:40.884865,Module:Switch0,API,To Device,'w3cv\r\n'
2026-03-06 08:04:40.884865,Module:Switch0,API,To Device,'{1101o:0B\r}\r'
2026-03-06 08:04:41.888371,Room6 Virtual Panel,Command,'SetLevel,Level,15,lvl_shutdown_timer,40'
2026-03-06 08:04:42.894555,Room6 Virtual Panel,Command,'SetLevel,Level,15,lvl_shutdown_timer,60'
2026-03-06 08:04:43.907308,Room6 Virtual Panel,Command,'SetLevel,Level,15,lvl_shutdown_timer,80'
2026-03-06 08:04:44.922398,Room6 Virtual Panel,Command,'HidePopup,170 - Powering Down'
2026-03-06 08:04:44.923395,Room6 Virtual Panel,Command,'SetLevel,Level,15,lvl_shutdown_timer,0'
2026-03-06 08:04:49.074031,Room6 Virtual Panel,Command,'Button,BWDPanel,12,btn_mode_media,Pressed'
2026-03-06 08:04:49.074560,Room6 Virtual Panel,Command,'SetTextButton,961,btn_tech_details_names,Touch Panel'
2026-03-06 08:04:49.074560,Room6 Virtual Panel,Command,'SetTextButton,981,btn_tech_details_status,Disconnected'
2026-03-06 08:04:49.074560,Room6 Virtual Panel,Command,'SetStateButton,981,btn_tech_details_status,0'
2026-03-06 08:04:49.074560,Room6 Virtual Panel,Command,'SetText,Label,1001,lbl_tech_details_ips,'
2026-03-06 08:04:49.074560,Room6 Virtual Panel,Command,'SetVisible,Button,8,btn_err_indicator,True'
2026-03-06 08:04:49.074560,Room6 Virtual Panel,Command,'SetEnable,Button,8,btn_err_indicator,True'
2026-03-06 08:04:49.075988,Room6 Virtual Panel,Command,'SetLevel,Level,14,lvl_startup_timer,0'
2026-03-06 08:04:49.075988,Room6 Virtual Panel,Command,'SetVisible,Level,14,lvl_startup_timer,True'
2026-03-06 08:04:49.076994,Room6 Virtual Panel,Command,'HideAllPopups'
2026-03-06 08:04:49.076994,Room6 Virtual Panel,Command,'ShowPopup,100 - Starting Up,0'
2026-03-06 08:04:49.076994,Room6 Virtual Panel,Command,'SetStateButton,11,btn_mode_conferencing,0'
2026-03-06 08:04:49.076994,Room6 Virtual Panel,Command,'SetStateButton,12,btn_mode_media,0'
2026-03-06 08:04:49.077994,Room6 Virtual Panel,Command,'SetCurrent,int,[11, 12, 13],0'
2026-03-06 08:04:49.077994,Room6 Virtual Panel,Command,'ShowPopup,Header-Uncombined-6,0'
2026-03-06 08:04:49.077994,Room0 Virtual Panel,Command,'SetVisible,Button,8001,btn_system_combine_modes,True'
2026-03-06 08:04:49.077994,Room0 Virtual Panel,Command,'SetVisible,Button,8002,btn_system_combine_modes,True'
2026-03-06 08:04:49.077994,Room0 Virtual Panel,Command,'SetVisible,Button,8003,,True'
2026-03-06 08:04:49.077994,Room0 Virtual Panel,Command,'SetVisible,Button,8004,,True'
2026-03-06 08:04:49.077994,Room0 Virtual Panel,Command,'SetEnable,Button,8001,btn_system_combine_modes,True'
2026-03-06 08:04:49.077994,Room0 Virtual Panel,Command,'SetEnable,Button,8002,btn_system_combine_modes,True'
2026-03-06 08:04:49.077994,Room0 Virtual Panel,Command,'SetEnable,Button,8003,,True'
2026-03-06 08:04:49.078994,Room0 Virtual Panel,Command,'SetEnable,Button,8004,,True'
2026-03-06 08:04:49.078994,Room1 Virtual Panel,Command,'SetVisible,Button,8001,btn_system_combine_modes,True'
2026-03-06 08:04:49.078994,Room1 Virtual Panel,Command,'SetVisible,Button,8002,btn_system_combine_modes,True'
2026-03-06 08:04:49.078994,Room1 Virtual Panel,Command,'SetVisible,Button,8003,,True'
2026-03-06 08:04:49.078994,Room1 Virtual Panel,Command,'SetVisible,Button,8004,,True'
2026-03-06 08:04:49.078994,Room1 Virtual Panel,Command,'SetEnable,Button,8001,btn_system_combine_modes,True'
2026-03-06 08:04:49.078994,Room1 Virtual Panel,Command,'SetEnable,Button,8002,btn_system_combine_modes,True'
2026-03-06 08:04:49.078994,Room1 Virtual Panel,Command,'SetEnable,Button,8003,,True'
2026-03-06 08:04:49.079993,Room1 Virtual Panel,Command,'SetEnable,Button,8004,,True'
2026-03-06 08:04:49.079993,Room2 Virtual Panel,Command,'SetVisible,Button,8001,btn_system_combine_modes,True'
2026-03-06 08:04:49.079993,Room2 Virtual Panel,Command,'SetVisible,Button,8002,btn_system_combine_modes,True'
2026-03-06 08:04:49.079993,Room2 Virtual Panel,Command,'SetVisible,Button,8003,,True'
2026-03-06 08:04:49.079993,Room2 Virtual Panel,Command,'SetVisible,Button,8004,,True'
2026-03-06 08:04:49.079993,Room2 Virtual Panel,Command,'SetEnable,Button,8001,btn_system_combine_modes,True'
2026-03-06 08:04:49.079993,Room2 Virtual Panel,Command,'SetEnable,Button,8002,btn_system_combine_modes,True'
2026-03-06 08:04:49.079993,Room2 Virtual Panel,Command,'SetEnable,Button,8003,,True'
2026-03-06 08:04:49.080994,Room2 Virtual Panel,Command,'SetEnable,Button,8004,,True'
2026-03-06 08:04:49.080994,Room3 Virtual Panel,Command,'SetVisible,Button,8001,btn_system_combine_modes,True'
2026-03-06 08:04:49.080994,Room3 Virtual Panel,Command,'SetVisible,Button,8002,btn_system_combine_modes,True'
2026-03-06 08:04:49.080994,Room3 Virtual Panel,Command,'SetVisible,Button,8003,,True'
2026-03-06 08:04:49.080994,Room3 Virtual Panel,Command,'SetVisible,Button,8004,,True'
2026-03-06 08:04:49.080994,Room3 Virtual Panel,Command,'SetEnable,Button,8001,btn_system_combine_modes,True'
2026-03-06 08:04:49.080994,Room3 Virtual Panel,Command,'SetEnable,Button,8002,btn_system_combine_modes,True'
2026-03-06 08:04:49.080994,Room3 Virtual Panel,Command,'SetEnable,Button,8003,,True'
2026-03-06 08:04:49.080994,Room3 Virtual Panel,Command,'SetEnable,Button,8004,,True'
2026-03-06 08:04:49.080994,Room4 Virtual Panel,Command,'SetVisible,Button,8001,btn_system_combine_modes,True'
2026-03-06 08:04:49.081993,Room4 Virtual Panel,Command,'SetVisible,Button,8002,btn_system_combine_modes,True'
2026-03-06 08:04:49.081993,Room4 Virtual Panel,Command,'SetVisible,Button,8003,,True'
2026-03-06 08:04:49.081993,Room4 Virtual Panel,Command,'SetVisible,Button,8004,,True'
2026-03-06 08:04:49.081993,Room4 Virtual Panel,Command,'SetEnable,Button,8001,btn_system_combine_modes,True'
2026-03-06 08:04:49.081993,Room4 Virtual Panel,Command,'SetEnable,Button,8002,btn_system_combine_modes,True'
2026-03-06 08:04:49.081993,Room4 Virtual Panel,Command,'SetEnable,Button,8003,,True'
2026-03-06 08:04:49.081993,Room4 Virtual Panel,Command,'SetEnable,Button,8004,,True'
2026-03-06 08:04:49.081993,Room5 Virtual Panel,Command,'SetVisible,Button,8001,btn_system_combine_modes,True'
2026-03-06 08:04:49.081993,Room5 Virtual Panel,Command,'SetVisible,Button,8002,btn_system_combine_modes,True'
2026-03-06 08:04:49.081993,Room5 Virtual Panel,Command,'SetVisible,Button,8003,,True'
2026-03-06 08:04:49.081993,Room5 Virtual Panel,Command,'SetVisible,Button,8004,,True'
2026-03-06 08:04:49.081993,Room5 Virtual Panel,Command,'SetEnable,Button,8001,btn_system_combine_modes,True'
2026-03-06 08:04:49.081993,Room5 Virtual Panel,Command,'SetEnable,Button,8002,btn_system_combine_modes,True'
2026-03-06 08:04:49.081993,Room5 Virtual Panel,Command,'SetEnable,Button,8003,,True'
2026-03-06 08:04:49.081993,Room5 Virtual Panel,Command,'SetEnable,Button,8004,,True'
2026-03-06 08:04:49.083495,Room6 Virtual Panel,Command,'SetVisible,Button,8001,btn_system_combine_modes,True'
2026-03-06 08:04:49.083495,Room6 Virtual Panel,Command,'SetVisible,Button,8002,btn_system_combine_modes,True'
2026-03-06 08:04:49.083495,Room6 Virtual Panel,Command,'SetVisible,Button,8003,,True'
2026-03-06 08:04:49.083495,Room6 Virtual Panel,Command,'SetVisible,Button,8004,,True'
2026-03-06 08:04:49.083495,Room6 Virtual Panel,Command,'SetEnable,Button,8001,btn_system_combine_modes,True'
2026-03-06 08:04:49.083495,Room6 Virtual Panel,Command,'SetEnable,Button,8002,btn_system_combine_modes,True'
2026-03-06 08:04:49.083495,Room6 Virtual Panel,Command,'SetEnable,Button,8003,,True'
2026-03-06 08:04:49.083495,Room6 Virtual Panel,Command,'SetEnable,Button,8004,,True'
2026-03-06 08:04:49.083495,Room6 Virtual Panel,Command,'SetStateButton,4600,,0'
2026-03-06 08:04:49.084499,Room6 Virtual Panel,Command,'SetStateButton,4601,btn_switch_sources,0'
2026-03-06 08:04:49.084499,Room6 Virtual Panel,Command,'SetStateButton,4602,btn_switch_sources,0'
2026-03-06 08:04:49.084499,Room6 Virtual Panel,Command,'SetStateButton,4603,btn_switch_sources,0'
2026-03-06 08:04:49.084499,Room6 Virtual Panel,Command,'SetStateButton,4604,btn_switch_sources,0'
2026-03-06 08:04:49.084499,Room6 Virtual Panel,Command,'SetStateButton,4605,btn_switch_sources_ID3,0'
2026-03-06 08:04:49.084499,Room6 Virtual Panel,Command,'SetStateButton,4606,btn_switch_sources_ID6,0'
2026-03-06 08:04:49.084499,Room6 Virtual Panel,Command,'SetStateButton,4607,btn_switch_sources,0'
2026-03-06 08:04:49.084499,Room6 Virtual Panel,Command,'SetStateButton,4608,btn_switch_sources_ID13,0'
2026-03-06 08:04:49.084499,Room6 Virtual Panel,Command,'SetStateButton,4609,btn_switch_sources_ID17,0'
2026-03-06 08:04:49.084499,Room6 Virtual Panel,Command,'SetStateButton,4610,btn_switch_sources_ID19,0'
2026-03-06 08:04:49.084499,Room6 Virtual Panel,Command,'SetStateButton,4611,btn_switch_sources_ID23,0'
2026-03-06 08:04:49.085652,Room6 Virtual Panel,Command,'SetStateButton,4612,btn_switch_sources_ID25,0'
2026-03-06 08:04:49.085652,Room6 Virtual Panel,Command,'SetStateButton,4613,btn_switch_sources_ID3,0'
2026-03-06 08:04:49.085652,Room6 Virtual Panel,Command,'SetStateButton,4614,btn_switch_sources_ID6,0'
2026-03-06 08:04:49.085652,Room6 Virtual Panel,Command,'SetStateButton,4615,btn_switch_sources_ID13,0'
2026-03-06 08:04:49.085652,Room6 Virtual Panel,Command,'SetStateButton,4616,btn_switch_sources_ID17,0'
2026-03-06 08:04:49.086652,Room6 Virtual Panel,Command,'SetStateButton,4617,btn_switch_sources_ID19,0'
2026-03-06 08:04:49.086652,Room6 Virtual Panel,Command,'SetStateButton,4618,btn_switch_sources_ID23,0'
2026-03-06 08:04:49.086652,Room6 Virtual Panel,Command,'SetStateButton,4619,btn_switch_sources_ID3,0'
2026-03-06 08:04:49.086652,Room6 Virtual Panel,Command,'SetStateButton,4620,btn_switch_sources_ID6,0'
2026-03-06 08:04:49.086652,Room6 Virtual Panel,Command,'SetStateButton,4621,btn_switch_sources_ID13,0'
2026-03-06 08:04:49.086652,Room6 Virtual Panel,Command,'SetStateButton,4622,btn_switch_sources_ID17,0'
2026-03-06 08:04:49.086652,Room6 Virtual Panel,Command,'SetStateButton,4623,btn_switch_sources_ID19,0'
2026-03-06 08:04:49.086652,Room6 Virtual Panel,Command,'SetStateButton,4624,btn_switch_sources_ID23,0'
2026-03-06 08:04:49.086652,Room6 Virtual Panel,Command,'SetStateButton,4625,btn_switch_sources_ID25,0'
2026-03-06 08:04:49.087641,Room6 Virtual Panel,Command,'SetStateButton,4626,btn_switch_sources_ID3,0'
2026-03-06 08:04:49.087641,Room6 Virtual Panel,Command,'SetStateButton,4627,btn_switch_sources_ID6,0'
2026-03-06 08:04:49.087641,Room6 Virtual Panel,Command,'SetStateButton,4628,btn_switch_sources_ID13,0'
2026-03-06 08:04:49.087641,Room6 Virtual Panel,Command,'SetStateButton,4629,,0'
2026-03-06 08:04:49.087641,Room6 Virtual Panel,Command,'SetStateButton,4630,,0'
2026-03-06 08:04:49.087641,Room6 Virtual Panel,Command,'SetStateButton,4631,,0'
2026-03-06 08:04:49.087641,Room6 Virtual Panel,Command,'SetStateButton,4632,,0'
2026-03-06 08:04:49.087641,Room6 Virtual Panel,Command,'SetCurrent,int,[4600, 4601, 4602, 4603, 4604, 4605, 4606, 4607, 4608, 4609, 4610, 4611, 4612, 4613, 4614, 4615, 4616, 4617, 4618, 4619, 4620, 4621, 4622, 4623, 4624, 4625, 4626, 4627, 4628, 4629, 4630, 4631, 4632],0'
2026-03-06 08:04:49.087641,Room6 Virtual Panel,Command,'SetStateButton,5000,,0'
2026-03-06 08:04:49.087641,Room6 Virtual Panel,Command,'SetStateButton,5001,btn_switch_media_sources,0'
2026-03-06 08:04:49.088640,Room6 Virtual Panel,Command,'SetStateButton,5002,btn_switch_media_sources,0'
2026-03-06 08:04:49.088640,Room6 Virtual Panel,Command,'SetStateButton,5003,btn_switch_media_sources,0'
2026-03-06 08:04:49.088640,Room6 Virtual Panel,Command,'SetStateButton,5004,btn_switch_media_sources_ID3,0'
2026-03-06 08:04:49.088640,Room6 Virtual Panel,Command,'SetStateButton,5005,btn_switch_media_sources_ID3,0'
2026-03-06 08:04:49.088640,Room6 Virtual Panel,Command,'SetStateButton,5006,btn_switch_media_sources,0'
2026-03-06 08:04:49.088640,Room6 Virtual Panel,Command,'SetStateButton,5007,btn_switch_media_sources_ID3,0'
2026-03-06 08:04:49.088640,Room6 Virtual Panel,Command,'SetStateButton,5008,btn_switch_media_sources_ID3,0'
2026-03-06 08:04:49.089640,Room6 Virtual Panel,Command,'SetStateButton,5009,btn_switch_media_sources_ID10,0'
2026-03-06 08:04:49.089640,Room6 Virtual Panel,Command,'SetStateButton,5010,btn_switch_media_sources_ID17,0'
2026-03-06 08:04:49.089640,Room6 Virtual Panel,Command,'SetStateButton,5011,btn_switch_media_sources_ID20,0'
2026-03-06 08:04:49.089640,Room6 Virtual Panel,Command,'SetStateButton,5012,btn_switch_media_sources_ID25,0'
2026-03-06 08:04:49.089640,Room6 Virtual Panel,Command,'SetStateButton,5013,,0'
2026-03-06 08:04:49.089640,Room6 Virtual Panel,Command,'SetStateButton,5014,,0'
2026-03-06 08:04:49.089640,Room6 Virtual Panel,Command,'SetStateButton,5015,,0'
2026-03-06 08:04:49.089640,Room6 Virtual Panel,Command,'SetStateButton,5016,,0'
2026-03-06 08:04:49.090641,Room6 Virtual Panel,Command,'SetStateButton,5017,btn_switch_media_sources_ID3,0'
2026-03-06 08:04:49.090641,Room6 Virtual Panel,Command,'SetStateButton,5018,btn_switch_media_sources_ID3,0'
2026-03-06 08:04:49.090641,Room6 Virtual Panel,Command,'SetStateButton,5019,btn_switch_media_sources_ID10,0'
2026-03-06 08:04:49.090641,Room6 Virtual Panel,Command,'SetStateButton,5020,btn_switch_media_sources_ID17,0'
2026-03-06 08:04:49.090641,Room6 Virtual Panel,Command,'SetStateButton,5021,btn_switch_media_sources_ID20,0'
2026-03-06 08:04:49.090641,Room6 Virtual Panel,Command,'SetStateButton,5022,btn_switch_media_sources_ID3,0'
2026-03-06 08:04:49.090641,Room6 Virtual Panel,Command,'SetStateButton,5023,btn_switch_media_sources_ID3,0'
2026-03-06 08:04:49.091641,Room6 Virtual Panel,Command,'SetStateButton,5024,btn_switch_media_sources_ID3,0'
2026-03-06 08:04:49.091641,Room6 Virtual Panel,Command,'SetStateButton,5025,,0'
2026-03-06 08:04:49.091641,Room6 Virtual Panel,Command,'SetStateButton,5026,,0'
2026-03-06 08:04:49.091641,Room6 Virtual Panel,Command,'SetStateButton,5027,,0'
2026-03-06 08:04:49.091641,Room6 Virtual Panel,Command,'SetStateButton,5028,,0'
2026-03-06 08:04:49.091641,Room6 Virtual Panel,Command,'SetStateButton,5029,,0'
2026-03-06 08:04:49.091641,Room6 Virtual Panel,Command,'SetStateButton,5030,,0'
2026-03-06 08:04:49.092642,Room6 Virtual Panel,Command,'SetStateButton,5031,,0'
2026-03-06 08:04:49.092642,Room6 Virtual Panel,Command,'SetStateButton,5032,,0'
2026-03-06 08:04:49.092642,Room6 Virtual Panel,Command,'SetCurrent,int,[5000, 5001, 5002, 5003, 5004, 5005, 5006, 5007, 5008, 5009, 5010, 5011, 5012, 5013, 5014, 5015, 5016, 5017, 5018, 5019, 5020, 5021, 5022, 5023, 5024, 5025, 5026, 5027, 5028, 5029, 5030, 5031, 5032],0'
2026-03-06 08:04:49.092642,Room6 Virtual Panel,Command,'SetStateButton,4950,,0'
2026-03-06 08:04:49.092642,Room6 Virtual Panel,Command,'SetStateButton,4951,btn_logo,0'
2026-03-06 08:04:49.092642,Room6 Virtual Panel,Command,'SetStateButton,4952,btn_logo,0'
2026-03-06 08:04:49.092642,Room6 Virtual Panel,Command,'SetStateButton,4953,btn_logo,0'
2026-03-06 08:04:49.092642,Room6 Virtual Panel,Command,'SetStateButton,4954,btn_logo_ID6,0'
2026-03-06 08:04:49.093641,Room6 Virtual Panel,Command,'SetStateButton,4955,btn_logo_ID6,0'
2026-03-06 08:04:49.093641,Room6 Virtual Panel,Command,'SetStateButton,4956,btn_logo,0'
2026-03-06 08:04:49.093641,Room6 Virtual Panel,Command,'SetStateButton,4957,btn_logo_ID6,0'
2026-03-06 08:04:49.093641,Room6 Virtual Panel,Command,'SetStateButton,4958,btn_logo_ID6,0'
2026-03-06 08:04:49.093641,Room6 Virtual Panel,Command,'SetStateButton,4959,btn_logo_ID16,0'
2026-03-06 08:04:49.094144,Room6 Virtual Panel,Command,'SetStateButton,4960,btn_logo_ID19,0'
2026-03-06 08:04:49.094144,Room6 Virtual Panel,Command,'SetStateButton,4961,btn_logo_ID24,0'
2026-03-06 08:04:49.094144,Room6 Virtual Panel,Command,'SetStateButton,4962,btn_logo_ID27,0'
2026-03-06 08:04:49.094144,Room6 Virtual Panel,Command,'SetStateButton,4963,,0'
2026-03-06 08:04:49.094144,Room6 Virtual Panel,Command,'SetStateButton,4964,,0'
2026-03-06 08:04:49.094144,Room6 Virtual Panel,Command,'SetStateButton,4965,,0'
2026-03-06 08:04:49.094144,Room6 Virtual Panel,Command,'SetStateButton,4966,,0'
2026-03-06 08:04:49.095148,Room6 Virtual Panel,Command,'SetStateButton,4967,btn_logo_ID6,0'
2026-03-06 08:04:49.095148,Room6 Virtual Panel,Command,'SetStateButton,4968,btn_logo_ID6,0'
2026-03-06 08:04:49.095148,Room6 Virtual Panel,Command,'SetStateButton,4969,btn_logo_ID16,0'
2026-03-06 08:04:49.095148,Room6 Virtual Panel,Command,'SetStateButton,4970,btn_logo_ID19,0'
2026-03-06 08:04:49.095148,Room6 Virtual Panel,Command,'SetStateButton,4971,btn_logo_ID24,0'
2026-03-06 08:04:49.095148,Room6 Virtual Panel,Command,'SetStateButton,4972,btn_logo_ID6,0'
2026-03-06 08:04:49.095148,Room6 Virtual Panel,Command,'SetStateButton,4973,btn_logo_ID6,0'
2026-03-06 08:04:49.095148,Room6 Virtual Panel,Command,'SetStateButton,4974,btn_logo_ID6,0'
2026-03-06 08:04:49.095916,Room6 Virtual Panel,Command,'SetStateButton,4975,,0'
2026-03-06 08:04:49.095916,Room6 Virtual Panel,Command,'SetStateButton,4976,,0'
2026-03-06 08:04:49.095916,Room6 Virtual Panel,Command,'SetStateButton,4977,,0'
2026-03-06 08:04:49.095916,Room6 Virtual Panel,Command,'SetStateButton,4978,,0'
2026-03-06 08:04:49.096921,Room6 Virtual Panel,Command,'SetStateButton,4979,,0'
2026-03-06 08:04:49.096921,Room6 Virtual Panel,Command,'SetStateButton,4980,,0'
2026-03-06 08:04:49.096921,Room6 Virtual Panel,Command,'Button,BWDPanel,12,btn_mode_media,Released'
2026-03-06 08:04:49.096921,Room6 Virtual Panel,Command,'SetStateButton,4981,,0'
2026-03-06 08:04:49.096921,Room6 Virtual Panel,Command,'SetStateButton,4982,,0'
2026-03-06 08:04:49.096921,Room6 Virtual Panel,Command,'SetCurrent,int,[4950, 4951, 4952, 4953, 4954, 4955, 4956, 4957, 4958, 4959, 4960, 4961, 4962, 4963, 4964, 4965, 4966, 4967, 4968, 4969, 4970, 4971, 4972, 4973, 4974, 4975, 4976, 4977, 4978, 4979, 4980, 4981, 4982],0'
2026-03-06 08:04:49.097921,Room6 Virtual Panel,Command,'ShowPopup,2100 - Presentation No Dest,0'
2026-03-06 08:04:49.098921,Room6 Virtual Panel,Command,'SetStateButton,5000,,0'
2026-03-06 08:04:49.098921,Room6 Virtual Panel,Command,'SetStateButton,5001,btn_switch_media_sources,0'
2026-03-06 08:04:49.098921,Room6 Virtual Panel,Command,'SetStateButton,5002,btn_switch_media_sources,0'
2026-03-06 08:04:49.098921,Room6 Virtual Panel,Command,'SetStateButton,5003,btn_switch_media_sources,0'
2026-03-06 08:04:49.098921,Room6 Virtual Panel,Command,'SetStateButton,5004,btn_switch_media_sources_ID3,0'
2026-03-06 08:04:49.098921,Room6 Virtual Panel,Command,'SetStateButton,5005,btn_switch_media_sources_ID3,0'
2026-03-06 08:04:49.098921,Room6 Virtual Panel,Command,'SetStateButton,5006,btn_switch_media_sources,0'
2026-03-06 08:04:49.099921,Room6 Virtual Panel,Command,'SetStateButton,5007,btn_switch_media_sources_ID3,0'
2026-03-06 08:04:49.099921,Room6 Virtual Panel,Command,'SetStateButton,5008,btn_switch_media_sources_ID3,0'
2026-03-06 08:04:49.099921,Room6 Virtual Panel,Command,'SetStateButton,5009,btn_switch_media_sources_ID10,0'
2026-03-06 08:04:49.099921,Room6 Virtual Panel,Command,'SetStateButton,5010,btn_switch_media_sources_ID17,0'
2026-03-06 08:04:49.099921,Room6 Virtual Panel,Command,'SetStateButton,5011,btn_switch_media_sources_ID20,0'
2026-03-06 08:04:49.099921,Room6 Virtual Panel,Command,'SetStateButton,5012,btn_switch_media_sources_ID25,0'
2026-03-06 08:04:49.099921,Room6 Virtual Panel,Command,'SetStateButton,5013,,0'
2026-03-06 08:04:49.099921,Room6 Virtual Panel,Command,'SetStateButton,5014,,0'
2026-03-06 08:04:49.099921,Room6 Virtual Panel,Command,'SetStateButton,5015,,0'
2026-03-06 08:04:49.100920,Room6 Virtual Panel,Command,'SetStateButton,5016,,0'
2026-03-06 08:04:49.101156,Room6 Virtual Panel,Command,'SetStateButton,5017,btn_switch_media_sources_ID3,0'
2026-03-06 08:04:49.101156,Room6 Virtual Panel,Command,'SetStateButton,5018,btn_switch_media_sources_ID3,0'
2026-03-06 08:04:49.101156,Room6 Virtual Panel,Command,'SetStateButton,5019,btn_switch_media_sources_ID10,0'
2026-03-06 08:04:49.101156,Room6 Virtual Panel,Command,'SetStateButton,5020,btn_switch_media_sources_ID17,0'
2026-03-06 08:04:49.101156,Room6 Virtual Panel,Command,'SetStateButton,5021,btn_switch_media_sources_ID20,0'
2026-03-06 08:04:49.101156,Room6 Virtual Panel,Command,'SetStateButton,5022,btn_switch_media_sources_ID3,0'
2026-03-06 08:04:49.101156,Room6 Virtual Panel,Command,'SetStateButton,5023,btn_switch_media_sources_ID3,0'
2026-03-06 08:04:49.101156,Room6 Virtual Panel,Command,'SetStateButton,5024,btn_switch_media_sources_ID3,0'
2026-03-06 08:04:49.101156,Room6 Virtual Panel,Command,'SetStateButton,5025,,0'
2026-03-06 08:04:49.102174,Room6 Virtual Panel,Command,'SetStateButton,5026,,0'
2026-03-06 08:04:49.102174,Room6 Virtual Panel,Command,'SetStateButton,5027,,0'
2026-03-06 08:04:49.102174,Room6 Virtual Panel,Command,'SetStateButton,5028,,0'
2026-03-06 08:04:49.102174,Room6 Virtual Panel,Command,'SetStateButton,5029,,0'
2026-03-06 08:04:49.102174,Room6 Virtual Panel,Command,'SetStateButton,5030,,0'
2026-03-06 08:04:49.102174,Room6 Virtual Panel,Command,'SetStateButton,5031,,0'
2026-03-06 08:04:49.102174,Room6 Virtual Panel,Command,'SetStateButton,5032,,0'
2026-03-06 08:04:49.102174,Room6 Virtual Panel,Command,'SetCurrent,int,[5000, 5001, 5002, 5003, 5004, 5005, 5006, 5007, 5008, 5009, 5010, 5011, 5012, 5013, 5014, 5015, 5016, 5017, 5018, 5019, 5020, 5021, 5022, 5023, 5024, 5025, 5026, 5027, 5028, 5029, 5030, 5031, 5032],0'
2026-03-06 08:04:49.102174,Room6 Virtual Panel,Command,'SetStateButton,4950,,0'
2026-03-06 08:04:49.102174,Room6 Virtual Panel,Command,'SetStateButton,4951,btn_logo,0'
2026-03-06 08:04:49.102174,Room6 Virtual Panel,Command,'SetStateButton,4952,btn_logo,0'
2026-03-06 08:04:49.102174,Room6 Virtual Panel,Command,'SetStateButton,4953,btn_logo,0'
2026-03-06 08:04:49.102174,Room6 Virtual Panel,Command,'SetStateButton,4954,btn_logo_ID6,0'
2026-03-06 08:04:49.102174,Room6 Virtual Panel,Command,'SetStateButton,4955,btn_logo_ID6,0'
2026-03-06 08:04:49.102174,Room6 Virtual Panel,Command,'SetStateButton,4956,btn_logo,0'
2026-03-06 08:04:49.102174,Room6 Virtual Panel,Command,'SetStateButton,4957,btn_logo_ID6,0'
2026-03-06 08:04:49.103677,Room6 Virtual Panel,Command,'SetStateButton,4958,btn_logo_ID6,0'
2026-03-06 08:04:49.103677,Room6 Virtual Panel,Command,'SetStateButton,4959,btn_logo_ID16,0'
2026-03-06 08:04:49.103677,Room6 Virtual Panel,Command,'SetStateButton,4960,btn_logo_ID19,0'
2026-03-06 08:04:49.103677,Room6 Virtual Panel,Command,'SetStateButton,4961,btn_logo_ID24,0'
2026-03-06 08:04:49.104189,Room6 Virtual Panel,Command,'SetStateButton,4962,btn_logo_ID27,0'
2026-03-06 08:04:49.104189,Room6 Virtual Panel,Command,'SetStateButton,4963,,0'
2026-03-06 08:04:49.104189,Room6 Virtual Panel,Command,'SetStateButton,4964,,0'
2026-03-06 08:04:49.104189,Room6 Virtual Panel,Command,'SetStateButton,4965,,0'
2026-03-06 08:04:49.104189,Room6 Virtual Panel,Command,'SetStateButton,4966,,0'
2026-03-06 08:04:49.104189,Room6 Virtual Panel,Command,'SetStateButton,4967,btn_logo_ID6,0'
2026-03-06 08:04:49.104189,Room6 Virtual Panel,Command,'SetStateButton,4968,btn_logo_ID6,0'
2026-03-06 08:04:49.105193,Room6 Virtual Panel,Command,'SetStateButton,4969,btn_logo_ID16,0'
2026-03-06 08:04:49.105193,Room6 Virtual Panel,Command,'SetStateButton,4970,btn_logo_ID19,0'
2026-03-06 08:04:49.105193,Room6 Virtual Panel,Command,'SetStateButton,4971,btn_logo_ID24,0'
2026-03-06 08:04:49.105193,Room6 Virtual Panel,Command,'SetStateButton,4972,btn_logo_ID6,0'
2026-03-06 08:04:49.105193,Room6 Virtual Panel,Command,'SetStateButton,4973,btn_logo_ID6,0'
2026-03-06 08:04:49.105193,Room6 Virtual Panel,Command,'SetStateButton,4974,btn_logo_ID6,0'
2026-03-06 08:04:49.105193,Room6 Virtual Panel,Command,'SetStateButton,4975,,0'
2026-03-06 08:04:49.105193,Room6 Virtual Panel,Command,'SetStateButton,4976,,0'
2026-03-06 08:04:49.105193,Room6 Virtual Panel,Command,'SetStateButton,4977,,0'
2026-03-06 08:04:49.105193,Room6 Virtual Panel,Command,'SetStateButton,4978,,0'
2026-03-06 08:04:49.105193,Room6 Virtual Panel,Command,'SetStateButton,4979,,0'
2026-03-06 08:04:49.105193,Room6 Virtual Panel,Command,'SetStateButton,4980,,0'
2026-03-06 08:04:49.106192,Room6 Virtual Panel,Command,'SetStateButton,4981,,0'
2026-03-06 08:04:49.106192,Room6 Virtual Panel,Command,'SetStateButton,4982,,0'
2026-03-06 08:04:49.106192,Room6 Virtual Panel,Command,'SetCurrent,int,[4950, 4951, 4952, 4953, 4954, 4955, 4956, 4957, 4958, 4959, 4960, 4961, 4962, 4963, 4964, 4965, 4966, 4967, 4968, 4969, 4970, 4971, 4972, 4973, 4974, 4975, 4976, 4977, 4978, 4979, 4980, 4981, 4982],0'
2026-03-06 08:04:49.106192,Room6 Virtual Panel,Command,'SetStateButton,11,btn_mode_conferencing,0'
2026-03-06 08:04:49.106192,Room6 Virtual Panel,Command,'SetStateButton,12,btn_mode_media,1'
2026-03-06 08:04:49.106192,Room6 Virtual Panel,Command,'SetCurrent,int,[11, 12, 13],12'
2026-03-06 08:04:49.107194,Room6 Virtual Panel,Command,'ShowPage,2000 - Main - Presentation'
2026-03-06 08:04:49.849265,Module:Switch0,Command,"UpdateVideoMuteDecoder,{'ID': '1'}"
2026-03-06 08:04:50.083484,Room6 Virtual Panel,Command,'SetLevel,Level,14,lvl_startup_timer,20'
2026-03-06 08:04:50.864407,Module:Switch0,API,To Device,'w3cv\r\n'
2026-03-06 08:04:50.865631,Module:Switch0,API,To Device,'{1o:B\r}\r'
2026-03-06 08:04:51.086231,Room6 Virtual Panel,Command,'SetLevel,Level,14,lvl_startup_timer,40'
2026-03-06 08:04:51.101362,DEBUG,Print,'done powering on'
2026-03-06 08:04:52.096178,Room6 Virtual Panel,Command,'SetLevel,Level,14,lvl_startup_timer,60'
2026-03-06 08:04:53.107483,Room6 Virtual Panel,Command,'SetLevel,Level,14,lvl_startup_timer,80'
2026-03-06 08:04:54.122250,Room6 Virtual Panel,Command,'HidePopup,100 - Starting Up'
2026-03-06 08:04:54.122250,Room6 Virtual Panel,Command,'SetLevel,Level,14,lvl_startup_timer,0'
2026-03-06 08:04:56.955975,Room6 Virtual Panel,Command,'Button,BWDPanel,40,btn_page_power,Pressed'Timestamp,Device Name,MessageType,Data
2026-03-06 08:04:56.955975,Room6 Virtual Panel,Command,'ShowPopup,160 - Confirmation,0'
2026-03-06 08:04:56.980163,Room6 Virtual Panel,Command,'Button,BWDPanel,40,btn_page_power,Released'
2026-03-06 08:04:57.843303,Room6 Virtual Panel,Command,'Button,BWDPanel,81,btn_shutdown_confirm,Pressed'
2026-03-06 08:04:57.843303,Room6 Virtual Panel,Command,'HidePopup,160 - Confirmation'
2026-03-06 08:04:57.843303,Room6 Virtual Panel,Command,'SetLevel,Level,15,lvl_shutdown_timer,0'
2026-03-06 08:04:57.843303,Room6 Virtual Panel,Command,'SetVisible,Level,15,lvl_shutdown_timer,True'
2026-03-06 08:04:57.844306,Room0 Virtual Panel,Command,'SetVisible,Button,8001,btn_system_combine_modes,True'
2026-03-06 08:04:57.844306,Room0 Virtual Panel,Command,'SetVisible,Button,8002,btn_system_combine_modes,True'
2026-03-06 08:04:57.845437,Room0 Virtual Panel,Command,'SetVisible,Button,8003,,True'
2026-03-06 08:04:57.845437,Room0 Virtual Panel,Command,'SetVisible,Button,8004,,True'
2026-03-06 08:04:57.845437,Room0 Virtual Panel,Command,'SetEnable,Button,8001,btn_system_combine_modes,True'
2026-03-06 08:04:57.845437,Room0 Virtual Panel,Command,'SetEnable,Button,8002,btn_system_combine_modes,True'
2026-03-06 08:04:57.845437,Room0 Virtual Panel,Command,'SetEnable,Button,8003,,True'
2026-03-06 08:04:57.845437,Room0 Virtual Panel,Command,'SetEnable,Button,8004,,True'
2026-03-06 08:04:57.845437,Room1 Virtual Panel,Command,'SetVisible,Button,8001,btn_system_combine_modes,True'
2026-03-06 08:04:57.845437,Room1 Virtual Panel,Command,'SetVisible,Button,8002,btn_system_combine_modes,True'
2026-03-06 08:04:57.845437,Room1 Virtual Panel,Command,'SetVisible,Button,8003,,True'
2026-03-06 08:04:57.845437,Room1 Virtual Panel,Command,'SetVisible,Button,8004,,True'
2026-03-06 08:04:57.846441,Room1 Virtual Panel,Command,'SetEnable,Button,8001,btn_system_combine_modes,True'
2026-03-06 08:04:57.846441,Room1 Virtual Panel,Command,'SetEnable,Button,8002,btn_system_combine_modes,True'
2026-03-06 08:04:57.846441,Room1 Virtual Panel,Command,'SetEnable,Button,8003,,True'
2026-03-06 08:04:57.846441,Room1 Virtual Panel,Command,'SetEnable,Button,8004,,True'
2026-03-06 08:04:57.846441,Room2 Virtual Panel,Command,'SetVisible,Button,8001,btn_system_combine_modes,True'
2026-03-06 08:04:57.846441,Room2 Virtual Panel,Command,'SetVisible,Button,8002,btn_system_combine_modes,True'
2026-03-06 08:04:57.846441,Room2 Virtual Panel,Command,'SetVisible,Button,8003,,True'
2026-03-06 08:04:57.846441,Room2 Virtual Panel,Command,'SetVisible,Button,8004,,True'
2026-03-06 08:04:57.846441,Room2 Virtual Panel,Command,'SetEnable,Button,8001,btn_system_combine_modes,True'
2026-03-06 08:04:57.846441,Room2 Virtual Panel,Command,'SetEnable,Button,8002,btn_system_combine_modes,True'
2026-03-06 08:04:57.847441,Room2 Virtual Panel,Command,'SetEnable,Button,8003,,True'
2026-03-06 08:04:57.847441,Room2 Virtual Panel,Command,'SetEnable,Button,8004,,True'
2026-03-06 08:04:57.847441,Room3 Virtual Panel,Command,'SetVisible,Button,8001,btn_system_combine_modes,True'
2026-03-06 08:04:57.847441,Room3 Virtual Panel,Command,'SetVisible,Button,8002,btn_system_combine_modes,True'
2026-03-06 08:04:57.848441,Room3 Virtual Panel,Command,'SetVisible,Button,8003,,True'
2026-03-06 08:04:57.848441,Room3 Virtual Panel,Command,'SetVisible,Button,8004,,True'
2026-03-06 08:04:57.849103,Room3 Virtual Panel,Command,'SetEnable,Button,8001,btn_system_combine_modes,True'
2026-03-06 08:04:57.849103,Room3 Virtual Panel,Command,'SetEnable,Button,8002,btn_system_combine_modes,True'
2026-03-06 08:04:57.849103,Room3 Virtual Panel,Command,'SetEnable,Button,8003,,True'
2026-03-06 08:04:57.849103,Room3 Virtual Panel,Command,'SetEnable,Button,8004,,True'
2026-03-06 08:04:57.849103,Room4 Virtual Panel,Command,'SetVisible,Button,8001,btn_system_combine_modes,True'
2026-03-06 08:04:57.849103,Room4 Virtual Panel,Command,'SetVisible,Button,8002,btn_system_combine_modes,True'
2026-03-06 08:04:57.849103,Room4 Virtual Panel,Command,'SetVisible,Button,8003,,True'
2026-03-06 08:04:57.850108,Room4 Virtual Panel,Command,'SetVisible,Button,8004,,True'
2026-03-06 08:04:57.850108,Room4 Virtual Panel,Command,'SetEnable,Button,8001,btn_system_combine_modes,True'
2026-03-06 08:04:57.850108,Room4 Virtual Panel,Command,'SetEnable,Button,8002,btn_system_combine_modes,True'
2026-03-06 08:04:57.850108,Room4 Virtual Panel,Command,'SetEnable,Button,8003,,True'
2026-03-06 08:04:57.850108,Room4 Virtual Panel,Command,'SetEnable,Button,8004,,True'
2026-03-06 08:04:57.850108,Room5 Virtual Panel,Command,'SetVisible,Button,8001,btn_system_combine_modes,True'
2026-03-06 08:04:57.850108,Room5 Virtual Panel,Command,'SetVisible,Button,8002,btn_system_combine_modes,True'
2026-03-06 08:04:57.851112,Room5 Virtual Panel,Command,'SetVisible,Button,8003,,True'
2026-03-06 08:04:57.851112,Room5 Virtual Panel,Command,'SetVisible,Button,8004,,True'
2026-03-06 08:04:57.851112,Room5 Virtual Panel,Command,'SetEnable,Button,8001,btn_system_combine_modes,True'
2026-03-06 08:04:57.851112,Room5 Virtual Panel,Command,'SetEnable,Button,8002,btn_system_combine_modes,True'
2026-03-06 08:04:57.851112,Room5 Virtual Panel,Command,'SetEnable,Button,8003,,True'
2026-03-06 08:04:57.851112,Room5 Virtual Panel,Command,'SetEnable,Button,8004,,True'
2026-03-06 08:04:57.851112,Room6 Virtual Panel,Command,'SetVisible,Button,8001,btn_system_combine_modes,True'
2026-03-06 08:04:57.851112,Room6 Virtual Panel,Command,'SetVisible,Button,8002,btn_system_combine_modes,True'
2026-03-06 08:04:57.851112,Room6 Virtual Panel,Command,'SetVisible,Button,8003,,True'
2026-03-06 08:04:57.851112,Room6 Virtual Panel,Command,'SetVisible,Button,8004,,True'
2026-03-06 08:04:57.851112,Room6 Virtual Panel,Command,'SetEnable,Button,8001,btn_system_combine_modes,True'
2026-03-06 08:04:57.852145,Room6 Virtual Panel,Command,'SetEnable,Button,8002,btn_system_combine_modes,True'
2026-03-06 08:04:57.852145,Room6 Virtual Panel,Command,'SetEnable,Button,8003,,True'
2026-03-06 08:04:57.852145,Room6 Virtual Panel,Command,'SetEnable,Button,8004,,True'
2026-03-06 08:04:57.852145,Room6 Virtual Panel,Command,'HideAllPopups'
2026-03-06 08:04:57.853454,Room6 Virtual Panel,Command,'ShowPage,1000 - Home'
2026-03-06 08:04:57.853454,Room6 Virtual Panel,Command,'ShowPopup,170 - Powering Down,0'
2026-03-06 08:04:57.853454,Room6 Virtual Panel,Command,'ShowPopup,Header-Uncombined-6,0'
2026-03-06 08:04:57.853454,Room6 Virtual Panel,Command,'SetStateButton,11,btn_mode_conferencing,0'
2026-03-06 08:04:57.853454,Room6 Virtual Panel,Command,'SetStateButton,12,btn_mode_media,0'
2026-03-06 08:04:57.854459,Room6 Virtual Panel,Command,'SetCurrent,int,[11, 12, 13],0'
2026-03-06 08:04:57.854459,DEBUG,Print,'making route: input:0 output:0 sw_type:Audio/Video'
2026-03-06 08:04:57.854459,DEBUG,Print,'length of output ids:7'
2026-03-06 08:04:57.854459,DEBUG,Print,'SET MATRIX TIE COMMAND: IN: 0, OUT: 1101, TYPE: Audio/Video'
2026-03-06 08:04:57.854459,Module:Switch0,Command,"SetMatrixTieCommand,None,{'Input': '0', 'Output': '1101', 'Tie Type': 'Audio/Video'}"
2026-03-06 08:04:57.856143,DEBUG,Print,'making route: input:0 output:0 sw_type:Audio/Video'
2026-03-06 08:04:57.856143,DEBUG,Print,'length of output ids:7'
2026-03-06 08:04:57.856143,DEBUG,Print,'SET MATRIX TIE COMMAND: IN: 0, OUT: 1101, TYPE: Audio/Video'
2026-03-06 08:04:57.856143,Module:Switch0,Command,"SetMatrixTieCommand,None,{'Input': '0', 'Output': '1101', 'Tie Type': 'Audio/Video'}"
2026-03-06 08:04:57.857149,Room6 Virtual Panel,Command,'SetStateButton,5087,lbl_switch_media_destinations_left,1'
2026-03-06 08:04:57.857149,Room6 Virtual Panel,Command,'SetStateButton,5088,lbl_switch_media_destinations_right,0'
2026-03-06 08:04:57.857149,Room6 Virtual Panel,Command,'SetCurrent,int,[5087, 5088],5087'
2026-03-06 08:04:57.858148,Module:Switch0,Command,"SetVideoMuteDecoder,Off,{'ID': '1101'}"
2026-03-06 08:04:57.859149,Room6 Virtual Panel,Command,'SetStateButton,4600,,0'
2026-03-06 08:04:57.859149,Room6 Virtual Panel,Command,'SetStateButton,4601,btn_switch_sources,0'
2026-03-06 08:04:57.859149,Room6 Virtual Panel,Command,'SetStateButton,4602,btn_switch_sources,0'
2026-03-06 08:04:57.859149,Room6 Virtual Panel,Command,'SetStateButton,4603,btn_switch_sources,0'
2026-03-06 08:04:57.859149,Room6 Virtual Panel,Command,'SetStateButton,4604,btn_switch_sources,0'
2026-03-06 08:04:57.860147,Room6 Virtual Panel,Command,'SetStateButton,4605,btn_switch_sources_ID3,0'
2026-03-06 08:04:57.860147,Room6 Virtual Panel,Command,'SetStateButton,4606,btn_switch_sources_ID6,0'
2026-03-06 08:04:57.860147,Room6 Virtual Panel,Command,'SetStateButton,4607,btn_switch_sources,0'
2026-03-06 08:04:57.860147,Room6 Virtual Panel,Command,'SetStateButton,4608,btn_switch_sources_ID13,0'
2026-03-06 08:04:57.860147,Room6 Virtual Panel,Command,'SetStateButton,4609,btn_switch_sources_ID17,0'
2026-03-06 08:04:57.860147,Room6 Virtual Panel,Command,'SetStateButton,4610,btn_switch_sources_ID19,0'
2026-03-06 08:04:57.860147,Room6 Virtual Panel,Command,'SetStateButton,4611,btn_switch_sources_ID23,0'
2026-03-06 08:04:57.860147,Room6 Virtual Panel,Command,'SetStateButton,4612,btn_switch_sources_ID25,0'
2026-03-06 08:04:57.860147,Room6 Virtual Panel,Command,'SetStateButton,4613,btn_switch_sources_ID3,0'
2026-03-06 08:04:57.860147,Room6 Virtual Panel,Command,'SetStateButton,4614,btn_switch_sources_ID6,0'
2026-03-06 08:04:57.860147,Room6 Virtual Panel,Command,'SetStateButton,4615,btn_switch_sources_ID13,0'
2026-03-06 08:04:57.860147,Room6 Virtual Panel,Command,'SetStateButton,4616,btn_switch_sources_ID17,0'
2026-03-06 08:04:57.861146,Room6 Virtual Panel,Command,'SetStateButton,4617,btn_switch_sources_ID19,0'
2026-03-06 08:04:57.861146,Room6 Virtual Panel,Command,'SetStateButton,4618,btn_switch_sources_ID23,0'
2026-03-06 08:04:57.861146,Room6 Virtual Panel,Command,'SetStateButton,4619,btn_switch_sources_ID3,0'
2026-03-06 08:04:57.861146,Room6 Virtual Panel,Command,'SetStateButton,4620,btn_switch_sources_ID6,0'
2026-03-06 08:04:57.861146,Room6 Virtual Panel,Command,'SetStateButton,4621,btn_switch_sources_ID13,0'
2026-03-06 08:04:57.861146,Room6 Virtual Panel,Command,'SetStateButton,4622,btn_switch_sources_ID17,0'
2026-03-06 08:04:57.861146,Room6 Virtual Panel,Command,'SetStateButton,4623,btn_switch_sources_ID19,0'
2026-03-06 08:04:57.861146,Room6 Virtual Panel,Command,'SetStateButton,4624,btn_switch_sources_ID23,0'
2026-03-06 08:04:57.862148,Room6 Virtual Panel,Command,'SetStateButton,4625,btn_switch_sources_ID25,0'
2026-03-06 08:04:57.862148,Room6 Virtual Panel,Command,'SetStateButton,4626,btn_switch_sources_ID3,0'
2026-03-06 08:04:57.862148,Room6 Virtual Panel,Command,'SetStateButton,4627,btn_switch_sources_ID6,0'
2026-03-06 08:04:57.863653,Room6 Virtual Panel,Command,'SetStateButton,4628,btn_switch_sources_ID13,0'
2026-03-06 08:04:57.863653,Room6 Virtual Panel,Command,'SetStateButton,4629,,0'
2026-03-06 08:04:57.864172,Room6 Virtual Panel,Command,'SetStateButton,4630,,0'
2026-03-06 08:04:57.864172,Room6 Virtual Panel,Command,'SetStateButton,4631,,0'
2026-03-06 08:04:57.864172,Room6 Virtual Panel,Command,'SetStateButton,4632,,0'
2026-03-06 08:04:57.864172,Room6 Virtual Panel,Command,'SetCurrent,int,[4600, 4601, 4602, 4603, 4604, 4605, 4606, 4607, 4608, 4609, 4610, 4611, 4612, 4613, 4614, 4615, 4616, 4617, 4618, 4619, 4620, 4621, 4622, 4623, 4624, 4625, 4626, 4627, 4628, 4629, 4630, 4631, 4632],0'
2026-03-06 08:04:57.864172,Module:Switch0,Command,"SetAudioMuteDecoder,Off,{'ID': '1101', 'Type': 'All'}"
2026-03-06 08:04:57.866177,Room6 Virtual Panel,Command,'SetStateButton,1669,btn_switch_media_send_to_all,1'
2026-03-06 08:04:57.866177,Room6 Virtual Panel,Command,'SetStateButton,89,,0'
2026-03-06 08:04:57.866177,Room6 Virtual Panel,Command,'SetStateButton,7,btn_page_help,0'
2026-03-06 08:04:57.867177,Room6 Virtual Panel,Command,'SetStateButton,85,btn_page_user_wireles_mis,0'
2026-03-06 08:04:57.867177,Room6 Virtual Panel,Command,'SetStateButton,87,btn_page_user_displays,0'
2026-03-06 08:04:57.867177,Room6 Virtual Panel,Command,'SetStateButton,21,btn_page_camera,0'
2026-03-06 08:04:57.868177,Room6 Virtual Panel,Command,'SetStateButton,81,btn_shutdown_confirm,0'
2026-03-06 08:04:57.868177,Room6 Virtual Panel,Command,'SetStateButton,81,btn_shutdown_confirm,1'
2026-03-06 08:04:57.881032,Room6 Virtual Panel,Command,'Button,BWDPanel,81,btn_shutdown_confirm,Released'
2026-03-06 08:04:58.849159,Room6 Virtual Panel,Command,'SetLevel,Level,15,lvl_shutdown_timer,20'
2026-03-06 08:04:58.865228,Module:Switch0,API,To Device,'w3cv\r\n'
2026-03-06 08:04:58.865228,Module:Switch0,API,To Device,'w3cv\r\n'
2026-03-06 08:04:58.865228,Module:Switch0,API,To Device,'\x1b0*1101!\r'
2026-03-06 08:04:58.866215,Module:Switch0,API,To Device,'\x1b0*1101!\r'
2026-03-06 08:04:58.866215,Module:Switch0,API,To Device,'w3cv\r\n'
2026-03-06 08:04:58.866215,Module:Switch0,API,To Device,'{1101o:0B\r}\r'
2026-03-06 08:04:58.880285,Module:Switch0,API,To Device,'w3cv\r\n'
2026-03-06 08:04:58.880285,Module:Switch0,API,To Device,'{1101o:0Z\r}\r'
2026-03-06 08:04:59.866386,Room6 Virtual Panel,Command,'SetLevel,Level,15,lvl_shutdown_timer,40'
2026-03-06 08:04:59.866386,Module:Switch0,Command,"UpdateVideoMuteDecoder,{'ID': '1'}"
2026-03-06 08:05:00.878118,Module:Switch0,API,To Device,'w3cv\r\n'
2026-03-06 08:05:00.878118,Module:Switch0,API,To Device,'{1o:B\r}\r'
2026-03-06 08:05:00.878118,Room6 Virtual Panel,Command,'SetLevel,Level,15,lvl_shutdown_timer,60'
2026-03-06 08:05:01.886595,Room6 Virtual Panel,Command,'SetLevel,Level,15,lvl_shutdown_timer,80'
2026-03-06 08:05:02.896199,Room6 Virtual Panel,Command,'HidePopup,170 - Powering Down'
2026-03-06 08:05:02.896199,Room6 Virtual Panel,Command,'SetLevel,Level,15,lvl_shutdown_timer,0'
2026-03-06 08:05:04.667477,Room6 Virtual Panel,Command,'Button,BWDPanel,12,btn_mode_media,Pressed'
2026-03-06 08:05:04.668480,Room6 Virtual Panel,Command,'SetTextButton,961,btn_tech_details_names,Touch Panel'
2026-03-06 08:05:04.668480,Room6 Virtual Panel,Command,'SetTextButton,981,btn_tech_details_status,Disconnected'
2026-03-06 08:05:04.668480,Room6 Virtual Panel,Command,'SetStateButton,981,btn_tech_details_status,0'
2026-03-06 08:05:04.668480,Room6 Virtual Panel,Command,'SetText,Label,1001,lbl_tech_details_ips,'
2026-03-06 08:05:04.668480,Room6 Virtual Panel,Command,'SetVisible,Button,8,btn_err_indicator,True'
2026-03-06 08:05:04.668480,Room6 Virtual Panel,Command,'SetEnable,Button,8,btn_err_indicator,True'
2026-03-06 08:05:04.668480,Room6 Virtual Panel,Command,'SetLevel,Level,14,lvl_startup_timer,0'
2026-03-06 08:05:04.668480,Room6 Virtual Panel,Command,'SetVisible,Level,14,lvl_startup_timer,True'
2026-03-06 08:05:04.669962,Room6 Virtual Panel,Command,'HideAllPopups'
2026-03-06 08:05:04.669962,Room6 Virtual Panel,Command,'ShowPopup,100 - Starting Up,0'
2026-03-06 08:05:04.670966,Room6 Virtual Panel,Command,'SetStateButton,11,btn_mode_conferencing,0'
2026-03-06 08:05:04.670966,Room6 Virtual Panel,Command,'SetStateButton,12,btn_mode_media,0'
2026-03-06 08:05:04.670966,Room6 Virtual Panel,Command,'SetCurrent,int,[11, 12, 13],0'
2026-03-06 08:05:04.670966,Room6 Virtual Panel,Command,'ShowPopup,Header-Uncombined-6,0'
2026-03-06 08:05:04.670966,Room0 Virtual Panel,Command,'SetVisible,Button,8001,btn_system_combine_modes,True'
2026-03-06 08:05:04.670966,Room0 Virtual Panel,Command,'SetVisible,Button,8002,btn_system_combine_modes,True'
2026-03-06 08:05:04.670966,Room0 Virtual Panel,Command,'SetVisible,Button,8003,,True'
2026-03-06 08:05:04.670966,Room0 Virtual Panel,Command,'SetVisible,Button,8004,,True'
2026-03-06 08:05:04.670966,Room0 Virtual Panel,Command,'SetEnable,Button,8001,btn_system_combine_modes,True'
2026-03-06 08:05:04.671965,Room0 Virtual Panel,Command,'SetEnable,Button,8002,btn_system_combine_modes,True'
2026-03-06 08:05:04.671965,Room0 Virtual Panel,Command,'SetEnable,Button,8003,,True'
2026-03-06 08:05:04.671965,Room0 Virtual Panel,Command,'SetEnable,Button,8004,,True'
2026-03-06 08:05:04.671965,Room1 Virtual Panel,Command,'SetVisible,Button,8001,btn_system_combine_modes,True'
2026-03-06 08:05:04.671965,Room1 Virtual Panel,Command,'SetVisible,Button,8002,btn_system_combine_modes,True'
2026-03-06 08:05:04.671965,Room1 Virtual Panel,Command,'SetVisible,Button,8003,,True'
2026-03-06 08:05:04.671965,Room1 Virtual Panel,Command,'SetVisible,Button,8004,,True'
2026-03-06 08:05:04.671965,Room1 Virtual Panel,Command,'SetEnable,Button,8001,btn_system_combine_modes,True'
2026-03-06 08:05:04.671965,Room1 Virtual Panel,Command,'SetEnable,Button,8002,btn_system_combine_modes,True'
2026-03-06 08:05:04.671965,Room1 Virtual Panel,Command,'SetEnable,Button,8003,,True'
2026-03-06 08:05:04.671965,Room1 Virtual Panel,Command,'SetEnable,Button,8004,,True'
2026-03-06 08:05:04.673469,Room2 Virtual Panel,Command,'SetVisible,Button,8001,btn_system_combine_modes,True'
2026-03-06 08:05:04.673469,Room2 Virtual Panel,Command,'SetVisible,Button,8002,btn_system_combine_modes,True'
2026-03-06 08:05:04.673469,Room2 Virtual Panel,Command,'SetVisible,Button,8003,,True'
2026-03-06 08:05:04.673469,Room2 Virtual Panel,Command,'SetVisible,Button,8004,,True'
2026-03-06 08:05:04.673469,Room2 Virtual Panel,Command,'SetEnable,Button,8001,btn_system_combine_modes,True'
2026-03-06 08:05:04.673469,Room2 Virtual Panel,Command,'SetEnable,Button,8002,btn_system_combine_modes,True'
2026-03-06 08:05:04.673469,Room2 Virtual Panel,Command,'SetEnable,Button,8003,,True'
2026-03-06 08:05:04.673469,Room2 Virtual Panel,Command,'SetEnable,Button,8004,,True'
2026-03-06 08:05:04.674474,Room3 Virtual Panel,Command,'SetVisible,Button,8001,btn_system_combine_modes,True'
2026-03-06 08:05:04.674474,Room3 Virtual Panel,Command,'SetVisible,Button,8002,btn_system_combine_modes,True'
2026-03-06 08:05:04.674474,Room3 Virtual Panel,Command,'SetVisible,Button,8003,,True'
2026-03-06 08:05:04.674474,Room3 Virtual Panel,Command,'SetVisible,Button,8004,,True'
2026-03-06 08:05:04.674474,Room3 Virtual Panel,Command,'SetEnable,Button,8001,btn_system_combine_modes,True'
2026-03-06 08:05:04.674474,Room3 Virtual Panel,Command,'SetEnable,Button,8002,btn_system_combine_modes,True'
2026-03-06 08:05:04.674474,Room3 Virtual Panel,Command,'SetEnable,Button,8003,,True'
2026-03-06 08:05:04.674474,Room3 Virtual Panel,Command,'SetEnable,Button,8004,,True'
2026-03-06 08:05:04.674474,Room4 Virtual Panel,Command,'SetVisible,Button,8001,btn_system_combine_modes,True'
2026-03-06 08:05:04.675807,Room4 Virtual Panel,Command,'SetVisible,Button,8002,btn_system_combine_modes,True'
2026-03-06 08:05:04.675807,Room4 Virtual Panel,Command,'SetVisible,Button,8003,,True'
2026-03-06 08:05:04.675807,Room4 Virtual Panel,Command,'SetVisible,Button,8004,,True'
2026-03-06 08:05:04.675807,Room4 Virtual Panel,Command,'SetEnable,Button,8001,btn_system_combine_modes,True'
2026-03-06 08:05:04.675807,Room4 Virtual Panel,Command,'SetEnable,Button,8002,btn_system_combine_modes,True'
2026-03-06 08:05:04.675807,Room4 Virtual Panel,Command,'SetEnable,Button,8003,,True'
2026-03-06 08:05:04.675807,Room4 Virtual Panel,Command,'SetEnable,Button,8004,,True'
2026-03-06 08:05:04.675807,Room5 Virtual Panel,Command,'SetVisible,Button,8001,btn_system_combine_modes,True'
2026-03-06 08:05:04.675807,Room5 Virtual Panel,Command,'SetVisible,Button,8002,btn_system_combine_modes,True'
2026-03-06 08:05:04.675807,Room5 Virtual Panel,Command,'SetVisible,Button,8003,,True'
2026-03-06 08:05:04.676811,Room5 Virtual Panel,Command,'SetVisible,Button,8004,,True'
2026-03-06 08:05:04.676811,Room5 Virtual Panel,Command,'SetEnable,Button,8001,btn_system_combine_modes,True'
2026-03-06 08:05:04.676811,Room5 Virtual Panel,Command,'SetEnable,Button,8002,btn_system_combine_modes,True'
2026-03-06 08:05:04.676811,Room5 Virtual Panel,Command,'SetEnable,Button,8003,,True'
2026-03-06 08:05:04.676811,Room5 Virtual Panel,Command,'SetEnable,Button,8004,,True'
2026-03-06 08:05:04.676811,Room6 Virtual Panel,Command,'SetVisible,Button,8001,btn_system_combine_modes,True'
2026-03-06 08:05:04.676811,Room6 Virtual Panel,Command,'SetVisible,Button,8002,btn_system_combine_modes,True'
2026-03-06 08:05:04.676811,Room6 Virtual Panel,Command,'SetVisible,Button,8003,,True'
2026-03-06 08:05:04.676811,Room6 Virtual Panel,Command,'SetVisible,Button,8004,,True'
2026-03-06 08:05:04.676811,Room6 Virtual Panel,Command,'SetEnable,Button,8001,btn_system_combine_modes,True'
2026-03-06 08:05:04.677811,Room6 Virtual Panel,Command,'SetEnable,Button,8002,btn_system_combine_modes,True'
2026-03-06 08:05:04.677811,Room6 Virtual Panel,Command,'SetEnable,Button,8003,,True'
2026-03-06 08:05:04.677811,Room6 Virtual Panel,Command,'SetEnable,Button,8004,,True'
2026-03-06 08:05:04.677811,Room6 Virtual Panel,Command,'SetStateButton,4600,,0'
2026-03-06 08:05:04.677811,Room6 Virtual Panel,Command,'SetStateButton,4601,btn_switch_sources,0'
2026-03-06 08:05:04.677811,Room6 Virtual Panel,Command,'SetStateButton,4602,btn_switch_sources,0'
2026-03-06 08:05:04.678818,Room6 Virtual Panel,Command,'SetStateButton,4603,btn_switch_sources,0'
2026-03-06 08:05:04.678818,Room6 Virtual Panel,Command,'SetStateButton,4604,btn_switch_sources,0'
2026-03-06 08:05:04.678818,Room6 Virtual Panel,Command,'SetStateButton,4605,btn_switch_sources_ID3,0'
2026-03-06 08:05:04.678818,Room6 Virtual Panel,Command,'SetStateButton,4606,btn_switch_sources_ID6,0'
2026-03-06 08:05:04.678818,Room6 Virtual Panel,Command,'SetStateButton,4607,btn_switch_sources,0'
2026-03-06 08:05:04.678818,Room6 Virtual Panel,Command,'SetStateButton,4608,btn_switch_sources_ID13,0'
2026-03-06 08:05:04.679811,Room6 Virtual Panel,Command,'SetStateButton,4609,btn_switch_sources_ID17,0'
2026-03-06 08:05:04.679811,Room6 Virtual Panel,Command,'SetStateButton,4610,btn_switch_sources_ID19,0'
2026-03-06 08:05:04.679811,Room6 Virtual Panel,Command,'SetStateButton,4611,btn_switch_sources_ID23,0'
2026-03-06 08:05:04.679811,Room6 Virtual Panel,Command,'SetStateButton,4612,btn_switch_sources_ID25,0'
2026-03-06 08:05:04.679811,Room6 Virtual Panel,Command,'SetStateButton,4613,btn_switch_sources_ID3,0'
2026-03-06 08:05:04.679811,Room6 Virtual Panel,Command,'SetStateButton,4614,btn_switch_sources_ID6,0'
2026-03-06 08:05:04.679811,Room6 Virtual Panel,Command,'SetStateButton,4615,btn_switch_sources_ID13,0'
2026-03-06 08:05:04.679811,Room6 Virtual Panel,Command,'SetStateButton,4616,btn_switch_sources_ID17,0'
2026-03-06 08:05:04.679811,Room6 Virtual Panel,Command,'SetStateButton,4617,btn_switch_sources_ID19,0'
2026-03-06 08:05:04.679811,Room6 Virtual Panel,Command,'SetStateButton,4618,btn_switch_sources_ID23,0'
2026-03-06 08:05:04.681158,Room6 Virtual Panel,Command,'SetStateButton,4619,btn_switch_sources_ID3,0'
2026-03-06 08:05:04.681158,Room6 Virtual Panel,Command,'SetStateButton,4620,btn_switch_sources_ID6,0'
2026-03-06 08:05:04.681158,Room6 Virtual Panel,Command,'SetStateButton,4621,btn_switch_sources_ID13,0'
2026-03-06 08:05:04.681158,Room6 Virtual Panel,Command,'SetStateButton,4622,btn_switch_sources_ID17,0'
2026-03-06 08:05:04.681158,Room6 Virtual Panel,Command,'SetStateButton,4623,btn_switch_sources_ID19,0'
2026-03-06 08:05:04.681158,Room6 Virtual Panel,Command,'SetStateButton,4624,btn_switch_sources_ID23,0'
2026-03-06 08:05:04.681158,Room6 Virtual Panel,Command,'SetStateButton,4625,btn_switch_sources_ID25,0'
2026-03-06 08:05:04.681158,Room6 Virtual Panel,Command,'SetStateButton,4626,btn_switch_sources_ID3,0'
2026-03-06 08:05:04.681158,Room6 Virtual Panel,Command,'SetStateButton,4627,btn_switch_sources_ID6,0'
2026-03-06 08:05:04.682594,Room6 Virtual Panel,Command,'SetStateButton,4628,btn_switch_sources_ID13,0'
2026-03-06 08:05:04.682594,Room6 Virtual Panel,Command,'SetStateButton,4629,,0'
2026-03-06 08:05:04.682594,Room6 Virtual Panel,Command,'SetStateButton,4630,,0'
2026-03-06 08:05:04.682594,Room6 Virtual Panel,Command,'SetStateButton,4631,,0'
2026-03-06 08:05:04.682594,Room6 Virtual Panel,Command,'SetStateButton,4632,,0'
2026-03-06 08:05:04.682594,Room6 Virtual Panel,Command,'SetCurrent,int,[4600, 4601, 4602, 4603, 4604, 4605, 4606, 4607, 4608, 4609, 4610, 4611, 4612, 4613, 4614, 4615, 4616, 4617, 4618, 4619, 4620, 4621, 4622, 4623, 4624, 4625, 4626, 4627, 4628, 4629, 4630, 4631, 4632],0'
2026-03-06 08:05:04.682594,Room6 Virtual Panel,Command,'SetStateButton,5000,,0'
2026-03-06 08:05:04.683609,Room6 Virtual Panel,Command,'SetStateButton,5001,btn_switch_media_sources,0'
2026-03-06 08:05:04.683609,Room6 Virtual Panel,Command,'SetStateButton,5002,btn_switch_media_sources,0'
2026-03-06 08:05:04.683609,Room6 Virtual Panel,Command,'SetStateButton,5003,btn_switch_media_sources,0'
2026-03-06 08:05:04.683609,Room6 Virtual Panel,Command,'SetStateButton,5004,btn_switch_media_sources_ID3,0'
2026-03-06 08:05:04.684146,Room6 Virtual Panel,Command,'SetStateButton,5005,btn_switch_media_sources_ID3,0'
2026-03-06 08:05:04.684146,Room6 Virtual Panel,Command,'SetStateButton,5006,btn_switch_media_sources,0'
2026-03-06 08:05:04.684146,Room6 Virtual Panel,Command,'SetStateButton,5007,btn_switch_media_sources_ID3,0'
2026-03-06 08:05:04.684146,Room6 Virtual Panel,Command,'SetStateButton,5008,btn_switch_media_sources_ID3,0'
2026-03-06 08:05:04.684146,Room6 Virtual Panel,Command,'SetStateButton,5009,btn_switch_media_sources_ID10,0'
2026-03-06 08:05:04.684146,Room6 Virtual Panel,Command,'SetStateButton,5010,btn_switch_media_sources_ID17,0'
2026-03-06 08:05:04.684146,Room6 Virtual Panel,Command,'SetStateButton,5011,btn_switch_media_sources_ID20,0'
2026-03-06 08:05:04.684146,Room6 Virtual Panel,Command,'SetStateButton,5012,btn_switch_media_sources_ID25,0'
2026-03-06 08:05:04.684146,Room6 Virtual Panel,Command,'SetStateButton,5013,,0'
2026-03-06 08:05:04.685373,Room6 Virtual Panel,Command,'SetStateButton,5014,,0'
2026-03-06 08:05:04.685373,Room6 Virtual Panel,Command,'SetStateButton,5015,,0'
2026-03-06 08:05:04.685373,Room6 Virtual Panel,Command,'SetStateButton,5016,,0'
2026-03-06 08:05:04.685373,Room6 Virtual Panel,Command,'SetStateButton,5017,btn_switch_media_sources_ID3,0'
2026-03-06 08:05:04.685373,Room6 Virtual Panel,Command,'SetStateButton,5018,btn_switch_media_sources_ID3,0'
2026-03-06 08:05:04.685373,Room6 Virtual Panel,Command,'SetStateButton,5019,btn_switch_media_sources_ID10,0'
2026-03-06 08:05:04.685373,Room6 Virtual Panel,Command,'SetStateButton,5020,btn_switch_media_sources_ID17,0'
2026-03-06 08:05:04.685373,Room6 Virtual Panel,Command,'SetStateButton,5021,btn_switch_media_sources_ID20,0'
2026-03-06 08:05:04.685373,Room6 Virtual Panel,Command,'SetStateButton,5022,btn_switch_media_sources_ID3,0'
2026-03-06 08:05:04.685373,Room6 Virtual Panel,Command,'SetStateButton,5023,btn_switch_media_sources_ID3,0'
2026-03-06 08:05:04.685373,Room6 Virtual Panel,Command,'SetStateButton,5024,btn_switch_media_sources_ID3,0'
2026-03-06 08:05:04.686741,Room6 Virtual Panel,Command,'SetStateButton,5025,,0'
2026-03-06 08:05:04.686741,Room6 Virtual Panel,Command,'SetStateButton,5026,,0'
2026-03-06 08:05:04.686741,Room6 Virtual Panel,Command,'SetStateButton,5027,,0'
2026-03-06 08:05:04.686741,Room6 Virtual Panel,Command,'SetStateButton,5028,,0'
2026-03-06 08:05:04.686741,Room6 Virtual Panel,Command,'SetStateButton,5029,,0'
2026-03-06 08:05:04.686741,Room6 Virtual Panel,Command,'SetStateButton,5030,,0'
2026-03-06 08:05:04.686741,Room6 Virtual Panel,Command,'SetStateButton,5031,,0'
2026-03-06 08:05:04.686741,Room6 Virtual Panel,Command,'SetStateButton,5032,,0'
2026-03-06 08:05:04.686741,Room6 Virtual Panel,Command,'SetCurrent,int,[5000, 5001, 5002, 5003, 5004, 5005, 5006, 5007, 5008, 5009, 5010, 5011, 5012, 5013, 5014, 5015, 5016, 5017, 5018, 5019, 5020, 5021, 5022, 5023, 5024, 5025, 5026, 5027, 5028, 5029, 5030, 5031, 5032],0'
2026-03-06 08:05:04.686741,Room6 Virtual Panel,Command,'SetStateButton,4950,,0'
2026-03-06 08:05:04.688140,Room6 Virtual Panel,Command,'SetStateButton,4951,btn_logo,0'
2026-03-06 08:05:04.688140,Room6 Virtual Panel,Command,'SetStateButton,4952,btn_logo,0'
2026-03-06 08:05:04.688140,Room6 Virtual Panel,Command,'SetStateButton,4953,btn_logo,0'
2026-03-06 08:05:04.688789,Room6 Virtual Panel,Command,'SetStateButton,4954,btn_logo_ID6,0'
2026-03-06 08:05:04.688789,Room6 Virtual Panel,Command,'SetStateButton,4955,btn_logo_ID6,0'
2026-03-06 08:05:04.688789,Room6 Virtual Panel,Command,'SetStateButton,4956,btn_logo,0'
2026-03-06 08:05:04.688789,Room6 Virtual Panel,Command,'SetStateButton,4957,btn_logo_ID6,0'
2026-03-06 08:05:04.688789,Room6 Virtual Panel,Command,'SetStateButton,4958,btn_logo_ID6,0'
2026-03-06 08:05:04.688789,Room6 Virtual Panel,Command,'SetStateButton,4959,btn_logo_ID16,0'
2026-03-06 08:05:04.688789,Room6 Virtual Panel,Command,'SetStateButton,4960,btn_logo_ID19,0'
2026-03-06 08:05:04.688789,Room6 Virtual Panel,Command,'SetStateButton,4961,btn_logo_ID24,0'
2026-03-06 08:05:04.688789,Room6 Virtual Panel,Command,'SetStateButton,4962,btn_logo_ID27,0'
2026-03-06 08:05:04.688789,Room6 Virtual Panel,Command,'SetStateButton,4963,,0'
2026-03-06 08:05:04.690273,Room6 Virtual Panel,Command,'SetStateButton,4964,,0'
2026-03-06 08:05:04.690273,Room6 Virtual Panel,Command,'SetStateButton,4965,,0'
2026-03-06 08:05:04.690273,Room6 Virtual Panel,Command,'SetStateButton,4966,,0'
2026-03-06 08:05:04.690273,Room6 Virtual Panel,Command,'SetStateButton,4967,btn_logo_ID6,0'
2026-03-06 08:05:04.690273,Room6 Virtual Panel,Command,'SetStateButton,4968,btn_logo_ID6,0'
2026-03-06 08:05:04.690273,Room6 Virtual Panel,Command,'SetStateButton,4969,btn_logo_ID16,0'
2026-03-06 08:05:04.690273,Room6 Virtual Panel,Command,'SetStateButton,4970,btn_logo_ID19,0'
2026-03-06 08:05:04.691428,Room6 Virtual Panel,Command,'SetStateButton,4971,btn_logo_ID24,0'
2026-03-06 08:05:04.691428,Room6 Virtual Panel,Command,'SetStateButton,4972,btn_logo_ID6,0'
2026-03-06 08:05:04.691428,Room6 Virtual Panel,Command,'SetStateButton,4973,btn_logo_ID6,0'
2026-03-06 08:05:04.691428,Room6 Virtual Panel,Command,'SetStateButton,4974,btn_logo_ID6,0'
2026-03-06 08:05:04.691428,Room6 Virtual Panel,Command,'SetStateButton,4975,,0'
2026-03-06 08:05:04.691428,Room6 Virtual Panel,Command,'SetStateButton,4976,,0'
2026-03-06 08:05:04.691428,Room6 Virtual Panel,Command,'SetStateButton,4977,,0'
2026-03-06 08:05:04.692832,Room6 Virtual Panel,Command,'SetStateButton,4978,,0'
2026-03-06 08:05:04.692832,Room6 Virtual Panel,Command,'SetStateButton,4979,,0'
2026-03-06 08:05:04.692832,Room6 Virtual Panel,Command,'SetStateButton,4980,,0'
2026-03-06 08:05:04.692832,Room6 Virtual Panel,Command,'SetStateButton,4981,,0'
2026-03-06 08:05:04.693335,Room6 Virtual Panel,Command,'SetStateButton,4982,,0'
2026-03-06 08:05:04.693335,Room6 Virtual Panel,Command,'SetCurrent,int,[4950, 4951, 4952, 4953, 4954, 4955, 4956, 4957, 4958, 4959, 4960, 4961, 4962, 4963, 4964, 4965, 4966, 4967, 4968, 4969, 4970, 4971, 4972, 4973, 4974, 4975, 4976, 4977, 4978, 4979, 4980, 4981, 4982],0'
2026-03-06 08:05:04.694340,Room6 Virtual Panel,Command,'ShowPopup,2100 - Presentation No Dest,0'
2026-03-06 08:05:04.694340,Room6 Virtual Panel,Command,'SetStateButton,5000,,0'
2026-03-06 08:05:04.694340,Room6 Virtual Panel,Command,'SetStateButton,5001,btn_switch_media_sources,0'
2026-03-06 08:05:04.695374,Room6 Virtual Panel,Command,'SetStateButton,5002,btn_switch_media_sources,0'
2026-03-06 08:05:04.695374,Room6 Virtual Panel,Command,'SetStateButton,5003,btn_switch_media_sources,0'
2026-03-06 08:05:04.695374,Room6 Virtual Panel,Command,'SetStateButton,5004,btn_switch_media_sources_ID3,0'
2026-03-06 08:05:04.695374,Room6 Virtual Panel,Command,'SetStateButton,5005,btn_switch_media_sources_ID3,0'
2026-03-06 08:05:04.695374,Room6 Virtual Panel,Command,'SetStateButton,5006,btn_switch_media_sources,0'
2026-03-06 08:05:04.696623,Room6 Virtual Panel,Command,'Button,BWDPanel,12,btn_mode_media,Released'
2026-03-06 08:05:04.696623,Room6 Virtual Panel,Command,'SetStateButton,5007,btn_switch_media_sources_ID3,0'
2026-03-06 08:05:04.696623,Room6 Virtual Panel,Command,'SetStateButton,5008,btn_switch_media_sources_ID3,0'
2026-03-06 08:05:04.696623,Room6 Virtual Panel,Command,'SetStateButton,5009,btn_switch_media_sources_ID10,0'
2026-03-06 08:05:04.696623,Room6 Virtual Panel,Command,'SetStateButton,5010,btn_switch_media_sources_ID17,0'
2026-03-06 08:05:04.696623,Room6 Virtual Panel,Command,'SetStateButton,5011,btn_switch_media_sources_ID20,0'
2026-03-06 08:05:04.697796,Room6 Virtual Panel,Command,'SetStateButton,5012,btn_switch_media_sources_ID25,0'
2026-03-06 08:05:04.697796,Room6 Virtual Panel,Command,'SetStateButton,5013,,0'
2026-03-06 08:05:04.697796,Room6 Virtual Panel,Command,'SetStateButton,5014,,0'
2026-03-06 08:05:04.697796,Room6 Virtual Panel,Command,'SetStateButton,5015,,0'
2026-03-06 08:05:04.697796,Room6 Virtual Panel,Command,'SetStateButton,5016,,0'
2026-03-06 08:05:04.697796,Room6 Virtual Panel,Command,'SetStateButton,5017,btn_switch_media_sources_ID3,0'
2026-03-06 08:05:04.697796,Room6 Virtual Panel,Command,'SetStateButton,5018,btn_switch_media_sources_ID3,0'
2026-03-06 08:05:04.697796,Room6 Virtual Panel,Command,'SetStateButton,5019,btn_switch_media_sources_ID10,0'
2026-03-06 08:05:04.697796,Room6 Virtual Panel,Command,'SetStateButton,5020,btn_switch_media_sources_ID17,0'
2026-03-06 08:05:04.699070,Room6 Virtual Panel,Command,'SetStateButton,5021,btn_switch_media_sources_ID20,0'
2026-03-06 08:05:04.699070,Room6 Virtual Panel,Command,'SetStateButton,5022,btn_switch_media_sources_ID3,0'
2026-03-06 08:05:04.699070,Room6 Virtual Panel,Command,'SetStateButton,5023,btn_switch_media_sources_ID3,0'
2026-03-06 08:05:04.699070,Room6 Virtual Panel,Command,'SetStateButton,5024,btn_switch_media_sources_ID3,0'
2026-03-06 08:05:04.699070,Room6 Virtual Panel,Command,'SetStateButton,5025,,0'
2026-03-06 08:05:04.699070,Room6 Virtual Panel,Command,'SetStateButton,5026,,0'
2026-03-06 08:05:04.699070,Room6 Virtual Panel,Command,'SetStateButton,5027,,0'
2026-03-06 08:05:04.699070,Room6 Virtual Panel,Command,'SetStateButton,5028,,0'
2026-03-06 08:05:04.700089,Room6 Virtual Panel,Command,'SetStateButton,5029,,0'
2026-03-06 08:05:04.700089,Room6 Virtual Panel,Command,'SetStateButton,5030,,0'
2026-03-06 08:05:04.700089,Room6 Virtual Panel,Command,'SetStateButton,5031,,0'
2026-03-06 08:05:04.700089,Room6 Virtual Panel,Command,'SetStateButton,5032,,0'
2026-03-06 08:05:04.700089,Room6 Virtual Panel,Command,'SetCurrent,int,[5000, 5001, 5002, 5003, 5004, 5005, 5006, 5007, 5008, 5009, 5010, 5011, 5012, 5013, 5014, 5015, 5016, 5017, 5018, 5019, 5020, 5021, 5022, 5023, 5024, 5025, 5026, 5027, 5028, 5029, 5030, 5031, 5032],0'
2026-03-06 08:05:04.700089,Room6 Virtual Panel,Command,'SetStateButton,4950,,0'
2026-03-06 08:05:04.700089,Room6 Virtual Panel,Command,'SetStateButton,4951,btn_logo,0'
2026-03-06 08:05:04.701078,Room6 Virtual Panel,Command,'SetStateButton,4952,btn_logo,0'
2026-03-06 08:05:04.701078,Room6 Virtual Panel,Command,'SetStateButton,4953,btn_logo,0'
2026-03-06 08:05:04.701078,Room6 Virtual Panel,Command,'SetStateButton,4954,btn_logo_ID6,0'
2026-03-06 08:05:04.701078,Room6 Virtual Panel,Command,'SetStateButton,4955,btn_logo_ID6,0'
2026-03-06 08:05:04.701078,Room6 Virtual Panel,Command,'SetStateButton,4956,btn_logo,0'
2026-03-06 08:05:04.701078,Room6 Virtual Panel,Command,'SetStateButton,4957,btn_logo_ID6,0'
2026-03-06 08:05:04.701078,Room6 Virtual Panel,Command,'SetStateButton,4958,btn_logo_ID6,0'
2026-03-06 08:05:04.702079,Room6 Virtual Panel,Command,'SetStateButton,4959,btn_logo_ID16,0'
2026-03-06 08:05:04.702079,Room6 Virtual Panel,Command,'SetStateButton,4960,btn_logo_ID19,0'
2026-03-06 08:05:04.702079,Room6 Virtual Panel,Command,'SetStateButton,4961,btn_logo_ID24,0'
2026-03-06 08:05:04.702079,Room6 Virtual Panel,Command,'SetStateButton,4962,btn_logo_ID27,0'
2026-03-06 08:05:04.702079,Room6 Virtual Panel,Command,'SetStateButton,4963,,0'
2026-03-06 08:05:04.702079,Room6 Virtual Panel,Command,'SetStateButton,4964,,0'
2026-03-06 08:05:04.702079,Room6 Virtual Panel,Command,'SetStateButton,4965,,0'
2026-03-06 08:05:04.702079,Room6 Virtual Panel,Command,'SetStateButton,4966,,0'
2026-03-06 08:05:04.702079,Room6 Virtual Panel,Command,'SetStateButton,4967,btn_logo_ID6,0'
2026-03-06 08:05:04.702079,Room6 Virtual Panel,Command,'SetStateButton,4968,btn_logo_ID6,0'
2026-03-06 08:05:04.702079,Room6 Virtual Panel,Command,'SetStateButton,4969,btn_logo_ID16,0'
2026-03-06 08:05:04.702079,Room6 Virtual Panel,Command,'SetStateButton,4970,btn_logo_ID19,0'
2026-03-06 08:05:04.703583,Room6 Virtual Panel,Command,'SetStateButton,4971,btn_logo_ID24,0'
2026-03-06 08:05:04.703583,Room6 Virtual Panel,Command,'SetStateButton,4972,btn_logo_ID6,0'
2026-03-06 08:05:04.703583,Room6 Virtual Panel,Command,'SetStateButton,4973,btn_logo_ID6,0'
2026-03-06 08:05:04.704218,Room6 Virtual Panel,Command,'SetStateButton,4974,btn_logo_ID6,0'
2026-03-06 08:05:04.704218,Room6 Virtual Panel,Command,'SetStateButton,4975,,0'
2026-03-06 08:05:04.704218,Room6 Virtual Panel,Command,'SetStateButton,4976,,0'
2026-03-06 08:05:04.704218,Room6 Virtual Panel,Command,'SetStateButton,4977,,0'
2026-03-06 08:05:04.704218,Room6 Virtual Panel,Command,'SetStateButton,4978,,0'
2026-03-06 08:05:04.704218,Room6 Virtual Panel,Command,'SetStateButton,4979,,0'
2026-03-06 08:05:04.704218,Room6 Virtual Panel,Command,'SetStateButton,4980,,0'
2026-03-06 08:05:04.704218,Room6 Virtual Panel,Command,'SetStateButton,4981,,0'
2026-03-06 08:05:04.705409,Room6 Virtual Panel,Command,'SetStateButton,4982,,0'
2026-03-06 08:05:04.705409,Room6 Virtual Panel,Command,'SetCurrent,int,[4950, 4951, 4952, 4953, 4954, 4955, 4956, 4957, 4958, 4959, 4960, 4961, 4962, 4963, 4964, 4965, 4966, 4967, 4968, 4969, 4970, 4971, 4972, 4973, 4974, 4975, 4976, 4977, 4978, 4979, 4980, 4981, 4982],0'
2026-03-06 08:05:04.705409,Room6 Virtual Panel,Command,'SetStateButton,11,btn_mode_conferencing,0'
2026-03-06 08:05:04.705941,Room6 Virtual Panel,Command,'SetStateButton,12,btn_mode_media,1'
2026-03-06 08:05:04.705941,Room6 Virtual Panel,Command,'SetCurrent,int,[11, 12, 13],12'
2026-03-06 08:05:04.705941,Room6 Virtual Panel,Command,'ShowPage,2000 - Main - Presentation'
2026-03-06 08:05:05.685463,Room6 Virtual Panel,Command,'SetLevel,Level,14,lvl_startup_timer,20'
2026-03-06 08:05:06.695767,Room6 Virtual Panel,Command,'SetLevel,Level,14,lvl_startup_timer,40'
2026-03-06 08:05:06.709450,DEBUG,Print,'done powering on'
2026-03-06 08:05:07.708239,Room6 Virtual Panel,Command,'SetLevel,Level,14,lvl_startup_timer,60'
2026-03-06 08:05:08.719481,Room6 Virtual Panel,Command,'SetLevel,Level,14,lvl_startup_timer,80'
2026-03-06 08:05:09.000617,DEBUG,Print,'shutdown timer execute'
2026-03-06 08:05:09.728444,Room6 Virtual Panel,Command,'HidePopup,100 - Starting Up'
2026-03-06 08:05:09.728444,Room6 Virtual Panel,Command,'SetLevel,Level,14,lvl_startup_timer,0'
2026-03-06 08:05:09.883325,Module:Switch0,Command,"UpdateVideoMuteDecoder,{'ID': '1'}"
2026-03-06 08:05:10.611879,Room6 Virtual Panel,Command,'Button,BWDPanel,97,btn_page_user_catvs,Pressed'
2026-03-06 08:05:10.611879,Room6 Virtual Panel,Command,'ShowPopup,140 - CATV Controls,0'
2026-03-06 08:05:10.633445,Room6 Virtual Panel,Command,'Button,BWDPanel,97,btn_page_user_catvs,Released'
2026-03-06 08:05:10.894088,Module:Switch0,API,To Device,'w3cv\r\n'
2026-03-06 08:05:10.894622,Module:Switch0,API,To Device,'{1o:B\r}\r'
2026-03-06 08:05:11.676695,Room6 Virtual Panel,Command,'Button,BWDPanel,5441,btn_catv_select,Pressed'
2026-03-06 08:05:11.676695,Room6 Virtual Panel,Command,'SetStateButton,5440,btn_catv_select,0'
2026-03-06 08:05:11.676695,Room6 Virtual Panel,Command,'SetStateButton,5441,btn_catv_select,1'
2026-03-06 08:05:11.676695,Room6 Virtual Panel,Command,'SetStateButton,5442,btn_catv_select_ID3,0'
2026-03-06 08:05:11.676695,Room6 Virtual Panel,Command,'SetStateButton,5443,btn_catv_select_ID5,0'
2026-03-06 08:05:11.676695,Room6 Virtual Panel,Command,'SetStateButton,5444,btn_catv_select_ID6,0'
2026-03-06 08:05:11.676695,Room6 Virtual Panel,Command,'SetStateButton,5445,btn_catv_select_ID10,0'
2026-03-06 08:05:11.677908,Room6 Virtual Panel,Command,'SetStateButton,5446,,0'
2026-03-06 08:05:11.677908,Room6 Virtual Panel,Command,'SetStateButton,5447,,0'
2026-03-06 08:05:11.677908,Room6 Virtual Panel,Command,'SetStateButton,5448,,0'
2026-03-06 08:05:11.677908,Room6 Virtual Panel,Command,'SetStateButton,5449,,0'
2026-03-06 08:05:11.677908,Room6 Virtual Panel,Command,'SetCurrent,int,[5440, 5441, 5442, 5443, 5444, 5445, 5446, 5447, 5448, 5449],5441'
2026-03-06 08:05:11.677908,DEBUG,Print,'selecting catv:1:[<main_variables.data_class.catv_data_class object at 0x00000169741E2C80>, <main_variables.data_class.catv_data_class object at 0x00000169741B7250>, <main_variables.data_class.catv_data_class object at 0x00000169741E3E20>, <main_variables.data_class.catv_data_class object at 0x00000169741B7280>, <main_variables.data_class.catv_data_class object at 0x00000169742195A0>, <main_variables.data_class.catv_data_class object at 0x00000169741E3640>]'
2026-03-06 08:05:11.677908,Room6 Virtual Panel,Command,'SetText,Label,11000,lbl_catv_selected,CATV 2'
2026-03-06 08:05:11.754576,Room6 Virtual Panel,Command,'Button,BWDPanel,5441,btn_catv_select,Released'
2026-03-06 08:05:12.206023,Room6 Virtual Panel,Command,'Button,BWDPanel,5442,btn_catv_select_ID3,Pressed'
2026-03-06 08:05:12.206023,Room6 Virtual Panel,Command,'SetStateButton,5440,btn_catv_select,0'
2026-03-06 08:05:12.206023,Room6 Virtual Panel,Command,'SetStateButton,5441,btn_catv_select,0'
2026-03-06 08:05:12.206023,Room6 Virtual Panel,Command,'SetStateButton,5442,btn_catv_select_ID3,1'
2026-03-06 08:05:12.206023,Room6 Virtual Panel,Command,'SetStateButton,5443,btn_catv_select_ID5,0'
2026-03-06 08:05:12.206023,Room6 Virtual Panel,Command,'SetStateButton,5444,btn_catv_select_ID6,0'
2026-03-06 08:05:12.207509,Room6 Virtual Panel,Command,'SetStateButton,5445,btn_catv_select_ID10,0'
2026-03-06 08:05:12.207509,Room6 Virtual Panel,Command,'SetStateButton,5446,,0'
2026-03-06 08:05:12.207509,Room6 Virtual Panel,Command,'SetStateButton,5447,,0'
2026-03-06 08:05:12.207509,Room6 Virtual Panel,Command,'SetStateButton,5448,,0'
2026-03-06 08:05:12.207509,Room6 Virtual Panel,Command,'SetStateButton,5449,,0'
2026-03-06 08:05:12.207509,Room6 Virtual Panel,Command,'SetCurrent,int,[5440, 5441, 5442, 5443, 5444, 5445, 5446, 5447, 5448, 5449],5442'
2026-03-06 08:05:12.208515,DEBUG,Print,'selecting catv:2:[<main_variables.data_class.catv_data_class object at 0x00000169741E2C80>, <main_variables.data_class.catv_data_class object at 0x00000169741B7250>, <main_variables.data_class.catv_data_class object at 0x00000169741E3E20>, <main_variables.data_class.catv_data_class object at 0x00000169741B7280>, <main_variables.data_class.catv_data_class object at 0x00000169742195A0>, <main_variables.data_class.catv_data_class object at 0x00000169741E3640>]'
2026-03-06 08:05:12.208515,Room6 Virtual Panel,Command,'SetText,Label,11000,lbl_catv_selected,CATV 3'
2026-03-06 08:05:12.259640,Room6 Virtual Panel,Command,'Button,BWDPanel,5442,btn_catv_select_ID3,Released'
2026-03-06 08:05:13.071440,Room6 Virtual Panel,Command,'Button,BWDPanel,5454,btn_catv_commands,Pressed'
2026-03-06 08:05:13.071440,DEBUG,Print,'fn_set_command:4:spd10:IRS1:<plugins.plugin_catv_moto_ir.plugin object at 0x0000016974218760>'
2026-03-06 08:05:13.071440,IRS1:spd10:Cable TV2,Command,'PlayCount,4_ghi,1'
2026-03-06 08:05:13.160074,Room6 Virtual Panel,Command,'Button,BWDPanel,5454,btn_catv_commands,Released'
2026-03-06 08:05:14.890014,Room6 Virtual Panel,Command,'Button,BWDPanel,5457,btn_catv_commands,Pressed'
2026-03-06 08:05:14.890014,DEBUG,Print,'fn_set_command:7:spd10:IRS1:<plugins.plugin_catv_moto_ir.plugin object at 0x0000016974218760>'
2026-03-06 08:05:14.890014,IRS1:spd10:Cable TV2,Command,'PlayCount,7_pqrs,1'
2026-03-06 08:05:14.973847,Room6 Virtual Panel,Command,'Button,BWDPanel,5457,btn_catv_commands,Released'
2026-03-06 08:05:15.702309,Room6 Virtual Panel,Command,'Button,BWDPanel,5443,btn_catv_select_ID5,Pressed'
2026-03-06 08:05:15.702309,Room6 Virtual Panel,Command,'SetStateButton,5440,btn_catv_select,0'
2026-03-06 08:05:15.702309,Room6 Virtual Panel,Command,'SetStateButton,5441,btn_catv_select,0'
2026-03-06 08:05:15.702309,Room6 Virtual Panel,Command,'SetStateButton,5442,btn_catv_select_ID3,0'
2026-03-06 08:05:15.703813,Room6 Virtual Panel,Command,'SetStateButton,5443,btn_catv_select_ID5,1'
2026-03-06 08:05:15.703813,Room6 Virtual Panel,Command,'SetStateButton,5444,btn_catv_select_ID6,0'
2026-03-06 08:05:15.703813,Room6 Virtual Panel,Command,'SetStateButton,5445,btn_catv_select_ID10,0'
2026-03-06 08:05:15.704324,Room6 Virtual Panel,Command,'SetStateButton,5446,,0'
2026-03-06 08:05:15.704324,Room6 Virtual Panel,Command,'SetStateButton,5447,,0'
2026-03-06 08:05:15.704324,Room6 Virtual Panel,Command,'SetStateButton,5448,,0'
2026-03-06 08:05:15.704324,Room6 Virtual Panel,Command,'SetStateButton,5449,,0'
2026-03-06 08:05:15.704324,Room6 Virtual Panel,Command,'SetCurrent,int,[5440, 5441, 5442, 5443, 5444, 5445, 5446, 5447, 5448, 5449],5443'
2026-03-06 08:05:15.704324,DEBUG,Print,'selecting catv:3:[<main_variables.data_class.catv_data_class object at 0x00000169741E2C80>, <main_variables.data_class.catv_data_class object at 0x00000169741B7250>, <main_variables.data_class.catv_data_class object at 0x00000169741E3E20>, <main_variables.data_class.catv_data_class object at 0x00000169741B7280>, <main_variables.data_class.catv_data_class object at 0x00000169742195A0>, <main_variables.data_class.catv_data_class object at 0x00000169741E3640>]'
2026-03-06 08:05:15.704324,Room6 Virtual Panel,Command,'SetText,Label,11000,lbl_catv_selected,CATV 4'
2026-03-06 08:05:15.788140,Room6 Virtual Panel,Command,'Button,BWDPanel,5443,btn_catv_select_ID5,Released'
2026-03-06 08:05:16.465444,Room6 Virtual Panel,Command,'Button,BWDPanel,5450,btn_catv_commands,Pressed'
2026-03-06 08:05:16.466209,DEBUG,Print,'fn_set_command:0:spd11:IRS1:<plugins.plugin_catv_moto_ir.plugin object at 0x00000169741E15A0>'
2026-03-06 08:05:16.466209,IRS1:spd11:Cable TV3,Command,'PlayCount,0_SPACE,1'
2026-03-06 08:05:16.544322,Room6 Virtual Panel,Command,'Button,BWDPanel,5450,btn_catv_commands,Released'
2026-03-06 08:05:17.180473,Room6 Virtual Panel,Command,'Button,BWDPanel,5459,btn_catv_commands,Pressed'
2026-03-06 08:05:17.180473,DEBUG,Print,'fn_set_command:9:spd11:IRS1:<plugins.plugin_catv_moto_ir.plugin object at 0x00000169741E15A0>'
2026-03-06 08:05:17.180473,IRS1:spd11:Cable TV3,Command,'PlayCount,9_wxyz,1'
2026-03-06 08:05:17.268633,Room6 Virtual Panel,Command,'Button,BWDPanel,5459,btn_catv_commands,Released'
2026-03-06 08:05:19.899526,Module:Switch0,Command,"UpdateVideoMuteDecoder,{'ID': '1'}"
2026-03-06 08:05:20.908181,Module:Switch0,API,To Device,'w3cv\r\n'
2026-03-06 08:05:20.909176,Module:Switch0,API,To Device,'{1o:B\r}\r'
2026-03-06 08:05:29.901584,Module:Switch0,Command,"UpdateVideoMuteDecoder,{'ID': '1'}"
2026-03-06 08:05:30.910890,Module:Switch0,API,To Device,'w3cv\r\n'
2026-03-06 08:05:30.910890,Module:Switch0,API,To Device,'{1o:B\r}\r'
2026-03-06 08:05:31.628889,Room6 Virtual Panel,Command,'Button,BWDPanel,5440,btn_catv_select,Pressed'
2026-03-06 08:05:31.628889,Room6 Virtual Panel,Command,'SetStateButton,5440,btn_catv_select,1'
2026-03-06 08:05:31.628889,Room6 Virtual Panel,Command,'SetStateButton,5441,btn_catv_select,0'
2026-03-06 08:05:31.629889,Room6 Virtual Panel,Command,'SetStateButton,5442,btn_catv_select_ID3,0'
2026-03-06 08:05:31.629889,Room6 Virtual Panel,Command,'SetStateButton,5443,btn_catv_select_ID5,0'
2026-03-06 08:05:31.629889,Room6 Virtual Panel,Command,'SetStateButton,5444,btn_catv_select_ID6,0'
2026-03-06 08:05:31.629889,Room6 Virtual Panel,Command,'SetStateButton,5445,btn_catv_select_ID10,0'
2026-03-06 08:05:31.630888,Room6 Virtual Panel,Command,'SetStateButton,5446,,0'
2026-03-06 08:05:31.630888,Room6 Virtual Panel,Command,'SetStateButton,5447,,0'
2026-03-06 08:05:31.630888,Room6 Virtual Panel,Command,'SetStateButton,5448,,0'
2026-03-06 08:05:31.630888,Room6 Virtual Panel,Command,'SetStateButton,5449,,0'
2026-03-06 08:05:31.630888,Room6 Virtual Panel,Command,'SetCurrent,int,[5440, 5441, 5442, 5443, 5444, 5445, 5446, 5447, 5448, 5449],5440'
2026-03-06 08:05:31.630888,DEBUG,Print,'selecting catv:0:[<main_variables.data_class.catv_data_class object at 0x00000169741E2C80>, <main_variables.data_class.catv_data_class object at 0x00000169741B7250>, <main_variables.data_class.catv_data_class object at 0x00000169741E3E20>, <main_variables.data_class.catv_data_class object at 0x00000169741B7280>, <main_variables.data_class.catv_data_class object at 0x00000169742195A0>, <main_variables.data_class.catv_data_class object at 0x00000169741E3640>]'
2026-03-06 08:05:31.630888,Room6 Virtual Panel,Command,'SetText,Label,11000,lbl_catv_selected,CATV 1'
2026-03-06 08:05:31.643836,Room6 Virtual Panel,Command,'Button,BWDPanel,5440,btn_catv_select,Released'
2026-03-06 08:05:32.821023,Room6 Virtual Panel,Command,'Button,BWDPanel,5451,btn_catv_commands,Pressed'
2026-03-06 08:05:32.821023,DEBUG,Print,'fn_set_command:1:spd8:IRS1:<plugins.plugin_catv_moto_ir.plugin object at 0x00000169741E2CB0>'
2026-03-06 08:05:32.821023,IRS1:spd8:Cable TV0,Command,'PlayCount,1,1'
2026-03-06 08:05:32.913027,Room6 Virtual Panel,Command,'Button,BWDPanel,5451,btn_catv_commands,Released'
2026-03-06 08:05:39.905360,Module:Switch0,Command,"UpdateVideoMuteDecoder,{'ID': '1'}"
2026-03-06 08:05:40.916451,Module:Switch0,API,To Device,'w3cv\r\n'
2026-03-06 08:05:40.917452,Module:Switch0,API,To Device,'{1o:B\r}\r'
2026-03-06 08:05:49.922632,Module:Switch0,Command,"UpdateVideoMuteDecoder,{'ID': '1'}"
2026-03-06 08:05:50.925841,Module:Switch0,API,To Device,'w3cv\r\n'
2026-03-06 08:05:50.925841,Module:Switch0,API,To Device,'{1o:B\r}\r'
2026-03-06 08:05:59.926083,Module:Switch0,Command,"UpdateVideoMuteDecoder,{'ID': '1'}"Timestamp,Device Name,MessageType,Data
2026-03-06 08:06:00.939825,Module:Switch0,API,To Device,'w3cv\r\n'
2026-03-06 08:06:00.939825,Module:Switch0,API,To Device,'{1o:B\r}\r'
2026-03-06 08:06:09.938636,Module:Switch0,Command,"UpdateVideoMuteDecoder,{'ID': '1'}"
2026-03-06 08:06:10.951812,Module:Switch0,API,To Device,'w3cv\r\n'
2026-03-06 08:06:10.952808,Module:Switch0,API,To Device,'{1o:B\r}\r'
2026-03-06 08:06:19.950879,Module:Switch0,Command,"UpdateVideoMuteDecoder,{'ID': '1'}"
2026-03-06 08:06:20.965678,Module:Switch0,API,To Device,'w3cv\r\n'
2026-03-06 08:06:20.966678,Module:Switch0,API,To Device,'{1o:B\r}\r'
2026-03-06 08:06:29.964298,Module:Switch0,Command,"UpdateVideoMuteDecoder,{'ID': '1'}"
2026-03-06 08:06:30.970735,Module:Switch0,API,To Device,'w3cv\r\n'
2026-03-06 08:06:30.971731,Module:Switch0,API,To Device,'{1o:B\r}\r'
2026-03-06 08:06:39.970677,Module:Switch0,Command,"UpdateVideoMuteDecoder,{'ID': '1'}"
2026-03-06 08:06:40.979024,Module:Switch0,API,To Device,'w3cv\r\n'
2026-03-06 08:06:40.979964,Module:Switch0,API,To Device,'{1o:B\r}\r'
2026-03-06 08:06:49.981947,Module:Switch0,Command,"UpdateVideoMuteDecoder,{'ID': '1'}"
2026-03-06 08:06:50.990977,Module:Switch0,API,To Device,'w3cv\r\n'
2026-03-06 08:06:50.992074,Module:Switch0,API,To Device,'{1o:B\r}\r'
2026-03-06 08:07:00.000453,Module:Switch0,Command,"UpdateVideoMuteDecoder,{'ID': '1'}"Timestamp,Device Name,MessageType,Data
2026-03-06 08:07:01.013538,Module:Switch0,API,To Device,'w3cv\r\n'
2026-03-06 08:07:01.014532,Module:Switch0,API,To Device,'{1o:B\r}\r'
2026-03-06 08:07:10.005130,Module:Switch0,Command,"UpdateVideoMuteDecoder,{'ID': '1'}"
2026-03-06 08:07:11.009023,Module:Switch0,API,To Device,'w3cv\r\n'
2026-03-06 08:07:11.009023,Module:Switch0,API,To Device,'{1o:B\r}\r'
2026-03-06 08:07:20.015702,Module:Switch0,Command,"UpdateVideoMuteDecoder,{'ID': '1'}"
2026-03-06 08:07:21.033191,Module:Switch0,API,To Device,'w3cv\r\n'
2026-03-06 08:07:21.033191,Module:Switch0,API,To Device,'{1o:B\r}\r'
2026-03-06 08:07:30.019626,Module:Switch0,Command,"UpdateVideoMuteDecoder,{'ID': '1'}"
2026-03-06 08:07:31.025928,Module:Switch0,API,To Device,'w3cv\r\n'
2026-03-06 08:07:31.025928,Module:Switch0,API,To Device,'{1o:B\r}\r'
2026-03-06 08:07:40.031789,Module:Switch0,Command,"UpdateVideoMuteDecoder,{'ID': '1'}"
2026-03-06 08:07:41.038049,Module:Switch0,API,To Device,'w3cv\r\n'
2026-03-06 08:07:41.038963,Module:Switch0,API,To Device,'{1o:B\r}\r'
2026-03-06 08:07:50.041520,Module:Switch0,Command,"UpdateVideoMuteDecoder,{'ID': '1'}"
2026-03-06 08:07:51.051135,Module:Switch0,API,To Device,'w3cv\r\n'
2026-03-06 08:07:51.052058,Module:Switch0,API,To Device,'{1o:B\r}\r'
2026-03-06 08:08:00.060063,Module:Switch0,Command,"UpdateVideoMuteDecoder,{'ID': '1'}"Timestamp,Device Name,MessageType,Data
2026-03-06 08:08:01.071659,Module:Switch0,API,To Device,'w3cv\r\n'
2026-03-06 08:08:01.071659,Module:Switch0,API,To Device,'{1o:B\r}\r'
2026-03-06 08:08:10.076760,Module:Switch0,Command,"UpdateVideoMuteDecoder,{'ID': '1'}"
2026-03-06 08:08:11.087033,Module:Switch0,API,To Device,'w3cv\r\n'
2026-03-06 08:08:11.088034,Module:Switch0,API,To Device,'{1o:B\r}\r'
2026-03-06 08:08:20.083313,Module:Switch0,Command,"UpdateVideoMuteDecoder,{'ID': '1'}"
2026-03-06 08:08:21.098914,Module:Switch0,API,To Device,'w3cv\r\n'
2026-03-06 08:08:21.098914,Module:Switch0,API,To Device,'{1o:B\r}\r'
2026-03-06 08:08:30.088317,Module:Switch0,Command,"UpdateVideoMuteDecoder,{'ID': '1'}"
2026-03-06 08:08:31.094683,Module:Switch0,API,To Device,'w3cv\r\n'
2026-03-06 08:08:31.094683,Module:Switch0,API,To Device,'{1o:B\r}\r'
2026-03-06 08:08:40.096073,Module:Switch0,Command,"UpdateVideoMuteDecoder,{'ID': '1'}"
2026-03-06 08:08:41.109274,Module:Switch0,API,To Device,'w3cv\r\n'
2026-03-06 08:08:41.110273,Module:Switch0,API,To Device,'{1o:B\r}\r'
2026-03-06 08:08:50.110908,Module:Switch0,Command,"UpdateVideoMuteDecoder,{'ID': '1'}"
2026-03-06 08:08:51.119466,Module:Switch0,API,To Device,'w3cv\r\n'
2026-03-06 08:08:51.119466,Module:Switch0,API,To Device,'{1o:B\r}\r'
2026-03-06 08:09:00.115775,Module:Switch0,Command,"UpdateVideoMuteDecoder,{'ID': '1'}"Timestamp,Device Name,MessageType,Data
2026-03-06 08:09:01.127251,Module:Switch0,API,To Device,'w3cv\r\n'
2026-03-06 08:09:01.127251,Module:Switch0,API,To Device,'{1o:B\r}\r'
2026-03-06 08:09:10.119381,Module:Switch0,Command,"UpdateVideoMuteDecoder,{'ID': '1'}"
2026-03-06 08:09:11.121761,Module:Switch0,API,To Device,'w3cv\r\n'
2026-03-06 08:09:11.121761,Module:Switch0,API,To Device,'{1o:B\r}\r'
2026-03-06 08:09:20.124499,Module:Switch0,Command,"UpdateVideoMuteDecoder,{'ID': '1'}"
2026-03-06 08:09:21.140805,Module:Switch0,API,To Device,'w3cv\r\n'
2026-03-06 08:09:21.140805,Module:Switch0,API,To Device,'{1o:B\r}\r'
2026-03-06 08:09:30.143628,Module:Switch0,Command,"UpdateVideoMuteDecoder,{'ID': '1'}"
2026-03-06 08:09:31.150921,Module:Switch0,API,To Device,'w3cv\r\n'
2026-03-06 08:09:31.150921,Module:Switch0,API,To Device,'{1o:B\r}\r'
2026-03-06 08:09:40.145784,Module:Switch0,Command,"UpdateVideoMuteDecoder,{'ID': '1'}"
2026-03-06 08:09:41.162924,Module:Switch0,API,To Device,'w3cv\r\n'
2026-03-06 08:09:41.162924,Module:Switch0,API,To Device,'{1o:B\r}\r'
2026-03-06 08:09:50.154865,Module:Switch0,Command,"UpdateVideoMuteDecoder,{'ID': '1'}"
2026-03-06 08:09:51.161298,Module:Switch0,API,To Device,'w3cv\r\n'
2026-03-06 08:09:51.161298,Module:Switch0,API,To Device,'{1o:B\r}\r'
2026-03-06 08:10:00.157462,Module:Switch0,Command,"UpdateVideoMuteDecoder,{'ID': '1'}"Timestamp,Device Name,MessageType,Data
2026-03-06 08:10:01.168557,Module:Switch0,API,To Device,'w3cv\r\n'
2026-03-06 08:10:01.168557,Module:Switch0,API,To Device,'{1o:B\r}\r'
2026-03-06 08:10:09.014721,DEBUG,Print,'shutdown timer execute'
2026-03-06 08:10:10.163061,Module:Switch0,Command,"UpdateVideoMuteDecoder,{'ID': '1'}"
2026-03-06 08:10:11.169676,Module:Switch0,API,To Device,'w3cv\r\n'
2026-03-06 08:10:11.169676,Module:Switch0,API,To Device,'{1o:B\r}\r'
2026-03-06 08:10:20.177473,Module:Switch0,Command,"UpdateVideoMuteDecoder,{'ID': '1'}"
2026-03-06 08:10:21.190787,Module:Switch0,API,To Device,'w3cv\r\n'
2026-03-06 08:10:21.190787,Module:Switch0,API,To Device,'{1o:B\r}\r'
2026-03-06 08:10:30.182823,Module:Switch0,Command,"UpdateVideoMuteDecoder,{'ID': '1'}"
2026-03-06 08:10:31.192353,Module:Switch0,API,To Device,'w3cv\r\n'
2026-03-06 08:10:31.192353,Module:Switch0,API,To Device,'{1o:B\r}\r'
2026-03-06 08:10:40.191986,Module:Switch0,Command,"UpdateVideoMuteDecoder,{'ID': '1'}"
2026-03-06 08:10:41.205847,Module:Switch0,API,To Device,'w3cv\r\n'
2026-03-06 08:10:41.205847,Module:Switch0,API,To Device,'{1o:B\r}\r'
2026-03-06 08:10:50.205470,Module:Switch0,Command,"UpdateVideoMuteDecoder,{'ID': '1'}"
2026-03-06 08:10:51.216723,Module:Switch0,API,To Device,'w3cv\r\n'
2026-03-06 08:10:51.216723,Module:Switch0,API,To Device,'{1o:B\r}\r'
2026-03-06 08:11:00.211960,Module:Switch0,Command,"UpdateVideoMuteDecoder,{'ID': '1'}"Timestamp,Device Name,MessageType,Data
2026-03-06 08:11:01.219217,Module:Switch0,API,To Device,'w3cv\r\n'
2026-03-06 08:11:01.220206,Module:Switch0,API,To Device,'{1o:B\r}\r'
2026-03-06 08:11:10.220710,Module:Switch0,Command,"UpdateVideoMuteDecoder,{'ID': '1'}"
2026-03-06 08:11:11.232054,Module:Switch0,API,To Device,'w3cv\r\n'
2026-03-06 08:11:11.232054,Module:Switch0,API,To Device,'{1o:B\r}\r'
2026-03-06 08:11:20.235911,Module:Switch0,Command,"UpdateVideoMuteDecoder,{'ID': '1'}"
2026-03-06 08:11:21.248124,Module:Switch0,API,To Device,'w3cv\r\n'
2026-03-06 08:11:21.249052,Module:Switch0,API,To Device,'{1o:B\r}\r'
2026-03-06 08:11:30.244381,Module:Switch0,Command,"UpdateVideoMuteDecoder,{'ID': '1'}"
2026-03-06 08:11:31.249518,Module:Switch0,API,To Device,'w3cv\r\n'
2026-03-06 08:11:31.250441,Module:Switch0,API,To Device,'{1o:B\r}\r'
2026-03-06 08:11:40.248622,Module:Switch0,Command,"UpdateVideoMuteDecoder,{'ID': '1'}"
2026-03-06 08:11:41.254652,Module:Switch0,API,To Device,'w3cv\r\n'
2026-03-06 08:11:41.254652,Module:Switch0,API,To Device,'{1o:B\r}\r'
2026-03-06 08:11:50.264880,Module:Switch0,Command,"UpdateVideoMuteDecoder,{'ID': '1'}"
2026-03-06 08:11:51.274996,Module:Switch0,API,To Device,'w3cv\r\n'
2026-03-06 08:11:51.274996,Module:Switch0,API,To Device,'{1o:B\r}\r'
2026-03-06 08:12:00.268441,Module:Switch0,Command,"UpdateVideoMuteDecoder,{'ID': '1'}"Timestamp,Device Name,MessageType,Data
2026-03-06 08:12:01.280238,Module:Switch0,API,To Device,'w3cv\r\n'
2026-03-06 08:12:01.281238,Module:Switch0,API,To Device,'{1o:B\r}\r'
2026-03-06 08:12:10.282814,Module:Switch0,Command,"UpdateVideoMuteDecoder,{'ID': '1'}"
2026-03-06 08:12:11.296603,Module:Switch0,API,To Device,'w3cv\r\n'
2026-03-06 08:12:11.297603,Module:Switch0,API,To Device,'{1o:B\r}\r'
2026-03-06 08:12:20.292957,Module:Switch0,Command,"UpdateVideoMuteDecoder,{'ID': '1'}"
2026-03-06 08:12:21.298741,Module:Switch0,API,To Device,'w3cv\r\n'
2026-03-06 08:12:21.298741,Module:Switch0,API,To Device,'{1o:B\r}\r'
2026-03-06 08:12:30.310036,Module:Switch0,Command,"UpdateVideoMuteDecoder,{'ID': '1'}"
2026-03-06 08:12:31.321964,Module:Switch0,API,To Device,'w3cv\r\n'
2026-03-06 08:12:31.322951,Module:Switch0,API,To Device,'{1o:B\r}\r'
2026-03-06 08:12:40.315737,Module:Switch0,Command,"UpdateVideoMuteDecoder,{'ID': '1'}"
2026-03-06 08:12:41.323466,Module:Switch0,API,To Device,'w3cv\r\n'
2026-03-06 08:12:41.323466,Module:Switch0,API,To Device,'{1o:B\r}\r'
2026-03-06 08:12:50.321994,Module:Switch0,Command,"UpdateVideoMuteDecoder,{'ID': '1'}"
2026-03-06 08:12:51.332321,Module:Switch0,API,To Device,'w3cv\r\n'
2026-03-06 08:12:51.332321,Module:Switch0,API,To Device,'{1o:B\r}\r'
2026-03-06 08:13:00.333266,Module:Switch0,Command,"UpdateVideoMuteDecoder,{'ID': '1'}"Timestamp,Device Name,MessageType,Data
2026-03-06 08:13:01.343812,Module:Switch0,API,To Device,'w3cv\r\n'
2026-03-06 08:13:01.343812,Module:Switch0,API,To Device,'{1o:B\r}\r'
2026-03-06 08:13:10.347136,Module:Switch0,Command,"UpdateVideoMuteDecoder,{'ID': '1'}"
2026-03-06 08:13:11.349748,Module:Switch0,API,To Device,'w3cv\r\n'
2026-03-06 08:13:11.349748,Module:Switch0,API,To Device,'{1o:B\r}\r'
2026-03-06 08:13:20.352022,Module:Switch0,Command,"UpdateVideoMuteDecoder,{'ID': '1'}"
2026-03-06 08:13:21.356917,Module:Switch0,API,To Device,'w3cv\r\n'
2026-03-06 08:13:21.356917,Module:Switch0,API,To Device,'{1o:B\r}\r'
2026-03-06 08:13:30.358217,Module:Switch0,Command,"UpdateVideoMuteDecoder,{'ID': '1'}"
2026-03-06 08:13:31.361144,Module:Switch0,API,To Device,'w3cv\r\n'
2026-03-06 08:13:31.361144,Module:Switch0,API,To Device,'{1o:B\r}\r'
2026-03-06 08:13:33.998980,Room6 Virtual Panel,Command,'Button,BWDPanel,98,btn_page_user_catv_exit,Pressed'
2026-03-06 08:13:33.999981,Room6 Virtual Panel,Command,'HidePopup,140 - CATV Controls'
2026-03-06 08:13:34.047514,Room6 Virtual Panel,Command,'Button,BWDPanel,98,btn_page_user_catv_exit,Released'
2026-03-06 08:13:40.365519,Module:Switch0,Command,"UpdateVideoMuteDecoder,{'ID': '1'}"
2026-03-06 08:13:41.374289,Module:Switch0,API,To Device,'w3cv\r\n'
2026-03-06 08:13:41.374289,Module:Switch0,API,To Device,'{1o:B\r}\r'
2026-03-06 08:13:50.378519,Module:Switch0,Command,"UpdateVideoMuteDecoder,{'ID': '1'}"
2026-03-06 08:13:51.387381,Module:Switch0,API,To Device,'w3cv\r\n'
2026-03-06 08:13:51.388314,Module:Switch0,API,To Device,'{1o:B\r}\r'
2026-03-06 08:14:00.390737,Module:Switch0,Command,"UpdateVideoMuteDecoder,{'ID': '1'}"Timestamp,Device Name,MessageType,Data
2026-03-06 08:14:01.404239,Module:Switch0,API,To Device,'w3cv\r\n'
2026-03-06 08:14:01.405158,Module:Switch0,API,To Device,'{1o:B\r}\r'
2026-03-06 08:14:10.404673,Module:Switch0,Command,"UpdateVideoMuteDecoder,{'ID': '1'}"
2026-03-06 08:14:11.414487,Module:Switch0,API,To Device,'w3cv\r\n'
2026-03-06 08:14:11.414487,Module:Switch0,API,To Device,'{1o:B\r}\r'
2026-03-06 08:14:20.420637,Module:Switch0,Command,"UpdateVideoMuteDecoder,{'ID': '1'}"
2026-03-06 08:14:21.436807,Module:Switch0,API,To Device,'w3cv\r\n'
2026-03-06 08:14:21.436807,Module:Switch0,API,To Device,'{1o:B\r}\r'
2026-03-06 08:14:24.467091,Room6 Virtual Panel,Command,'Button,BWDPanel,87,btn_page_user_displays,Pressed'
2026-03-06 08:14:24.467091,Room6 Virtual Panel,Command,'ShowPopup,110 - Display Controls,0'
2026-03-06 08:14:24.468107,Room6 Virtual Panel,Command,'SetStateButton,87,btn_page_user_displays,1'
2026-03-06 08:14:24.482688,Room6 Virtual Panel,Command,'Button,BWDPanel,87,btn_page_user_displays,Released'
2026-03-06 08:14:26.150715,Room6 Virtual Panel,Command,'Button,BWDPanel,88,btn_page_user_displays_exit,Pressed'
2026-03-06 08:14:26.150715,Room6 Virtual Panel,Command,'HidePopup,110 - Display Controls'
2026-03-06 08:14:26.150715,Room6 Virtual Panel,Command,'SetStateButton,87,btn_page_user_displays,0'
2026-03-06 08:14:26.181613,Room6 Virtual Panel,Command,'Button,BWDPanel,88,btn_page_user_displays_exit,Released'
2026-03-06 08:14:27.610992,Room6 Virtual Panel,Command,'Button,BWDPanel,97,btn_page_user_catvs,Pressed'
2026-03-06 08:14:27.610992,Room6 Virtual Panel,Command,'ShowPopup,140 - CATV Controls,0'
2026-03-06 08:14:27.631714,Room6 Virtual Panel,Command,'Button,BWDPanel,97,btn_page_user_catvs,Released'
2026-03-06 08:14:30.428142,Module:Switch0,Command,"UpdateVideoMuteDecoder,{'ID': '1'}"
2026-03-06 08:14:30.815011,Room6 Virtual Panel,Command,'Button,BWDPanel,5442,btn_catv_select_ID3,Pressed'
2026-03-06 08:14:30.815011,Room6 Virtual Panel,Command,'SetStateButton,5440,btn_catv_select,0'
2026-03-06 08:14:30.816177,Room6 Virtual Panel,Command,'SetStateButton,5441,btn_catv_select,0'
2026-03-06 08:14:30.816177,Room6 Virtual Panel,Command,'SetStateButton,5442,btn_catv_select_ID3,1'
2026-03-06 08:14:30.816177,Room6 Virtual Panel,Command,'SetStateButton,5443,btn_catv_select_ID5,0'
2026-03-06 08:14:30.816177,Room6 Virtual Panel,Command,'SetStateButton,5444,btn_catv_select_ID6,0'
2026-03-06 08:14:30.816177,Room6 Virtual Panel,Command,'SetStateButton,5445,btn_catv_select_ID10,0'
2026-03-06 08:14:30.816177,Room6 Virtual Panel,Command,'SetStateButton,5446,,0'
2026-03-06 08:14:30.816177,Room6 Virtual Panel,Command,'SetStateButton,5447,,0'
2026-03-06 08:14:30.816177,Room6 Virtual Panel,Command,'SetStateButton,5448,,0'
2026-03-06 08:14:30.817360,Room6 Virtual Panel,Command,'SetStateButton,5449,,0'
2026-03-06 08:14:30.817360,Room6 Virtual Panel,Command,'SetCurrent,int,[5440, 5441, 5442, 5443, 5444, 5445, 5446, 5447, 5448, 5449],5442'
2026-03-06 08:14:30.817360,DEBUG,Print,'selecting catv:2:[<main_variables.data_class.catv_data_class object at 0x00000169741E2C80>, <main_variables.data_class.catv_data_class object at 0x00000169741B7250>, <main_variables.data_class.catv_data_class object at 0x00000169741E3E20>, <main_variables.data_class.catv_data_class object at 0x00000169741B7280>, <main_variables.data_class.catv_data_class object at 0x00000169742195A0>, <main_variables.data_class.catv_data_class object at 0x00000169741E3640>]'
2026-03-06 08:14:30.817360,Room6 Virtual Panel,Command,'SetText,Label,11000,lbl_catv_selected,CATV 3'
2026-03-06 08:14:30.955822,Room6 Virtual Panel,Command,'Button,BWDPanel,5442,btn_catv_select_ID3,Released'
2026-03-06 08:14:31.435835,Module:Switch0,API,To Device,'w3cv\r\n'
2026-03-06 08:14:31.436851,Module:Switch0,API,To Device,'{1o:B\r}\r'
2026-03-06 08:14:32.522974,Room6 Virtual Panel,Command,'Button,BWDPanel,5441,btn_catv_select,Pressed'
2026-03-06 08:14:32.522974,Room6 Virtual Panel,Command,'SetStateButton,5440,btn_catv_select,0'
2026-03-06 08:14:32.522974,Room6 Virtual Panel,Command,'SetStateButton,5441,btn_catv_select,1'
2026-03-06 08:14:32.522974,Room6 Virtual Panel,Command,'SetStateButton,5442,btn_catv_select_ID3,0'
2026-03-06 08:14:32.523974,Room6 Virtual Panel,Command,'SetStateButton,5443,btn_catv_select_ID5,0'
2026-03-06 08:14:32.523974,Room6 Virtual Panel,Command,'SetStateButton,5444,btn_catv_select_ID6,0'
2026-03-06 08:14:32.523974,Room6 Virtual Panel,Command,'SetStateButton,5445,btn_catv_select_ID10,0'
2026-03-06 08:14:32.523974,Room6 Virtual Panel,Command,'SetStateButton,5446,,0'
2026-03-06 08:14:32.523974,Room6 Virtual Panel,Command,'SetStateButton,5447,,0'
2026-03-06 08:14:32.523974,Room6 Virtual Panel,Command,'SetStateButton,5448,,0'
2026-03-06 08:14:32.523974,Room6 Virtual Panel,Command,'SetStateButton,5449,,0'
2026-03-06 08:14:32.523974,Room6 Virtual Panel,Command,'SetCurrent,int,[5440, 5441, 5442, 5443, 5444, 5445, 5446, 5447, 5448, 5449],5441'
2026-03-06 08:14:32.524974,DEBUG,Print,'selecting catv:1:[<main_variables.data_class.catv_data_class object at 0x00000169741E2C80>, <main_variables.data_class.catv_data_class object at 0x00000169741B7250>, <main_variables.data_class.catv_data_class object at 0x00000169741E3E20>, <main_variables.data_class.catv_data_class object at 0x00000169741B7280>, <main_variables.data_class.catv_data_class object at 0x00000169742195A0>, <main_variables.data_class.catv_data_class object at 0x00000169741E3640>]'
2026-03-06 08:14:32.524974,Room6 Virtual Panel,Command,'SetText,Label,11000,lbl_catv_selected,CATV 2'
2026-03-06 08:14:32.643223,Room6 Virtual Panel,Command,'Button,BWDPanel,5441,btn_catv_select,Released'
2026-03-06 08:14:33.191666,Room6 Virtual Panel,Command,'Button,BWDPanel,5440,btn_catv_select,Pressed'
2026-03-06 08:14:33.191666,Room6 Virtual Panel,Command,'SetStateButton,5440,btn_catv_select,1'
2026-03-06 08:14:33.192666,Room6 Virtual Panel,Command,'SetStateButton,5441,btn_catv_select,0'
2026-03-06 08:14:33.192666,Room6 Virtual Panel,Command,'SetStateButton,5442,btn_catv_select_ID3,0'
2026-03-06 08:14:33.193667,Room6 Virtual Panel,Command,'SetStateButton,5443,btn_catv_select_ID5,0'
2026-03-06 08:14:33.193667,Room6 Virtual Panel,Command,'SetStateButton,5444,btn_catv_select_ID6,0'
2026-03-06 08:14:33.193667,Room6 Virtual Panel,Command,'SetStateButton,5445,btn_catv_select_ID10,0'
2026-03-06 08:14:33.193667,Room6 Virtual Panel,Command,'SetStateButton,5446,,0'
2026-03-06 08:14:33.193667,Room6 Virtual Panel,Command,'SetStateButton,5447,,0'
2026-03-06 08:14:33.193667,Room6 Virtual Panel,Command,'SetStateButton,5448,,0'
2026-03-06 08:14:33.193667,Room6 Virtual Panel,Command,'SetStateButton,5449,,0'
2026-03-06 08:14:33.193667,Room6 Virtual Panel,Command,'SetCurrent,int,[5440, 5441, 5442, 5443, 5444, 5445, 5446, 5447, 5448, 5449],5440'
2026-03-06 08:14:33.193667,DEBUG,Print,'selecting catv:0:[<main_variables.data_class.catv_data_class object at 0x00000169741E2C80>, <main_variables.data_class.catv_data_class object at 0x00000169741B7250>, <main_variables.data_class.catv_data_class object at 0x00000169741E3E20>, <main_variables.data_class.catv_data_class object at 0x00000169741B7280>, <main_variables.data_class.catv_data_class object at 0x00000169742195A0>, <main_variables.data_class.catv_data_class object at 0x00000169741E3640>]'
2026-03-06 08:14:33.195180,Room6 Virtual Panel,Command,'SetText,Label,11000,lbl_catv_selected,CATV 1'
2026-03-06 08:14:33.301779,Room6 Virtual Panel,Command,'Button,BWDPanel,5440,btn_catv_select,Released'
2026-03-06 08:14:33.938237,Room6 Virtual Panel,Command,'Button,BWDPanel,5442,btn_catv_select_ID3,Pressed'
2026-03-06 08:14:33.938237,Room6 Virtual Panel,Command,'SetStateButton,5440,btn_catv_select,0'
2026-03-06 08:14:33.939236,Room6 Virtual Panel,Command,'SetStateButton,5441,btn_catv_select,0'
2026-03-06 08:14:33.939236,Room6 Virtual Panel,Command,'SetStateButton,5442,btn_catv_select_ID3,1'
2026-03-06 08:14:33.939236,Room6 Virtual Panel,Command,'SetStateButton,5443,btn_catv_select_ID5,0'
2026-03-06 08:14:33.939236,Room6 Virtual Panel,Command,'SetStateButton,5444,btn_catv_select_ID6,0'
2026-03-06 08:14:33.939236,Room6 Virtual Panel,Command,'SetStateButton,5445,btn_catv_select_ID10,0'
2026-03-06 08:14:33.939236,Room6 Virtual Panel,Command,'SetStateButton,5446,,0'
2026-03-06 08:14:33.939236,Room6 Virtual Panel,Command,'SetStateButton,5447,,0'
2026-03-06 08:14:33.939236,Room6 Virtual Panel,Command,'SetStateButton,5448,,0'
2026-03-06 08:14:33.939236,Room6 Virtual Panel,Command,'SetStateButton,5449,,0'
2026-03-06 08:14:33.939236,Room6 Virtual Panel,Command,'SetCurrent,int,[5440, 5441, 5442, 5443, 5444, 5445, 5446, 5447, 5448, 5449],5442'
2026-03-06 08:14:33.939236,DEBUG,Print,'selecting catv:2:[<main_variables.data_class.catv_data_class object at 0x00000169741E2C80>, <main_variables.data_class.catv_data_class object at 0x00000169741B7250>, <main_variables.data_class.catv_data_class object at 0x00000169741E3E20>, <main_variables.data_class.catv_data_class object at 0x00000169741B7280>, <main_variables.data_class.catv_data_class object at 0x00000169742195A0>, <main_variables.data_class.catv_data_class object at 0x00000169741E3640>]'
2026-03-06 08:14:33.940621,Room6 Virtual Panel,Command,'SetText,Label,11000,lbl_catv_selected,CATV 3'
2026-03-06 08:14:34.048672,Room6 Virtual Panel,Command,'Button,BWDPanel,5442,btn_catv_select_ID3,Released'
2026-03-06 08:14:34.478531,Room6 Virtual Panel,Command,'Button,BWDPanel,5443,btn_catv_select_ID5,Pressed'
2026-03-06 08:14:34.478531,Room6 Virtual Panel,Command,'SetStateButton,5440,btn_catv_select,0'
2026-03-06 08:14:34.478531,Room6 Virtual Panel,Command,'SetStateButton,5441,btn_catv_select,0'
2026-03-06 08:14:34.478531,Room6 Virtual Panel,Command,'SetStateButton,5442,btn_catv_select_ID3,0'
2026-03-06 08:14:34.478531,Room6 Virtual Panel,Command,'SetStateButton,5443,btn_catv_select_ID5,1'
2026-03-06 08:14:34.479535,Room6 Virtual Panel,Command,'SetStateButton,5444,btn_catv_select_ID6,0'
2026-03-06 08:14:34.479535,Room6 Virtual Panel,Command,'SetStateButton,5445,btn_catv_select_ID10,0'
2026-03-06 08:14:34.479535,Room6 Virtual Panel,Command,'SetStateButton,5446,,0'
2026-03-06 08:14:34.479535,Room6 Virtual Panel,Command,'SetStateButton,5447,,0'
2026-03-06 08:14:34.479535,Room6 Virtual Panel,Command,'SetStateButton,5448,,0'
2026-03-06 08:14:34.479535,Room6 Virtual Panel,Command,'SetStateButton,5449,,0'
2026-03-06 08:14:34.479535,Room6 Virtual Panel,Command,'SetCurrent,int,[5440, 5441, 5442, 5443, 5444, 5445, 5446, 5447, 5448, 5449],5443'
2026-03-06 08:14:34.479535,DEBUG,Print,'selecting catv:3:[<main_variables.data_class.catv_data_class object at 0x00000169741E2C80>, <main_variables.data_class.catv_data_class object at 0x00000169741B7250>, <main_variables.data_class.catv_data_class object at 0x00000169741E3E20>, <main_variables.data_class.catv_data_class object at 0x00000169741B7280>, <main_variables.data_class.catv_data_class object at 0x00000169742195A0>, <main_variables.data_class.catv_data_class object at 0x00000169741E3640>]'
2026-03-06 08:14:34.480796,Room6 Virtual Panel,Command,'SetText,Label,11000,lbl_catv_selected,CATV 4'
2026-03-06 08:14:34.568863,Room6 Virtual Panel,Command,'Button,BWDPanel,5443,btn_catv_select_ID5,Released'
2026-03-06 08:14:35.278727,Room6 Virtual Panel,Command,'Button,BWDPanel,5444,btn_catv_select_ID6,Pressed'
2026-03-06 08:14:35.278727,Room6 Virtual Panel,Command,'SetStateButton,5440,btn_catv_select,0'
2026-03-06 08:14:35.279719,Room6 Virtual Panel,Command,'SetStateButton,5441,btn_catv_select,0'
2026-03-06 08:14:35.279719,Room6 Virtual Panel,Command,'SetStateButton,5442,btn_catv_select_ID3,0'
2026-03-06 08:14:35.279719,Room6 Virtual Panel,Command,'SetStateButton,5443,btn_catv_select_ID5,0'
2026-03-06 08:14:35.279719,Room6 Virtual Panel,Command,'SetStateButton,5444,btn_catv_select_ID6,1'
2026-03-06 08:14:35.279719,Room6 Virtual Panel,Command,'SetStateButton,5445,btn_catv_select_ID10,0'
2026-03-06 08:14:35.279719,Room6 Virtual Panel,Command,'SetStateButton,5446,,0'
2026-03-06 08:14:35.279719,Room6 Virtual Panel,Command,'SetStateButton,5447,,0'
2026-03-06 08:14:35.279719,Room6 Virtual Panel,Command,'SetStateButton,5448,,0'
2026-03-06 08:14:35.279719,Room6 Virtual Panel,Command,'SetStateButton,5449,,0'
2026-03-06 08:14:35.279719,Room6 Virtual Panel,Command,'SetCurrent,int,[5440, 5441, 5442, 5443, 5444, 5445, 5446, 5447, 5448, 5449],5444'
2026-03-06 08:14:35.279719,DEBUG,Print,'selecting catv:4:[<main_variables.data_class.catv_data_class object at 0x00000169741E2C80>, <main_variables.data_class.catv_data_class object at 0x00000169741B7250>, <main_variables.data_class.catv_data_class object at 0x00000169741E3E20>, <main_variables.data_class.catv_data_class object at 0x00000169741B7280>, <main_variables.data_class.catv_data_class object at 0x00000169742195A0>, <main_variables.data_class.catv_data_class object at 0x00000169741E3640>]'
2026-03-06 08:14:35.281141,Room6 Virtual Panel,Command,'SetText,Label,11000,lbl_catv_selected,CATV 5'
2026-03-06 08:14:35.355929,Room6 Virtual Panel,Command,'Button,BWDPanel,5444,btn_catv_select_ID6,Released'
2026-03-06 08:14:35.962394,Room6 Virtual Panel,Command,'Button,BWDPanel,5445,btn_catv_select_ID10,Pressed'
2026-03-06 08:14:35.962394,Room6 Virtual Panel,Command,'SetStateButton,5440,btn_catv_select,0'
2026-03-06 08:14:35.962394,Room6 Virtual Panel,Command,'SetStateButton,5441,btn_catv_select,0'
2026-03-06 08:14:35.962394,Room6 Virtual Panel,Command,'SetStateButton,5442,btn_catv_select_ID3,0'
2026-03-06 08:14:35.963902,Room6 Virtual Panel,Command,'SetStateButton,5443,btn_catv_select_ID5,0'
2026-03-06 08:14:35.963902,Room6 Virtual Panel,Command,'SetStateButton,5444,btn_catv_select_ID6,0'
2026-03-06 08:14:35.963902,Room6 Virtual Panel,Command,'SetStateButton,5445,btn_catv_select_ID10,1'
2026-03-06 08:14:35.963902,Room6 Virtual Panel,Command,'SetStateButton,5446,,0'
2026-03-06 08:14:35.963902,Room6 Virtual Panel,Command,'SetStateButton,5447,,0'
2026-03-06 08:14:35.963902,Room6 Virtual Panel,Command,'SetStateButton,5448,,0'
2026-03-06 08:14:35.964924,Room6 Virtual Panel,Command,'SetStateButton,5449,,0'
2026-03-06 08:14:35.964924,Room6 Virtual Panel,Command,'SetCurrent,int,[5440, 5441, 5442, 5443, 5444, 5445, 5446, 5447, 5448, 5449],5445'
2026-03-06 08:14:35.964924,DEBUG,Print,'selecting catv:5:[<main_variables.data_class.catv_data_class object at 0x00000169741E2C80>, <main_variables.data_class.catv_data_class object at 0x00000169741B7250>, <main_variables.data_class.catv_data_class object at 0x00000169741E3E20>, <main_variables.data_class.catv_data_class object at 0x00000169741B7280>, <main_variables.data_class.catv_data_class object at 0x00000169742195A0>, <main_variables.data_class.catv_data_class object at 0x00000169741E3640>]'
2026-03-06 08:14:35.964924,Room6 Virtual Panel,Command,'SetText,Label,11000,lbl_catv_selected,CATV 6'
2026-03-06 08:14:36.055904,Room6 Virtual Panel,Command,'Button,BWDPanel,5445,btn_catv_select_ID10,Released'
2026-03-06 08:14:37.403427,Room6 Virtual Panel,Command,'Button,BWDPanel,5440,btn_catv_select,Pressed'
2026-03-06 08:14:37.403427,Room6 Virtual Panel,Command,'Button,BWDPanel,5440,btn_catv_select,Released'
2026-03-06 08:14:37.403427,Room6 Virtual Panel,Command,'SetStateButton,5440,btn_catv_select,1'
2026-03-06 08:14:37.403427,Room6 Virtual Panel,Command,'SetStateButton,5441,btn_catv_select,0'
2026-03-06 08:14:37.404931,Room6 Virtual Panel,Command,'SetStateButton,5442,btn_catv_select_ID3,0'
2026-03-06 08:14:37.404931,Room6 Virtual Panel,Command,'SetStateButton,5443,btn_catv_select_ID5,0'
2026-03-06 08:14:37.404931,Room6 Virtual Panel,Command,'SetStateButton,5444,btn_catv_select_ID6,0'
2026-03-06 08:14:37.404931,Room6 Virtual Panel,Command,'SetStateButton,5445,btn_catv_select_ID10,0'
2026-03-06 08:14:37.404931,Room6 Virtual Panel,Command,'SetStateButton,5446,,0'
2026-03-06 08:14:37.405936,Room6 Virtual Panel,Command,'SetStateButton,5447,,0'
2026-03-06 08:14:37.405936,Room6 Virtual Panel,Command,'SetStateButton,5448,,0'
2026-03-06 08:14:37.405936,Room6 Virtual Panel,Command,'SetStateButton,5449,,0'
2026-03-06 08:14:37.405936,Room6 Virtual Panel,Command,'SetCurrent,int,[5440, 5441, 5442, 5443, 5444, 5445, 5446, 5447, 5448, 5449],5440'
2026-03-06 08:14:37.405936,DEBUG,Print,'selecting catv:0:[<main_variables.data_class.catv_data_class object at 0x00000169741E2C80>, <main_variables.data_class.catv_data_class object at 0x00000169741B7250>, <main_variables.data_class.catv_data_class object at 0x00000169741E3E20>, <main_variables.data_class.catv_data_class object at 0x00000169741B7280>, <main_variables.data_class.catv_data_class object at 0x00000169742195A0>, <main_variables.data_class.catv_data_class object at 0x00000169741E3640>]'
2026-03-06 08:14:37.405936,Room6 Virtual Panel,Command,'SetText,Label,11000,lbl_catv_selected,CATV 1'
2026-03-06 08:14:40.439148,Module:Switch0,Command,"UpdateVideoMuteDecoder,{'ID': '1'}"
2026-03-06 08:14:41.446931,Module:Switch0,API,To Device,'w3cv\r\n'
2026-03-06 08:14:41.447707,Module:Switch0,API,To Device,'{1o:B\r}\r'
2026-03-06 08:14:50.451052,Module:Switch0,Command,"UpdateVideoMuteDecoder,{'ID': '1'}"
2026-03-06 08:14:51.463701,Module:Switch0,API,To Device,'w3cv\r\n'
2026-03-06 08:14:51.465001,Module:Switch0,API,To Device,'{1o:B\r}\r'
2026-03-06 08:15:00.464037,Module:Switch0,Command,"UpdateVideoMuteDecoder,{'ID': '1'}"Timestamp,Device Name,MessageType,Data
2026-03-06 08:15:01.480658,Module:Switch0,API,To Device,'w3cv\r\n'
2026-03-06 08:15:01.480658,Module:Switch0,API,To Device,'{1o:B\r}\r'
2026-03-06 08:15:09.024249,DEBUG,Print,'shutdown timer execute'
2026-03-06 08:15:10.472541,Module:Switch0,Command,"UpdateVideoMuteDecoder,{'ID': '1'}"
2026-03-06 08:15:11.482998,Module:Switch0,API,To Device,'w3cv\r\n'
2026-03-06 08:15:11.482998,Module:Switch0,API,To Device,'{1o:B\r}\r'
2026-03-06 08:15:20.482803,Module:Switch0,Command,"UpdateVideoMuteDecoder,{'ID': '1'}"
2026-03-06 08:15:21.495084,Module:Switch0,API,To Device,'w3cv\r\n'
2026-03-06 08:15:21.495084,Module:Switch0,API,To Device,'{1o:B\r}\r'
2026-03-06 08:15:30.491184,Module:Switch0,Command,"UpdateVideoMuteDecoder,{'ID': '1'}"
2026-03-06 08:15:31.493546,Module:Switch0,API,To Device,'w3cv\r\n'
2026-03-06 08:15:31.493546,Module:Switch0,API,To Device,'{1o:B\r}\r'
2026-03-06 08:15:40.500371,Module:Switch0,Command,"UpdateVideoMuteDecoder,{'ID': '1'}"
2026-03-06 08:15:41.502596,Module:Switch0,API,To Device,'w3cv\r\n'
2026-03-06 08:15:41.502596,Module:Switch0,API,To Device,'{1o:B\r}\r'
2026-03-06 08:15:50.506262,Module:Switch0,Command,"UpdateVideoMuteDecoder,{'ID': '1'}"
2026-03-06 08:15:51.521394,Module:Switch0,API,To Device,'w3cv\r\n'
2026-03-06 08:15:51.521394,Module:Switch0,API,To Device,'{1o:B\r}\r'
2026-03-06 08:16:00.519806,Module:Switch0,Command,"UpdateVideoMuteDecoder,{'ID': '1'}"