Timestamp,Device Name,MessageType,Data
2026-03-06 12:00:46.065570,DEBUG,Print,'save program logs to file? True'
2026-03-06 12:00:46.067566,DEBUG,Print,'enable debug server? True'
2026-03-06 12:00:46.078291,DEBUG,Print,"{'alias': 'IC142Panel', 'name': 'IC Room 142 Touch Panel'}"
2026-03-06 12:00:46.078291,DEBUG,Print,'process device data : tp_data_class0 : alias : IC142Panel'
2026-03-06 12:00:46.078291,DEBUG,Print,'process device data : tp_data_class0 : name : IC Room 142 Touch Panel'
2026-03-06 12:01:35.584208,Device TP:IC142Panel,Option,'PrintToTrace,True'
2026-03-06 12:01:35.586200,Device TP:IC142Panel,Command,'ShowPopup,Booting,0'
2026-03-06 12:01:35.587200,DEBUG,Print,"{'alias': 'IC143Panel', 'name': 'IC Room 143 Touch Panel'}"
2026-03-06 12:01:35.587200,DEBUG,Print,'process device data : tp_data_class1 : alias : IC143Panel'
2026-03-06 12:01:35.587200,DEBUG,Print,'process device data : tp_data_class1 : name : IC Room 143 Touch Panel'
2026-03-06 12:02:25.938481,Device TP:IC143Panel,Option,'PrintToTrace,True'Timestamp,Device Name,MessageType,Data
2026-03-06 12:02:25.941797,Device TP:IC143Panel,Command,'ShowPopup,Booting,0'
2026-03-06 12:02:25.941797,DEBUG,Print,"{'alias': 'IC144Panel', 'name': 'IC Room 144 Touch Panel'}"
2026-03-06 12:02:25.941797,DEBUG,Print,'process device data : tp_data_class2 : alias : IC144Panel'
2026-03-06 12:02:25.941797,DEBUG,Print,'process device data : tp_data_class2 : name : IC Room 144 Touch Panel'
2026-03-06 12:03:16.372549,Device TP:IC144Panel,Option,'PrintToTrace,True'Timestamp,Device Name,MessageType,Data
2026-03-06 12:03:16.376651,Device TP:IC144Panel,Command,'ShowPopup,Booting,0'
2026-03-06 12:03:16.376651,DEBUG,Print,"{'alias': 'BreakRmPanel', 'name': 'Break Room Touch Panel'}"
2026-03-06 12:03:16.376651,DEBUG,Print,'process device data : tp_data_class3 : alias : BreakRmPanel'
2026-03-06 12:03:16.376651,DEBUG,Print,'process device data : tp_data_class3 : name : Break Room Touch Panel'
2026-03-06 12:04:03.000635,Device TP:BreakRmPanel,Option,'PrintToTrace,True'Timestamp,Device Name,MessageType,Data
2026-03-06 12:04:03.012414,Device TP:BreakRmPanel,Command,'ShowPopup,Booting,0'
2026-03-06 12:04:03.012414,DEBUG,Print,"{'alias': 'LobbyPanel', 'name': 'Lobby Touch Panel'}"
2026-03-06 12:04:03.012414,DEBUG,Print,'process device data : tp_data_class4 : alias : LobbyPanel'
2026-03-06 12:04:03.012414,DEBUG,Print,'process device data : tp_data_class4 : name : Lobby Touch Panel'
2026-03-06 12:04:49.035292,Device TP:LobbyPanel,Option,'PrintToTrace,True'Timestamp,Device Name,MessageType,Data
2026-03-06 12:04:49.038285,Device TP:LobbyPanel,Command,'ShowPopup,Booting,0'
2026-03-06 12:04:49.038285,DEBUG,Print,"{'alias': 'HallPanel', 'name': 'Hall Touch Panel'}"
2026-03-06 12:04:49.039284,DEBUG,Print,'process device data : tp_data_class5 : alias : HallPanel'
2026-03-06 12:04:49.039284,DEBUG,Print,'process device data : tp_data_class5 : name : Hall Touch Panel'
2026-03-06 12:05:34.724031,Device TP:HallPanel,Option,'PrintToTrace,True'
2026-03-06 12:05:34.727026,Device TP:HallPanel,Command,'ShowPopup,Booting,0'
2026-03-06 12:05:34.727026,DEBUG,Print,"{'alias': 'BWDPanel', 'name': 'BWD Touch Panel'}"
2026-03-06 12:05:34.727026,DEBUG,Print,'process device data : tp_data_class6 : alias : BWDPanel'
2026-03-06 12:05:34.727026,DEBUG,Print,'process device data : tp_data_class6 : name : BWD Touch Panel'
2026-03-06 12:06:33.457254,Device TP:BWDPanel,Option,'PrintToTrace,True'Timestamp,Device Name,MessageType,Data
2026-03-06 12:06:33.461253,Device TP:BWDPanel,Command,'ShowPopup,Booting,0'
2026-03-06 12:06:33.462254,DEBUG,Print,'module class for plugin  failed to be defined'
2026-03-06 12:06:33.462254,DEBUG,Print,'module class for plugin  failed to be defined'
2026-03-06 12:06:33.462254,DEBUG,Print,"{'plugin_name': 'plugin_switch_extron_nav', 'model': 'NAV', 'submodel': 'NAVigator', 'spi_host': 'spd0', 'control_method': 'SPD', 'serial_host': 'processor0', 'serial_port': 'COM1', 'serial_baud': 57600, 'used_inputs': [0, 1, 2, 3, 4, 5, 6, 7, 8, 9, 10, 11, 12, 13, 14, 15, 16, 17, 18, 19, 20, 21, 22, 23], 'src_uncombined_names': ['None', 'CATV 1', 'CATV 2', 'CATV 3', 'CATV 4', 'CATV 5', 'CATV 6', 'None', 'None', 'Security Feed', 'Signage', 'none', 'none', 'BWD Feed 1', 'BWD Feed 2', 'BWD Feed 3', 'BWD Feed 4', 'Aux HDMI 1', 'Aux HDMI 2', 'Aux HDMI 3', 'Aux HDMI 4', 'Aux HDMI 5', 'Aux HDMI 6', 'Aux HDMI 7'], 'presentation_inputs': [1, 2, 3, 4, 5, 6, 7, 8, 9, 10, 11, 12, 13, 14, 15, 16, 17, 18, 19, 20, 21, 22, 23], 'vtc_camera_inputs': [None, None], 'vtc_inputs': [1, 2, 3, 4, 5], 'used_outputs': [0, 1, 2, 3, 4, 5, 6], 'video_dest_uncombined_names': ['Display', 'Display', 'Display', 'Display', 'Display', 'Display'], 'audio_dest_uncombined_names': [], 'disp_outputs': [0, 1, 2, 3, 4, 5], 'vtc_camera_outputs': [None, None], 'audio_outputs': [], 'name': 'Video Switcher', 'nav_input_ids': [0, 1102, 1103, 1104, 1105, 1106, 1107, 0, 0, 1108, 1101, 0, 0, 0, 0, 0, 0, 201, 202, 203, 204, 205, 206], 'nav_output_ids': [501, 502, 503, 601, 701, 901, 1101]}"
2026-03-06 12:06:33.462254,DEBUG,Print,'process device data : switch_data_class0 : plugin_name : plugin_switch_extron_nav'
2026-03-06 12:06:33.462254,DEBUG,Print,'process device data : switch_data_class0 : model : NAV'
2026-03-06 12:06:33.463757,DEBUG,Print,'process device data : switch_data_class0 : submodel : NAVigator'
2026-03-06 12:06:33.463757,DEBUG,Print,'process device data : switch_data_class0 : spi_host : spd0'
2026-03-06 12:06:33.463757,DEBUG,Print,'process device data : switch_data_class0 : control_method : SPD'
2026-03-06 12:06:33.463757,DEBUG,Print,'process device data : switch_data_class0 : serial_host : processor0'
2026-03-06 12:06:33.463757,DEBUG,Print,'process device data : switch_data_class0 : serial_port : COM1'
2026-03-06 12:06:33.463757,DEBUG,Print,'process device data : switch_data_class0 : serial_baud : 57600'
2026-03-06 12:06:33.463757,DEBUG,Print,'process device data : switch_data_class0 : used_inputs : [0, 1, 2, 3, 4, 5, 6, 7, 8, 9, 10, 11, 12, 13, 14, 15, 16, 17, 18, 19, 20, 21, 22, 23]'
2026-03-06 12:06:33.463757,DEBUG,Print,"process device data : switch_data_class0 : src_uncombined_names : ['None', 'CATV 1', 'CATV 2', 'CATV 3', 'CATV 4', 'CATV 5', 'CATV 6', 'None', 'None', 'Security Feed', 'Signage', 'none', 'none', 'BWD Feed 1', 'BWD Feed 2', 'BWD Feed 3', 'BWD Feed 4', 'Aux HDMI 1', 'Aux HDMI 2', 'Aux HDMI 3', 'Aux HDMI 4', 'Aux HDMI 5', 'Aux HDMI 6', 'Aux HDMI 7']"
2026-03-06 12:06:33.463757,DEBUG,Print,'process device data : switch_data_class0 : presentation_inputs : [1, 2, 3, 4, 5, 6, 7, 8, 9, 10, 11, 12, 13, 14, 15, 16, 17, 18, 19, 20, 21, 22, 23]'
2026-03-06 12:06:33.463757,DEBUG,Print,'process device data : switch_data_class0 : vtc_camera_inputs : [None, None]'
2026-03-06 12:06:33.464761,DEBUG,Print,'process device data : switch_data_class0 : vtc_inputs : [1, 2, 3, 4, 5]'
2026-03-06 12:06:33.464761,DEBUG,Print,'process device data : switch_data_class0 : used_outputs : [0, 1, 2, 3, 4, 5, 6]'
2026-03-06 12:06:33.464761,DEBUG,Print,"process device data : switch_data_class0 : video_dest_uncombined_names : ['Display', 'Display', 'Display', 'Display', 'Display', 'Display']"
2026-03-06 12:06:33.464761,DEBUG,Print,'process device data : switch_data_class0 : audio_dest_uncombined_names : []'
2026-03-06 12:06:33.464761,DEBUG,Print,'process device data : switch_data_class0 : disp_outputs : [0, 1, 2, 3, 4, 5]'
2026-03-06 12:06:33.464761,DEBUG,Print,'process device data : switch_data_class0 : vtc_camera_outputs : [None, None]'
2026-03-06 12:06:33.464761,DEBUG,Print,'process device data : switch_data_class0 : audio_outputs : []'
2026-03-06 12:06:33.464761,DEBUG,Print,'process device data : switch_data_class0 : name : Video Switcher'
2026-03-06 12:06:33.464761,DEBUG,Print,'process device data : switch_data_class0 : nav_input_ids : [0, 1102, 1103, 1104, 1105, 1106, 1107, 0, 0, 1108, 1101, 0, 0, 0, 0, 0, 0, 201, 202, 203, 204, 205, 206]'
2026-03-06 12:06:33.465762,DEBUG,Print,'process device data : switch_data_class0 : nav_output_ids : [501, 502, 503, 601, 701, 901, 1101]'
2026-03-06 12:06:42.730273,Device SPDevice:spd0,Option,'PrintToTrace,True'
2026-03-06 12:06:42.787458,Module:Switch0,Option,'PrintToTrace,True'
2026-03-06 12:06:42.788459,Module:Switch0,Event,'ConnectionStatus,Disconnected,None'
2026-03-06 12:06:42.788459,DEBUG,Print,'module class for plugin  failed to be defined'
2026-03-06 12:06:42.789593,DEBUG,Print,"{'plugin_name': 'plugin_display_nec_mexx1', 'model': 'NEC MExx1', 'submodel': 'M651', 'control_method': 'Serial', 'ip_address': '10.3.80.29', 'ip_port': 1024, 'serial_host': 'spd1', 'serial_port': 'COM1', 'serial_baud': 9600, 'up_screen_relay_host': '', 'up_screen_relay_port': '', 'down_screen_relay_host': '', 'down_screen_relay_port': '', 'automatic_power_on_uncombined': False, 'automatic_screen_control': False, 'name': 'Display'}"
2026-03-06 12:06:42.789593,DEBUG,Print,'process device data : display_data_class0 : plugin_name : plugin_display_nec_mexx1'
2026-03-06 12:06:42.790593,DEBUG,Print,'process device data : display_data_class0 : model : NEC MExx1'
2026-03-06 12:06:42.790593,DEBUG,Print,'process device data : display_data_class0 : submodel : M651'
2026-03-06 12:06:42.790593,Module:Switch0,Event,'ConnectionStatus,Connected,None'
2026-03-06 12:06:42.790593,DEBUG,Print,'process device data : display_data_class0 : control_method : Serial'
2026-03-06 12:06:42.790593,Module:Switch0,Event,'ConnectionStatus,Disconnected,None'
2026-03-06 12:06:42.790593,DEBUG,Print,'process device data : display_data_class0 : ip_address : 10.3.80.29'
2026-03-06 12:06:42.791595,DEBUG,Print,'process device data : display_data_class0 : ip_port : 1024'
2026-03-06 12:06:42.791595,DEBUG,Print,'process device data : display_data_class0 : serial_host : spd1'
2026-03-06 12:06:42.791595,DEBUG,Print,'process device data : display_data_class0 : serial_port : COM1'
2026-03-06 12:06:42.791595,DEBUG,Print,'process device data : display_data_class0 : serial_baud : 9600'
2026-03-06 12:06:42.791595,DEBUG,Print,'process device data : display_data_class0 : up_screen_relay_host : '
2026-03-06 12:06:42.791595,DEBUG,Print,'process device data : display_data_class0 : up_screen_relay_port : '
2026-03-06 12:06:42.791595,DEBUG,Print,'process device data : display_data_class0 : down_screen_relay_host : '
2026-03-06 12:06:42.792594,DEBUG,Print,'process device data : display_data_class0 : down_screen_relay_port : '
2026-03-06 12:06:42.792594,DEBUG,Print,'process device data : display_data_class0 : automatic_power_on_uncombined : False'
2026-03-06 12:06:42.792594,DEBUG,Print,'process device data : display_data_class0 : automatic_screen_control : False'
2026-03-06 12:06:42.793594,DEBUG,Print,'process device data : display_data_class0 : name : Display'
2026-03-06 12:06:51.998586,Device SPDevice:spd1,Option,'PrintToTrace,True'Timestamp,Device Name,MessageType,Data
2026-03-06 12:06:55.088037,Module:Display0,Option,'PrintToTrace,True'
2026-03-06 12:06:55.090296,Module:Display0,Event,'ConnectionStatus,Disconnected,None'
2026-03-06 12:06:55.090296,Module:Display0,Event,'FullConnectionStatus,Disconnected,None'
2026-03-06 12:06:55.090296,DEBUG,Print,"{'plugin_name': 'plugin_display_nec_mexx1', 'model': 'NEC MExx1', 'submodel': 'M651', 'control_method': 'Serial', 'ip_address': '10.3.80.29', 'ip_port': 1024, 'serial_host': 'spd2', 'serial_port': 'COM1', 'serial_baud': 9600, 'up_screen_relay_host': '', 'up_screen_relay_port': '', 'down_screen_relay_host': '', 'down_screen_relay_port': '', 'automatic_power_on_uncombined': False, 'automatic_screen_control': False, 'name': 'Display'}"
2026-03-06 12:06:55.091296,DEBUG,Print,'process device data : display_data_class1 : plugin_name : plugin_display_nec_mexx1'
2026-03-06 12:06:55.091296,DEBUG,Print,'process device data : display_data_class1 : model : NEC MExx1'
2026-03-06 12:06:55.091296,DEBUG,Print,'process device data : display_data_class1 : submodel : M651'
2026-03-06 12:06:55.091296,DEBUG,Print,'process device data : display_data_class1 : control_method : Serial'
2026-03-06 12:06:55.091296,DEBUG,Print,'process device data : display_data_class1 : ip_address : 10.3.80.29'
2026-03-06 12:06:55.091296,DEBUG,Print,'process device data : display_data_class1 : ip_port : 1024'
2026-03-06 12:06:55.091296,DEBUG,Print,'process device data : display_data_class1 : serial_host : spd2'
2026-03-06 12:06:55.091296,DEBUG,Print,'process device data : display_data_class1 : serial_port : COM1'
2026-03-06 12:06:55.091296,DEBUG,Print,'process device data : display_data_class1 : serial_baud : 9600'
2026-03-06 12:06:55.092293,DEBUG,Print,'process device data : display_data_class1 : up_screen_relay_host : '
2026-03-06 12:06:55.092293,DEBUG,Print,'process device data : display_data_class1 : up_screen_relay_port : '
2026-03-06 12:06:55.092293,DEBUG,Print,'process device data : display_data_class1 : down_screen_relay_host : '
2026-03-06 12:06:55.092293,DEBUG,Print,'process device data : display_data_class1 : down_screen_relay_port : '
2026-03-06 12:06:55.092293,DEBUG,Print,'process device data : display_data_class1 : automatic_power_on_uncombined : False'
2026-03-06 12:06:55.092293,DEBUG,Print,'process device data : display_data_class1 : automatic_screen_control : False'
2026-03-06 12:06:55.092293,DEBUG,Print,'process device data : display_data_class1 : name : Display'
2026-03-06 12:07:04.272890,Device SPDevice:spd2,Option,'PrintToTrace,True'
2026-03-06 12:07:07.360226,Module:Display1,Option,'PrintToTrace,True'
2026-03-06 12:07:07.361227,Module:Display1,Event,'ConnectionStatus,Disconnected,None'
2026-03-06 12:07:07.361227,Module:Display1,Event,'FullConnectionStatus,Disconnected,None'
2026-03-06 12:07:07.361227,DEBUG,Print,"{'plugin_name': 'plugin_display_nec_mexx1', 'model': 'NEC MExx1', 'submodel': 'M651', 'control_method': 'Serial', 'ip_address': '10.3.80.29', 'ip_port': 1024, 'serial_host': 'spd3', 'serial_port': 'COM1', 'serial_baud': 9600, 'up_screen_relay_host': '', 'up_screen_relay_port': '', 'down_screen_relay_host': '', 'down_screen_relay_port': '', 'automatic_power_on_uncombined': False, 'automatic_screen_control': False, 'name': 'Display'}"
2026-03-06 12:07:07.361227,DEBUG,Print,'process device data : display_data_class2 : plugin_name : plugin_display_nec_mexx1'
2026-03-06 12:07:07.362425,DEBUG,Print,'process device data : display_data_class2 : model : NEC MExx1'
2026-03-06 12:07:07.362425,DEBUG,Print,'process device data : display_data_class2 : submodel : M651'
2026-03-06 12:07:07.362425,DEBUG,Print,'process device data : display_data_class2 : control_method : Serial'
2026-03-06 12:07:07.362425,DEBUG,Print,'process device data : display_data_class2 : ip_address : 10.3.80.29'
2026-03-06 12:07:07.362425,DEBUG,Print,'process device data : display_data_class2 : ip_port : 1024'
2026-03-06 12:07:07.362425,DEBUG,Print,'process device data : display_data_class2 : serial_host : spd3'
2026-03-06 12:07:07.362425,DEBUG,Print,'process device data : display_data_class2 : serial_port : COM1'
2026-03-06 12:07:07.362425,DEBUG,Print,'process device data : display_data_class2 : serial_baud : 9600'
2026-03-06 12:07:07.363530,DEBUG,Print,'process device data : display_data_class2 : up_screen_relay_host : '
2026-03-06 12:07:07.363530,DEBUG,Print,'process device data : display_data_class2 : up_screen_relay_port : '
2026-03-06 12:07:07.363530,DEBUG,Print,'process device data : display_data_class2 : down_screen_relay_host : '
2026-03-06 12:07:07.363530,DEBUG,Print,'process device data : display_data_class2 : down_screen_relay_port : '
2026-03-06 12:07:07.363530,DEBUG,Print,'process device data : display_data_class2 : automatic_power_on_uncombined : False'
2026-03-06 12:07:07.363530,DEBUG,Print,'process device data : display_data_class2 : automatic_screen_control : False'
2026-03-06 12:07:07.363530,DEBUG,Print,'process device data : display_data_class2 : name : Display'
2026-03-06 12:07:16.546659,Device SPDevice:spd3,Option,'PrintToTrace,True'
2026-03-06 12:07:19.640094,Module:Display2,Option,'PrintToTrace,True'
2026-03-06 12:07:19.642095,Module:Display2,Event,'ConnectionStatus,Disconnected,None'
2026-03-06 12:07:19.642095,Module:Display2,Event,'FullConnectionStatus,Disconnected,None'
2026-03-06 12:07:19.643094,DEBUG,Print,"{'plugin_name': 'plugin_display_nec_mexx1', 'model': 'NEC MExx1', 'submodel': 'M651', 'control_method': 'Serial', 'ip_address': '10.3.80.29', 'ip_port': 1024, 'serial_host': 'spd4', 'serial_port': 'COM1', 'serial_baud': 9600, 'up_screen_relay_host': '', 'up_screen_relay_port': '', 'down_screen_relay_host': '', 'down_screen_relay_port': '', 'automatic_power_on_uncombined': False, 'automatic_screen_control': False, 'name': 'Display'}"
2026-03-06 12:07:19.643094,DEBUG,Print,'process device data : display_data_class3 : plugin_name : plugin_display_nec_mexx1'
2026-03-06 12:07:19.643094,DEBUG,Print,'process device data : display_data_class3 : model : NEC MExx1'
2026-03-06 12:07:19.643094,DEBUG,Print,'process device data : display_data_class3 : submodel : M651'
2026-03-06 12:07:19.643094,DEBUG,Print,'process device data : display_data_class3 : control_method : Serial'
2026-03-06 12:07:19.644093,DEBUG,Print,'process device data : display_data_class3 : ip_address : 10.3.80.29'
2026-03-06 12:07:19.644093,DEBUG,Print,'process device data : display_data_class3 : ip_port : 1024'
2026-03-06 12:07:19.644093,DEBUG,Print,'process device data : display_data_class3 : serial_host : spd4'
2026-03-06 12:07:19.644093,DEBUG,Print,'process device data : display_data_class3 : serial_port : COM1'
2026-03-06 12:07:19.644093,DEBUG,Print,'process device data : display_data_class3 : serial_baud : 9600'
2026-03-06 12:07:19.644093,DEBUG,Print,'process device data : display_data_class3 : up_screen_relay_host : '
2026-03-06 12:07:19.644093,DEBUG,Print,'process device data : display_data_class3 : up_screen_relay_port : '
2026-03-06 12:07:19.644093,DEBUG,Print,'process device data : display_data_class3 : down_screen_relay_host : '
2026-03-06 12:07:19.644093,DEBUG,Print,'process device data : display_data_class3 : down_screen_relay_port : '
2026-03-06 12:07:19.645093,DEBUG,Print,'process device data : display_data_class3 : automatic_power_on_uncombined : False'
2026-03-06 12:07:19.645093,DEBUG,Print,'process device data : display_data_class3 : automatic_screen_control : False'
2026-03-06 12:07:19.645093,DEBUG,Print,'process device data : display_data_class3 : name : Display'
2026-03-06 12:07:28.825602,Device SPDevice:spd4,Option,'PrintToTrace,True'
2026-03-06 12:07:31.913157,Module:Display3,Option,'PrintToTrace,True'
2026-03-06 12:07:31.914561,Module:Display3,Event,'ConnectionStatus,Disconnected,None'
2026-03-06 12:07:31.914561,Module:Display3,Event,'FullConnectionStatus,Disconnected,None'
2026-03-06 12:07:31.914561,DEBUG,Print,"{'plugin_name': 'plugin_display_sharp_LC_xxLE_u', 'model': 'NEC MExx1', 'submodel': 'M651', 'control_method': 'Serial', 'ip_address': '10.3.80.29', 'ip_port': 1024, 'serial_host': 'spd5', 'serial_port': 'COM1', 'serial_baud': 9600, 'up_screen_relay_host': '', 'up_screen_relay_port': '', 'down_screen_relay_host': '', 'down_screen_relay_port': '', 'automatic_power_on_uncombined': False, 'automatic_screen_control': False, 'name': 'Display'}"
2026-03-06 12:07:31.915717,DEBUG,Print,'process device data : display_data_class4 : plugin_name : plugin_display_sharp_LC_xxLE_u'
2026-03-06 12:07:31.915717,DEBUG,Print,'process device data : display_data_class4 : model : NEC MExx1'
2026-03-06 12:07:31.915717,DEBUG,Print,'process device data : display_data_class4 : submodel : M651'
2026-03-06 12:07:31.915717,DEBUG,Print,'process device data : display_data_class4 : control_method : Serial'
2026-03-06 12:07:31.915717,DEBUG,Print,'process device data : display_data_class4 : ip_address : 10.3.80.29'
2026-03-06 12:07:31.915717,DEBUG,Print,'process device data : display_data_class4 : ip_port : 1024'
2026-03-06 12:07:31.916715,DEBUG,Print,'process device data : display_data_class4 : serial_host : spd5'
2026-03-06 12:07:31.916715,DEBUG,Print,'process device data : display_data_class4 : serial_port : COM1'
2026-03-06 12:07:31.916715,DEBUG,Print,'process device data : display_data_class4 : serial_baud : 9600'
2026-03-06 12:07:31.916715,DEBUG,Print,'process device data : display_data_class4 : up_screen_relay_host : '
2026-03-06 12:07:31.916715,DEBUG,Print,'process device data : display_data_class4 : up_screen_relay_port : '
2026-03-06 12:07:31.916715,DEBUG,Print,'process device data : display_data_class4 : down_screen_relay_host : '
2026-03-06 12:07:31.916715,DEBUG,Print,'process device data : display_data_class4 : down_screen_relay_port : '
2026-03-06 12:07:31.916715,DEBUG,Print,'process device data : display_data_class4 : automatic_power_on_uncombined : False'
2026-03-06 12:07:31.916715,DEBUG,Print,'process device data : display_data_class4 : automatic_screen_control : False'
2026-03-06 12:07:31.916715,DEBUG,Print,'process device data : display_data_class4 : name : Display'
2026-03-06 12:07:41.058542,Device SPDevice:spd5,Option,'PrintToTrace,True'
2026-03-06 12:07:41.061723,Device SPDevice:spd5,Event,'OnlineStatus,Offline'
2026-03-06 12:07:44.151927,Module:Display4,Option,'PrintToTrace,True'
2026-03-06 12:07:44.153925,Module:Display4,Event,'ConnectionStatus,Disconnected,None'
2026-03-06 12:07:44.153925,Module:Display4,Event,'FullConnectionStatus,Disconnected,None'
2026-03-06 12:07:44.153925,DEBUG,Print,"{'plugin_name': 'plugin_display_nec_mexx1', 'model': 'NEC MExx1', 'submodel': 'M651', 'control_method': 'Serial', 'ip_address': '10.3.80.29', 'ip_port': 1024, 'serial_host': 'spd6', 'serial_port': 'COM1', 'serial_baud': 9600, 'up_screen_relay_host': '', 'up_screen_relay_port': '', 'down_screen_relay_host': '', 'down_screen_relay_port': '', 'automatic_power_on_uncombined': False, 'automatic_screen_control': False, 'name': 'Display'}"
2026-03-06 12:07:44.154922,DEBUG,Print,'process device data : display_data_class5 : plugin_name : plugin_display_nec_mexx1'
2026-03-06 12:07:44.154922,DEBUG,Print,'process device data : display_data_class5 : model : NEC MExx1'
2026-03-06 12:07:44.154922,DEBUG,Print,'process device data : display_data_class5 : submodel : M651'
2026-03-06 12:07:44.154922,DEBUG,Print,'process device data : display_data_class5 : control_method : Serial'
2026-03-06 12:07:44.155925,DEBUG,Print,'process device data : display_data_class5 : ip_address : 10.3.80.29'
2026-03-06 12:07:44.155925,DEBUG,Print,'process device data : display_data_class5 : ip_port : 1024'
2026-03-06 12:07:44.155925,DEBUG,Print,'process device data : display_data_class5 : serial_host : spd6'
2026-03-06 12:07:44.155925,DEBUG,Print,'process device data : display_data_class5 : serial_port : COM1'
2026-03-06 12:07:44.155925,DEBUG,Print,'process device data : display_data_class5 : serial_baud : 9600'
2026-03-06 12:07:44.156924,DEBUG,Print,'process device data : display_data_class5 : up_screen_relay_host : '
2026-03-06 12:07:44.156924,DEBUG,Print,'process device data : display_data_class5 : up_screen_relay_port : '
2026-03-06 12:07:44.156924,DEBUG,Print,'process device data : display_data_class5 : down_screen_relay_host : '
2026-03-06 12:07:44.156924,DEBUG,Print,'process device data : display_data_class5 : down_screen_relay_port : '
2026-03-06 12:07:44.156924,DEBUG,Print,'process device data : display_data_class5 : automatic_power_on_uncombined : False'
2026-03-06 12:07:44.156924,DEBUG,Print,'process device data : display_data_class5 : automatic_screen_control : False'
2026-03-06 12:07:44.156924,DEBUG,Print,'process device data : display_data_class5 : name : Display'
2026-03-06 12:07:53.354512,Device SPDevice:spd6,Option,'PrintToTrace,True'Timestamp,Device Name,MessageType,Data
2026-03-06 12:07:56.448158,Module:Display5,Option,'PrintToTrace,True'
2026-03-06 12:07:56.449386,Module:Display5,Event,'ConnectionStatus,Disconnected,None'
2026-03-06 12:07:56.449386,Module:Display5,Event,'FullConnectionStatus,Disconnected,None'
2026-03-06 12:07:56.449386,DEBUG,Print,'module class for plugin  failed to be defined'
2026-03-06 12:07:56.450387,DEBUG,Print,'module class for plugin  failed to be defined'
2026-03-06 12:07:56.450387,DEBUG,Print,'module class for plugin  failed to be defined'
2026-03-06 12:07:56.451387,DEBUG,Print,'module class for plugin  failed to be defined'
2026-03-06 12:07:56.451387,DEBUG,Print,"{'plugin_name': 'plugin_catv_moto_ir', 'ir_host': 'spd8', 'ir_port': 'IRS1', 'name': 'CATV 1'}"
2026-03-06 12:07:56.451387,DEBUG,Print,'process device data : catv_data_class0 : plugin_name : plugin_catv_moto_ir'
2026-03-06 12:07:56.451387,DEBUG,Print,'process device data : catv_data_class0 : ir_host : spd8'
2026-03-06 12:07:56.451387,DEBUG,Print,'process device data : catv_data_class0 : ir_port : IRS1'
2026-03-06 12:07:56.452387,DEBUG,Print,'process device data : catv_data_class0 : name : CATV 1'
2026-03-06 12:08:05.732283,Device SPDevice:spd8,Option,'PrintToTrace,True'
2026-03-06 12:08:05.902684,IRS1:spd8:Cable TV0,Option,'PrintToTrace,True'
2026-03-06 12:08:05.904686,DEBUG,Print,"{'plugin_name': 'plugin_catv_moto_ir', 'ir_host': 'spd9', 'ir_port': 'IRS1', 'name': 'CATV 2'}"
2026-03-06 12:08:05.904686,DEBUG,Print,'process device data : catv_data_class1 : plugin_name : plugin_catv_moto_ir'
2026-03-06 12:08:05.904686,DEBUG,Print,'process device data : catv_data_class1 : ir_host : spd9'
2026-03-06 12:08:05.904686,DEBUG,Print,'process device data : catv_data_class1 : ir_port : IRS1'
2026-03-06 12:08:05.904686,DEBUG,Print,'process device data : catv_data_class1 : name : CATV 2'
2026-03-06 12:08:15.087581,Device SPDevice:spd9,Option,'PrintToTrace,True'
2026-03-06 12:08:15.257907,IRS1:spd9:Cable TV1,Option,'PrintToTrace,True'
2026-03-06 12:08:15.258918,DEBUG,Print,"{'plugin_name': 'plugin_catv_moto_ir', 'ir_host': 'spd10', 'ir_port': 'IRS1', 'name': 'CATV 3'}"
2026-03-06 12:08:15.258918,DEBUG,Print,'process device data : catv_data_class2 : plugin_name : plugin_catv_moto_ir'
2026-03-06 12:08:15.258918,DEBUG,Print,'process device data : catv_data_class2 : ir_host : spd10'
2026-03-06 12:08:15.258918,DEBUG,Print,'process device data : catv_data_class2 : ir_port : IRS1'
2026-03-06 12:08:15.259916,DEBUG,Print,'process device data : catv_data_class2 : name : CATV 3'
2026-03-06 12:08:24.440088,Device SPDevice:spd10,Option,'PrintToTrace,True'
2026-03-06 12:08:24.639251,IRS1:spd10:Cable TV2,Option,'PrintToTrace,True'
2026-03-06 12:08:24.640246,DEBUG,Print,"{'plugin_name': 'plugin_catv_moto_ir', 'ir_host': 'spd11', 'ir_port': 'IRS1', 'name': 'CATV 4'}"
2026-03-06 12:08:24.640246,DEBUG,Print,'process device data : catv_data_class3 : plugin_name : plugin_catv_moto_ir'
2026-03-06 12:08:24.640246,DEBUG,Print,'process device data : catv_data_class3 : ir_host : spd11'
2026-03-06 12:08:24.640246,DEBUG,Print,'process device data : catv_data_class3 : ir_port : IRS1'
2026-03-06 12:08:24.641245,DEBUG,Print,'process device data : catv_data_class3 : name : CATV 4'
2026-03-06 12:08:33.816412,Device SPDevice:spd11,Option,'PrintToTrace,True'
2026-03-06 12:08:34.002512,IRS1:spd11:Cable TV3,Option,'PrintToTrace,True'
2026-03-06 12:08:34.003507,DEBUG,Print,"{'plugin_name': 'plugin_catv_moto_ir', 'ir_host': 'spd12', 'ir_port': 'IRS1', 'name': 'CATV 5'}"
2026-03-06 12:08:34.003507,DEBUG,Print,'process device data : catv_data_class4 : plugin_name : plugin_catv_moto_ir'
2026-03-06 12:08:34.003507,DEBUG,Print,'process device data : catv_data_class4 : ir_host : spd12'
2026-03-06 12:08:34.003507,DEBUG,Print,'process device data : catv_data_class4 : ir_port : IRS1'
2026-03-06 12:08:34.004508,DEBUG,Print,'process device data : catv_data_class4 : name : CATV 5'
2026-03-06 12:08:43.192338,Device SPDevice:spd12,Option,'PrintToTrace,True'
2026-03-06 12:08:43.364737,IRS1:spd12:Cable TV4,Option,'PrintToTrace,True'
2026-03-06 12:08:43.366738,DEBUG,Print,"{'plugin_name': 'plugin_catv_moto_ir', 'ir_host': 'spd13', 'ir_port': 'IRS1', 'name': 'CATV 6'}"
2026-03-06 12:08:43.366738,DEBUG,Print,'process device data : catv_data_class5 : plugin_name : plugin_catv_moto_ir'
2026-03-06 12:08:43.366738,DEBUG,Print,'process device data : catv_data_class5 : ir_host : spd13'
2026-03-06 12:08:43.366738,DEBUG,Print,'process device data : catv_data_class5 : ir_port : IRS1'
2026-03-06 12:08:43.366738,DEBUG,Print,'process device data : catv_data_class5 : name : CATV 6'
2026-03-06 12:08:52.554007,Device SPDevice:spd13,Option,'PrintToTrace,True'Timestamp,Device Name,MessageType,Data
2026-03-06 12:08:52.738640,IRS1:spd13:Cable TV5,Option,'PrintToTrace,True'
2026-03-06 12:08:52.741736,Room0 Virtual Panel,Option,'PrintToTrace,True'
2026-03-06 12:08:52.742739,DEBUG,Print,"process device data : room_data_class0 : room_names : ['IC Room 142']"
2026-03-06 12:08:52.742739,DEBUG,Print,"process device data : room_data_class0 : combine_roles : ['Uncombined']"
2026-03-06 12:08:52.742739,DEBUG,Print,'process device data : room_data_class0 : combine_group : 0'
2026-03-06 12:08:52.742739,DEBUG,Print,'process device data : room_data_class0 : tp_assignment : [0]'
2026-03-06 12:08:52.742739,DEBUG,Print,'process device data : room_data_class0 : dsp_assignment : 0'
2026-03-06 12:08:52.743740,DEBUG,Print,'process device data : room_data_class0 : switch_assignment : 0'
2026-03-06 12:08:52.743740,DEBUG,Print,'process device data : room_data_class0 : displays_assignment : [0]'
2026-03-06 12:08:52.743740,DEBUG,Print,'process device data : room_data_class0 : switch_used_inputs_assignment : [0, 1, 2, 3, 4, 5, 6, 7, 8, 9, 10, 11, 12, 13, 14, 15, 16, 17, 18, 19, 20, 21, 22, 23]'
2026-03-06 12:08:52.743740,DEBUG,Print,'process device data : room_data_class0 : switch_used_outputs_assignment : [1]'
2026-03-06 12:08:52.743740,DEBUG,Print,'process device data : room_data_class0 : switch_audio_output : 1'
2026-03-06 12:08:52.743740,DEBUG,Print,'process device data : room_data_class0 : custom_startup_time : 5'
2026-03-06 12:08:52.743740,DEBUG,Print,'process device data : room_data_class0 : custom_shutdown_time : 5'
2026-03-06 12:08:52.743740,DEBUG,Print,'process device data : room_data_class0 : switch_presentation_auto_route_default : [True]'
2026-03-06 12:08:52.761289,Room1 Virtual Panel,Option,'PrintToTrace,True'
2026-03-06 12:08:52.762294,DEBUG,Print,"process device data : room_data_class1 : room_names : ['IC Room 143']"
2026-03-06 12:08:52.762294,DEBUG,Print,"process device data : room_data_class1 : combine_roles : ['Uncombined']"
2026-03-06 12:08:52.762294,DEBUG,Print,'process device data : room_data_class1 : combine_group : 1'
2026-03-06 12:08:52.762294,DEBUG,Print,'process device data : room_data_class1 : tp_assignment : [1]'
2026-03-06 12:08:52.762294,DEBUG,Print,'process device data : room_data_class1 : dsp_assignment : 0'
2026-03-06 12:08:52.763292,DEBUG,Print,'process device data : room_data_class1 : switch_assignment : 0'
2026-03-06 12:08:52.763292,DEBUG,Print,'process device data : room_data_class1 : displays_assignment : [1]'
2026-03-06 12:08:52.763292,DEBUG,Print,'process device data : room_data_class1 : switch_used_inputs_assignment : [0, 1, 2, 3, 4, 5, 6, 7, 8, 9, 10, 11, 12, 13, 14, 15, 16, 17, 18, 19, 20, 21, 22, 23]'
2026-03-06 12:08:52.763292,DEBUG,Print,'process device data : room_data_class1 : switch_used_outputs_assignment : [2]'
2026-03-06 12:08:52.763292,DEBUG,Print,'process device data : room_data_class1 : switch_audio_output : 2'
2026-03-06 12:08:52.763292,DEBUG,Print,'process device data : room_data_class1 : custom_startup_time : 5'
2026-03-06 12:08:52.763292,DEBUG,Print,'process device data : room_data_class1 : custom_shutdown_time : 5'
2026-03-06 12:08:52.763292,DEBUG,Print,'process device data : room_data_class1 : switch_presentation_auto_route_default : [True]'
2026-03-06 12:08:52.777995,Room2 Virtual Panel,Option,'PrintToTrace,True'
2026-03-06 12:08:52.778995,DEBUG,Print,"process device data : room_data_class2 : room_names : ['IC Room 144']"
2026-03-06 12:08:52.778995,DEBUG,Print,"process device data : room_data_class2 : combine_roles : ['Uncombined']"
2026-03-06 12:08:52.778995,DEBUG,Print,'process device data : room_data_class2 : combine_group : 2'
2026-03-06 12:08:52.778995,DEBUG,Print,'process device data : room_data_class2 : tp_assignment : [2]'
2026-03-06 12:08:52.778995,DEBUG,Print,'process device data : room_data_class2 : dsp_assignment : 0'
2026-03-06 12:08:52.778995,DEBUG,Print,'process device data : room_data_class2 : switch_assignment : 0'
2026-03-06 12:08:52.778995,DEBUG,Print,'process device data : room_data_class2 : displays_assignment : [2]'
2026-03-06 12:08:52.778995,DEBUG,Print,'process device data : room_data_class2 : switch_used_inputs_assignment : [0, 1, 2, 3, 4, 5, 6, 7, 8, 9, 10, 11, 12, 13, 14, 15, 16, 17, 18, 19, 20, 21, 22, 23]'
2026-03-06 12:08:52.778995,DEBUG,Print,'process device data : room_data_class2 : switch_used_outputs_assignment : [3]'
2026-03-06 12:08:52.780500,DEBUG,Print,'process device data : room_data_class2 : switch_audio_output : 3'
2026-03-06 12:08:52.780500,DEBUG,Print,'process device data : room_data_class2 : custom_startup_time : 5'
2026-03-06 12:08:52.780500,DEBUG,Print,'process device data : room_data_class2 : custom_shutdown_time : 5'
2026-03-06 12:08:52.780500,DEBUG,Print,'process device data : room_data_class2 : switch_presentation_auto_route_default : [True]'
2026-03-06 12:08:52.794371,Room3 Virtual Panel,Option,'PrintToTrace,True'
2026-03-06 12:08:52.795371,DEBUG,Print,"process device data : room_data_class3 : room_names : ['Breakroom']"
2026-03-06 12:08:52.795371,DEBUG,Print,"process device data : room_data_class3 : combine_roles : ['Uncombined']"
2026-03-06 12:08:52.795371,DEBUG,Print,'process device data : room_data_class3 : combine_group : 3'
2026-03-06 12:08:52.796370,DEBUG,Print,'process device data : room_data_class3 : tp_assignment : [3]'
2026-03-06 12:08:52.796370,DEBUG,Print,'process device data : room_data_class3 : dsp_assignment : 0'
2026-03-06 12:08:52.796370,DEBUG,Print,'process device data : room_data_class3 : switch_assignment : 0'
2026-03-06 12:08:52.796370,DEBUG,Print,'process device data : room_data_class3 : displays_assignment : [3]'
2026-03-06 12:08:52.796370,DEBUG,Print,'process device data : room_data_class3 : switch_used_inputs_assignment : [0, 1, 2, 3, 4, 5, 6, 7, 8, 9, 10, 11, 12, 13, 14, 15, 16, 17, 18, 19, 20, 21, 22, 23]'
2026-03-06 12:08:52.796370,DEBUG,Print,'process device data : room_data_class3 : switch_used_outputs_assignment : [4]'
2026-03-06 12:08:52.796370,DEBUG,Print,'process device data : room_data_class3 : switch_audio_output : 4'
2026-03-06 12:08:52.796370,DEBUG,Print,'process device data : room_data_class3 : custom_startup_time : 5'
2026-03-06 12:08:52.796370,DEBUG,Print,'process device data : room_data_class3 : custom_shutdown_time : 5'
2026-03-06 12:08:52.796370,DEBUG,Print,'process device data : room_data_class3 : switch_presentation_auto_route_default : [True]'
2026-03-06 12:08:52.810547,Room4 Virtual Panel,Option,'PrintToTrace,True'
2026-03-06 12:08:52.811577,DEBUG,Print,"process device data : room_data_class4 : room_names : ['Lobby']"
2026-03-06 12:08:52.811577,DEBUG,Print,"process device data : room_data_class4 : combine_roles : ['Uncombined']"
2026-03-06 12:08:52.812581,DEBUG,Print,'process device data : room_data_class4 : combine_group : 4'
2026-03-06 12:08:52.812581,DEBUG,Print,'process device data : room_data_class4 : tp_assignment : [4]'
2026-03-06 12:08:52.812581,DEBUG,Print,'process device data : room_data_class4 : dsp_assignment : 0'
2026-03-06 12:08:52.812581,DEBUG,Print,'process device data : room_data_class4 : switch_assignment : 0'
2026-03-06 12:08:52.812940,DEBUG,Print,'process device data : room_data_class4 : displays_assignment : [4]'
2026-03-06 12:08:52.812940,DEBUG,Print,'process device data : room_data_class4 : switch_used_inputs_assignment : [0, 1, 2, 3, 4, 5, 6, 7, 8, 9, 10, 11, 12, 13, 14, 15, 16, 17, 18, 19, 20, 21, 22, 23]'
2026-03-06 12:08:52.812940,DEBUG,Print,'process device data : room_data_class4 : switch_used_outputs_assignment : [5]'
2026-03-06 12:08:52.812940,DEBUG,Print,'process device data : room_data_class4 : switch_audio_output : 5'
2026-03-06 12:08:52.812940,DEBUG,Print,'process device data : room_data_class4 : custom_startup_time : 5'
2026-03-06 12:08:52.812940,DEBUG,Print,'process device data : room_data_class4 : custom_shutdown_time : 5'
2026-03-06 12:08:52.812940,DEBUG,Print,'process device data : room_data_class4 : switch_presentation_auto_route_default : [True]'
2026-03-06 12:08:52.826572,Room5 Virtual Panel,Option,'PrintToTrace,True'
2026-03-06 12:08:52.828572,DEBUG,Print,"process device data : room_data_class5 : room_names : ['Hallway 200']"
2026-03-06 12:08:52.828572,DEBUG,Print,"process device data : room_data_class5 : combine_roles : ['Uncombined']"
2026-03-06 12:08:52.828572,DEBUG,Print,'process device data : room_data_class5 : combine_group : 5'
2026-03-06 12:08:52.828572,DEBUG,Print,'process device data : room_data_class5 : tp_assignment : [5]'
2026-03-06 12:08:52.828572,DEBUG,Print,'process device data : room_data_class5 : dsp_assignment : 0'
2026-03-06 12:08:52.828572,DEBUG,Print,'process device data : room_data_class5 : switch_assignment : 0'
2026-03-06 12:08:52.828572,DEBUG,Print,'process device data : room_data_class5 : displays_assignment : [5]'
2026-03-06 12:08:52.828572,DEBUG,Print,'process device data : room_data_class5 : switch_used_inputs_assignment : [0, 1, 2, 3, 4, 5, 6, 7, 8, 9, 10, 11, 12, 13, 14, 15, 16, 17, 18, 19, 20, 21, 22, 23]'
2026-03-06 12:08:52.828572,DEBUG,Print,'process device data : room_data_class5 : switch_used_outputs_assignment : [6]'
2026-03-06 12:08:52.828572,DEBUG,Print,'process device data : room_data_class5 : switch_audio_output : 6'
2026-03-06 12:08:52.828572,DEBUG,Print,'process device data : room_data_class5 : custom_startup_time : 5'
2026-03-06 12:08:52.828572,DEBUG,Print,'process device data : room_data_class5 : custom_shutdown_time : 5'
2026-03-06 12:08:52.829572,DEBUG,Print,'process device data : room_data_class5 : switch_presentation_auto_route_default : [True]'
2026-03-06 12:08:52.843746,Room6 Virtual Panel,Option,'PrintToTrace,True'
2026-03-06 12:08:52.844765,DEBUG,Print,"process device data : room_data_class6 : room_names : ['Building Wide Distribution']"
2026-03-06 12:08:52.844765,DEBUG,Print,"process device data : room_data_class6 : combine_roles : ['Uncombined']"
2026-03-06 12:08:52.844765,DEBUG,Print,'process device data : room_data_class6 : combine_group : 6'
2026-03-06 12:08:52.844765,DEBUG,Print,'process device data : room_data_class6 : tp_assignment : [6]'
2026-03-06 12:08:52.844765,DEBUG,Print,'process device data : room_data_class6 : dsp_assignment : 0'
2026-03-06 12:08:52.844765,DEBUG,Print,'process device data : room_data_class6 : switch_assignment : 0'
2026-03-06 12:08:52.845746,DEBUG,Print,'process device data : room_data_class6 : catvs_assignment : [0, 1, 2, 3, 4, 5]'
2026-03-06 12:08:52.845746,DEBUG,Print,'process device data : room_data_class6 : switch_used_inputs_assignment : [0, 1, 2, 3, 4, 5, 6, 7, 8, 9, 10, 11, 12, 13, 14, 15, 16, 17, 18, 19, 20, 21, 22, 23]'
2026-03-06 12:08:52.845746,DEBUG,Print,'process device data : room_data_class6 : switch_used_outputs_assignment : [0]'
2026-03-06 12:08:52.845746,DEBUG,Print,'process device data : room_data_class6 : switch_audio_output : 0'
2026-03-06 12:08:52.845746,DEBUG,Print,'process device data : room_data_class6 : custom_startup_time : 1'
2026-03-06 12:08:52.845746,DEBUG,Print,'process device data : room_data_class6 : custom_shutdown_time : 1'
2026-03-06 12:08:52.845746,DEBUG,Print,'process device data : room_data_class6 : switch_presentation_auto_route_default : [True]'
2026-03-06 12:08:52.859307,Room0 Virtual Panel,Command,'HideAllPopups'
2026-03-06 12:08:52.906480,Room1 Virtual Panel,Command,'HideAllPopups'
2026-03-06 12:08:52.950731,Room2 Virtual Panel,Command,'HideAllPopups'
2026-03-06 12:08:52.995707,Room3 Virtual Panel,Command,'HideAllPopups'
2026-03-06 12:08:53.052313,Room4 Virtual Panel,Command,'HideAllPopups'
2026-03-06 12:08:53.096907,Room5 Virtual Panel,Command,'HideAllPopups'
2026-03-06 12:08:53.142575,Room6 Virtual Panel,Command,'HideAllPopups'
2026-03-06 12:08:53.184233,Module:Switch0,Event,'ConnectionStatus,Connected,None'
2026-03-06 12:08:53.186238,Module:Switch0,Event,'ConnectionStatus,Disconnected,None'
2026-03-06 12:08:53.187238,Module:Display0,Event,'ConnectionStatus,Connected,None'
2026-03-06 12:08:53.187238,Module:Display0,Event,'ConnectionStatus,Disconnected,None'
2026-03-06 12:08:53.189244,Module:Display1,Event,'ConnectionStatus,Connected,None'
2026-03-06 12:08:53.189244,Module:Display1,Event,'ConnectionStatus,Disconnected,None'
2026-03-06 12:08:53.189244,Module:Display2,Event,'ConnectionStatus,Connected,None'
2026-03-06 12:08:53.189244,Module:Display2,Event,'ConnectionStatus,Disconnected,None'
2026-03-06 12:08:53.192451,Module:Display3,Event,'ConnectionStatus,Connected,None'
2026-03-06 12:08:53.192451,Module:Display3,Event,'ConnectionStatus,Disconnected,None'
2026-03-06 12:08:53.193829,Module:Display4,Event,'ConnectionStatus,Connected,None'
2026-03-06 12:08:53.193829,Module:Display4,Event,'ConnectionStatus,Disconnected,None'
2026-03-06 12:08:53.194829,Module:Display5,Event,'ConnectionStatus,Connected,None'
2026-03-06 12:08:53.194829,Module:Display5,Event,'ConnectionStatus,Disconnected,None'
2026-03-06 12:08:53.857775,Room6 Virtual Panel,Command,'HidePopup,100 - Starting Up'
2026-03-06 12:08:53.858765,Room6 Virtual Panel,Command,'HidePopup,170 - Powering Down'
2026-03-06 12:08:54.201741,Module:Display0,Command,'UpdatePower,None'
2026-03-06 12:08:54.202753,Module:Display5,Command,'UpdatePower,None'
2026-03-06 12:08:54.202753,Module:Display4,Command,'UpdatePower,None'
2026-03-06 12:08:54.202753,Module:Display1,Command,'UpdatePower,None'
2026-03-06 12:08:54.202753,Module:Display2,Command,'UpdatePower,None'
2026-03-06 12:08:54.202753,Module:Display5,Event,'ConnectionStatus,Connected,None'
2026-03-06 12:08:54.202753,Module:Display5,API,To Device,b'\x010A0A06\x0201D6\x03t\r'
2026-03-06 12:08:54.202753,Module:Display1,Event,'ConnectionStatus,Connected,None'
2026-03-06 12:08:54.202753,Module:Display1,API,To Device,b'\x010A0A06\x0201D6\x03t\r'
2026-03-06 12:08:54.202753,Module:Display3,Command,'UpdatePower,None'
2026-03-06 12:08:54.203751,Module:Display4,Event,'ConnectionStatus,Connected,None'
2026-03-06 12:08:54.203751,Module:Display4,API,To Device,'POWR????\r'
2026-03-06 12:08:54.203751,Module:Display2,Event,'ConnectionStatus,Connected,None'
2026-03-06 12:08:54.203751,Module:Display2,API,To Device,b'\x010A0A06\x0201D6\x03t\r'
2026-03-06 12:08:54.203751,Module:Display0,Event,'ConnectionStatus,Connected,None'
2026-03-06 12:08:54.203751,Module:Display0,API,To Device,b'\x010A0A06\x0201D6\x03t\r'
2026-03-06 12:08:54.204752,Module:Display3,Event,'ConnectionStatus,Connected,None'
2026-03-06 12:08:54.204752,Module:Display3,API,To Device,b'\x010A0A06\x0201D6\x03t\r'
2026-03-06 12:08:54.263499,Module:Display5,API,From Device,b''
2026-03-06 12:08:54.309561,Module:Display4,API,From Device,b''
2026-03-06 12:08:54.309561,Module:Display1,API,From Device,b''
2026-03-06 12:08:54.309561,Module:Display2,API,From Device,b''
2026-03-06 12:08:54.309561,Module:Display3,API,From Device,b''
2026-03-06 12:08:54.309561,Module:Display0,API,From Device,b''
2026-03-06 12:08:54.712949,Module:Switch0,Command,"UpdateInputSignalStatus,{'ID': '0'}"
2026-03-06 12:08:54.712949,Module:Switch0,Event,'ConnectionStatus,Connected,None'
2026-03-06 12:08:54.716151,Module:Switch0,Command,"UpdateVideoMuteDecoder,{'ID': '0'}"
2026-03-06 12:08:55.227846,Module:Switch0,Command,"UpdateInputSignalStatus,{'ID': '1'}"
2026-03-06 12:08:55.229197,Module:Switch0,Command,"UpdateVideoMuteDecoder,{'ID': '1'}"
2026-03-06 12:08:55.726309,Module:Switch0,API,To Device,'w3cv\r\n'
2026-03-06 12:08:55.726309,Module:Switch0,API,To Device,'w3cv\r\n'
2026-03-06 12:08:55.726309,Module:Switch0,API,To Device,'{0i:\x1b0LS\r}\r'
2026-03-06 12:08:55.727309,Module:Switch0,API,To Device,'{0o:B\r}\r'
2026-03-06 12:08:56.243318,Module:Switch0,API,To Device,'w3cv\r\n'
2026-03-06 12:08:56.243318,Module:Switch0,API,To Device,'w3cv\r\n'
2026-03-06 12:08:56.243318,Module:Switch0,API,To Device,'{1i:\x1b0LS\r}\r'
2026-03-06 12:08:56.243318,Module:Switch0,API,To Device,'{1o:B\r}\r'
2026-03-06 12:08:56.243318,Module:Switch0,Command,"UpdateInputSignalStatus,{'ID': '1'}"
2026-03-06 12:08:56.245323,Module:Switch0,Command,"UpdateVideoMuteDecoder,{'ID': '1'}"
2026-03-06 12:08:56.752822,Module:Switch0,Command,"UpdateInputSignalStatus,{'ID': '2'}"
2026-03-06 12:08:56.754603,Module:Switch0,Command,"UpdateVideoMuteDecoder,{'ID': '2'}"
2026-03-06 12:08:57.251248,Module:Switch0,API,To Device,'w3cv\r\n'
2026-03-06 12:08:57.251642,Module:Switch0,API,To Device,'w3cv\r\n'
2026-03-06 12:08:57.251642,Module:Switch0,API,To Device,'{1o:B\r}\r'
2026-03-06 12:08:57.251642,Module:Switch0,API,To Device,'{1i:\x1b0LS\r}\r'
2026-03-06 12:08:57.267323,Module:Switch0,Command,"UpdateInputSignalStatus,{'ID': '3'}"
2026-03-06 12:08:57.269316,Module:Switch0,Command,"UpdateVideoMuteDecoder,{'ID': '3'}"
2026-03-06 12:08:57.763342,Module:Switch0,API,To Device,'w3cv\r\n'
2026-03-06 12:08:57.763342,Module:Switch0,API,To Device,'{2o:B\r}\r'
2026-03-06 12:08:57.763342,Module:Switch0,API,To Device,'w3cv\r\n'
2026-03-06 12:08:57.763342,Module:Switch0,API,To Device,'{2i:\x1b0LS\r}\r'
2026-03-06 12:08:57.779150,Module:Switch0,Command,"UpdateInputSignalStatus,{'ID': '4'}"
2026-03-06 12:08:57.780655,Module:Switch0,Command,"UpdateVideoMuteDecoder,{'ID': '4'}"
2026-03-06 12:08:57.810781,Room0 Virtual Panel,Command,'HidePopup,170 - Powering Down'
2026-03-06 12:08:57.811287,Room0 Virtual Panel,Command,'HidePopup,100 - Starting Up'
2026-03-06 12:08:57.826239,Room1 Virtual Panel,Command,'HidePopup,100 - Starting Up'
2026-03-06 12:08:57.826239,Room1 Virtual Panel,Command,'HidePopup,170 - Powering Down'
2026-03-06 12:08:57.841747,Room2 Virtual Panel,Command,'HidePopup,100 - Starting Up'
2026-03-06 12:08:57.841747,Room2 Virtual Panel,Command,'HidePopup,170 - Powering Down'
2026-03-06 12:08:57.856878,Room3 Virtual Panel,Command,'HidePopup,100 - Starting Up'
2026-03-06 12:08:57.856878,Room3 Virtual Panel,Command,'HidePopup,170 - Powering Down'
2026-03-06 12:08:57.872896,Room4 Virtual Panel,Command,'HidePopup,100 - Starting Up'
2026-03-06 12:08:57.873425,Room4 Virtual Panel,Command,'HidePopup,170 - Powering Down'
2026-03-06 12:08:57.888292,Room5 Virtual Panel,Command,'HidePopup,100 - Starting Up'
2026-03-06 12:08:57.888292,Room5 Virtual Panel,Command,'HidePopup,170 - Powering Down'
2026-03-06 12:08:58.278646,Module:Switch0,API,To Device,'w3cv\r\n'
2026-03-06 12:08:58.278646,Module:Switch0,API,To Device,'w3cv\r\n'
2026-03-06 12:08:58.278646,Module:Switch0,API,To Device,'{3o:B\r}\r'
2026-03-06 12:08:58.278646,Module:Switch0,API,To Device,'{3i:\x1b0LS\r}\r'
2026-03-06 12:08:58.294460,Module:Switch0,Command,"UpdateInputSignalStatus,{'ID': '5'}"
2026-03-06 12:08:58.295388,Module:Switch0,Command,"UpdateVideoMuteDecoder,{'ID': '5'}"
2026-03-06 12:08:58.789123,Module:Switch0,API,To Device,'w3cv\r\n'
2026-03-06 12:08:58.789123,Module:Switch0,API,To Device,'{4i:\x1b0LS\r}\r'
2026-03-06 12:08:58.789123,Module:Switch0,API,To Device,'w3cv\r\n'
2026-03-06 12:08:58.789123,Module:Switch0,API,To Device,'{4o:B\r}\r'
2026-03-06 12:08:58.805175,Module:Switch0,Command,"UpdateInputSignalStatus,{'ID': '6'}"
2026-03-06 12:08:58.807152,Module:Switch0,Command,"UpdateVideoMuteDecoder,{'ID': '6'}"
2026-03-06 12:08:58.808097,Module:Switch0,Event,'ConnectionStatus,Disconnected,None'
2026-03-06 12:08:59.302477,Module:Switch0,API,To Device,'w3cv\r\n'
2026-03-06 12:08:59.302477,Module:Switch0,API,To Device,'w3cv\r\n'
2026-03-06 12:08:59.302477,Module:Switch0,API,To Device,'{5o:B\r}\r'
2026-03-06 12:08:59.302477,Module:Switch0,API,To Device,'{5i:\x1b0LS\r}\r'
2026-03-06 12:08:59.318545,Module:Switch0,Command,"UpdateInputSignalStatus,{'ID': '7'}"
2026-03-06 12:08:59.815827,Module:Switch0,API,To Device,'w3cv\r\n'
2026-03-06 12:08:59.815827,Module:Switch0,API,To Device,'w3cv\r\n'
2026-03-06 12:08:59.815827,Module:Switch0,API,To Device,'{6o:B\r}\r'
2026-03-06 12:08:59.815827,Module:Switch0,API,To Device,'{6i:\x1b0LS\r}\r'
2026-03-06 12:08:59.831558,Module:Switch0,Command,"UpdateInputSignalStatus,{'ID': '8'}"
2026-03-06 12:09:00.330833,Module:Switch0,API,To Device,'w3cv\r\n'
2026-03-06 12:09:00.330833,Module:Switch0,API,To Device,'{7i:\x1b0LS\r}\r'
2026-03-06 12:09:00.346443,Module:Switch0,Command,"UpdateInputSignalStatus,{'ID': '9'}"
2026-03-06 12:09:00.846219,Module:Switch0,API,To Device,'w3cv\r\n'
2026-03-06 12:09:00.846219,Module:Switch0,API,To Device,'{8i:\x1b0LS\r}\r'
2026-03-06 12:09:00.861869,Module:Switch0,Command,"UpdateInputSignalStatus,{'ID': '10'}"
2026-03-06 12:09:01.362303,Module:Switch0,API,To Device,'w3cv\r\n'
2026-03-06 12:09:01.362881,Module:Switch0,API,To Device,'{9i:\x1b0LS\r}\r'
2026-03-06 12:09:01.378082,Module:Switch0,Command,"UpdateInputSignalStatus,{'ID': '11'}"
2026-03-06 12:09:01.876081,Module:Switch0,API,To Device,'w3cv\r\n'
2026-03-06 12:09:01.876081,Module:Switch0,API,To Device,'{10i:\x1b0LS\r}\r'
2026-03-06 12:09:01.892109,Module:Switch0,Command,"UpdateInputSignalStatus,{'ID': '12'}"
2026-03-06 12:09:02.390478,Module:Switch0,API,To Device,'w3cv\r\n'
2026-03-06 12:09:02.390478,Module:Switch0,API,To Device,'{11i:\x1b0LS\r}\r'
2026-03-06 12:09:02.406133,Module:Switch0,Command,"UpdateInputSignalStatus,{'ID': '13'}"
2026-03-06 12:09:02.904270,Module:Switch0,API,To Device,'w3cv\r\n'
2026-03-06 12:09:02.905271,Module:Switch0,API,To Device,'{12i:\x1b0LS\r}\r'
2026-03-06 12:09:02.921559,Module:Switch0,Command,"UpdateInputSignalStatus,{'ID': '14'}"
2026-03-06 12:09:03.204476,DEBUG,Print,'servercom:listening result:Not Listening'
2026-03-06 12:09:03.206815,DEBUG,Print,'EXCEPTION:NonvolatileValues:ReadValues:Traceback (most recent call last):\n  File "c:\\Users\\manyr\\OneDrive\\Desktop\\Chris system\\Server\\source\\tools.py", line 403, in ReadValues\n    values = _json.load(f)\n  File "C:\\Python\\Python310\\lib\\json\\__init__.py", line 293, in load\n    return loads(fp.read(),\n  File "C:\\Python\\Python310\\lib\\json\\__init__.py", line 346, in loads\n    return _default_decoder.decode(s)\n  File "C:\\Python\\Python310\\lib\\json\\decoder.py", line 337, in decode\n    obj, end = self.raw_decode(s, idx=_w(s, 0).end())\n  File "C:\\Python\\Python310\\lib\\json\\decoder.py", line 355, in raw_decode\n    raise JSONDecodeError("Expecting value", s, err.value) from None\njson.decoder.JSONDecodeError: Expecting value: line 1 column 1 (char 0)\n:deleting corrupted file'
2026-03-06 12:09:03.206815,DEBUG,Print,'servercom: sync function: {}'
2026-03-06 12:09:03.209816,Room0 Virtual Panel,Command,'HideAllPopups'
2026-03-06 12:09:03.210815,Room0 Virtual Panel,Command,'ShowPage,Reconfiguring'
2026-03-06 12:09:03.211826,Room0 Virtual Panel,Command,'AddPanel,IC142Panel'
2026-03-06 12:09:03.214596,Room1 Virtual Panel,Command,'HideAllPopups'
2026-03-06 12:09:03.214596,Room1 Virtual Panel,Command,'ShowPage,Reconfiguring'
2026-03-06 12:09:03.215596,Room1 Virtual Panel,Command,'AddPanel,IC143Panel'
2026-03-06 12:09:03.238757,Room2 Virtual Panel,Command,'HideAllPopups'
2026-03-06 12:09:03.239757,Room2 Virtual Panel,Command,'ShowPage,Reconfiguring'
2026-03-06 12:09:03.242265,Room2 Virtual Panel,Command,'AddPanel,IC144Panel'
2026-03-06 12:09:03.244271,Room3 Virtual Panel,Command,'HideAllPopups'
2026-03-06 12:09:03.244271,Room3 Virtual Panel,Command,'ShowPage,Reconfiguring'
2026-03-06 12:09:03.246265,Room3 Virtual Panel,Command,'AddPanel,BreakRmPanel'
2026-03-06 12:09:03.251324,Room4 Virtual Panel,Command,'HideAllPopups'
2026-03-06 12:09:03.252329,Room4 Virtual Panel,Command,'ShowPage,Reconfiguring'
2026-03-06 12:09:03.255329,Room4 Virtual Panel,Command,'AddPanel,LobbyPanel'
2026-03-06 12:09:03.264365,Room5 Virtual Panel,Command,'HideAllPopups'
2026-03-06 12:09:03.265365,Room5 Virtual Panel,Command,'ShowPage,Reconfiguring'
2026-03-06 12:09:03.268366,Room5 Virtual Panel,Command,'AddPanel,HallPanel'
2026-03-06 12:09:03.273134,Room6 Virtual Panel,Command,'HideAllPopups'
2026-03-06 12:09:03.274139,Room6 Virtual Panel,Command,'ShowPage,Reconfiguring'
2026-03-06 12:09:03.282714,Device TP:IC142Panel,Command,'HidePopup,Booting'
2026-03-06 12:09:03.283713,Device TP:IC143Panel,Command,'HidePopup,Booting'
2026-03-06 12:09:03.284716,Device TP:IC144Panel,Command,'HidePopup,Booting'
2026-03-06 12:09:03.284716,Room6 Virtual Panel,Command,'AddPanel,BWDPanel'
2026-03-06 12:09:03.287215,Device TP:BreakRmPanel,Command,'HidePopup,Booting'
2026-03-06 12:09:03.291396,Device TP:LobbyPanel,Command,'HidePopup,Booting'
2026-03-06 12:09:03.295121,Device TP:HallPanel,Command,'HidePopup,Booting'
2026-03-06 12:09:03.297155,Device TP:BWDPanel,Command,'HidePopup,Booting'
2026-03-06 12:09:03.336105,Room0 Virtual Panel,Command,'SetText,Label,2,,IC Room 142'
2026-03-06 12:09:03.337105,Room0 Virtual Panel,Command,'SetText,Label,4,,| IC Room 142 |'
2026-03-06 12:09:03.338105,Room0 Virtual Panel,Command,'SetVisible,Button,85,,False'
2026-03-06 12:09:03.339105,Room0 Virtual Panel,Command,'SetVisible,Label,1281,,False'
2026-03-06 12:09:03.340609,Room0 Virtual Panel,Command,'SetVisible,Label,1282,,False'
2026-03-06 12:09:03.342118,Room0 Virtual Panel,Command,'SetVisible,Label,1283,,False'
2026-03-06 12:09:03.342118,Room0 Virtual Panel,Command,'SetVisible,Label,1284,,False'
2026-03-06 12:09:03.349584,Room0 Virtual Panel,Command,'SetVisible,Label,1285,,False'
2026-03-06 12:09:03.349584,Room0 Virtual Panel,Command,'SetVisible,Label,1286,,False'
2026-03-06 12:09:03.350577,Room0 Virtual Panel,Command,'SetVisible,Label,1287,,False'
2026-03-06 12:09:03.351599,Room0 Virtual Panel,Command,'SetVisible,Label,1288,,False'
2026-03-06 12:09:03.352615,Room0 Virtual Panel,Command,'SetVisible,Label,1289,,False'
2026-03-06 12:09:03.352615,Room0 Virtual Panel,Command,'SetVisible,Label,1290,,False'
2026-03-06 12:09:03.353362,Room0 Virtual Panel,Command,'SetVisible,Label,2301,,False'
2026-03-06 12:09:03.359871,Room0 Virtual Panel,Command,'SetVisible,Label,2302,,False'
2026-03-06 12:09:03.365395,Room0 Virtual Panel,Command,'SetVisible,Label,2303,,False'
2026-03-06 12:09:03.366395,Room3 Virtual Panel,Command,'SetText,Label,2,,Breakroom'
2026-03-06 12:09:03.366395,Room1 Virtual Panel,Command,'SetText,Label,2,,IC Room 143'
2026-03-06 12:09:03.366395,Room0 Virtual Panel,Command,'SetVisible,Label,2304,,False'
2026-03-06 12:09:03.367395,Room0 Virtual Panel,Command,'SetVisible,Label,2305,,False'
2026-03-06 12:09:03.368395,Room0 Virtual Panel,Command,'SetVisible,Label,2306,,False'
2026-03-06 12:09:03.368395,Room1 Virtual Panel,Command,'SetText,Label,4,,| IC Room 143 |'
2026-03-06 12:09:03.368395,Room3 Virtual Panel,Command,'SetText,Label,4,,| Breakroom |'
2026-03-06 12:09:03.369395,Room0 Virtual Panel,Command,'SetVisible,Label,2307,,False'
2026-03-06 12:09:03.369395,Room1 Virtual Panel,Command,'SetVisible,Button,85,,False'
2026-03-06 12:09:03.369395,Room3 Virtual Panel,Command,'SetVisible,Button,85,,False'
2026-03-06 12:09:03.369395,Room0 Virtual Panel,Command,'SetVisible,Label,2308,,False'
2026-03-06 12:09:03.375926,Room3 Virtual Panel,Command,'SetVisible,Label,1281,,False'
2026-03-06 12:09:03.375926,Room0 Virtual Panel,Command,'SetVisible,Label,2309,,False'
2026-03-06 12:09:03.381429,Room0 Virtual Panel,Command,'SetVisible,Label,2310,,False'
2026-03-06 12:09:03.381429,Room2 Virtual Panel,Command,'SetText,Label,2,,IC Room 144'
2026-03-06 12:09:03.381429,Room1 Virtual Panel,Command,'SetVisible,Label,1281,,False'
2026-03-06 12:09:03.381429,Room0 Virtual Panel,Command,'SetVisible,Label,2311,,False'
2026-03-06 12:09:03.381429,Room3 Virtual Panel,Command,'SetVisible,Label,1282,,False'
2026-03-06 12:09:03.421110,Room0 Virtual Panel,Command,'SetVisible,Label,2312,,False'
2026-03-06 12:09:03.423629,Module:Switch0,API,To Device,'w3cv\r\n'
2026-03-06 12:09:03.423629,Room0 Virtual Panel,Command,'SetVisible,Label,2313,,False'
2026-03-06 12:09:03.423629,Room1 Virtual Panel,Command,'SetVisible,Label,1282,,False'
2026-03-06 12:09:03.424630,Room0 Virtual Panel,Command,'SetVisible,Label,2314,,False'
2026-03-06 12:09:03.424630,Room2 Virtual Panel,Command,'SetText,Label,4,,| IC Room 144 |'
2026-03-06 12:09:03.424630,Module:Switch0,API,To Device,'{13i:\x1b0LS\r}\r'
2026-03-06 12:09:03.424630,Room0 Virtual Panel,Command,'SetVisible,Label,2315,,False'
2026-03-06 12:09:03.425630,Room0 Virtual Panel,Command,'SetVisible,Label,2316,,False'
2026-03-06 12:09:03.425630,Room3 Virtual Panel,Command,'SetVisible,Label,1283,,False'
2026-03-06 12:09:03.426629,Room1 Virtual Panel,Command,'SetVisible,Label,1283,,False'
2026-03-06 12:09:03.426629,Room0 Virtual Panel,Command,'SetVisible,Label,2317,,False'
2026-03-06 12:09:03.426629,Room1 Virtual Panel,Command,'SetVisible,Label,1284,,False'
2026-03-06 12:09:03.427639,Room3 Virtual Panel,Command,'SetVisible,Label,1284,,False'
2026-03-06 12:09:03.427639,Room1 Virtual Panel,Command,'SetVisible,Label,1285,,False'
2026-03-06 12:09:03.427639,Room2 Virtual Panel,Command,'SetVisible,Button,85,,False'
2026-03-06 12:09:03.428637,Room3 Virtual Panel,Command,'SetVisible,Label,1285,,False'
2026-03-06 12:09:03.428637,Room0 Virtual Panel,Command,'SetVisible,Label,2318,,False'
2026-03-06 12:09:03.428637,Room1 Virtual Panel,Command,'SetVisible,Label,1286,,False'
2026-03-06 12:09:03.433187,Room0 Virtual Panel,Command,'SetVisible,Label,2319,,False'
2026-03-06 12:09:03.433187,Room2 Virtual Panel,Command,'SetVisible,Label,1281,,False'
2026-03-06 12:09:03.433187,Room1 Virtual Panel,Command,'SetVisible,Label,1287,,False'
2026-03-06 12:09:03.433187,Room1 Virtual Panel,Command,'SetVisible,Label,1288,,False'
2026-03-06 12:09:03.433187,Room3 Virtual Panel,Command,'SetVisible,Label,1286,,False'
2026-03-06 12:09:03.433187,Room2 Virtual Panel,Command,'SetVisible,Label,1282,,False'
2026-03-06 12:09:03.433187,Room1 Virtual Panel,Command,'SetVisible,Label,1289,,False'
2026-03-06 12:09:03.433187,Room0 Virtual Panel,Command,'SetTextButton,793,,'
2026-03-06 12:09:03.433187,Module:Switch0,Command,"UpdateInputSignalStatus,{'ID': '15'}"
2026-03-06 12:09:03.434644,Room4 Virtual Panel,Command,'SetText,Label,2,,Lobby'
2026-03-06 12:09:03.434644,Room3 Virtual Panel,Command,'SetVisible,Label,1287,,False'
2026-03-06 12:09:03.435653,Room1 Virtual Panel,Command,'SetVisible,Label,1290,,False'
2026-03-06 12:09:03.435653,Room0 Virtual Panel,Command,'SetVisible,Button,4925,,False'
2026-03-06 12:09:03.435653,Room4 Virtual Panel,Command,'SetText,Label,4,,| Lobby |'
2026-03-06 12:09:03.436654,Room1 Virtual Panel,Command,'SetVisible,Label,2301,,False'
2026-03-06 12:09:03.436654,Room0 Virtual Panel,Command,'SetVisible,Button,4926,,False'
2026-03-06 12:09:03.436654,Room2 Virtual Panel,Command,'SetVisible,Label,1283,,False'
2026-03-06 12:09:03.436654,Room1 Virtual Panel,Command,'SetVisible,Label,2302,,False'
2026-03-06 12:09:03.436654,Room3 Virtual Panel,Command,'SetVisible,Label,1288,,False'
2026-03-06 12:09:03.437654,Room3 Virtual Panel,Command,'SetVisible,Label,1289,,False'
2026-03-06 12:09:03.437654,Room2 Virtual Panel,Command,'SetVisible,Label,1284,,False'
2026-03-06 12:09:03.437654,Room1 Virtual Panel,Command,'SetVisible,Label,2303,,False'
2026-03-06 12:09:03.437654,Room0 Virtual Panel,Command,'SetVisible,Button,4927,,False'
2026-03-06 12:09:03.437654,Room1 Virtual Panel,Command,'SetVisible,Label,2304,,False'
2026-03-06 12:09:03.437654,Room4 Virtual Panel,Command,'SetVisible,Button,85,,False'
2026-03-06 12:09:03.437654,Room3 Virtual Panel,Command,'SetVisible,Label,1290,,False'
2026-03-06 12:09:03.438654,Room0 Virtual Panel,Command,'SetVisible,Button,4928,,False'
2026-03-06 12:09:03.438654,Room1 Virtual Panel,Command,'SetVisible,Label,2305,,False'
2026-03-06 12:09:03.438654,Room3 Virtual Panel,Command,'SetVisible,Label,2301,,False'
2026-03-06 12:09:03.438654,Room2 Virtual Panel,Command,'SetVisible,Label,1285,,False'
2026-03-06 12:09:03.438654,Room1 Virtual Panel,Command,'SetVisible,Label,2306,,False'
2026-03-06 12:09:03.438654,Room4 Virtual Panel,Command,'SetVisible,Label,1281,,False'
2026-03-06 12:09:03.439653,Room0 Virtual Panel,Command,'SetVisible,Button,4929,,False'
2026-03-06 12:09:03.439653,Room3 Virtual Panel,Command,'SetVisible,Label,2302,,False'
2026-03-06 12:09:03.439653,Room1 Virtual Panel,Command,'SetVisible,Label,2307,,False'
2026-03-06 12:09:03.439653,Room2 Virtual Panel,Command,'SetVisible,Label,1286,,False'
2026-03-06 12:09:03.439653,Room0 Virtual Panel,Command,'SetVisible,Button,4930,,False'
2026-03-06 12:09:03.440660,Room3 Virtual Panel,Command,'SetVisible,Label,2303,,False'
2026-03-06 12:09:03.440660,Room1 Virtual Panel,Command,'SetVisible,Label,2308,,False'
2026-03-06 12:09:03.440660,Room2 Virtual Panel,Command,'SetVisible,Label,1287,,False'
2026-03-06 12:09:03.440660,Room0 Virtual Panel,Command,'SetVisible,Button,4931,,False'
2026-03-06 12:09:03.440660,Room4 Virtual Panel,Command,'SetVisible,Label,1282,,False'
2026-03-06 12:09:03.440660,Room1 Virtual Panel,Command,'SetVisible,Label,2309,,False'
2026-03-06 12:09:03.441725,Room3 Virtual Panel,Command,'SetVisible,Label,2304,,False'
2026-03-06 12:09:03.441725,Room1 Virtual Panel,Command,'SetVisible,Label,2310,,False'
2026-03-06 12:09:03.441725,Room0 Virtual Panel,Command,'SetVisible,Button,4932,,False'
2026-03-06 12:09:03.441725,Room2 Virtual Panel,Command,'SetVisible,Label,1288,,False'
2026-03-06 12:09:03.442732,Room1 Virtual Panel,Command,'SetVisible,Label,2311,,False'
2026-03-06 12:09:03.442732,Room4 Virtual Panel,Command,'SetVisible,Label,1283,,False'
2026-03-06 12:09:03.442732,Room3 Virtual Panel,Command,'SetVisible,Label,2305,,False'
2026-03-06 12:09:03.442732,Room2 Virtual Panel,Command,'SetVisible,Label,1289,,False'
2026-03-06 12:09:03.442732,Room1 Virtual Panel,Command,'SetVisible,Label,2312,,False'
2026-03-06 12:09:03.442732,Room4 Virtual Panel,Command,'SetVisible,Label,1284,,False'
2026-03-06 12:09:03.442732,Room0 Virtual Panel,Command,'SetVisible,Button,4900,,True'
2026-03-06 12:09:03.442732,Room3 Virtual Panel,Command,'SetVisible,Label,2306,,False'
2026-03-06 12:09:03.442732,Room1 Virtual Panel,Command,'SetVisible,Label,2313,,False'
2026-03-06 12:09:03.443730,Room4 Virtual Panel,Command,'SetVisible,Label,1285,,False'
2026-03-06 12:09:03.443730,Room2 Virtual Panel,Command,'SetVisible,Label,1290,,False'
2026-03-06 12:09:03.443730,Room3 Virtual Panel,Command,'SetVisible,Label,2307,,False'
2026-03-06 12:09:03.443730,Room0 Virtual Panel,Command,'SetVisible,Button,4901,,True'
2026-03-06 12:09:03.444730,Room3 Virtual Panel,Command,'SetVisible,Label,2308,,False'
2026-03-06 12:09:03.444730,Room0 Virtual Panel,Command,'SetVisible,Button,4902,,True'
2026-03-06 12:09:03.445729,Room1 Virtual Panel,Command,'SetVisible,Label,2314,,False'
2026-03-06 12:09:03.445729,Room4 Virtual Panel,Command,'SetVisible,Label,1286,,False'
2026-03-06 12:09:03.445729,Room2 Virtual Panel,Command,'SetVisible,Label,2301,,False'
2026-03-06 12:09:03.445729,Room0 Virtual Panel,Command,'SetVisible,Button,4903,,True'
2026-03-06 12:09:03.445729,Room1 Virtual Panel,Command,'SetVisible,Label,2315,,False'
2026-03-06 12:09:03.451302,Room0 Virtual Panel,Command,'SetVisible,Button,4904,,True'
2026-03-06 12:09:03.451302,Room3 Virtual Panel,Command,'SetVisible,Label,2309,,False'
2026-03-06 12:09:03.451302,Room4 Virtual Panel,Command,'SetVisible,Label,1287,,False'
2026-03-06 12:09:03.451302,Room2 Virtual Panel,Command,'SetVisible,Label,2302,,False'
2026-03-06 12:09:03.451302,Room5 Virtual Panel,Command,'SetText,Label,2,,Hallway 200'
2026-03-06 12:09:03.451302,Room1 Virtual Panel,Command,'SetVisible,Label,2316,,False'
2026-03-06 12:09:03.452309,Room4 Virtual Panel,Command,'SetVisible,Label,1288,,False'
2026-03-06 12:09:03.452309,Room1 Virtual Panel,Command,'SetVisible,Label,2317,,False'
2026-03-06 12:09:03.452690,Room3 Virtual Panel,Command,'SetVisible,Label,2310,,False'
2026-03-06 12:09:03.452690,Room2 Virtual Panel,Command,'SetVisible,Label,2303,,False'
2026-03-06 12:09:03.452690,Room5 Virtual Panel,Command,'SetText,Label,4,,| Hallway 200 |'
2026-03-06 12:09:03.452690,Room0 Virtual Panel,Command,'SetVisible,Button,4905,,True'
2026-03-06 12:09:03.452690,Room4 Virtual Panel,Command,'SetVisible,Label,1289,,False'
2026-03-06 12:09:03.452690,Room1 Virtual Panel,Command,'SetVisible,Label,2318,,False'
2026-03-06 12:09:03.453315,Room4 Virtual Panel,Command,'SetVisible,Label,1290,,False'
2026-03-06 12:09:03.453315,Room3 Virtual Panel,Command,'SetVisible,Label,2311,,False'
2026-03-06 12:09:03.453315,Room2 Virtual Panel,Command,'SetVisible,Label,2304,,False'
2026-03-06 12:09:03.453315,Room0 Virtual Panel,Command,'SetVisible,Button,4906,,True'
2026-03-06 12:09:03.453315,Room4 Virtual Panel,Command,'SetVisible,Label,2301,,False'
2026-03-06 12:09:03.453315,Room3 Virtual Panel,Command,'SetVisible,Label,2312,,False'
2026-03-06 12:09:03.453315,Room2 Virtual Panel,Command,'SetVisible,Label,2305,,False'
2026-03-06 12:09:03.453315,Room1 Virtual Panel,Command,'SetVisible,Label,2319,,False'
2026-03-06 12:09:03.454309,Room0 Virtual Panel,Command,'SetVisible,Button,4907,,True'
2026-03-06 12:09:03.454309,Room3 Virtual Panel,Command,'SetVisible,Label,2313,,False'
2026-03-06 12:09:03.454309,Room5 Virtual Panel,Command,'SetVisible,Button,85,,False'
2026-03-06 12:09:03.454309,Room2 Virtual Panel,Command,'SetVisible,Label,2306,,False'
2026-03-06 12:09:03.454309,Room4 Virtual Panel,Command,'SetVisible,Label,2302,,False'
2026-03-06 12:09:03.454309,Room2 Virtual Panel,Command,'SetVisible,Label,2307,,False'
2026-03-06 12:09:03.454309,Room1 Virtual Panel,Command,'SetTextButton,793,,'
2026-03-06 12:09:03.454309,Room0 Virtual Panel,Command,'SetVisible,Button,4908,,True'
2026-03-06 12:09:03.454309,Room4 Virtual Panel,Command,'SetVisible,Label,2303,,False'
2026-03-06 12:09:03.454309,Room3 Virtual Panel,Command,'SetVisible,Label,2314,,False'
2026-03-06 12:09:03.455310,Room5 Virtual Panel,Command,'SetVisible,Label,1281,,False'
2026-03-06 12:09:03.455310,Room1 Virtual Panel,Command,'SetVisible,Button,4925,,False'
2026-03-06 12:09:03.455310,Room2 Virtual Panel,Command,'SetVisible,Label,2308,,False'
2026-03-06 12:09:03.455310,Room0 Virtual Panel,Command,'SetVisible,Button,4909,,True'
2026-03-06 12:09:03.455310,Room4 Virtual Panel,Command,'SetVisible,Label,2304,,False'
2026-03-06 12:09:03.455310,Room1 Virtual Panel,Command,'SetVisible,Button,4926,,False'
2026-03-06 12:09:03.455310,Room4 Virtual Panel,Command,'SetVisible,Label,2305,,False'
2026-03-06 12:09:03.455310,Room0 Virtual Panel,Command,'SetVisible,Button,4910,,True'
2026-03-06 12:09:03.456314,Room2 Virtual Panel,Command,'SetVisible,Label,2309,,False'
2026-03-06 12:09:03.456314,Room3 Virtual Panel,Command,'SetVisible,Label,2315,,False'
2026-03-06 12:09:03.456314,Room4 Virtual Panel,Command,'SetVisible,Label,2306,,False'
2026-03-06 12:09:03.456314,Room2 Virtual Panel,Command,'SetVisible,Label,2310,,False'
2026-03-06 12:09:03.456314,Room1 Virtual Panel,Command,'SetVisible,Button,4927,,False'
2026-03-06 12:09:03.461332,Room5 Virtual Panel,Command,'SetVisible,Label,1282,,False'
2026-03-06 12:09:03.461332,Room0 Virtual Panel,Command,'SetVisible,Button,4911,,True'
2026-03-06 12:09:03.461332,Room3 Virtual Panel,Command,'SetVisible,Label,2316,,False'
2026-03-06 12:09:03.461332,Room4 Virtual Panel,Command,'SetVisible,Label,2307,,False'
2026-03-06 12:09:03.461332,Room2 Virtual Panel,Command,'SetVisible,Label,2311,,False'
2026-03-06 12:09:03.461332,Room1 Virtual Panel,Command,'SetVisible,Button,4928,,False'
2026-03-06 12:09:03.461332,Room2 Virtual Panel,Command,'SetVisible,Label,2312,,False'
2026-03-06 12:09:03.462340,Room0 Virtual Panel,Command,'SetVisible,Button,4912,,True'
2026-03-06 12:09:03.462340,Room5 Virtual Panel,Command,'SetVisible,Label,1283,,False'
2026-03-06 12:09:03.462340,Room3 Virtual Panel,Command,'SetVisible,Label,2317,,False'
2026-03-06 12:09:03.462340,Room1 Virtual Panel,Command,'SetVisible,Button,4929,,False'
2026-03-06 12:09:03.462340,Room4 Virtual Panel,Command,'SetVisible,Label,2308,,False'
2026-03-06 12:09:03.462340,Room0 Virtual Panel,Command,'SetVisible,Button,4913,,True'
2026-03-06 12:09:03.462340,Room6 Virtual Panel,Command,'SetText,Label,2,,Building Wide Distribution'
2026-03-06 12:09:03.462340,Room1 Virtual Panel,Command,'SetVisible,Button,4930,,False'
2026-03-06 12:09:03.462340,Room5 Virtual Panel,Command,'SetVisible,Label,1284,,False'
2026-03-06 12:09:03.462340,Room2 Virtual Panel,Command,'SetVisible,Label,2313,,False'
2026-03-06 12:09:03.462340,Room3 Virtual Panel,Command,'SetVisible,Label,2318,,False'
2026-03-06 12:09:03.462340,Room4 Virtual Panel,Command,'SetVisible,Label,2309,,False'
2026-03-06 12:09:03.463339,Room5 Virtual Panel,Command,'SetVisible,Label,1285,,False'
2026-03-06 12:09:03.463339,Room2 Virtual Panel,Command,'SetVisible,Label,2314,,False'
2026-03-06 12:09:03.463339,Room0 Virtual Panel,Command,'SetVisible,Button,4914,,True'
2026-03-06 12:09:03.463339,Room3 Virtual Panel,Command,'SetVisible,Label,2319,,False'
2026-03-06 12:09:03.463339,Room6 Virtual Panel,Command,'SetText,Label,4,,| Building Wide Distribution |'
2026-03-06 12:09:03.463339,Room1 Virtual Panel,Command,'SetVisible,Button,4931,,False'
2026-03-06 12:09:03.463339,Room4 Virtual Panel,Command,'SetVisible,Label,2310,,False'
2026-03-06 12:09:03.463339,Room0 Virtual Panel,Command,'SetVisible,Button,4915,,True'
2026-03-06 12:09:03.463339,Room2 Virtual Panel,Command,'SetVisible,Label,2315,,False'
2026-03-06 12:09:03.463339,Room5 Virtual Panel,Command,'SetVisible,Label,1286,,False'
2026-03-06 12:09:03.463339,Room1 Virtual Panel,Command,'SetVisible,Button,4932,,False'
2026-03-06 12:09:03.463339,Room0 Virtual Panel,Command,'SetVisible,Button,4916,,True'
2026-03-06 12:09:03.463339,Room3 Virtual Panel,Command,'SetTextButton,793,,'
2026-03-06 12:09:03.464339,Room4 Virtual Panel,Command,'SetVisible,Label,2311,,False'
2026-03-06 12:09:03.464339,Room2 Virtual Panel,Command,'SetVisible,Label,2316,,False'
2026-03-06 12:09:03.464339,Room5 Virtual Panel,Command,'SetVisible,Label,1287,,False'
2026-03-06 12:09:03.464339,Room6 Virtual Panel,Command,'SetVisible,Button,85,,False'
2026-03-06 12:09:03.464339,Room5 Virtual Panel,Command,'SetVisible,Label,1288,,False'
2026-03-06 12:09:03.464339,Room3 Virtual Panel,Command,'SetVisible,Button,4925,,False'
2026-03-06 12:09:03.464339,Room1 Virtual Panel,Command,'SetVisible,Button,4900,,True'
2026-03-06 12:09:03.464339,Room2 Virtual Panel,Command,'SetVisible,Label,2317,,False'
2026-03-06 12:09:03.464339,Room4 Virtual Panel,Command,'SetVisible,Label,2312,,False'
2026-03-06 12:09:03.464339,Room3 Virtual Panel,Command,'SetVisible,Button,4926,,False'
2026-03-06 12:09:03.464339,Room0 Virtual Panel,Command,'SetVisible,Button,4917,,True'
2026-03-06 12:09:03.464339,Room6 Virtual Panel,Command,'SetVisible,Label,1281,,False'
2026-03-06 12:09:03.464339,Room5 Virtual Panel,Command,'SetVisible,Label,1289,,False'
2026-03-06 12:09:03.465339,Room1 Virtual Panel,Command,'SetVisible,Button,4901,,True'
2026-03-06 12:09:03.465339,Room2 Virtual Panel,Command,'SetVisible,Label,2318,,False'
2026-03-06 12:09:03.465339,Room4 Virtual Panel,Command,'SetVisible,Label,2313,,False'
2026-03-06 12:09:03.465339,Room5 Virtual Panel,Command,'SetVisible,Label,1290,,False'
2026-03-06 12:09:03.465339,Room2 Virtual Panel,Command,'SetVisible,Label,2319,,False'
2026-03-06 12:09:03.465339,Room1 Virtual Panel,Command,'SetVisible,Button,4902,,True'
2026-03-06 12:09:03.465339,Room3 Virtual Panel,Command,'SetVisible,Button,4927,,False'
2026-03-06 12:09:03.465339,Room0 Virtual Panel,Command,'SetVisible,Button,4918,,True'
2026-03-06 12:09:03.465339,Room5 Virtual Panel,Command,'SetVisible,Label,2301,,False'
2026-03-06 12:09:03.465339,Room4 Virtual Panel,Command,'SetVisible,Label,2314,,False'
2026-03-06 12:09:03.465339,Room2 Virtual Panel,Command,'SetTextButton,793,,'
2026-03-06 12:09:03.465339,Room1 Virtual Panel,Command,'SetVisible,Button,4903,,True'
2026-03-06 12:09:03.465339,Room6 Virtual Panel,Command,'SetVisible,Label,1282,,False'
2026-03-06 12:09:03.466339,Room0 Virtual Panel,Command,'SetVisible,Button,4919,,True'
2026-03-06 12:09:03.466339,Room5 Virtual Panel,Command,'SetVisible,Label,2302,,False'
2026-03-06 12:09:03.466339,Room4 Virtual Panel,Command,'SetVisible,Label,2315,,False'
2026-03-06 12:09:03.466339,Room2 Virtual Panel,Command,'SetVisible,Button,4925,,False'
2026-03-06 12:09:03.466339,Room1 Virtual Panel,Command,'SetVisible,Button,4904,,True'
2026-03-06 12:09:03.466339,Room3 Virtual Panel,Command,'SetVisible,Button,4928,,False'
2026-03-06 12:09:03.466339,Room6 Virtual Panel,Command,'SetVisible,Label,1283,,False'
2026-03-06 12:09:03.466339,Room5 Virtual Panel,Command,'SetVisible,Label,2303,,False'
2026-03-06 12:09:03.466339,Room0 Virtual Panel,Command,'SetVisible,Button,4920,,True'
2026-03-06 12:09:03.466339,Room2 Virtual Panel,Command,'SetVisible,Button,4926,,False'
2026-03-06 12:09:03.466339,Room1 Virtual Panel,Command,'SetVisible,Button,4905,,True'
2026-03-06 12:09:03.466339,Room4 Virtual Panel,Command,'SetVisible,Label,2316,,False'
2026-03-06 12:09:03.466339,Room0 Virtual Panel,Command,'SetVisible,Button,4921,,True'
2026-03-06 12:09:03.466339,Room6 Virtual Panel,Command,'SetVisible,Label,1284,,False'
2026-03-06 12:09:03.467340,Room3 Virtual Panel,Command,'SetVisible,Button,4929,,False'
2026-03-06 12:09:03.467340,Room5 Virtual Panel,Command,'SetVisible,Label,2304,,False'
2026-03-06 12:09:03.467340,Room2 Virtual Panel,Command,'SetVisible,Button,4927,,False'
2026-03-06 12:09:03.467340,Room1 Virtual Panel,Command,'SetVisible,Button,4906,,True'
2026-03-06 12:09:03.467340,Room4 Virtual Panel,Command,'SetVisible,Label,2317,,False'
2026-03-06 12:09:03.467340,Room0 Virtual Panel,Command,'SetVisible,Button,4922,,True'
2026-03-06 12:09:03.467340,Room3 Virtual Panel,Command,'SetVisible,Button,4930,,False'
2026-03-06 12:09:03.467340,Room5 Virtual Panel,Command,'SetVisible,Label,2305,,False'
2026-03-06 12:09:03.467340,Room1 Virtual Panel,Command,'SetVisible,Button,4907,,True'
2026-03-06 12:09:03.467340,Room2 Virtual Panel,Command,'SetVisible,Button,4928,,False'
2026-03-06 12:09:03.467340,Room6 Virtual Panel,Command,'SetVisible,Label,1285,,False'
2026-03-06 12:09:03.467340,Room4 Virtual Panel,Command,'SetVisible,Label,2318,,False'
2026-03-06 12:09:03.467340,Room3 Virtual Panel,Command,'SetVisible,Button,4931,,False'
2026-03-06 12:09:03.467340,Room1 Virtual Panel,Command,'SetVisible,Button,4908,,True'
2026-03-06 12:09:03.467340,Room2 Virtual Panel,Command,'SetVisible,Button,4929,,False'
2026-03-06 12:09:03.467340,Room0 Virtual Panel,Command,'SetVisible,Button,4923,,True'
2026-03-06 12:09:03.467340,Room6 Virtual Panel,Command,'SetVisible,Label,1286,,False'
2026-03-06 12:09:03.468339,Room3 Virtual Panel,Command,'SetVisible,Button,4932,,False'
2026-03-06 12:09:03.468339,Room1 Virtual Panel,Command,'SetVisible,Button,4909,,True'
2026-03-06 12:09:03.468339,Room5 Virtual Panel,Command,'SetVisible,Label,2306,,False'
2026-03-06 12:09:03.468339,Room6 Virtual Panel,Command,'SetVisible,Label,1287,,False'
2026-03-06 12:09:03.468339,Room0 Virtual Panel,Command,'SetVisible,Button,4924,,True'
2026-03-06 12:09:03.468339,Room3 Virtual Panel,Command,'SetVisible,Button,4900,,True'
2026-03-06 12:09:03.468339,Room5 Virtual Panel,Command,'SetVisible,Label,2307,,False'
2026-03-06 12:09:03.468339,Room2 Virtual Panel,Command,'SetVisible,Button,4930,,False'
2026-03-06 12:09:03.468339,Room6 Virtual Panel,Command,'SetVisible,Label,1288,,False'
2026-03-06 12:09:03.468339,Room1 Virtual Panel,Command,'SetVisible,Button,4910,,True'
2026-03-06 12:09:03.468339,Room4 Virtual Panel,Command,'SetVisible,Label,2319,,False'
2026-03-06 12:09:03.468339,Room2 Virtual Panel,Command,'SetVisible,Button,4931,,False'
2026-03-06 12:09:03.468339,Room5 Virtual Panel,Command,'SetVisible,Label,2308,,False'
2026-03-06 12:09:03.468339,Room0 Virtual Panel,Command,'SetVisible,Button,4625,,False'
2026-03-06 12:09:03.468339,Room3 Virtual Panel,Command,'SetVisible,Button,4901,,True'
2026-03-06 12:09:03.469339,Room1 Virtual Panel,Command,'SetVisible,Button,4911,,True'
2026-03-06 12:09:03.469339,Room4 Virtual Panel,Command,'SetTextButton,793,,'
2026-03-06 12:09:03.469339,Room6 Virtual Panel,Command,'SetVisible,Label,1289,,False'
2026-03-06 12:09:03.469339,Room2 Virtual Panel,Command,'SetVisible,Button,4932,,False'
2026-03-06 12:09:03.469339,Room5 Virtual Panel,Command,'SetVisible,Label,2309,,False'
2026-03-06 12:09:03.469339,Room4 Virtual Panel,Command,'SetVisible,Button,4925,,False'
2026-03-06 12:09:03.469339,Room1 Virtual Panel,Command,'SetVisible,Button,4912,,True'
2026-03-06 12:09:03.469339,Room6 Virtual Panel,Command,'SetVisible,Label,1290,,False'
2026-03-06 12:09:03.469339,Room5 Virtual Panel,Command,'SetVisible,Label,2310,,False'
2026-03-06 12:09:03.469339,Room0 Virtual Panel,Command,'SetVisible,Button,4626,,False'
2026-03-06 12:09:03.469339,Room3 Virtual Panel,Command,'SetVisible,Button,4902,,True'
2026-03-06 12:09:03.469339,Room4 Virtual Panel,Command,'SetVisible,Button,4926,,False'
2026-03-06 12:09:03.469339,Room6 Virtual Panel,Command,'SetVisible,Label,2301,,False'
2026-03-06 12:09:03.469339,Room5 Virtual Panel,Command,'SetVisible,Label,2311,,False'
2026-03-06 12:09:03.469339,Room1 Virtual Panel,Command,'SetVisible,Button,4913,,True'
2026-03-06 12:09:03.469339,Room3 Virtual Panel,Command,'SetVisible,Button,4903,,True'
2026-03-06 12:09:03.469339,Room4 Virtual Panel,Command,'SetVisible,Button,4927,,False'
2026-03-06 12:09:03.469339,Room0 Virtual Panel,Command,'SetVisible,Button,4627,,False'
2026-03-06 12:09:03.469339,Room2 Virtual Panel,Command,'SetVisible,Button,4900,,True'
2026-03-06 12:09:03.469339,Room1 Virtual Panel,Command,'SetVisible,Button,4914,,True'
2026-03-06 12:09:03.469339,Room4 Virtual Panel,Command,'SetVisible,Button,4928,,False'
2026-03-06 12:09:03.469339,Room6 Virtual Panel,Command,'SetVisible,Label,2302,,False'
2026-03-06 12:09:03.470842,Room5 Virtual Panel,Command,'SetVisible,Label,2312,,False'
2026-03-06 12:09:03.470842,Room0 Virtual Panel,Command,'SetVisible,Button,4628,,False'
2026-03-06 12:09:03.470842,Room1 Virtual Panel,Command,'SetVisible,Button,4915,,True'
2026-03-06 12:09:03.470842,Room2 Virtual Panel,Command,'SetVisible,Button,4901,,True'
2026-03-06 12:09:03.470842,Room6 Virtual Panel,Command,'SetVisible,Label,2303,,False'
2026-03-06 12:09:03.470842,Room3 Virtual Panel,Command,'SetVisible,Button,4904,,True'
2026-03-06 12:09:03.470842,Room1 Virtual Panel,Command,'SetVisible,Button,4916,,True'
2026-03-06 12:09:03.470842,Room2 Virtual Panel,Command,'SetVisible,Button,4902,,True'
2026-03-06 12:09:03.470842,Room4 Virtual Panel,Command,'SetVisible,Button,4929,,False'
2026-03-06 12:09:03.471353,Room0 Virtual Panel,Command,'SetVisible,Button,4629,,False'
2026-03-06 12:09:03.471353,Room6 Virtual Panel,Command,'SetVisible,Label,2304,,False'
2026-03-06 12:09:03.471353,Room1 Virtual Panel,Command,'SetVisible,Button,4917,,True'
2026-03-06 12:09:03.471353,Room5 Virtual Panel,Command,'SetVisible,Label,2313,,False'
2026-03-06 12:09:03.471353,Room2 Virtual Panel,Command,'SetVisible,Button,4903,,True'
2026-03-06 12:09:03.471353,Room0 Virtual Panel,Command,'SetVisible,Button,4630,,False'
2026-03-06 12:09:03.471353,Room4 Virtual Panel,Command,'SetVisible,Button,4930,,False'
2026-03-06 12:09:03.471353,Room3 Virtual Panel,Command,'SetVisible,Button,4905,,True'
2026-03-06 12:09:03.471353,Room1 Virtual Panel,Command,'SetVisible,Button,4918,,True'
2026-03-06 12:09:03.471353,Room2 Virtual Panel,Command,'SetVisible,Button,4904,,True'
2026-03-06 12:09:03.471353,Room4 Virtual Panel,Command,'SetVisible,Button,4931,,False'
2026-03-06 12:09:03.471353,Room0 Virtual Panel,Command,'SetVisible,Button,4631,,False'
2026-03-06 12:09:03.471353,Room1 Virtual Panel,Command,'SetVisible,Button,4919,,True'
2026-03-06 12:09:03.471353,Room5 Virtual Panel,Command,'SetVisible,Label,2314,,False'
2026-03-06 12:09:03.472358,Room6 Virtual Panel,Command,'SetVisible,Label,2305,,False'
2026-03-06 12:09:03.472358,Room2 Virtual Panel,Command,'SetVisible,Button,4905,,True'
2026-03-06 12:09:03.472358,Room3 Virtual Panel,Command,'SetVisible,Button,4906,,True'
2026-03-06 12:09:03.472358,Room4 Virtual Panel,Command,'SetVisible,Button,4932,,False'
2026-03-06 12:09:03.472358,Room6 Virtual Panel,Command,'SetVisible,Label,2306,,False'
2026-03-06 12:09:03.472358,Room1 Virtual Panel,Command,'SetVisible,Button,4920,,True'
2026-03-06 12:09:03.472358,Room2 Virtual Panel,Command,'SetVisible,Button,4906,,True'
2026-03-06 12:09:03.472358,Room5 Virtual Panel,Command,'SetVisible,Label,2315,,False'
2026-03-06 12:09:03.472358,Room3 Virtual Panel,Command,'SetVisible,Button,4907,,True'
2026-03-06 12:09:03.472358,Room4 Virtual Panel,Command,'SetVisible,Button,4900,,True'
2026-03-06 12:09:03.473093,Room0 Virtual Panel,Command,'SetVisible,Button,4632,,False'
2026-03-06 12:09:03.473093,Room6 Virtual Panel,Command,'SetVisible,Label,2307,,False'
2026-03-06 12:09:03.473093,Room1 Virtual Panel,Command,'SetVisible,Button,4921,,True'
2026-03-06 12:09:03.473093,Room5 Virtual Panel,Command,'SetVisible,Label,2316,,False'
2026-03-06 12:09:03.473093,Room3 Virtual Panel,Command,'SetVisible,Button,4908,,True'
2026-03-06 12:09:03.473093,Room6 Virtual Panel,Command,'SetVisible,Label,2308,,False'
2026-03-06 12:09:03.473093,Room4 Virtual Panel,Command,'SetVisible,Button,4901,,True'
2026-03-06 12:09:03.473093,Room0 Virtual Panel,Command,'SetVisible,Button,4600,,True'
2026-03-06 12:09:03.473093,Room6 Virtual Panel,Command,'SetVisible,Label,2309,,False'
2026-03-06 12:09:03.473093,Room1 Virtual Panel,Command,'SetVisible,Button,4922,,True'
2026-03-06 12:09:03.473093,Room5 Virtual Panel,Command,'SetVisible,Label,2317,,False'
2026-03-06 12:09:03.474097,Room4 Virtual Panel,Command,'SetVisible,Button,4902,,True'
2026-03-06 12:09:03.474097,Room2 Virtual Panel,Command,'SetVisible,Button,4907,,True'
2026-03-06 12:09:03.474097,Room3 Virtual Panel,Command,'SetVisible,Button,4909,,True'
2026-03-06 12:09:03.474097,Room0 Virtual Panel,Command,'SetVisible,Button,4601,,True'
2026-03-06 12:09:03.474097,Room1 Virtual Panel,Command,'SetVisible,Button,4923,,True'
2026-03-06 12:09:03.474097,Room6 Virtual Panel,Command,'SetVisible,Label,2310,,False'
2026-03-06 12:09:03.474097,Room5 Virtual Panel,Command,'SetVisible,Label,2318,,False'
2026-03-06 12:09:03.474097,Room4 Virtual Panel,Command,'SetVisible,Button,4903,,True'
2026-03-06 12:09:03.474097,Room2 Virtual Panel,Command,'SetVisible,Button,4908,,True'
2026-03-06 12:09:03.475097,Room1 Virtual Panel,Command,'SetVisible,Button,4924,,True'
2026-03-06 12:09:03.475097,Room3 Virtual Panel,Command,'SetVisible,Button,4910,,True'
2026-03-06 12:09:03.475097,Room6 Virtual Panel,Command,'SetVisible,Label,2311,,False'
2026-03-06 12:09:03.475097,Room1 Virtual Panel,Command,'SetVisible,Button,4625,,False'
2026-03-06 12:09:03.475097,Room5 Virtual Panel,Command,'SetVisible,Label,2319,,False'
2026-03-06 12:09:03.475097,Room4 Virtual Panel,Command,'SetVisible,Button,4904,,True'
2026-03-06 12:09:03.475097,Room2 Virtual Panel,Command,'SetVisible,Button,4909,,True'
2026-03-06 12:09:03.475097,Room0 Virtual Panel,Command,'SetVisible,Button,4602,,True'
2026-03-06 12:09:03.475097,Room1 Virtual Panel,Command,'SetVisible,Button,4626,,False'
2026-03-06 12:09:03.475097,Room6 Virtual Panel,Command,'SetVisible,Label,2312,,False'
2026-03-06 12:09:03.475097,Room3 Virtual Panel,Command,'SetVisible,Button,4911,,True'
2026-03-06 12:09:03.475097,Room2 Virtual Panel,Command,'SetVisible,Button,4910,,True'
2026-03-06 12:09:03.476097,Room5 Virtual Panel,Command,'SetTextButton,793,,'
2026-03-06 12:09:03.476097,Room6 Virtual Panel,Command,'SetVisible,Label,2313,,False'
2026-03-06 12:09:03.476097,Room1 Virtual Panel,Command,'SetVisible,Button,4627,,False'
2026-03-06 12:09:03.476097,Room4 Virtual Panel,Command,'SetVisible,Button,4905,,True'
2026-03-06 12:09:03.476097,Room5 Virtual Panel,Command,'SetVisible,Button,4925,,False'
2026-03-06 12:09:03.476097,Room3 Virtual Panel,Command,'SetVisible,Button,4912,,True'
2026-03-06 12:09:03.476097,Room6 Virtual Panel,Command,'SetVisible,Label,2314,,False'
2026-03-06 12:09:03.476097,Room2 Virtual Panel,Command,'SetVisible,Button,4911,,True'
2026-03-06 12:09:03.476097,Room0 Virtual Panel,Command,'SetVisible,Button,4603,,True'
2026-03-06 12:09:03.476097,Room5 Virtual Panel,Command,'SetVisible,Button,4926,,False'
2026-03-06 12:09:03.476097,Room4 Virtual Panel,Command,'SetVisible,Button,4906,,True'
2026-03-06 12:09:03.476097,Room2 Virtual Panel,Command,'SetVisible,Button,4912,,True'
2026-03-06 12:09:03.476097,Room6 Virtual Panel,Command,'SetVisible,Label,2315,,False'
2026-03-06 12:09:03.476097,Room1 Virtual Panel,Command,'SetVisible,Button,4628,,False'
2026-03-06 12:09:03.477097,Room4 Virtual Panel,Command,'SetVisible,Button,4907,,True'
2026-03-06 12:09:03.477097,Room6 Virtual Panel,Command,'SetVisible,Label,2316,,False'
2026-03-06 12:09:03.477097,Room5 Virtual Panel,Command,'SetVisible,Button,4927,,False'
2026-03-06 12:09:03.477097,Room0 Virtual Panel,Command,'SetVisible,Button,4604,,True'
2026-03-06 12:09:03.477097,Room2 Virtual Panel,Command,'SetVisible,Button,4913,,True'
2026-03-06 12:09:03.477097,Room3 Virtual Panel,Command,'SetVisible,Button,4913,,True'
2026-03-06 12:09:03.477097,Room6 Virtual Panel,Command,'SetVisible,Label,2317,,False'
2026-03-06 12:09:03.477097,Room4 Virtual Panel,Command,'SetVisible,Button,4908,,True'
2026-03-06 12:09:03.477097,Room5 Virtual Panel,Command,'SetVisible,Button,4928,,False'
2026-03-06 12:09:03.477097,Room3 Virtual Panel,Command,'SetVisible,Button,4914,,True'
2026-03-06 12:09:03.477097,Room2 Virtual Panel,Command,'SetVisible,Button,4914,,True'
2026-03-06 12:09:03.477097,Room6 Virtual Panel,Command,'SetVisible,Label,2318,,False'
2026-03-06 12:09:03.477097,Room0 Virtual Panel,Command,'SetVisible,Button,4605,,True'
2026-03-06 12:09:03.477097,Room4 Virtual Panel,Command,'SetVisible,Button,4909,,True'
2026-03-06 12:09:03.478097,Room5 Virtual Panel,Command,'SetVisible,Button,4929,,False'
2026-03-06 12:09:03.478097,Room1 Virtual Panel,Command,'SetVisible,Button,4629,,False'
2026-03-06 12:09:03.478097,Room3 Virtual Panel,Command,'SetVisible,Button,4915,,True'
2026-03-06 12:09:03.478097,Room4 Virtual Panel,Command,'SetVisible,Button,4910,,True'
2026-03-06 12:09:03.478097,Room6 Virtual Panel,Command,'SetVisible,Label,2319,,False'
2026-03-06 12:09:03.478097,Room5 Virtual Panel,Command,'SetVisible,Button,4930,,False'
2026-03-06 12:09:03.478097,Room2 Virtual Panel,Command,'SetVisible,Button,4915,,True'
2026-03-06 12:09:03.478097,Room1 Virtual Panel,Command,'SetVisible,Button,4630,,False'
2026-03-06 12:09:03.478097,Room6 Virtual Panel,Command,'SetTextButton,793,,'
2026-03-06 12:09:03.478097,Room5 Virtual Panel,Command,'SetVisible,Button,4931,,False'
2026-03-06 12:09:03.478097,Room2 Virtual Panel,Command,'SetVisible,Button,4916,,True'
2026-03-06 12:09:03.479097,Room0 Virtual Panel,Command,'SetVisible,Button,4606,,True'
2026-03-06 12:09:03.479097,Room1 Virtual Panel,Command,'SetVisible,Button,4631,,False'
2026-03-06 12:09:03.479097,Room3 Virtual Panel,Command,'SetVisible,Button,4916,,True'
2026-03-06 12:09:03.479097,Room4 Virtual Panel,Command,'SetVisible,Button,4911,,True'
2026-03-06 12:09:03.479097,Room5 Virtual Panel,Command,'SetVisible,Button,4932,,False'
2026-03-06 12:09:03.479097,Room1 Virtual Panel,Command,'SetVisible,Button,4632,,False'
2026-03-06 12:09:03.479097,Room2 Virtual Panel,Command,'SetVisible,Button,4917,,True'
2026-03-06 12:09:03.479097,Room6 Virtual Panel,Command,'SetVisible,Button,4925,,False'
2026-03-06 12:09:03.479097,Room3 Virtual Panel,Command,'SetVisible,Button,4917,,True'
2026-03-06 12:09:03.479097,Room5 Virtual Panel,Command,'SetVisible,Button,4900,,True'
2026-03-06 12:09:03.479097,Room4 Virtual Panel,Command,'SetVisible,Button,4912,,True'
2026-03-06 12:09:03.479097,Room0 Virtual Panel,Command,'SetVisible,Button,4607,,True'
2026-03-06 12:09:03.479097,Room1 Virtual Panel,Command,'SetVisible,Button,4600,,True'
2026-03-06 12:09:03.479097,Room6 Virtual Panel,Command,'SetVisible,Button,4926,,False'
2026-03-06 12:09:03.479097,Room3 Virtual Panel,Command,'SetVisible,Button,4918,,True'
2026-03-06 12:09:03.479097,Room5 Virtual Panel,Command,'SetVisible,Button,4901,,True'
2026-03-06 12:09:03.479097,Room2 Virtual Panel,Command,'SetVisible,Button,4918,,True'
2026-03-06 12:09:03.479097,Room4 Virtual Panel,Command,'SetVisible,Button,4913,,True'
2026-03-06 12:09:03.479097,Room0 Virtual Panel,Command,'SetVisible,Button,4608,,True'
2026-03-06 12:09:03.479097,Room5 Virtual Panel,Command,'SetVisible,Button,4902,,True'
2026-03-06 12:09:03.480601,Room2 Virtual Panel,Command,'SetVisible,Button,4919,,True'
2026-03-06 12:09:03.480601,Room6 Virtual Panel,Command,'SetVisible,Button,4927,,False'
2026-03-06 12:09:03.480601,Room3 Virtual Panel,Command,'SetVisible,Button,4919,,True'
2026-03-06 12:09:03.480601,Room4 Virtual Panel,Command,'SetVisible,Button,4914,,True'
2026-03-06 12:09:03.480601,Room5 Virtual Panel,Command,'SetVisible,Button,4903,,True'
2026-03-06 12:09:03.480601,Room0 Virtual Panel,Command,'SetVisible,Button,4609,,True'
2026-03-06 12:09:03.480601,Room2 Virtual Panel,Command,'SetVisible,Button,4920,,True'
2026-03-06 12:09:03.480601,Room6 Virtual Panel,Command,'SetVisible,Button,4928,,False'
2026-03-06 12:09:03.480601,Room5 Virtual Panel,Command,'SetVisible,Button,4904,,True'
2026-03-06 12:09:03.480601,Room1 Virtual Panel,Command,'SetVisible,Button,4601,,True'
2026-03-06 12:09:03.480601,Room4 Virtual Panel,Command,'SetVisible,Button,4915,,True'
2026-03-06 12:09:03.480601,Room6 Virtual Panel,Command,'SetVisible,Button,4929,,False'
2026-03-06 12:09:03.480601,Room3 Virtual Panel,Command,'SetVisible,Button,4920,,True'
2026-03-06 12:09:03.481606,Room4 Virtual Panel,Command,'SetVisible,Button,4916,,True'
2026-03-06 12:09:03.481606,Room0 Virtual Panel,Command,'SetVisible,Button,4610,,True'
2026-03-06 12:09:03.481606,Room5 Virtual Panel,Command,'SetVisible,Button,4905,,True'
2026-03-06 12:09:03.481606,Room2 Virtual Panel,Command,'SetVisible,Button,4921,,True'
2026-03-06 12:09:03.481606,Room0 Virtual Panel,Command,'SetVisible,Button,4611,,True'
2026-03-06 12:09:03.481606,Room1 Virtual Panel,Command,'SetVisible,Button,4602,,True'
2026-03-06 12:09:03.481606,Room6 Virtual Panel,Command,'SetVisible,Button,4930,,False'
2026-03-06 12:09:03.481606,Room2 Virtual Panel,Command,'SetVisible,Button,4922,,True'
2026-03-06 12:09:03.481606,Room4 Virtual Panel,Command,'SetVisible,Button,4917,,True'
2026-03-06 12:09:03.481606,Room5 Virtual Panel,Command,'SetVisible,Button,4906,,True'
2026-03-06 12:09:03.481606,Room0 Virtual Panel,Command,'SetVisible,Button,4612,,True'
2026-03-06 12:09:03.481606,Room3 Virtual Panel,Command,'SetVisible,Button,4921,,True'
2026-03-06 12:09:03.481606,Room4 Virtual Panel,Command,'SetVisible,Button,4918,,True'
2026-03-06 12:09:03.481606,Room5 Virtual Panel,Command,'SetVisible,Button,4907,,True'
2026-03-06 12:09:03.481606,Room6 Virtual Panel,Command,'SetVisible,Button,4931,,False'
2026-03-06 12:09:03.482649,Room3 Virtual Panel,Command,'SetVisible,Button,4922,,True'
2026-03-06 12:09:03.482649,Room0 Virtual Panel,Command,'SetVisible,Button,4613,,True'
2026-03-06 12:09:03.482649,Room4 Virtual Panel,Command,'SetVisible,Button,4919,,True'
2026-03-06 12:09:03.482649,Room1 Virtual Panel,Command,'SetVisible,Button,4603,,True'
2026-03-06 12:09:03.482649,Room6 Virtual Panel,Command,'SetVisible,Button,4932,,False'
2026-03-06 12:09:03.482649,Room5 Virtual Panel,Command,'SetVisible,Button,4908,,True'
2026-03-06 12:09:03.482649,Room2 Virtual Panel,Command,'SetVisible,Button,4923,,True'
2026-03-06 12:09:03.482649,Room3 Virtual Panel,Command,'SetVisible,Button,4923,,True'
2026-03-06 12:09:03.482649,Room4 Virtual Panel,Command,'SetVisible,Button,4920,,True'
2026-03-06 12:09:03.482649,Room5 Virtual Panel,Command,'SetVisible,Button,4909,,True'
2026-03-06 12:09:03.482649,Room6 Virtual Panel,Command,'SetVisible,Button,4900,,True'
2026-03-06 12:09:03.482649,Room2 Virtual Panel,Command,'SetVisible,Button,4924,,True'
2026-03-06 12:09:03.482649,Room0 Virtual Panel,Command,'SetVisible,Button,4614,,True'
2026-03-06 12:09:03.482649,Room3 Virtual Panel,Command,'SetVisible,Button,4924,,True'
2026-03-06 12:09:03.482649,Room1 Virtual Panel,Command,'SetVisible,Button,4604,,True'
2026-03-06 12:09:03.483648,Room2 Virtual Panel,Command,'SetVisible,Button,4625,,False'
2026-03-06 12:09:03.483648,Room4 Virtual Panel,Command,'SetVisible,Button,4921,,True'
2026-03-06 12:09:03.483648,Room5 Virtual Panel,Command,'SetVisible,Button,4910,,True'
2026-03-06 12:09:03.483648,Room0 Virtual Panel,Command,'SetVisible,Button,4615,,True'
2026-03-06 12:09:03.483648,Room1 Virtual Panel,Command,'SetVisible,Button,4605,,True'
2026-03-06 12:09:03.483648,Room2 Virtual Panel,Command,'SetVisible,Button,4626,,False'
2026-03-06 12:09:03.483648,Room6 Virtual Panel,Command,'SetVisible,Button,4901,,True'
2026-03-06 12:09:03.483648,Room3 Virtual Panel,Command,'SetVisible,Button,4625,,False'
2026-03-06 12:09:03.483648,Room5 Virtual Panel,Command,'SetVisible,Button,4911,,True'
2026-03-06 12:09:03.483648,Room0 Virtual Panel,Command,'SetVisible,Button,4616,,True'
2026-03-06 12:09:03.483648,Room6 Virtual Panel,Command,'SetVisible,Button,4902,,True'
2026-03-06 12:09:03.483648,Room1 Virtual Panel,Command,'SetVisible,Button,4606,,True'
2026-03-06 12:09:03.483648,Room2 Virtual Panel,Command,'SetVisible,Button,4627,,False'
2026-03-06 12:09:03.483648,Room3 Virtual Panel,Command,'SetVisible,Button,4626,,False'
2026-03-06 12:09:03.483648,Room5 Virtual Panel,Command,'SetVisible,Button,4912,,True'
2026-03-06 12:09:03.484648,Room4 Virtual Panel,Command,'SetVisible,Button,4922,,True'
2026-03-06 12:09:03.484648,Room2 Virtual Panel,Command,'SetVisible,Button,4628,,False'
2026-03-06 12:09:03.484648,Room6 Virtual Panel,Command,'SetVisible,Button,4903,,True'
2026-03-06 12:09:03.484648,Room1 Virtual Panel,Command,'SetVisible,Button,4607,,True'
2026-03-06 12:09:03.484648,Room3 Virtual Panel,Command,'SetVisible,Button,4627,,False'
2026-03-06 12:09:03.484648,Room5 Virtual Panel,Command,'SetVisible,Button,4913,,True'
2026-03-06 12:09:03.484648,Room1 Virtual Panel,Command,'SetVisible,Button,4608,,True'
2026-03-06 12:09:03.484648,Room6 Virtual Panel,Command,'SetVisible,Button,4904,,True'
2026-03-06 12:09:03.484648,Room3 Virtual Panel,Command,'SetVisible,Button,4628,,False'
2026-03-06 12:09:03.484648,Room4 Virtual Panel,Command,'SetVisible,Button,4923,,True'
2026-03-06 12:09:03.484648,Room2 Virtual Panel,Command,'SetVisible,Button,4629,,False'
2026-03-06 12:09:03.484648,Room0 Virtual Panel,Command,'SetVisible,Button,4617,,True'
2026-03-06 12:09:03.484648,Room5 Virtual Panel,Command,'SetVisible,Button,4914,,True'
2026-03-06 12:09:03.484648,Room2 Virtual Panel,Command,'SetVisible,Button,4630,,False'
2026-03-06 12:09:03.485648,Room6 Virtual Panel,Command,'SetVisible,Button,4905,,True'
2026-03-06 12:09:03.485648,Room3 Virtual Panel,Command,'SetVisible,Button,4629,,False'
2026-03-06 12:09:03.485648,Room0 Virtual Panel,Command,'SetVisible,Button,4618,,True'
2026-03-06 12:09:03.485648,Room1 Virtual Panel,Command,'SetVisible,Button,4609,,True'
2026-03-06 12:09:03.485648,Room5 Virtual Panel,Command,'SetVisible,Button,4915,,True'
2026-03-06 12:09:03.485648,Room4 Virtual Panel,Command,'SetVisible,Button,4924,,True'
2026-03-06 12:09:03.485648,Room6 Virtual Panel,Command,'SetVisible,Button,4906,,True'
2026-03-06 12:09:03.485648,Room1 Virtual Panel,Command,'SetVisible,Button,4610,,True'
2026-03-06 12:09:03.485648,Room2 Virtual Panel,Command,'SetVisible,Button,4631,,False'
2026-03-06 12:09:03.485648,Room6 Virtual Panel,Command,'SetVisible,Button,4907,,True'
2026-03-06 12:09:03.485648,Room4 Virtual Panel,Command,'SetVisible,Button,4625,,False'
2026-03-06 12:09:03.485648,Room1 Virtual Panel,Command,'SetVisible,Button,4611,,True'
2026-03-06 12:09:03.485648,Room0 Virtual Panel,Command,'SetVisible,Button,4619,,True'
2026-03-06 12:09:03.485648,Room3 Virtual Panel,Command,'SetVisible,Button,4630,,False'
2026-03-06 12:09:03.486655,Room4 Virtual Panel,Command,'SetVisible,Button,4626,,False'
2026-03-06 12:09:03.486655,Room2 Virtual Panel,Command,'SetVisible,Button,4632,,False'
2026-03-06 12:09:03.486655,Room1 Virtual Panel,Command,'SetVisible,Button,4612,,True'
2026-03-06 12:09:03.486655,Room3 Virtual Panel,Command,'SetVisible,Button,4631,,False'
2026-03-06 12:09:03.486655,Room6 Virtual Panel,Command,'SetVisible,Button,4908,,True'
2026-03-06 12:09:03.486655,Room5 Virtual Panel,Command,'SetVisible,Button,4916,,True'
2026-03-06 12:09:03.486655,Room4 Virtual Panel,Command,'SetVisible,Button,4627,,False'
2026-03-06 12:09:03.486655,Room1 Virtual Panel,Command,'SetVisible,Button,4613,,True'
2026-03-06 12:09:03.486655,Room2 Virtual Panel,Command,'SetVisible,Button,4600,,True'
2026-03-06 12:09:03.486655,Room6 Virtual Panel,Command,'SetVisible,Button,4909,,True'
2026-03-06 12:09:03.486655,Room0 Virtual Panel,Command,'SetVisible,Button,4620,,True'
2026-03-06 12:09:03.486655,Room3 Virtual Panel,Command,'SetVisible,Button,4632,,False'
2026-03-06 12:09:03.487648,Room6 Virtual Panel,Command,'SetVisible,Button,4910,,True'
2026-03-06 12:09:03.487648,Room3 Virtual Panel,Command,'SetVisible,Button,4600,,True'
2026-03-06 12:09:03.487648,Room4 Virtual Panel,Command,'SetVisible,Button,4628,,False'
2026-03-06 12:09:03.487648,Room0 Virtual Panel,Command,'SetVisible,Button,4621,,True'
2026-03-06 12:09:03.487648,Room5 Virtual Panel,Command,'SetVisible,Button,4917,,True'
2026-03-06 12:09:03.487648,Room2 Virtual Panel,Command,'SetVisible,Button,4601,,True'
2026-03-06 12:09:03.487648,Room6 Virtual Panel,Command,'SetVisible,Button,4911,,True'
2026-03-06 12:09:03.487648,Room4 Virtual Panel,Command,'SetVisible,Button,4629,,False'
2026-03-06 12:09:03.487648,Room3 Virtual Panel,Command,'SetVisible,Button,4601,,True'
2026-03-06 12:09:03.487648,Room0 Virtual Panel,Command,'SetVisible,Button,4622,,True'
2026-03-06 12:09:03.487648,Room2 Virtual Panel,Command,'SetVisible,Button,4602,,True'
2026-03-06 12:09:03.488648,Room5 Virtual Panel,Command,'SetVisible,Button,4918,,True'
2026-03-06 12:09:03.488648,Room6 Virtual Panel,Command,'SetVisible,Button,4912,,True'
2026-03-06 12:09:03.488648,Room1 Virtual Panel,Command,'SetVisible,Button,4614,,True'
2026-03-06 12:09:03.488648,Room0 Virtual Panel,Command,'SetVisible,Button,4623,,True'
2026-03-06 12:09:03.488648,Room4 Virtual Panel,Command,'SetVisible,Button,4630,,False'
2026-03-06 12:09:03.488648,Room5 Virtual Panel,Command,'SetVisible,Button,4919,,True'
2026-03-06 12:09:03.488648,Room1 Virtual Panel,Command,'SetVisible,Button,4615,,True'
2026-03-06 12:09:03.488648,Room3 Virtual Panel,Command,'SetVisible,Button,4602,,True'
2026-03-06 12:09:03.488648,Room2 Virtual Panel,Command,'SetVisible,Button,4603,,True'
2026-03-06 12:09:03.488648,Room6 Virtual Panel,Command,'SetVisible,Button,4913,,True'
2026-03-06 12:09:03.488648,Room4 Virtual Panel,Command,'SetVisible,Button,4631,,False'
2026-03-06 12:09:03.489648,Room0 Virtual Panel,Command,'SetVisible,Button,4624,,True'
2026-03-06 12:09:03.489648,Room3 Virtual Panel,Command,'SetVisible,Button,4603,,True'
2026-03-06 12:09:03.489648,Room5 Virtual Panel,Command,'SetVisible,Button,4920,,True'
2026-03-06 12:09:03.489648,Room3 Virtual Panel,Command,'SetVisible,Button,4604,,True'
2026-03-06 12:09:03.489648,Room1 Virtual Panel,Command,'SetVisible,Button,4616,,True'
2026-03-06 12:09:03.489648,Room0 Virtual Panel,Command,'SetVisible,Label,4776,,False'
2026-03-06 12:09:03.489648,Room6 Virtual Panel,Command,'SetVisible,Button,4914,,True'
2026-03-06 12:09:03.489648,Room5 Virtual Panel,Command,'SetVisible,Button,4921,,True'
2026-03-06 12:09:03.489648,Room2 Virtual Panel,Command,'SetVisible,Button,4604,,True'
2026-03-06 12:09:03.489648,Room6 Virtual Panel,Command,'SetVisible,Button,4915,,True'
2026-03-06 12:09:03.490648,Room4 Virtual Panel,Command,'SetVisible,Button,4632,,False'
2026-03-06 12:09:03.490648,Room0 Virtual Panel,Command,'SetVisible,Label,4777,,False'
2026-03-06 12:09:03.490648,Room3 Virtual Panel,Command,'SetVisible,Button,4605,,True'
2026-03-06 12:09:03.491154,Room5 Virtual Panel,Command,'SetVisible,Button,4922,,True'
2026-03-06 12:09:03.491154,Room1 Virtual Panel,Command,'SetVisible,Button,4617,,True'
2026-03-06 12:09:03.491154,Room2 Virtual Panel,Command,'SetVisible,Button,4605,,True'
2026-03-06 12:09:03.491154,Room6 Virtual Panel,Command,'SetVisible,Button,4916,,True'
2026-03-06 12:09:03.491659,Room4 Virtual Panel,Command,'SetVisible,Button,4600,,True'
2026-03-06 12:09:03.491659,Room0 Virtual Panel,Command,'SetVisible,Label,4778,,False'
2026-03-06 12:09:03.491659,Room5 Virtual Panel,Command,'SetVisible,Button,4923,,True'
2026-03-06 12:09:03.491659,Room6 Virtual Panel,Command,'SetVisible,Button,4917,,True'
2026-03-06 12:09:03.491659,Room1 Virtual Panel,Command,'SetVisible,Button,4618,,True'
2026-03-06 12:09:03.491659,Room0 Virtual Panel,Command,'SetVisible,Label,4779,,False'
2026-03-06 12:09:03.492663,Room3 Virtual Panel,Command,'SetVisible,Button,4606,,True'
2026-03-06 12:09:03.492663,Room2 Virtual Panel,Command,'SetVisible,Button,4606,,True'
2026-03-06 12:09:03.492663,Room4 Virtual Panel,Command,'SetVisible,Button,4601,,True'
2026-03-06 12:09:03.492663,Room6 Virtual Panel,Command,'SetVisible,Button,4918,,True'
2026-03-06 12:09:03.492663,Room1 Virtual Panel,Command,'SetVisible,Button,4619,,True'
2026-03-06 12:09:03.492663,Room0 Virtual Panel,Command,'SetVisible,Label,4780,,False'
2026-03-06 12:09:03.492663,Room2 Virtual Panel,Command,'SetVisible,Button,4607,,True'
2026-03-06 12:09:03.492663,Room5 Virtual Panel,Command,'SetVisible,Button,4924,,True'
2026-03-06 12:09:03.492663,Room3 Virtual Panel,Command,'SetVisible,Button,4607,,True'
2026-03-06 12:09:03.492663,Room4 Virtual Panel,Command,'SetVisible,Button,4602,,True'
2026-03-06 12:09:03.492663,Room2 Virtual Panel,Command,'SetVisible,Button,4608,,True'
2026-03-06 12:09:03.492663,Room6 Virtual Panel,Command,'SetVisible,Button,4919,,True'
2026-03-06 12:09:03.492663,Room0 Virtual Panel,Command,'SetVisible,Label,4781,,False'
2026-03-06 12:09:03.493664,Room1 Virtual Panel,Command,'SetVisible,Button,4620,,True'
2026-03-06 12:09:03.493664,Room5 Virtual Panel,Command,'SetVisible,Button,4625,,False'
2026-03-06 12:09:03.493664,Room0 Virtual Panel,Command,'SetVisible,Label,4782,,False'
2026-03-06 12:09:03.493664,Room3 Virtual Panel,Command,'SetVisible,Button,4608,,True'
2026-03-06 12:09:03.493664,Room1 Virtual Panel,Command,'SetVisible,Button,4621,,True'
2026-03-06 12:09:03.493664,Room6 Virtual Panel,Command,'SetVisible,Button,4920,,True'
2026-03-06 12:09:03.493664,Room2 Virtual Panel,Command,'SetVisible,Button,4609,,True'
2026-03-06 12:09:03.493664,Room5 Virtual Panel,Command,'SetVisible,Button,4626,,False'
2026-03-06 12:09:03.493664,Room0 Virtual Panel,Command,'SetVisible,Label,4751,,True'
2026-03-06 12:09:03.493664,Room4 Virtual Panel,Command,'SetVisible,Button,4603,,True'
2026-03-06 12:09:03.493664,Room6 Virtual Panel,Command,'SetVisible,Button,4921,,True'
2026-03-06 12:09:03.494663,Room5 Virtual Panel,Command,'SetVisible,Button,4627,,False'
2026-03-06 12:09:03.494663,Room3 Virtual Panel,Command,'SetVisible,Button,4609,,True'
2026-03-06 12:09:03.494663,Room5 Virtual Panel,Command,'SetVisible,Button,4628,,False'
2026-03-06 12:09:03.494663,Room0 Virtual Panel,Command,'SetVisible,Label,4752,,True'
2026-03-06 12:09:03.494663,Room1 Virtual Panel,Command,'SetVisible,Button,4622,,True'
2026-03-06 12:09:03.494663,Room2 Virtual Panel,Command,'SetVisible,Button,4610,,True'
2026-03-06 12:09:03.494663,Room3 Virtual Panel,Command,'SetVisible,Button,4610,,True'
2026-03-06 12:09:03.494663,Room5 Virtual Panel,Command,'SetVisible,Button,4629,,False'
2026-03-06 12:09:03.494663,Room2 Virtual Panel,Command,'SetVisible,Button,4611,,True'
2026-03-06 12:09:03.494663,Room3 Virtual Panel,Command,'SetVisible,Button,4611,,True'
2026-03-06 12:09:03.494663,Room6 Virtual Panel,Command,'SetVisible,Button,4922,,True'
2026-03-06 12:09:03.494663,Room4 Virtual Panel,Command,'SetVisible,Button,4604,,True'
2026-03-06 12:09:03.495667,Room2 Virtual Panel,Command,'SetVisible,Button,4612,,True'
2026-03-06 12:09:03.495667,Room5 Virtual Panel,Command,'SetVisible,Button,4630,,False'
2026-03-06 12:09:03.495667,Room3 Virtual Panel,Command,'SetVisible,Button,4612,,True'
2026-03-06 12:09:03.495667,Room4 Virtual Panel,Command,'SetVisible,Button,4605,,True'
2026-03-06 12:09:03.495667,Room6 Virtual Panel,Command,'SetVisible,Button,4923,,True'
2026-03-06 12:09:03.495667,Room2 Virtual Panel,Command,'SetVisible,Button,4613,,True'
2026-03-06 12:09:03.495667,Room0 Virtual Panel,Command,'SetVisible,Label,4753,,True'
2026-03-06 12:09:03.495667,Room3 Virtual Panel,Command,'SetVisible,Button,4613,,True'
2026-03-06 12:09:03.495667,Room1 Virtual Panel,Command,'SetVisible,Button,4623,,True'
2026-03-06 12:09:03.495667,Room5 Virtual Panel,Command,'SetVisible,Button,4631,,False'
2026-03-06 12:09:03.495667,Room3 Virtual Panel,Command,'SetVisible,Button,4614,,True'
2026-03-06 12:09:03.495667,Room2 Virtual Panel,Command,'SetVisible,Button,4614,,True'
2026-03-06 12:09:03.496663,Room1 Virtual Panel,Command,'SetVisible,Button,4624,,True'
2026-03-06 12:09:03.496663,Room6 Virtual Panel,Command,'SetVisible,Button,4924,,True'
2026-03-06 12:09:03.496663,Room5 Virtual Panel,Command,'SetVisible,Button,4632,,False'
2026-03-06 12:09:03.496663,Room0 Virtual Panel,Command,'SetVisible,Label,4754,,True'
2026-03-06 12:09:03.496663,Room2 Virtual Panel,Command,'SetVisible,Button,4615,,True'
2026-03-06 12:09:03.496663,Room3 Virtual Panel,Command,'SetVisible,Button,4615,,True'
2026-03-06 12:09:03.496663,Room4 Virtual Panel,Command,'SetVisible,Button,4606,,True'
2026-03-06 12:09:03.496663,Room5 Virtual Panel,Command,'SetVisible,Button,4600,,True'
2026-03-06 12:09:03.496663,Room4 Virtual Panel,Command,'SetVisible,Button,4607,,True'
2026-03-06 12:09:03.496663,Room1 Virtual Panel,Command,'SetVisible,Label,4776,,False'
2026-03-06 12:09:03.497664,Room0 Virtual Panel,Command,'SetVisible,Label,4755,,True'
2026-03-06 12:09:03.497664,Room3 Virtual Panel,Command,'SetVisible,Button,4616,,True'
2026-03-06 12:09:03.497664,Room2 Virtual Panel,Command,'SetVisible,Button,4616,,True'
2026-03-06 12:09:03.497664,Room6 Virtual Panel,Command,'SetVisible,Button,4625,,False'
2026-03-06 12:09:03.497664,Room5 Virtual Panel,Command,'SetVisible,Button,4601,,True'
2026-03-06 12:09:03.497664,Room4 Virtual Panel,Command,'SetVisible,Button,4608,,True'
2026-03-06 12:09:03.497664,Room1 Virtual Panel,Command,'SetVisible,Label,4777,,False'
2026-03-06 12:09:03.497664,Room2 Virtual Panel,Command,'SetVisible,Button,4617,,True'
2026-03-06 12:09:03.497664,Room4 Virtual Panel,Command,'SetVisible,Button,4609,,True'
2026-03-06 12:09:03.497664,Room6 Virtual Panel,Command,'SetVisible,Button,4626,,False'
2026-03-06 12:09:03.497664,Room0 Virtual Panel,Command,'SetVisible,Label,4756,,True'
2026-03-06 12:09:03.498664,Room1 Virtual Panel,Command,'SetVisible,Label,4778,,False'
2026-03-06 12:09:03.498664,Room5 Virtual Panel,Command,'SetVisible,Button,4602,,True'
2026-03-06 12:09:03.498664,Room1 Virtual Panel,Command,'SetVisible,Label,4779,,False'
2026-03-06 12:09:03.498664,Room2 Virtual Panel,Command,'SetVisible,Button,4618,,True'
2026-03-06 12:09:03.498664,Room3 Virtual Panel,Command,'SetVisible,Button,4617,,True'
2026-03-06 12:09:03.498664,Room6 Virtual Panel,Command,'SetVisible,Button,4627,,False'
2026-03-06 12:09:03.498664,Room0 Virtual Panel,Command,'SetVisible,Label,4757,,True'
2026-03-06 12:09:03.498664,Room3 Virtual Panel,Command,'SetVisible,Button,4618,,True'
2026-03-06 12:09:03.498664,Room1 Virtual Panel,Command,'SetVisible,Label,4780,,False'
2026-03-06 12:09:03.498664,Room5 Virtual Panel,Command,'SetVisible,Button,4603,,True'
2026-03-06 12:09:03.498664,Room6 Virtual Panel,Command,'SetVisible,Button,4628,,False'
2026-03-06 12:09:03.498664,Room2 Virtual Panel,Command,'SetVisible,Button,4619,,True'
2026-03-06 12:09:03.498664,Room4 Virtual Panel,Command,'SetVisible,Button,4610,,True'
2026-03-06 12:09:03.499663,Room3 Virtual Panel,Command,'SetVisible,Button,4619,,True'
2026-03-06 12:09:03.499663,Room0 Virtual Panel,Command,'SetVisible,Label,4758,,True'
2026-03-06 12:09:03.499663,Room1 Virtual Panel,Command,'SetVisible,Label,4781,,False'
2026-03-06 12:09:03.499663,Room6 Virtual Panel,Command,'SetVisible,Button,4629,,False'
2026-03-06 12:09:03.499663,Room5 Virtual Panel,Command,'SetVisible,Button,4604,,True'
2026-03-06 12:09:03.499663,Room3 Virtual Panel,Command,'SetVisible,Button,4620,,True'
2026-03-06 12:09:03.499663,Room2 Virtual Panel,Command,'SetVisible,Button,4620,,True'
2026-03-06 12:09:03.499663,Room4 Virtual Panel,Command,'SetVisible,Button,4611,,True'
2026-03-06 12:09:03.499663,Room1 Virtual Panel,Command,'SetVisible,Label,4782,,False'
2026-03-06 12:09:03.499663,Room0 Virtual Panel,Command,'SetVisible,Label,4759,,True'
2026-03-06 12:09:03.499663,Room3 Virtual Panel,Command,'SetVisible,Button,4621,,True'
2026-03-06 12:09:03.499663,Room5 Virtual Panel,Command,'SetVisible,Button,4605,,True'
2026-03-06 12:09:03.499663,Room6 Virtual Panel,Command,'SetVisible,Button,4630,,False'
2026-03-06 12:09:03.499663,Room4 Virtual Panel,Command,'SetVisible,Button,4612,,True'
2026-03-06 12:09:03.500664,Room2 Virtual Panel,Command,'SetVisible,Button,4621,,True'
2026-03-06 12:09:03.500664,Room3 Virtual Panel,Command,'SetVisible,Button,4622,,True'
2026-03-06 12:09:03.500664,Room3 Virtual Panel,Command,'SetVisible,Button,4623,,True'
2026-03-06 12:09:03.500664,Room1 Virtual Panel,Command,'SetVisible,Label,4751,,True'
2026-03-06 12:09:03.500664,Room0 Virtual Panel,Command,'SetVisible,Label,4760,,True'
2026-03-06 12:09:03.500664,Room4 Virtual Panel,Command,'SetVisible,Button,4613,,True'
2026-03-06 12:09:03.500664,Room6 Virtual Panel,Command,'SetVisible,Button,4631,,False'
2026-03-06 12:09:03.500664,Room3 Virtual Panel,Command,'SetVisible,Button,4624,,True'
2026-03-06 12:09:03.500664,Room2 Virtual Panel,Command,'SetVisible,Button,4622,,True'
2026-03-06 12:09:03.500664,Room0 Virtual Panel,Command,'SetVisible,Label,4761,,True'
2026-03-06 12:09:03.500664,Room1 Virtual Panel,Command,'SetVisible,Label,4752,,True'
2026-03-06 12:09:03.500664,Room5 Virtual Panel,Command,'SetVisible,Button,4606,,True'
2026-03-06 12:09:03.500664,Room3 Virtual Panel,Command,'SetVisible,Label,4776,,False'
2026-03-06 12:09:03.501689,Room4 Virtual Panel,Command,'SetVisible,Button,4614,,True'
2026-03-06 12:09:03.501689,Room6 Virtual Panel,Command,'SetVisible,Button,4632,,False'
2026-03-06 12:09:03.501689,Room0 Virtual Panel,Command,'SetVisible,Label,4762,,True'
2026-03-06 12:09:03.501689,Room2 Virtual Panel,Command,'SetVisible,Button,4623,,True'
2026-03-06 12:09:03.501689,Room1 Virtual Panel,Command,'SetVisible,Label,4753,,True'
2026-03-06 12:09:03.501689,Room6 Virtual Panel,Command,'SetVisible,Button,4600,,True'
2026-03-06 12:09:03.501689,Room4 Virtual Panel,Command,'SetVisible,Button,4615,,True'
2026-03-06 12:09:03.501689,Room5 Virtual Panel,Command,'SetVisible,Button,4607,,True'
2026-03-06 12:09:03.501689,Room1 Virtual Panel,Command,'SetVisible,Label,4754,,True'
2026-03-06 12:09:03.501689,Room6 Virtual Panel,Command,'SetVisible,Button,4601,,True'
2026-03-06 12:09:03.501689,Room0 Virtual Panel,Command,'SetVisible,Label,4763,,True'
2026-03-06 12:09:03.501689,Room3 Virtual Panel,Command,'SetVisible,Label,4777,,False'
2026-03-06 12:09:03.502693,Room4 Virtual Panel,Command,'SetVisible,Button,4616,,True'
2026-03-06 12:09:03.502693,Room2 Virtual Panel,Command,'SetVisible,Button,4624,,True'
2026-03-06 12:09:03.502693,Room3 Virtual Panel,Command,'SetVisible,Label,4778,,False'
2026-03-06 12:09:03.502693,Room5 Virtual Panel,Command,'SetVisible,Button,4608,,True'
2026-03-06 12:09:03.502693,Room2 Virtual Panel,Command,'SetVisible,Label,4776,,False'
2026-03-06 12:09:03.502693,Room6 Virtual Panel,Command,'SetVisible,Button,4602,,True'
2026-03-06 12:09:03.502693,Room4 Virtual Panel,Command,'SetVisible,Button,4617,,True'
2026-03-06 12:09:03.502693,Room0 Virtual Panel,Command,'SetVisible,Label,4764,,True'
2026-03-06 12:09:03.503459,Room3 Virtual Panel,Command,'SetVisible,Label,4779,,False'
2026-03-06 12:09:03.503459,Room2 Virtual Panel,Command,'SetVisible,Label,4777,,False'
2026-03-06 12:09:03.503459,Room5 Virtual Panel,Command,'SetVisible,Button,4609,,True'
2026-03-06 12:09:03.503459,Room1 Virtual Panel,Command,'SetVisible,Label,4755,,True'
2026-03-06 12:09:03.503459,Room4 Virtual Panel,Command,'SetVisible,Button,4618,,True'
2026-03-06 12:09:03.503459,Room3 Virtual Panel,Command,'SetVisible,Label,4780,,False'
2026-03-06 12:09:03.503459,Room2 Virtual Panel,Command,'SetVisible,Label,4778,,False'
2026-03-06 12:09:03.503459,Room5 Virtual Panel,Command,'SetVisible,Button,4610,,True'
2026-03-06 12:09:03.503459,Room4 Virtual Panel,Command,'SetVisible,Button,4619,,True'
2026-03-06 12:09:03.503459,Room6 Virtual Panel,Command,'SetVisible,Button,4603,,True'
2026-03-06 12:09:03.503459,Room1 Virtual Panel,Command,'SetVisible,Label,4756,,True'
2026-03-06 12:09:03.503459,Room0 Virtual Panel,Command,'SetVisible,Label,4765,,True'
2026-03-06 12:09:03.504462,Room2 Virtual Panel,Command,'SetVisible,Label,4779,,False'
2026-03-06 12:09:03.504462,Room4 Virtual Panel,Command,'SetVisible,Button,4620,,True'
2026-03-06 12:09:03.504462,Room3 Virtual Panel,Command,'SetVisible,Label,4781,,False'
2026-03-06 12:09:03.504462,Room5 Virtual Panel,Command,'SetVisible,Button,4611,,True'
2026-03-06 12:09:03.504462,Room2 Virtual Panel,Command,'SetVisible,Label,4780,,False'
2026-03-06 12:09:03.504462,Room1 Virtual Panel,Command,'SetVisible,Label,4757,,True'
2026-03-06 12:09:03.504462,Room4 Virtual Panel,Command,'SetVisible,Button,4621,,True'
2026-03-06 12:09:03.504462,Room0 Virtual Panel,Command,'SetVisible,Label,4766,,True'
2026-03-06 12:09:03.504462,Room3 Virtual Panel,Command,'SetVisible,Label,4782,,False'
2026-03-06 12:09:03.504462,Room5 Virtual Panel,Command,'SetVisible,Button,4612,,True'
2026-03-06 12:09:03.504462,Room1 Virtual Panel,Command,'SetVisible,Label,4758,,True'
2026-03-06 12:09:03.504462,Room4 Virtual Panel,Command,'SetVisible,Button,4622,,True'
2026-03-06 12:09:03.505462,Room0 Virtual Panel,Command,'SetVisible,Label,4767,,True'
2026-03-06 12:09:03.505462,Room6 Virtual Panel,Command,'SetVisible,Button,4604,,True'
2026-03-06 12:09:03.505462,Room3 Virtual Panel,Command,'SetVisible,Label,4751,,True'
2026-03-06 12:09:03.505462,Room2 Virtual Panel,Command,'SetVisible,Label,4781,,False'
2026-03-06 12:09:03.505462,Room5 Virtual Panel,Command,'SetVisible,Button,4613,,True'
2026-03-06 12:09:03.505462,Room4 Virtual Panel,Command,'SetVisible,Button,4623,,True'
2026-03-06 12:09:03.505462,Room0 Virtual Panel,Command,'SetVisible,Label,4768,,True'
2026-03-06 12:09:03.505462,Room1 Virtual Panel,Command,'SetVisible,Label,4759,,True'
2026-03-06 12:09:03.505462,Room5 Virtual Panel,Command,'SetVisible,Button,4614,,True'
2026-03-06 12:09:03.505462,Room2 Virtual Panel,Command,'SetVisible,Label,4782,,False'
2026-03-06 12:09:03.505462,Room6 Virtual Panel,Command,'SetVisible,Button,4605,,True'
2026-03-06 12:09:03.505462,Room5 Virtual Panel,Command,'SetVisible,Button,4615,,True'
2026-03-06 12:09:03.505462,Room4 Virtual Panel,Command,'SetVisible,Button,4624,,True'
2026-03-06 12:09:03.506463,Room2 Virtual Panel,Command,'SetVisible,Label,4751,,True'
2026-03-06 12:09:03.506463,Room3 Virtual Panel,Command,'SetVisible,Label,4752,,True'
2026-03-06 12:09:03.506463,Room6 Virtual Panel,Command,'SetVisible,Button,4606,,True'
2026-03-06 12:09:03.506463,Room1 Virtual Panel,Command,'SetVisible,Label,4760,,True'
2026-03-06 12:09:03.506463,Room5 Virtual Panel,Command,'SetVisible,Button,4616,,True'
2026-03-06 12:09:03.506463,Room0 Virtual Panel,Command,'SetVisible,Label,4769,,True'
2026-03-06 12:09:03.506463,Room4 Virtual Panel,Command,'SetVisible,Label,4776,,False'
2026-03-06 12:09:03.506463,Room6 Virtual Panel,Command,'SetVisible,Button,4607,,True'
2026-03-06 12:09:03.506463,Room2 Virtual Panel,Command,'SetVisible,Label,4752,,True'
2026-03-06 12:09:03.506463,Room5 Virtual Panel,Command,'SetVisible,Button,4617,,True'
2026-03-06 12:09:03.507463,Room4 Virtual Panel,Command,'SetVisible,Label,4777,,False'
2026-03-06 12:09:03.507463,Room3 Virtual Panel,Command,'SetVisible,Label,4753,,True'
2026-03-06 12:09:03.507463,Room5 Virtual Panel,Command,'SetVisible,Button,4618,,True'
2026-03-06 12:09:03.507463,Room1 Virtual Panel,Command,'SetVisible,Label,4761,,True'
2026-03-06 12:09:03.507463,Room0 Virtual Panel,Command,'SetVisible,Label,4770,,True'
2026-03-06 12:09:03.507463,Room6 Virtual Panel,Command,'SetVisible,Button,4608,,True'
2026-03-06 12:09:03.507463,Room4 Virtual Panel,Command,'SetVisible,Label,4778,,False'
2026-03-06 12:09:03.508463,Room5 Virtual Panel,Command,'SetVisible,Button,4619,,True'
2026-03-06 12:09:03.508463,Room2 Virtual Panel,Command,'SetVisible,Label,4753,,True'
2026-03-06 12:09:03.508463,Room3 Virtual Panel,Command,'SetVisible,Label,4754,,True'
2026-03-06 12:09:03.508463,Room4 Virtual Panel,Command,'SetVisible,Label,4779,,False'
2026-03-06 12:09:03.508463,Room6 Virtual Panel,Command,'SetVisible,Button,4609,,True'
2026-03-06 12:09:03.508463,Room1 Virtual Panel,Command,'SetVisible,Label,4762,,True'
2026-03-06 12:09:03.508463,Room0 Virtual Panel,Command,'SetVisible,Label,4771,,True'
2026-03-06 12:09:03.508463,Room5 Virtual Panel,Command,'SetVisible,Button,4620,,True'
2026-03-06 12:09:03.509462,Room2 Virtual Panel,Command,'SetVisible,Label,4754,,True'
2026-03-06 12:09:03.509462,Room1 Virtual Panel,Command,'SetVisible,Label,4763,,True'
2026-03-06 12:09:03.509462,Room3 Virtual Panel,Command,'SetVisible,Label,4755,,True'
2026-03-06 12:09:03.509462,Room4 Virtual Panel,Command,'SetVisible,Label,4780,,False'
2026-03-06 12:09:03.509462,Room5 Virtual Panel,Command,'SetVisible,Button,4621,,True'
2026-03-06 12:09:03.509462,Room0 Virtual Panel,Command,'SetVisible,Label,4772,,True'
2026-03-06 12:09:03.509462,Room4 Virtual Panel,Command,'SetVisible,Label,4781,,False'
2026-03-06 12:09:03.509462,Room6 Virtual Panel,Command,'SetVisible,Button,4610,,True'
2026-03-06 12:09:03.509462,Room1 Virtual Panel,Command,'SetVisible,Label,4764,,True'
2026-03-06 12:09:03.510473,Room4 Virtual Panel,Command,'SetVisible,Label,4782,,False'
2026-03-06 12:09:03.510473,Room3 Virtual Panel,Command,'SetVisible,Label,4756,,True'
2026-03-06 12:09:03.510473,Room5 Virtual Panel,Command,'SetVisible,Button,4622,,True'
2026-03-06 12:09:03.510473,Room2 Virtual Panel,Command,'SetVisible,Label,4755,,True'
2026-03-06 12:09:03.510473,Room4 Virtual Panel,Command,'SetVisible,Label,4751,,True'
2026-03-06 12:09:03.510473,Room5 Virtual Panel,Command,'SetVisible,Button,4623,,True'
2026-03-06 12:09:03.510473,Room1 Virtual Panel,Command,'SetVisible,Label,4765,,True'
2026-03-06 12:09:03.510473,Room3 Virtual Panel,Command,'SetVisible,Label,4757,,True'
2026-03-06 12:09:03.510473,Room4 Virtual Panel,Command,'SetVisible,Label,4752,,True'
2026-03-06 12:09:03.510473,Room5 Virtual Panel,Command,'SetVisible,Button,4624,,True'
2026-03-06 12:09:03.510473,Room2 Virtual Panel,Command,'SetVisible,Label,4756,,True'
2026-03-06 12:09:03.510473,Room0 Virtual Panel,Command,'SetVisible,Label,4773,,True'
2026-03-06 12:09:03.510473,Room6 Virtual Panel,Command,'SetVisible,Button,4611,,True'
2026-03-06 12:09:03.510473,Room5 Virtual Panel,Command,'SetVisible,Label,4776,,False'
2026-03-06 12:09:03.511893,Room4 Virtual Panel,Command,'SetVisible,Label,4753,,True'
2026-03-06 12:09:03.511893,Room3 Virtual Panel,Command,'SetVisible,Label,4758,,True'
2026-03-06 12:09:03.511893,Room5 Virtual Panel,Command,'SetVisible,Label,4777,,False'
2026-03-06 12:09:03.511893,Room0 Virtual Panel,Command,'SetVisible,Label,4774,,True'
2026-03-06 12:09:03.511893,Room1 Virtual Panel,Command,'SetVisible,Label,4766,,True'
2026-03-06 12:09:03.511893,Room5 Virtual Panel,Command,'SetVisible,Label,4778,,False'
2026-03-06 12:09:03.511893,Room0 Virtual Panel,Command,'SetVisible,Label,4775,,True'
2026-03-06 12:09:03.511893,Room6 Virtual Panel,Command,'SetVisible,Button,4612,,True'
2026-03-06 12:09:03.511893,Room2 Virtual Panel,Command,'SetVisible,Label,4757,,True'
2026-03-06 12:09:03.511893,Room4 Virtual Panel,Command,'SetVisible,Label,4754,,True'
2026-03-06 12:09:03.512897,Room1 Virtual Panel,Command,'SetVisible,Label,4767,,True'
2026-03-06 12:09:03.512897,Room3 Virtual Panel,Command,'SetVisible,Label,4759,,True'
2026-03-06 12:09:03.512897,Room5 Virtual Panel,Command,'SetVisible,Label,4779,,False'
2026-03-06 12:09:03.512897,Room2 Virtual Panel,Command,'SetVisible,Label,4758,,True'
2026-03-06 12:09:03.512897,Room1 Virtual Panel,Command,'SetVisible,Label,4768,,True'
2026-03-06 12:09:03.512897,Room6 Virtual Panel,Command,'SetVisible,Button,4613,,True'
2026-03-06 12:09:03.512897,Room4 Virtual Panel,Command,'SetVisible,Label,4755,,True'
2026-03-06 12:09:03.512897,Room0 Virtual Panel,Command,'SetVisible,Button,14625,,False'
2026-03-06 12:09:03.512897,Room5 Virtual Panel,Command,'SetVisible,Label,4780,,False'
2026-03-06 12:09:03.512897,Room2 Virtual Panel,Command,'SetVisible,Label,4759,,True'
2026-03-06 12:09:03.512897,Room3 Virtual Panel,Command,'SetVisible,Label,4760,,True'
2026-03-06 12:09:03.513898,Room6 Virtual Panel,Command,'SetVisible,Button,4614,,True'
2026-03-06 12:09:03.513898,Room0 Virtual Panel,Command,'SetVisible,Button,14626,,False'
2026-03-06 12:09:03.513898,Room5 Virtual Panel,Command,'SetVisible,Label,4781,,False'
2026-03-06 12:09:03.513898,Room3 Virtual Panel,Command,'SetVisible,Label,4761,,True'
2026-03-06 12:09:03.513898,Room1 Virtual Panel,Command,'SetVisible,Label,4769,,True'
2026-03-06 12:09:03.513898,Room4 Virtual Panel,Command,'SetVisible,Label,4756,,True'
2026-03-06 12:09:03.513898,Room0 Virtual Panel,Command,'SetVisible,Button,14627,,False'
2026-03-06 12:09:03.513898,Room2 Virtual Panel,Command,'SetVisible,Label,4760,,True'
2026-03-06 12:09:03.513898,Room3 Virtual Panel,Command,'SetVisible,Label,4762,,True'
2026-03-06 12:09:03.513898,Room5 Virtual Panel,Command,'SetVisible,Label,4782,,False'
2026-03-06 12:09:03.514898,Room2 Virtual Panel,Command,'SetVisible,Label,4761,,True'
2026-03-06 12:09:03.514898,Room6 Virtual Panel,Command,'SetVisible,Button,4615,,True'
2026-03-06 12:09:03.514898,Room3 Virtual Panel,Command,'SetVisible,Label,4763,,True'
2026-03-06 12:09:03.514898,Room1 Virtual Panel,Command,'SetVisible,Label,4770,,True'
2026-03-06 12:09:03.514898,Room2 Virtual Panel,Command,'SetVisible,Label,4762,,True'
2026-03-06 12:09:03.514898,Room4 Virtual Panel,Command,'SetVisible,Label,4757,,True'
2026-03-06 12:09:03.514898,Room5 Virtual Panel,Command,'SetVisible,Label,4751,,True'
2026-03-06 12:09:03.514898,Room3 Virtual Panel,Command,'SetVisible,Label,4764,,True'
2026-03-06 12:09:03.514898,Room6 Virtual Panel,Command,'SetVisible,Button,4616,,True'
2026-03-06 12:09:03.514898,Room0 Virtual Panel,Command,'SetVisible,Button,14628,,False'
2026-03-06 12:09:03.515906,Room4 Virtual Panel,Command,'SetVisible,Label,4758,,True'
2026-03-06 12:09:03.515906,Room3 Virtual Panel,Command,'SetVisible,Label,4765,,True'
2026-03-06 12:09:03.515906,Room1 Virtual Panel,Command,'SetVisible,Label,4771,,True'
2026-03-06 12:09:03.515906,Room5 Virtual Panel,Command,'SetVisible,Label,4752,,True'
2026-03-06 12:09:03.515906,Room6 Virtual Panel,Command,'SetVisible,Button,4617,,True'
2026-03-06 12:09:03.515906,Room0 Virtual Panel,Command,'SetVisible,Button,14629,,False'
2026-03-06 12:09:03.515906,Room4 Virtual Panel,Command,'SetVisible,Label,4759,,True'
2026-03-06 12:09:03.515906,Room2 Virtual Panel,Command,'SetVisible,Label,4763,,True'
2026-03-06 12:09:03.515906,Room3 Virtual Panel,Command,'SetVisible,Label,4766,,True'
2026-03-06 12:09:03.515906,Room6 Virtual Panel,Command,'SetVisible,Button,4618,,True'
2026-03-06 12:09:03.515906,Room0 Virtual Panel,Command,'SetVisible,Button,14630,,False'
2026-03-06 12:09:03.515906,Room5 Virtual Panel,Command,'SetVisible,Label,4753,,True'
2026-03-06 12:09:03.516899,Room4 Virtual Panel,Command,'SetVisible,Label,4760,,True'
2026-03-06 12:09:03.516899,Room2 Virtual Panel,Command,'SetVisible,Label,4764,,True'
2026-03-06 12:09:03.516899,Room0 Virtual Panel,Command,'SetVisible,Button,14631,,False'
2026-03-06 12:09:03.516899,Room1 Virtual Panel,Command,'SetVisible,Label,4772,,True'
2026-03-06 12:09:03.516899,Room6 Virtual Panel,Command,'SetVisible,Button,4619,,True'
2026-03-06 12:09:03.516899,Room4 Virtual Panel,Command,'SetVisible,Label,4761,,True'
2026-03-06 12:09:03.516899,Room5 Virtual Panel,Command,'SetVisible,Label,4754,,True'
2026-03-06 12:09:03.516899,Room0 Virtual Panel,Command,'SetVisible,Button,14632,,False'
2026-03-06 12:09:03.516899,Room3 Virtual Panel,Command,'SetVisible,Label,4767,,True'
2026-03-06 12:09:03.516899,Room4 Virtual Panel,Command,'SetVisible,Label,4762,,True'
2026-03-06 12:09:03.516899,Room6 Virtual Panel,Command,'SetVisible,Button,4620,,True'
2026-03-06 12:09:03.517897,Room3 Virtual Panel,Command,'SetVisible,Label,4768,,True'
2026-03-06 12:09:03.517897,Room2 Virtual Panel,Command,'SetVisible,Label,4765,,True'
2026-03-06 12:09:03.517897,Room0 Virtual Panel,Command,'SetVisible,Button,14601,,True'
2026-03-06 12:09:03.517897,Room3 Virtual Panel,Command,'SetVisible,Label,4769,,True'
2026-03-06 12:09:03.517897,Room2 Virtual Panel,Command,'SetVisible,Label,4766,,True'
2026-03-06 12:09:03.517897,Room1 Virtual Panel,Command,'SetVisible,Label,4773,,True'
2026-03-06 12:09:03.517897,Room4 Virtual Panel,Command,'SetVisible,Label,4763,,True'
2026-03-06 12:09:03.517897,Room5 Virtual Panel,Command,'SetVisible,Label,4755,,True'
2026-03-06 12:09:03.517897,Room6 Virtual Panel,Command,'SetVisible,Button,4621,,True'
2026-03-06 12:09:03.517897,Room0 Virtual Panel,Command,'SetVisible,Button,14602,,True'
2026-03-06 12:09:03.517897,Room4 Virtual Panel,Command,'SetVisible,Label,4764,,True'
2026-03-06 12:09:03.517897,Room2 Virtual Panel,Command,'SetVisible,Label,4767,,True'
2026-03-06 12:09:03.517897,Room3 Virtual Panel,Command,'SetVisible,Label,4770,,True'
2026-03-06 12:09:03.517897,Room0 Virtual Panel,Command,'SetVisible,Button,14603,,True'
2026-03-06 12:09:03.517897,Room6 Virtual Panel,Command,'SetVisible,Button,4622,,True'
2026-03-06 12:09:03.517897,Room1 Virtual Panel,Command,'SetVisible,Label,4774,,True'
2026-03-06 12:09:03.519401,Room0 Virtual Panel,Command,'SetVisible,Button,14604,,True'
2026-03-06 12:09:03.519401,Room1 Virtual Panel,Command,'SetVisible,Label,4775,,True'
2026-03-06 12:09:03.519401,Room3 Virtual Panel,Command,'SetVisible,Label,4771,,True'
2026-03-06 12:09:03.519401,Room5 Virtual Panel,Command,'SetVisible,Label,4756,,True'
2026-03-06 12:09:03.519401,Room6 Virtual Panel,Command,'SetVisible,Button,4623,,True'
2026-03-06 12:09:03.519401,Room2 Virtual Panel,Command,'SetVisible,Label,4768,,True'
2026-03-06 12:09:03.519401,Room1 Virtual Panel,Command,'SetVisible,Button,14625,,False'
2026-03-06 12:09:03.519401,Room6 Virtual Panel,Command,'SetVisible,Button,4624,,True'
2026-03-06 12:09:03.519401,Room4 Virtual Panel,Command,'SetVisible,Label,4765,,True'
2026-03-06 12:09:03.519401,Room0 Virtual Panel,Command,'SetVisible,Button,14605,,True'
2026-03-06 12:09:03.519401,Room3 Virtual Panel,Command,'SetVisible,Label,4772,,True'
2026-03-06 12:09:03.519401,Room2 Virtual Panel,Command,'SetVisible,Label,4769,,True'
2026-03-06 12:09:03.519401,Room4 Virtual Panel,Command,'SetVisible,Label,4766,,True'
2026-03-06 12:09:03.519401,Room0 Virtual Panel,Command,'SetVisible,Button,14606,,True'
2026-03-06 12:09:03.519401,Room1 Virtual Panel,Command,'SetVisible,Button,14626,,False'
2026-03-06 12:09:03.519401,Room5 Virtual Panel,Command,'SetVisible,Label,4757,,True'
2026-03-06 12:09:03.519401,Room3 Virtual Panel,Command,'SetVisible,Label,4773,,True'
2026-03-06 12:09:03.519401,Room4 Virtual Panel,Command,'SetVisible,Label,4767,,True'
2026-03-06 12:09:03.519401,Room5 Virtual Panel,Command,'SetVisible,Label,4758,,True'
2026-03-06 12:09:03.520919,Room1 Virtual Panel,Command,'SetVisible,Button,14627,,False'
2026-03-06 12:09:03.520919,Room2 Virtual Panel,Command,'SetVisible,Label,4770,,True'
2026-03-06 12:09:03.520919,Room0 Virtual Panel,Command,'SetVisible,Button,14607,,True'
2026-03-06 12:09:03.520919,Room3 Virtual Panel,Command,'SetVisible,Label,4774,,True'
2026-03-06 12:09:03.520919,Room4 Virtual Panel,Command,'SetVisible,Label,4768,,True'
2026-03-06 12:09:03.520919,Room3 Virtual Panel,Command,'SetVisible,Label,4775,,True'
2026-03-06 12:09:03.520919,Room6 Virtual Panel,Command,'SetVisible,Label,4776,,False'
2026-03-06 12:09:03.521429,Room2 Virtual Panel,Command,'SetVisible,Label,4771,,True'
2026-03-06 12:09:03.521429,Room0 Virtual Panel,Command,'SetVisible,Button,14608,,True'
2026-03-06 12:09:03.521429,Room4 Virtual Panel,Command,'SetVisible,Label,4769,,True'
2026-03-06 12:09:03.521429,Room3 Virtual Panel,Command,'SetVisible,Button,14625,,False'
2026-03-06 12:09:03.521429,Room0 Virtual Panel,Command,'SetVisible,Button,14609,,True'
2026-03-06 12:09:03.521429,Room5 Virtual Panel,Command,'SetVisible,Label,4759,,True'
2026-03-06 12:09:03.521429,Room1 Virtual Panel,Command,'SetVisible,Button,14628,,False'
2026-03-06 12:09:03.521429,Room4 Virtual Panel,Command,'SetVisible,Label,4770,,True'
2026-03-06 12:09:03.521429,Room3 Virtual Panel,Command,'SetVisible,Button,14626,,False'
2026-03-06 12:09:03.521429,Room5 Virtual Panel,Command,'SetVisible,Label,4760,,True'
2026-03-06 12:09:03.521429,Room4 Virtual Panel,Command,'SetVisible,Label,4771,,True'
2026-03-06 12:09:03.521429,Room2 Virtual Panel,Command,'SetVisible,Label,4772,,True'
2026-03-06 12:09:03.522433,Room6 Virtual Panel,Command,'SetVisible,Label,4777,,False'
2026-03-06 12:09:03.522433,Room1 Virtual Panel,Command,'SetVisible,Button,14629,,False'
2026-03-06 12:09:03.522433,Room0 Virtual Panel,Command,'SetVisible,Button,14610,,True'
2026-03-06 12:09:03.522743,Room4 Virtual Panel,Command,'SetVisible,Label,4772,,True'
2026-03-06 12:09:03.522743,Room3 Virtual Panel,Command,'SetVisible,Button,14627,,False'
2026-03-06 12:09:03.522743,Room6 Virtual Panel,Command,'SetVisible,Label,4778,,False'
2026-03-06 12:09:03.522743,Room1 Virtual Panel,Command,'SetVisible,Button,14630,,False'
2026-03-06 12:09:03.523433,Room0 Virtual Panel,Command,'SetVisible,Button,14611,,True'
2026-03-06 12:09:03.523433,Room3 Virtual Panel,Command,'SetVisible,Button,14628,,False'
2026-03-06 12:09:03.523433,Room5 Virtual Panel,Command,'SetVisible,Label,4761,,True'
2026-03-06 12:09:03.523433,Room1 Virtual Panel,Command,'SetVisible,Button,14631,,False'
2026-03-06 12:09:03.523433,Room2 Virtual Panel,Command,'SetVisible,Label,4773,,True'
2026-03-06 12:09:03.523433,Room6 Virtual Panel,Command,'SetVisible,Label,4779,,False'
2026-03-06 12:09:03.523433,Room5 Virtual Panel,Command,'SetVisible,Label,4762,,True'
2026-03-06 12:09:03.523433,Room0 Virtual Panel,Command,'SetVisible,Button,14612,,True'
2026-03-06 12:09:03.523433,Room1 Virtual Panel,Command,'SetVisible,Button,14632,,False'
2026-03-06 12:09:03.523433,Room4 Virtual Panel,Command,'SetVisible,Label,4773,,True'
2026-03-06 12:09:03.523433,Room2 Virtual Panel,Command,'SetVisible,Label,4774,,True'
2026-03-06 12:09:03.524434,Room6 Virtual Panel,Command,'SetVisible,Label,4780,,False'
2026-03-06 12:09:03.524434,Room1 Virtual Panel,Command,'SetVisible,Button,14601,,True'
2026-03-06 12:09:03.524434,Room4 Virtual Panel,Command,'SetVisible,Label,4774,,True'
2026-03-06 12:09:03.524434,Room3 Virtual Panel,Command,'SetVisible,Button,14629,,False'
2026-03-06 12:09:03.524434,Room0 Virtual Panel,Command,'SetVisible,Button,14613,,True'
2026-03-06 12:09:03.524434,Room3 Virtual Panel,Command,'SetVisible,Button,14630,,False'
2026-03-06 12:09:03.524434,Room6 Virtual Panel,Command,'SetVisible,Label,4781,,False'
2026-03-06 12:09:03.524434,Room5 Virtual Panel,Command,'SetVisible,Label,4763,,True'
2026-03-06 12:09:03.525434,Room2 Virtual Panel,Command,'SetVisible,Label,4775,,True'
2026-03-06 12:09:03.525434,Room1 Virtual Panel,Command,'SetVisible,Button,14602,,True'
2026-03-06 12:09:03.525434,Room0 Virtual Panel,Command,'SetVisible,Button,14614,,True'
2026-03-06 12:09:03.525434,Room6 Virtual Panel,Command,'SetVisible,Label,4782,,False'
2026-03-06 12:09:03.525434,Room3 Virtual Panel,Command,'SetVisible,Button,14631,,False'
2026-03-06 12:09:03.525434,Room4 Virtual Panel,Command,'SetVisible,Label,4775,,True'
2026-03-06 12:09:03.525434,Room2 Virtual Panel,Command,'SetVisible,Button,14625,,False'
2026-03-06 12:09:03.525434,Room5 Virtual Panel,Command,'SetVisible,Label,4764,,True'
2026-03-06 12:09:03.525434,Room1 Virtual Panel,Command,'SetVisible,Button,14603,,True'
2026-03-06 12:09:03.525434,Room6 Virtual Panel,Command,'SetVisible,Label,4751,,True'
2026-03-06 12:09:03.525434,Room0 Virtual Panel,Command,'SetVisible,Button,14615,,True'
2026-03-06 12:09:03.526433,Room5 Virtual Panel,Command,'SetVisible,Label,4765,,True'
2026-03-06 12:09:03.526433,Room1 Virtual Panel,Command,'SetVisible,Button,14604,,True'
2026-03-06 12:09:03.526433,Room3 Virtual Panel,Command,'SetVisible,Button,14632,,False'
2026-03-06 12:09:03.526433,Room4 Virtual Panel,Command,'SetVisible,Button,14625,,False'
2026-03-06 12:09:03.526433,Room6 Virtual Panel,Command,'SetVisible,Label,4752,,True'
2026-03-06 12:09:03.526433,Room3 Virtual Panel,Command,'SetVisible,Button,14601,,True'
2026-03-06 12:09:03.526433,Room2 Virtual Panel,Command,'SetVisible,Button,14626,,False'
2026-03-06 12:09:03.526433,Room0 Virtual Panel,Command,'SetVisible,Button,14616,,True'
2026-03-06 12:09:03.526433,Room5 Virtual Panel,Command,'SetVisible,Label,4766,,True'
2026-03-06 12:09:03.526433,Room4 Virtual Panel,Command,'SetVisible,Button,14626,,False'
2026-03-06 12:09:03.527433,Room0 Virtual Panel,Command,'SetVisible,Button,14617,,True'
2026-03-06 12:09:03.527433,Room2 Virtual Panel,Command,'SetVisible,Button,14627,,False'
2026-03-06 12:09:03.527433,Room1 Virtual Panel,Command,'SetVisible,Button,14605,,True'
2026-03-06 12:09:03.527433,Room3 Virtual Panel,Command,'SetVisible,Button,14602,,True'
2026-03-06 12:09:03.527433,Room6 Virtual Panel,Command,'SetVisible,Label,4753,,True'
2026-03-06 12:09:03.527433,Room4 Virtual Panel,Command,'SetVisible,Button,14627,,False'
2026-03-06 12:09:03.527433,Room5 Virtual Panel,Command,'SetVisible,Label,4767,,True'
2026-03-06 12:09:03.527433,Room2 Virtual Panel,Command,'SetVisible,Button,14628,,False'
2026-03-06 12:09:03.527433,Room3 Virtual Panel,Command,'SetVisible,Button,14603,,True'
2026-03-06 12:09:03.527433,Room1 Virtual Panel,Command,'SetVisible,Button,14606,,True'
2026-03-06 12:09:03.527433,Room0 Virtual Panel,Command,'SetVisible,Button,14618,,True'
2026-03-06 12:09:03.527433,Room5 Virtual Panel,Command,'SetVisible,Label,4768,,True'
2026-03-06 12:09:03.527433,Room4 Virtual Panel,Command,'SetVisible,Button,14628,,False'
2026-03-06 12:09:03.528433,Room1 Virtual Panel,Command,'SetVisible,Button,14607,,True'
2026-03-06 12:09:03.528433,Room2 Virtual Panel,Command,'SetVisible,Button,14629,,False'
2026-03-06 12:09:03.528433,Room3 Virtual Panel,Command,'SetVisible,Button,14604,,True'
2026-03-06 12:09:03.528433,Room1 Virtual Panel,Command,'SetVisible,Button,14608,,True'
2026-03-06 12:09:03.528433,Room0 Virtual Panel,Command,'SetVisible,Button,14619,,True'
2026-03-06 12:09:03.528433,Room4 Virtual Panel,Command,'SetVisible,Button,14629,,False'
2026-03-06 12:09:03.528433,Room6 Virtual Panel,Command,'SetVisible,Label,4754,,True'
2026-03-06 12:09:03.528433,Room1 Virtual Panel,Command,'SetVisible,Button,14609,,True'
2026-03-06 12:09:03.528433,Room2 Virtual Panel,Command,'SetVisible,Button,14630,,False'
2026-03-06 12:09:03.528433,Room5 Virtual Panel,Command,'SetVisible,Label,4769,,True'
2026-03-06 12:09:03.528433,Room3 Virtual Panel,Command,'SetVisible,Button,14605,,True'
2026-03-06 12:09:03.528433,Room4 Virtual Panel,Command,'SetVisible,Button,14630,,False'
2026-03-06 12:09:03.528433,Room1 Virtual Panel,Command,'SetVisible,Button,14610,,True'
2026-03-06 12:09:03.529433,Room0 Virtual Panel,Command,'SetVisible,Button,14620,,True'
2026-03-06 12:09:03.529433,Room2 Virtual Panel,Command,'SetVisible,Button,14631,,False'
2026-03-06 12:09:03.529433,Room5 Virtual Panel,Command,'SetVisible,Label,4770,,True'
2026-03-06 12:09:03.529433,Room3 Virtual Panel,Command,'SetVisible,Button,14606,,True'
2026-03-06 12:09:03.529433,Room2 Virtual Panel,Command,'SetVisible,Button,14632,,False'
2026-03-06 12:09:03.529433,Room6 Virtual Panel,Command,'SetVisible,Label,4755,,True'
2026-03-06 12:09:03.529433,Room0 Virtual Panel,Command,'SetVisible,Button,14621,,True'
2026-03-06 12:09:03.529433,Room4 Virtual Panel,Command,'SetVisible,Button,14631,,False'
2026-03-06 12:09:03.529433,Room5 Virtual Panel,Command,'SetVisible,Label,4771,,True'
2026-03-06 12:09:03.529433,Room2 Virtual Panel,Command,'SetVisible,Button,14601,,True'
2026-03-06 12:09:03.529433,Room3 Virtual Panel,Command,'SetVisible,Button,14607,,True'
2026-03-06 12:09:03.529433,Room0 Virtual Panel,Command,'SetVisible,Button,14622,,True'
2026-03-06 12:09:03.529433,Room5 Virtual Panel,Command,'SetVisible,Label,4772,,True'
2026-03-06 12:09:03.529433,Room1 Virtual Panel,Command,'SetVisible,Button,14611,,True'
2026-03-06 12:09:03.529433,Room6 Virtual Panel,Command,'SetVisible,Label,4756,,True'
2026-03-06 12:09:03.529433,Room4 Virtual Panel,Command,'SetVisible,Button,14632,,False'
2026-03-06 12:09:03.529433,Room3 Virtual Panel,Command,'SetVisible,Button,14608,,True'
2026-03-06 12:09:03.529433,Room2 Virtual Panel,Command,'SetVisible,Button,14602,,True'
2026-03-06 12:09:03.529433,Room0 Virtual Panel,Command,'SetVisible,Button,14623,,True'
2026-03-06 12:09:03.530937,Room1 Virtual Panel,Command,'SetVisible,Button,14612,,True'
2026-03-06 12:09:03.530937,Room5 Virtual Panel,Command,'SetVisible,Label,4773,,True'
2026-03-06 12:09:03.530937,Room2 Virtual Panel,Command,'SetVisible,Button,14603,,True'
2026-03-06 12:09:03.530937,Room4 Virtual Panel,Command,'SetVisible,Button,14601,,True'
2026-03-06 12:09:03.530937,Room1 Virtual Panel,Command,'SetVisible,Button,14613,,True'
2026-03-06 12:09:03.531449,Room0 Virtual Panel,Command,'SetVisible,Button,14624,,True'
2026-03-06 12:09:03.531449,Room6 Virtual Panel,Command,'SetVisible,Label,4757,,True'
2026-03-06 12:09:03.531449,Room4 Virtual Panel,Command,'SetVisible,Button,14602,,True'
2026-03-06 12:09:03.531449,Room3 Virtual Panel,Command,'SetVisible,Button,14609,,True'
2026-03-06 12:09:03.531449,Room1 Virtual Panel,Command,'SetVisible,Button,14614,,True'
2026-03-06 12:09:03.531449,Room6 Virtual Panel,Command,'SetVisible,Label,4758,,True'
2026-03-06 12:09:03.531449,Room2 Virtual Panel,Command,'SetVisible,Button,14604,,True'
2026-03-06 12:09:03.531449,Room0 Virtual Panel,Command,'SetVisible,Button,14751,,False'
2026-03-06 12:09:03.531449,Room2 Virtual Panel,Command,'SetVisible,Button,14605,,True'
2026-03-06 12:09:03.531449,Room5 Virtual Panel,Command,'SetVisible,Label,4774,,True'
2026-03-06 12:09:03.531449,Room0 Virtual Panel,Command,'SetVisible,Button,14752,,False'
2026-03-06 12:09:03.531449,Room3 Virtual Panel,Command,'SetVisible,Button,14610,,True'
2026-03-06 12:09:03.532454,Room6 Virtual Panel,Command,'SetVisible,Label,4759,,True'
2026-03-06 12:09:03.532454,Room4 Virtual Panel,Command,'SetVisible,Button,14603,,True'
2026-03-06 12:09:03.532454,Room1 Virtual Panel,Command,'SetVisible,Button,14615,,True'
2026-03-06 12:09:03.532454,Room0 Virtual Panel,Command,'SetVisible,Button,14753,,False'
2026-03-06 12:09:03.532454,Room3 Virtual Panel,Command,'SetVisible,Button,14611,,True'
2026-03-06 12:09:03.532454,Room2 Virtual Panel,Command,'SetVisible,Button,14606,,True'
2026-03-06 12:09:03.532454,Room5 Virtual Panel,Command,'SetVisible,Label,4775,,True'
2026-03-06 12:09:03.532454,Room1 Virtual Panel,Command,'SetVisible,Button,14616,,True'
2026-03-06 12:09:03.532454,Room6 Virtual Panel,Command,'SetVisible,Label,4760,,True'
2026-03-06 12:09:03.532454,Room3 Virtual Panel,Command,'SetVisible,Button,14612,,True'
2026-03-06 12:09:03.532454,Room2 Virtual Panel,Command,'SetVisible,Button,14607,,True'
2026-03-06 12:09:03.533462,Room5 Virtual Panel,Command,'SetVisible,Button,14625,,False'
2026-03-06 12:09:03.533462,Room4 Virtual Panel,Command,'SetVisible,Button,14604,,True'
2026-03-06 12:09:03.533462,Room0 Virtual Panel,Command,'SetVisible,Button,14754,,False'
2026-03-06 12:09:03.533462,Room2 Virtual Panel,Command,'SetVisible,Button,14608,,True'
2026-03-06 12:09:03.533462,Room1 Virtual Panel,Command,'SetVisible,Button,14617,,True'
2026-03-06 12:09:03.533462,Room6 Virtual Panel,Command,'SetVisible,Label,4761,,True'
2026-03-06 12:09:03.533462,Room2 Virtual Panel,Command,'SetVisible,Button,14609,,True'
2026-03-06 12:09:03.533462,Room0 Virtual Panel,Command,'SetVisible,Button,14755,,False'
2026-03-06 12:09:03.533462,Room4 Virtual Panel,Command,'SetVisible,Button,14605,,True'
2026-03-06 12:09:03.533462,Room3 Virtual Panel,Command,'SetVisible,Button,14613,,True'
2026-03-06 12:09:03.533462,Room1 Virtual Panel,Command,'SetVisible,Button,14618,,True'
2026-03-06 12:09:03.534453,Room5 Virtual Panel,Command,'SetVisible,Button,14626,,False'
2026-03-06 12:09:03.534453,Room6 Virtual Panel,Command,'SetVisible,Label,4762,,True'
2026-03-06 12:09:03.534453,Room0 Virtual Panel,Command,'SetVisible,Button,14756,,False'
2026-03-06 12:09:03.534453,Room4 Virtual Panel,Command,'SetVisible,Button,14606,,True'
2026-03-06 12:09:03.534453,Room2 Virtual Panel,Command,'SetVisible,Button,14610,,True'
2026-03-06 12:09:03.534453,Room3 Virtual Panel,Command,'SetVisible,Button,14614,,True'
2026-03-06 12:09:03.534453,Room1 Virtual Panel,Command,'SetVisible,Button,14619,,True'
2026-03-06 12:09:03.534453,Room5 Virtual Panel,Command,'SetVisible,Button,14627,,False'
2026-03-06 12:09:03.534453,Room3 Virtual Panel,Command,'SetVisible,Button,14615,,True'
2026-03-06 12:09:03.535453,Room1 Virtual Panel,Command,'SetVisible,Button,14620,,True'
2026-03-06 12:09:03.535453,Room0 Virtual Panel,Command,'SetVisible,Button,14757,,False'
2026-03-06 12:09:03.535453,Room6 Virtual Panel,Command,'SetVisible,Label,4763,,True'
2026-03-06 12:09:03.535453,Room4 Virtual Panel,Command,'SetVisible,Button,14607,,True'
2026-03-06 12:09:03.535453,Room2 Virtual Panel,Command,'SetVisible,Button,14611,,True'
2026-03-06 12:09:03.535453,Room5 Virtual Panel,Command,'SetVisible,Button,14628,,False'
2026-03-06 12:09:03.535453,Room3 Virtual Panel,Command,'SetVisible,Button,14616,,True'
2026-03-06 12:09:03.535453,Room1 Virtual Panel,Command,'SetVisible,Button,14621,,True'
2026-03-06 12:09:03.535453,Room4 Virtual Panel,Command,'SetVisible,Button,14608,,True'
2026-03-06 12:09:03.535453,Room5 Virtual Panel,Command,'SetVisible,Button,14629,,False'
2026-03-06 12:09:03.535453,Room3 Virtual Panel,Command,'SetVisible,Button,14617,,True'
2026-03-06 12:09:03.535453,Room0 Virtual Panel,Command,'SetVisible,Button,14758,,False'
2026-03-06 12:09:03.535453,Room1 Virtual Panel,Command,'SetVisible,Button,14622,,True'
2026-03-06 12:09:03.536454,Room3 Virtual Panel,Command,'SetVisible,Button,14618,,True'
2026-03-06 12:09:03.536454,Room2 Virtual Panel,Command,'SetVisible,Button,14612,,True'
2026-03-06 12:09:03.536454,Room0 Virtual Panel,Command,'SetVisible,Button,14759,,False'
2026-03-06 12:09:03.536454,Room4 Virtual Panel,Command,'SetVisible,Button,14609,,True'
2026-03-06 12:09:03.536454,Room3 Virtual Panel,Command,'SetVisible,Button,14619,,True'
2026-03-06 12:09:03.536454,Room5 Virtual Panel,Command,'SetVisible,Button,14630,,False'
2026-03-06 12:09:03.536454,Room6 Virtual Panel,Command,'SetVisible,Label,4764,,True'
2026-03-06 12:09:03.536454,Room4 Virtual Panel,Command,'SetVisible,Button,14610,,True'
2026-03-06 12:09:03.536454,Room0 Virtual Panel,Command,'SetVisible,Button,14760,,False'
2026-03-06 12:09:03.536454,Room1 Virtual Panel,Command,'SetVisible,Button,14623,,True'
2026-03-06 12:09:03.536454,Room5 Virtual Panel,Command,'SetVisible,Button,14631,,False'
2026-03-06 12:09:03.536454,Room2 Virtual Panel,Command,'SetVisible,Button,14613,,True'
2026-03-06 12:09:03.536454,Room1 Virtual Panel,Command,'SetVisible,Button,14624,,True'
2026-03-06 12:09:03.537454,Room3 Virtual Panel,Command,'SetVisible,Button,14620,,True'
2026-03-06 12:09:03.537454,Room6 Virtual Panel,Command,'SetVisible,Label,4765,,True'
2026-03-06 12:09:03.537454,Room5 Virtual Panel,Command,'SetVisible,Button,14632,,False'
2026-03-06 12:09:03.537454,Room4 Virtual Panel,Command,'SetVisible,Button,14611,,True'
2026-03-06 12:09:03.537454,Room3 Virtual Panel,Command,'SetVisible,Button,14621,,True'
2026-03-06 12:09:03.537454,Room5 Virtual Panel,Command,'SetVisible,Button,14601,,True'
2026-03-06 12:09:03.537454,Room6 Virtual Panel,Command,'SetVisible,Label,4766,,True'
2026-03-06 12:09:03.537454,Room2 Virtual Panel,Command,'SetVisible,Button,14614,,True'
2026-03-06 12:09:03.537454,Room1 Virtual Panel,Command,'SetVisible,Button,14751,,False'
2026-03-06 12:09:03.537454,Room0 Virtual Panel,Command,'SetVisible,Button,14761,,False'
2026-03-06 12:09:03.537454,Room4 Virtual Panel,Command,'SetVisible,Button,14612,,True'
2026-03-06 12:09:03.538816,Room5 Virtual Panel,Command,'SetVisible,Button,14602,,True'
2026-03-06 12:09:03.538816,Room2 Virtual Panel,Command,'SetVisible,Button,14615,,True'
2026-03-06 12:09:03.538816,Room3 Virtual Panel,Command,'SetVisible,Button,14622,,True'
2026-03-06 12:09:03.538816,Room6 Virtual Panel,Command,'SetVisible,Label,4767,,True'
2026-03-06 12:09:03.538816,Room0 Virtual Panel,Command,'SetVisible,Button,14762,,False'
2026-03-06 12:09:03.538816,Room5 Virtual Panel,Command,'SetVisible,Button,14603,,True'
2026-03-06 12:09:03.538816,Room1 Virtual Panel,Command,'SetVisible,Button,14752,,False'
2026-03-06 12:09:03.538816,Room3 Virtual Panel,Command,'SetVisible,Button,14623,,True'
2026-03-06 12:09:03.538816,Room2 Virtual Panel,Command,'SetVisible,Button,14616,,True'
2026-03-06 12:09:03.538816,Room5 Virtual Panel,Command,'SetVisible,Button,14604,,True'
2026-03-06 12:09:03.539822,Room4 Virtual Panel,Command,'SetVisible,Button,14613,,True'
2026-03-06 12:09:03.539822,Room4 Virtual Panel,Command,'SetVisible,Button,14614,,True'
2026-03-06 12:09:03.539822,Room0 Virtual Panel,Command,'SetVisible,Button,14763,,False'
2026-03-06 12:09:03.539822,Room3 Virtual Panel,Command,'SetVisible,Button,14624,,True'
2026-03-06 12:09:03.539822,Room6 Virtual Panel,Command,'SetVisible,Label,4768,,True'
2026-03-06 12:09:03.539822,Room1 Virtual Panel,Command,'SetVisible,Button,14753,,False'
2026-03-06 12:09:03.539822,Room5 Virtual Panel,Command,'SetVisible,Button,14605,,True'
2026-03-06 12:09:03.540822,Room2 Virtual Panel,Command,'SetVisible,Button,14617,,True'
2026-03-06 12:09:03.540822,Room4 Virtual Panel,Command,'SetVisible,Button,14615,,True'
2026-03-06 12:09:03.540822,Room2 Virtual Panel,Command,'SetVisible,Button,14618,,True'
2026-03-06 12:09:03.541325,Room1 Virtual Panel,Command,'SetVisible,Button,14754,,False'
2026-03-06 12:09:03.541325,Room3 Virtual Panel,Command,'SetVisible,Button,14751,,False'
2026-03-06 12:09:03.541325,Room5 Virtual Panel,Command,'SetVisible,Button,14606,,True'
2026-03-06 12:09:03.541325,Room0 Virtual Panel,Command,'SetVisible,Button,14764,,False'
2026-03-06 12:09:03.541325,Room2 Virtual Panel,Command,'SetVisible,Button,14619,,True'
2026-03-06 12:09:03.541325,Room6 Virtual Panel,Command,'SetVisible,Label,4769,,True'
2026-03-06 12:09:03.541325,Room1 Virtual Panel,Command,'SetVisible,Button,14755,,False'
2026-03-06 12:09:03.541325,Room4 Virtual Panel,Command,'SetVisible,Button,14616,,True'
2026-03-06 12:09:03.541325,Room0 Virtual Panel,Command,'SetVisible,Button,14765,,False'
2026-03-06 12:09:03.541325,Room5 Virtual Panel,Command,'SetVisible,Button,14607,,True'
2026-03-06 12:09:03.542329,Room2 Virtual Panel,Command,'SetVisible,Button,14620,,True'
2026-03-06 12:09:03.542329,Room1 Virtual Panel,Command,'SetVisible,Button,14756,,False'
2026-03-06 12:09:03.542329,Room3 Virtual Panel,Command,'SetVisible,Button,14752,,False'
2026-03-06 12:09:03.542329,Room6 Virtual Panel,Command,'SetVisible,Label,4770,,True'
2026-03-06 12:09:03.542691,Room4 Virtual Panel,Command,'SetVisible,Button,14617,,True'
2026-03-06 12:09:03.542691,Room0 Virtual Panel,Command,'SetVisible,Button,14766,,False'
2026-03-06 12:09:03.542691,Room2 Virtual Panel,Command,'SetVisible,Button,14621,,True'
2026-03-06 12:09:03.542691,Room5 Virtual Panel,Command,'SetVisible,Button,14608,,True'
2026-03-06 12:09:03.542691,Room3 Virtual Panel,Command,'SetVisible,Button,14753,,False'
2026-03-06 12:09:03.542691,Room4 Virtual Panel,Command,'SetVisible,Button,14618,,True'
2026-03-06 12:09:03.542691,Room1 Virtual Panel,Command,'SetVisible,Button,14757,,False'
2026-03-06 12:09:03.542691,Room6 Virtual Panel,Command,'SetVisible,Label,4771,,True'
2026-03-06 12:09:03.542691,Room5 Virtual Panel,Command,'SetVisible,Button,14609,,True'
2026-03-06 12:09:03.542691,Room0 Virtual Panel,Command,'SetVisible,Button,14767,,False'
2026-03-06 12:09:03.542691,Room2 Virtual Panel,Command,'SetVisible,Button,14622,,True'
2026-03-06 12:09:03.543743,Room1 Virtual Panel,Command,'SetVisible,Button,14758,,False'
2026-03-06 12:09:03.543743,Room5 Virtual Panel,Command,'SetVisible,Button,14610,,True'
2026-03-06 12:09:03.543743,Room0 Virtual Panel,Command,'SetVisible,Button,14768,,False'
2026-03-06 12:09:03.543743,Room6 Virtual Panel,Command,'SetVisible,Label,4772,,True'
2026-03-06 12:09:03.543743,Room4 Virtual Panel,Command,'SetVisible,Button,14619,,True'
2026-03-06 12:09:03.543743,Room1 Virtual Panel,Command,'SetVisible,Button,14759,,False'
2026-03-06 12:09:03.543743,Room3 Virtual Panel,Command,'SetVisible,Button,14754,,False'
2026-03-06 12:09:03.543743,Room2 Virtual Panel,Command,'SetVisible,Button,14623,,True'
2026-03-06 12:09:03.543743,Room0 Virtual Panel,Command,'SetVisible,Button,14769,,False'
2026-03-06 12:09:03.543743,Room1 Virtual Panel,Command,'SetVisible,Button,14760,,False'
2026-03-06 12:09:03.544748,Room5 Virtual Panel,Command,'SetVisible,Button,14611,,True'
2026-03-06 12:09:03.544748,Room4 Virtual Panel,Command,'SetVisible,Button,14620,,True'
2026-03-06 12:09:03.544748,Room6 Virtual Panel,Command,'SetVisible,Label,4773,,True'
2026-03-06 12:09:03.544748,Room1 Virtual Panel,Command,'SetVisible,Button,14761,,False'
2026-03-06 12:09:03.544748,Room0 Virtual Panel,Command,'SetVisible,Button,14770,,False'
2026-03-06 12:09:03.544748,Room2 Virtual Panel,Command,'SetVisible,Button,14624,,True'
2026-03-06 12:09:03.544748,Room5 Virtual Panel,Command,'SetVisible,Button,14612,,True'
2026-03-06 12:09:03.544748,Room3 Virtual Panel,Command,'SetVisible,Button,14755,,False'
2026-03-06 12:09:03.544748,Room4 Virtual Panel,Command,'SetVisible,Button,14621,,True'
2026-03-06 12:09:03.544748,Room2 Virtual Panel,Command,'SetVisible,Button,14751,,False'
2026-03-06 12:09:03.544748,Room0 Virtual Panel,Command,'SetVisible,Button,14771,,False'
2026-03-06 12:09:03.544748,Room3 Virtual Panel,Command,'SetVisible,Button,14756,,False'
2026-03-06 12:09:03.545747,Room2 Virtual Panel,Command,'SetVisible,Button,14752,,False'
2026-03-06 12:09:03.545747,Room1 Virtual Panel,Command,'SetVisible,Button,14762,,False'
2026-03-06 12:09:03.545747,Room5 Virtual Panel,Command,'SetVisible,Button,14613,,True'
2026-03-06 12:09:03.545747,Room6 Virtual Panel,Command,'SetVisible,Label,4774,,True'
2026-03-06 12:09:03.545747,Room4 Virtual Panel,Command,'SetVisible,Button,14622,,True'
2026-03-06 12:09:03.545747,Room0 Virtual Panel,Command,'SetVisible,Button,14772,,False'
2026-03-06 12:09:03.545747,Room2 Virtual Panel,Command,'SetVisible,Button,14753,,False'
2026-03-06 12:09:03.545747,Room4 Virtual Panel,Command,'SetVisible,Button,14623,,True'
2026-03-06 12:09:03.545747,Room1 Virtual Panel,Command,'SetVisible,Button,14763,,False'
2026-03-06 12:09:03.545747,Room5 Virtual Panel,Command,'SetVisible,Button,14614,,True'
2026-03-06 12:09:03.545747,Room3 Virtual Panel,Command,'SetVisible,Button,14757,,False'
2026-03-06 12:09:03.545747,Room0 Virtual Panel,Command,'SetVisible,Button,14773,,False'
2026-03-06 12:09:03.545747,Room4 Virtual Panel,Command,'SetVisible,Button,14624,,True'
2026-03-06 12:09:03.545747,Room5 Virtual Panel,Command,'SetVisible,Button,14615,,True'
2026-03-06 12:09:03.546747,Room3 Virtual Panel,Command,'SetVisible,Button,14758,,False'
2026-03-06 12:09:03.546747,Room5 Virtual Panel,Command,'SetVisible,Button,14616,,True'
2026-03-06 12:09:03.546747,Room2 Virtual Panel,Command,'SetVisible,Button,14754,,False'
2026-03-06 12:09:03.546747,Room1 Virtual Panel,Command,'SetVisible,Button,14764,,False'
2026-03-06 12:09:03.546747,Room6 Virtual Panel,Command,'SetVisible,Label,4775,,True'
2026-03-06 12:09:03.546747,Room5 Virtual Panel,Command,'SetVisible,Button,14617,,True'
2026-03-06 12:09:03.546747,Room0 Virtual Panel,Command,'SetVisible,Button,14774,,False'
2026-03-06 12:09:03.546747,Room1 Virtual Panel,Command,'SetVisible,Button,14765,,False'
2026-03-06 12:09:03.546747,Room2 Virtual Panel,Command,'SetVisible,Button,14755,,False'
2026-03-06 12:09:03.546747,Room6 Virtual Panel,Command,'SetVisible,Button,14625,,False'
2026-03-06 12:09:03.546747,Room3 Virtual Panel,Command,'SetVisible,Button,14759,,False'
2026-03-06 12:09:03.547749,Room5 Virtual Panel,Command,'SetVisible,Button,14618,,True'
2026-03-06 12:09:03.547749,Room1 Virtual Panel,Command,'SetVisible,Button,14766,,False'
2026-03-06 12:09:03.547749,Room4 Virtual Panel,Command,'SetVisible,Button,14751,,False'
2026-03-06 12:09:03.547749,Room0 Virtual Panel,Command,'SetVisible,Button,14775,,False'
2026-03-06 12:09:03.547749,Room6 Virtual Panel,Command,'SetVisible,Button,14626,,False'
2026-03-06 12:09:03.547749,Room2 Virtual Panel,Command,'SetVisible,Button,14756,,False'
2026-03-06 12:09:03.547749,Room0 Virtual Panel,Command,'SetVisible,Button,14776,,False'
2026-03-06 12:09:03.547749,Room3 Virtual Panel,Command,'SetVisible,Button,14760,,False'
2026-03-06 12:09:03.547749,Room2 Virtual Panel,Command,'SetVisible,Button,14757,,False'
2026-03-06 12:09:03.547749,Room5 Virtual Panel,Command,'SetVisible,Button,14619,,True'
2026-03-06 12:09:03.547749,Room4 Virtual Panel,Command,'SetVisible,Button,14752,,False'
2026-03-06 12:09:03.548747,Room1 Virtual Panel,Command,'SetVisible,Button,14767,,False'
2026-03-06 12:09:03.548747,Room3 Virtual Panel,Command,'SetVisible,Button,14761,,False'
2026-03-06 12:09:03.548747,Room0 Virtual Panel,Command,'SetVisible,Button,14777,,False'
2026-03-06 12:09:03.548747,Room6 Virtual Panel,Command,'SetVisible,Button,14627,,False'
2026-03-06 12:09:03.548747,Room2 Virtual Panel,Command,'SetVisible,Button,14758,,False'
2026-03-06 12:09:03.548747,Room1 Virtual Panel,Command,'SetVisible,Button,14768,,False'
2026-03-06 12:09:03.548747,Room4 Virtual Panel,Command,'SetVisible,Button,14753,,False'
2026-03-06 12:09:03.548747,Room6 Virtual Panel,Command,'SetVisible,Button,14628,,False'
2026-03-06 12:09:03.548747,Room5 Virtual Panel,Command,'SetVisible,Button,14620,,True'
2026-03-06 12:09:03.548747,Room3 Virtual Panel,Command,'SetVisible,Button,14762,,False'
2026-03-06 12:09:03.548747,Room1 Virtual Panel,Command,'SetVisible,Button,14769,,False'
2026-03-06 12:09:03.549747,Room5 Virtual Panel,Command,'SetVisible,Button,14621,,True'
2026-03-06 12:09:03.549747,Room0 Virtual Panel,Command,'SetVisible,Button,14778,,False'
2026-03-06 12:09:03.549747,Room4 Virtual Panel,Command,'SetVisible,Button,14754,,False'
2026-03-06 12:09:03.549747,Room6 Virtual Panel,Command,'SetVisible,Button,14629,,False'
2026-03-06 12:09:03.549747,Room2 Virtual Panel,Command,'SetVisible,Button,14759,,False'
2026-03-06 12:09:03.549747,Room1 Virtual Panel,Command,'SetVisible,Button,14770,,False'
2026-03-06 12:09:03.549747,Room5 Virtual Panel,Command,'SetVisible,Button,14622,,True'
2026-03-06 12:09:03.549747,Room4 Virtual Panel,Command,'SetVisible,Button,14755,,False'
2026-03-06 12:09:03.549747,Room3 Virtual Panel,Command,'SetVisible,Button,14763,,False'
2026-03-06 12:09:03.549747,Room6 Virtual Panel,Command,'SetVisible,Button,14630,,False'
2026-03-06 12:09:03.549747,Room5 Virtual Panel,Command,'SetVisible,Button,14623,,True'
2026-03-06 12:09:03.550747,Room2 Virtual Panel,Command,'SetVisible,Button,14760,,False'
2026-03-06 12:09:03.550747,Room1 Virtual Panel,Command,'SetVisible,Button,14771,,False'
2026-03-06 12:09:03.550747,Room6 Virtual Panel,Command,'SetVisible,Button,14631,,False'
2026-03-06 12:09:03.550747,Room4 Virtual Panel,Command,'SetVisible,Button,14756,,False'
2026-03-06 12:09:03.550747,Room0 Virtual Panel,Command,'SetVisible,Button,14779,,False'
2026-03-06 12:09:03.550747,Room5 Virtual Panel,Command,'SetVisible,Button,14624,,True'
2026-03-06 12:09:03.550747,Room3 Virtual Panel,Command,'SetVisible,Button,14764,,False'
2026-03-06 12:09:03.551250,Room0 Virtual Panel,Command,'SetVisible,Button,14780,,False'
2026-03-06 12:09:03.551250,Room1 Virtual Panel,Command,'SetVisible,Button,14772,,False'
2026-03-06 12:09:03.551250,Room3 Virtual Panel,Command,'SetVisible,Button,14765,,False'
2026-03-06 12:09:03.551250,Room4 Virtual Panel,Command,'SetVisible,Button,14757,,False'
2026-03-06 12:09:03.551250,Room6 Virtual Panel,Command,'SetVisible,Button,14632,,False'
2026-03-06 12:09:03.551250,Room2 Virtual Panel,Command,'SetVisible,Button,14761,,False'
2026-03-06 12:09:03.551250,Room5 Virtual Panel,Command,'SetVisible,Button,14751,,False'
2026-03-06 12:09:03.551250,Room1 Virtual Panel,Command,'SetVisible,Button,14773,,False'
2026-03-06 12:09:03.551250,Room0 Virtual Panel,Command,'SetVisible,Button,14781,,False'
2026-03-06 12:09:03.551250,Room2 Virtual Panel,Command,'SetVisible,Button,14762,,False'
2026-03-06 12:09:03.551250,Room4 Virtual Panel,Command,'SetVisible,Button,14758,,False'
2026-03-06 12:09:03.551250,Room6 Virtual Panel,Command,'SetVisible,Button,14601,,True'
2026-03-06 12:09:03.552255,Room3 Virtual Panel,Command,'SetVisible,Button,14766,,False'
2026-03-06 12:09:03.552255,Room5 Virtual Panel,Command,'SetVisible,Button,14752,,False'
2026-03-06 12:09:03.552255,Room2 Virtual Panel,Command,'SetVisible,Button,14763,,False'
2026-03-06 12:09:03.552255,Room0 Virtual Panel,Command,'SetVisible,Button,14782,,False'
2026-03-06 12:09:03.552255,Room5 Virtual Panel,Command,'SetVisible,Button,14753,,False'
2026-03-06 12:09:03.552255,Room4 Virtual Panel,Command,'SetVisible,Button,14759,,False'
2026-03-06 12:09:03.552255,Room6 Virtual Panel,Command,'SetVisible,Button,14602,,True'
2026-03-06 12:09:03.552255,Room1 Virtual Panel,Command,'SetVisible,Button,14774,,False'
2026-03-06 12:09:03.552255,Room3 Virtual Panel,Command,'SetVisible,Button,14767,,False'
2026-03-06 12:09:03.552255,Room0 Virtual Panel,Command,'SetText,Label,4850,,None'
2026-03-06 12:09:03.553254,Room2 Virtual Panel,Command,'SetVisible,Button,14764,,False'
2026-03-06 12:09:03.553254,Room3 Virtual Panel,Command,'SetVisible,Button,14768,,False'
2026-03-06 12:09:03.553254,Room5 Virtual Panel,Command,'SetVisible,Button,14754,,False'
2026-03-06 12:09:03.553254,Room6 Virtual Panel,Command,'SetVisible,Button,14603,,True'
2026-03-06 12:09:03.553254,Room1 Virtual Panel,Command,'SetVisible,Button,14775,,False'
2026-03-06 12:09:03.553254,Room0 Virtual Panel,Command,'SetTextButton,4900,,None'
2026-03-06 12:09:03.553254,Room4 Virtual Panel,Command,'SetVisible,Button,14760,,False'
2026-03-06 12:09:03.553254,Room2 Virtual Panel,Command,'SetVisible,Button,14765,,False'
2026-03-06 12:09:03.553254,Room3 Virtual Panel,Command,'SetVisible,Button,14769,,False'
2026-03-06 12:09:03.553254,Room1 Virtual Panel,Command,'SetVisible,Button,14776,,False'
2026-03-06 12:09:03.553254,Room0 Virtual Panel,Command,'SetTextButton,4600,,None'
2026-03-06 12:09:03.554254,Room5 Virtual Panel,Command,'SetVisible,Button,14755,,False'
2026-03-06 12:09:03.554254,Room2 Virtual Panel,Command,'SetVisible,Button,14766,,False'
2026-03-06 12:09:03.554254,Room4 Virtual Panel,Command,'SetVisible,Button,14761,,False'
2026-03-06 12:09:03.554254,Room6 Virtual Panel,Command,'SetVisible,Button,14604,,True'
2026-03-06 12:09:03.554254,Room0 Virtual Panel,Command,'SetText,Label,4851,,None'
2026-03-06 12:09:03.554254,Room2 Virtual Panel,Command,'SetVisible,Button,14767,,False'
2026-03-06 12:09:03.554254,Room1 Virtual Panel,Command,'SetVisible,Button,14777,,False'
2026-03-06 12:09:03.554254,Room5 Virtual Panel,Command,'SetVisible,Button,14756,,False'
2026-03-06 12:09:03.554254,Room0 Virtual Panel,Command,'SetTextButton,4901,,None'
2026-03-06 12:09:03.554254,Room6 Virtual Panel,Command,'SetVisible,Button,14605,,True'
2026-03-06 12:09:03.554254,Room4 Virtual Panel,Command,'SetVisible,Button,14762,,False'
2026-03-06 12:09:03.554254,Room3 Virtual Panel,Command,'SetVisible,Button,14770,,False'
2026-03-06 12:09:03.554254,Room5 Virtual Panel,Command,'SetVisible,Button,14757,,False'
2026-03-06 12:09:03.555410,Room1 Virtual Panel,Command,'SetVisible,Button,14778,,False'
2026-03-06 12:09:03.555410,Room6 Virtual Panel,Command,'SetVisible,Button,14606,,True'
2026-03-06 12:09:03.555410,Room2 Virtual Panel,Command,'SetVisible,Button,14768,,False'
2026-03-06 12:09:03.555410,Room4 Virtual Panel,Command,'SetVisible,Button,14763,,False'
2026-03-06 12:09:03.555410,Room6 Virtual Panel,Command,'SetVisible,Button,14607,,True'
2026-03-06 12:09:03.555410,Room3 Virtual Panel,Command,'SetVisible,Button,14771,,False'
2026-03-06 12:09:03.555410,Room2 Virtual Panel,Command,'SetVisible,Button,14769,,False'
2026-03-06 12:09:03.555410,Room5 Virtual Panel,Command,'SetVisible,Button,14758,,False'
2026-03-06 12:09:03.555410,Room0 Virtual Panel,Command,'SetTextButton,4601,,None'
2026-03-06 12:09:03.555410,Room1 Virtual Panel,Command,'SetVisible,Button,14779,,False'
2026-03-06 12:09:03.555410,Room6 Virtual Panel,Command,'SetVisible,Button,14608,,True'
2026-03-06 12:09:03.556415,Room2 Virtual Panel,Command,'SetVisible,Button,14770,,False'
2026-03-06 12:09:03.556415,Room0 Virtual Panel,Command,'SetText,Label,4852,,CATV 1'
2026-03-06 12:09:03.556415,Room6 Virtual Panel,Command,'SetVisible,Button,14609,,True'
2026-03-06 12:09:03.556415,Room3 Virtual Panel,Command,'SetVisible,Button,14772,,False'
2026-03-06 12:09:03.556415,Room5 Virtual Panel,Command,'SetVisible,Button,14759,,False'
2026-03-06 12:09:03.556415,Room1 Virtual Panel,Command,'SetVisible,Button,14780,,False'
2026-03-06 12:09:03.556415,Room0 Virtual Panel,Command,'SetTextButton,4902,,CATV 1'
2026-03-06 12:09:03.556415,Room4 Virtual Panel,Command,'SetVisible,Button,14764,,False'
2026-03-06 12:09:03.557415,Room6 Virtual Panel,Command,'SetVisible,Button,14610,,True'
2026-03-06 12:09:03.557415,Room5 Virtual Panel,Command,'SetVisible,Button,14760,,False'
2026-03-06 12:09:03.557415,Room1 Virtual Panel,Command,'SetVisible,Button,14781,,False'
2026-03-06 12:09:03.557415,Room4 Virtual Panel,Command,'SetVisible,Button,14765,,False'
2026-03-06 12:09:03.557415,Room6 Virtual Panel,Command,'SetVisible,Button,14611,,True'
2026-03-06 12:09:03.557415,Room2 Virtual Panel,Command,'SetVisible,Button,14771,,False'
2026-03-06 12:09:03.557415,Room5 Virtual Panel,Command,'SetVisible,Button,14761,,False'
2026-03-06 12:09:03.557415,Room1 Virtual Panel,Command,'SetVisible,Button,14782,,False'
2026-03-06 12:09:03.557415,Room4 Virtual Panel,Command,'SetVisible,Button,14766,,False'
2026-03-06 12:09:03.557415,Room3 Virtual Panel,Command,'SetVisible,Button,14773,,False'
2026-03-06 12:09:03.558415,Room1 Virtual Panel,Command,'SetText,Label,4850,,None'
2026-03-06 12:09:03.558415,Room6 Virtual Panel,Command,'SetVisible,Button,14612,,True'
2026-03-06 12:09:03.558415,Room5 Virtual Panel,Command,'SetVisible,Button,14762,,False'
2026-03-06 12:09:03.558415,Room0 Virtual Panel,Command,'SetTextButton,4602,,CATV 1'
2026-03-06 12:09:03.558415,Room4 Virtual Panel,Command,'SetVisible,Button,14767,,False'
2026-03-06 12:09:03.558415,Room6 Virtual Panel,Command,'SetVisible,Button,14613,,True'
2026-03-06 12:09:03.558415,Room2 Virtual Panel,Command,'SetVisible,Button,14772,,False'
2026-03-06 12:09:03.558415,Room1 Virtual Panel,Command,'SetTextButton,4900,,None'
2026-03-06 12:09:03.558415,Room4 Virtual Panel,Command,'SetVisible,Button,14768,,False'
2026-03-06 12:09:03.558415,Room3 Virtual Panel,Command,'SetVisible,Button,14774,,False'
2026-03-06 12:09:03.558415,Room5 Virtual Panel,Command,'SetVisible,Button,14763,,False'
2026-03-06 12:09:03.559414,Room4 Virtual Panel,Command,'SetVisible,Button,14769,,False'
2026-03-06 12:09:03.559414,Room3 Virtual Panel,Command,'SetVisible,Button,14775,,False'
2026-03-06 12:09:03.559414,Room6 Virtual Panel,Command,'SetVisible,Button,14614,,True'
2026-03-06 12:09:03.559414,Room2 Virtual Panel,Command,'SetVisible,Button,14773,,False'
2026-03-06 12:09:03.559414,Room0 Virtual Panel,Command,'SetVisible,Button,15101,,False'
2026-03-06 12:09:03.559414,Room1 Virtual Panel,Command,'SetTextButton,4600,,None'
2026-03-06 12:09:03.559414,Room4 Virtual Panel,Command,'SetVisible,Button,14770,,False'
2026-03-06 12:09:03.559414,Room5 Virtual Panel,Command,'SetVisible,Button,14764,,False'
2026-03-06 12:09:03.559414,Room2 Virtual Panel,Command,'SetVisible,Button,14774,,False'
2026-03-06 12:09:03.559414,Room6 Virtual Panel,Command,'SetVisible,Button,14615,,True'
2026-03-06 12:09:03.559414,Room3 Virtual Panel,Command,'SetVisible,Button,14776,,False'
2026-03-06 12:09:03.559414,Room1 Virtual Panel,Command,'SetText,Label,4851,,None'
2026-03-06 12:09:03.559414,Room5 Virtual Panel,Command,'SetVisible,Button,14765,,False'
2026-03-06 12:09:03.559414,Room2 Virtual Panel,Command,'SetVisible,Button,14775,,False'
2026-03-06 12:09:03.559414,Room0 Virtual Panel,Command,'SetStateButton,14602,,0'
2026-03-06 12:09:03.559414,Room3 Virtual Panel,Command,'SetVisible,Button,14777,,False'
2026-03-06 12:09:03.559414,Room4 Virtual Panel,Command,'SetVisible,Button,14771,,False'
2026-03-06 12:09:03.560918,Room1 Virtual Panel,Command,'SetTextButton,4901,,None'
2026-03-06 12:09:03.560918,Room6 Virtual Panel,Command,'SetVisible,Button,14616,,True'
2026-03-06 12:09:03.560918,Room5 Virtual Panel,Command,'SetVisible,Button,14766,,False'
2026-03-06 12:09:03.560918,Room2 Virtual Panel,Command,'SetVisible,Button,14776,,False'
2026-03-06 12:09:03.561429,Room0 Virtual Panel,Command,'SetVisible,Button,14752,,False'
2026-03-06 12:09:03.561429,Room4 Virtual Panel,Command,'SetVisible,Button,14772,,False'
2026-03-06 12:09:03.561429,Room6 Virtual Panel,Command,'SetVisible,Button,14617,,True'
2026-03-06 12:09:03.561429,Room3 Virtual Panel,Command,'SetVisible,Button,14778,,False'
2026-03-06 12:09:03.561429,Room2 Virtual Panel,Command,'SetVisible,Button,14777,,False'
2026-03-06 12:09:03.561429,Room0 Virtual Panel,Command,'SetText,Label,4752,,'
2026-03-06 12:09:03.561429,Room1 Virtual Panel,Command,'SetTextButton,4601,,None'
2026-03-06 12:09:03.561429,Room4 Virtual Panel,Command,'SetVisible,Button,14773,,False'
2026-03-06 12:09:03.561429,Room6 Virtual Panel,Command,'SetVisible,Button,14618,,True'
2026-03-06 12:09:03.561429,Room3 Virtual Panel,Command,'SetVisible,Button,14779,,False'
2026-03-06 12:09:03.562433,Room5 Virtual Panel,Command,'SetVisible,Button,14767,,False'
2026-03-06 12:09:03.562433,Room2 Virtual Panel,Command,'SetVisible,Button,14778,,False'
2026-03-06 12:09:03.562433,Room0 Virtual Panel,Command,'SetText,Label,4853,,CATV 2'
2026-03-06 12:09:03.562433,Room6 Virtual Panel,Command,'SetVisible,Button,14619,,True'
2026-03-06 12:09:03.562433,Room3 Virtual Panel,Command,'SetVisible,Button,14780,,False'
2026-03-06 12:09:03.562827,Room4 Virtual Panel,Command,'SetVisible,Button,14774,,False'
2026-03-06 12:09:03.562827,Room2 Virtual Panel,Command,'SetVisible,Button,14779,,False'
2026-03-06 12:09:03.562827,Room1 Virtual Panel,Command,'SetText,Label,4852,,CATV 1'
2026-03-06 12:09:03.562827,Room6 Virtual Panel,Command,'SetVisible,Button,14620,,True'
2026-03-06 12:09:03.562827,Room5 Virtual Panel,Command,'SetVisible,Button,14768,,False'
2026-03-06 12:09:03.562827,Room4 Virtual Panel,Command,'SetVisible,Button,14775,,False'
2026-03-06 12:09:03.562827,Room0 Virtual Panel,Command,'SetTextButton,4903,,CATV 2'
2026-03-06 12:09:03.562827,Room3 Virtual Panel,Command,'SetVisible,Button,14781,,False'
2026-03-06 12:09:03.562827,Room2 Virtual Panel,Command,'SetVisible,Button,14780,,False'
2026-03-06 12:09:03.562827,Room5 Virtual Panel,Command,'SetVisible,Button,14769,,False'
2026-03-06 12:09:03.562827,Room4 Virtual Panel,Command,'SetVisible,Button,14776,,False'
2026-03-06 12:09:03.562827,Room3 Virtual Panel,Command,'SetVisible,Button,14782,,False'
2026-03-06 12:09:03.562827,Room1 Virtual Panel,Command,'SetTextButton,4902,,CATV 1'
2026-03-06 12:09:03.563835,Room2 Virtual Panel,Command,'SetVisible,Button,14781,,False'
2026-03-06 12:09:03.563835,Room6 Virtual Panel,Command,'SetVisible,Button,14621,,True'
2026-03-06 12:09:03.563835,Room0 Virtual Panel,Command,'SetTextButton,4603,,CATV 2'
2026-03-06 12:09:03.563835,Room5 Virtual Panel,Command,'SetVisible,Button,14770,,False'
2026-03-06 12:09:03.563835,Room1 Virtual Panel,Command,'SetTextButton,4602,,CATV 1'
2026-03-06 12:09:03.563835,Room2 Virtual Panel,Command,'SetVisible,Button,14782,,False'
2026-03-06 12:09:03.563835,Room3 Virtual Panel,Command,'SetText,Label,4850,,None'
2026-03-06 12:09:03.563835,Room4 Virtual Panel,Command,'SetVisible,Button,14777,,False'
2026-03-06 12:09:03.563835,Room6 Virtual Panel,Command,'SetVisible,Button,14622,,True'
2026-03-06 12:09:03.563835,Room4 Virtual Panel,Command,'SetVisible,Button,14778,,False'
2026-03-06 12:09:03.564832,Room3 Virtual Panel,Command,'SetTextButton,4900,,None'
2026-03-06 12:09:03.564832,Room5 Virtual Panel,Command,'SetVisible,Button,14771,,False'
2026-03-06 12:09:03.564832,Room2 Virtual Panel,Command,'SetText,Label,4850,,None'
2026-03-06 12:09:03.564832,Room0 Virtual Panel,Command,'SetVisible,Button,15102,,False'
2026-03-06 12:09:03.564832,Room1 Virtual Panel,Command,'SetVisible,Button,15101,,False'
2026-03-06 12:09:03.564832,Room4 Virtual Panel,Command,'SetVisible,Button,14779,,False'
2026-03-06 12:09:03.564832,Room6 Virtual Panel,Command,'SetVisible,Button,14623,,True'
2026-03-06 12:09:03.564832,Room3 Virtual Panel,Command,'SetTextButton,4600,,None'
2026-03-06 12:09:03.564832,Room0 Virtual Panel,Command,'SetStateButton,14603,,0'
2026-03-06 12:09:03.564832,Room5 Virtual Panel,Command,'SetVisible,Button,14772,,False'
2026-03-06 12:09:03.564832,Room2 Virtual Panel,Command,'SetTextButton,4900,,None'
2026-03-06 12:09:03.564832,Room4 Virtual Panel,Command,'SetVisible,Button,14780,,False'
2026-03-06 12:09:03.564832,Room6 Virtual Panel,Command,'SetVisible,Button,14624,,True'
2026-03-06 12:09:03.565831,Room3 Virtual Panel,Command,'SetText,Label,4851,,None'
2026-03-06 12:09:03.565831,Room1 Virtual Panel,Command,'SetStateButton,14602,,0'
2026-03-06 12:09:03.565831,Room0 Virtual Panel,Command,'SetVisible,Button,14753,,False'
2026-03-06 12:09:03.565831,Room4 Virtual Panel,Command,'SetVisible,Button,14781,,False'
2026-03-06 12:09:03.565831,Room2 Virtual Panel,Command,'SetTextButton,4600,,None'
2026-03-06 12:09:03.565831,Room5 Virtual Panel,Command,'SetVisible,Button,14773,,False'
2026-03-06 12:09:03.565831,Room4 Virtual Panel,Command,'SetVisible,Button,14782,,False'
2026-03-06 12:09:03.565831,Room0 Virtual Panel,Command,'SetText,Label,4753,,'
2026-03-06 12:09:03.565831,Room1 Virtual Panel,Command,'SetVisible,Button,14752,,False'
2026-03-06 12:09:03.566831,Room6 Virtual Panel,Command,'SetVisible,Button,14751,,False'
2026-03-06 12:09:03.566831,Room2 Virtual Panel,Command,'SetText,Label,4851,,None'
2026-03-06 12:09:03.566831,Room3 Virtual Panel,Command,'SetTextButton,4901,,None'
2026-03-06 12:09:03.566831,Room5 Virtual Panel,Command,'SetVisible,Button,14774,,False'
2026-03-06 12:09:03.566831,Room4 Virtual Panel,Command,'SetText,Label,4850,,None'
2026-03-06 12:09:03.566831,Room6 Virtual Panel,Command,'SetVisible,Button,14752,,False'
2026-03-06 12:09:03.566831,Room0 Virtual Panel,Command,'SetText,Label,4854,,CATV 3'
2026-03-06 12:09:03.566831,Room3 Virtual Panel,Command,'SetTextButton,4601,,None'
2026-03-06 12:09:03.566831,Room2 Virtual Panel,Command,'SetTextButton,4901,,None'
2026-03-06 12:09:03.566831,Room4 Virtual Panel,Command,'SetTextButton,4900,,None'
2026-03-06 12:09:03.567831,Room1 Virtual Panel,Command,'SetText,Label,4752,,'
2026-03-06 12:09:03.567831,Room3 Virtual Panel,Command,'SetText,Label,4852,,CATV 1'
2026-03-06 12:09:03.567831,Room5 Virtual Panel,Command,'SetVisible,Button,14775,,False'
2026-03-06 12:09:03.567831,Room6 Virtual Panel,Command,'SetVisible,Button,14753,,False'
2026-03-06 12:09:03.567831,Room1 Virtual Panel,Command,'SetText,Label,4853,,CATV 2'
2026-03-06 12:09:03.567831,Room4 Virtual Panel,Command,'SetTextButton,4600,,None'
2026-03-06 12:09:03.567831,Room3 Virtual Panel,Command,'SetTextButton,4902,,CATV 1'
2026-03-06 12:09:03.567831,Room5 Virtual Panel,Command,'SetVisible,Button,14776,,False'
2026-03-06 12:09:03.567831,Room2 Virtual Panel,Command,'SetTextButton,4601,,None'
2026-03-06 12:09:03.568832,Room0 Virtual Panel,Command,'SetTextButton,4904,,CATV 3'
2026-03-06 12:09:03.568832,Room6 Virtual Panel,Command,'SetVisible,Button,14754,,False'
2026-03-06 12:09:03.568832,Room5 Virtual Panel,Command,'SetVisible,Button,14777,,False'
2026-03-06 12:09:03.568832,Room4 Virtual Panel,Command,'SetText,Label,4851,,None'
2026-03-06 12:09:03.568832,Room2 Virtual Panel,Command,'SetText,Label,4852,,CATV 1'
2026-03-06 12:09:03.568832,Room1 Virtual Panel,Command,'SetTextButton,4903,,CATV 2'
2026-03-06 12:09:03.568832,Room3 Virtual Panel,Command,'SetTextButton,4602,,CATV 1'
2026-03-06 12:09:03.568832,Room5 Virtual Panel,Command,'SetVisible,Button,14778,,False'
2026-03-06 12:09:03.568832,Room4 Virtual Panel,Command,'SetTextButton,4901,,None'
2026-03-06 12:09:03.568832,Room6 Virtual Panel,Command,'SetVisible,Button,14755,,False'
2026-03-06 12:09:03.568832,Room2 Virtual Panel,Command,'SetTextButton,4902,,CATV 1'
2026-03-06 12:09:03.569831,Room0 Virtual Panel,Command,'SetTextButton,4604,,CATV 3'
2026-03-06 12:09:03.569831,Room3 Virtual Panel,Command,'SetVisible,Button,15101,,False'
2026-03-06 12:09:03.569831,Room6 Virtual Panel,Command,'SetVisible,Button,14756,,False'
2026-03-06 12:09:03.569831,Room5 Virtual Panel,Command,'SetVisible,Button,14779,,False'
2026-03-06 12:09:03.569831,Room1 Virtual Panel,Command,'SetTextButton,4603,,CATV 2'
2026-03-06 12:09:03.569831,Room2 Virtual Panel,Command,'SetTextButton,4602,,CATV 1'
2026-03-06 12:09:03.569831,Room6 Virtual Panel,Command,'SetVisible,Button,14757,,False'
2026-03-06 12:09:03.569831,Room5 Virtual Panel,Command,'SetVisible,Button,14780,,False'
2026-03-06 12:09:03.569831,Room3 Virtual Panel,Command,'SetStateButton,14602,,0'
2026-03-06 12:09:03.570832,Room4 Virtual Panel,Command,'SetTextButton,4601,,None'
2026-03-06 12:09:03.570832,Room6 Virtual Panel,Command,'SetVisible,Button,14758,,False'
2026-03-06 12:09:03.571336,Room1 Virtual Panel,Command,'SetVisible,Button,15102,,False'
2026-03-06 12:09:03.571336,Room6 Virtual Panel,Command,'SetVisible,Button,14759,,False'
2026-03-06 12:09:03.571336,Room4 Virtual Panel,Command,'SetText,Label,4852,,CATV 1'
2026-03-06 12:09:03.571336,Room2 Virtual Panel,Command,'SetVisible,Button,15101,,False'
2026-03-06 12:09:03.571336,Room5 Virtual Panel,Command,'SetVisible,Button,14781,,False'
2026-03-06 12:09:03.571336,Room0 Virtual Panel,Command,'SetVisible,Button,15103,,False'
2026-03-06 12:09:03.571336,Room3 Virtual Panel,Command,'SetVisible,Button,14752,,False'
2026-03-06 12:09:03.571336,Room4 Virtual Panel,Command,'SetTextButton,4902,,CATV 1'
2026-03-06 12:09:03.571336,Room6 Virtual Panel,Command,'SetVisible,Button,14760,,False'
2026-03-06 12:09:03.572339,Room0 Virtual Panel,Command,'SetStateButton,14604,,0'
2026-03-06 12:09:03.572339,Room2 Virtual Panel,Command,'SetStateButton,14602,,0'
2026-03-06 12:09:03.572339,Room1 Virtual Panel,Command,'SetStateButton,14603,,0'
2026-03-06 12:09:03.572339,Room5 Virtual Panel,Command,'SetVisible,Button,14782,,False'
2026-03-06 12:09:03.572339,Room3 Virtual Panel,Command,'SetText,Label,4752,,'
2026-03-06 12:09:03.572339,Room4 Virtual Panel,Command,'SetTextButton,4602,,CATV 1'
2026-03-06 12:09:03.572339,Room0 Virtual Panel,Command,'SetVisible,Button,14754,,False'
2026-03-06 12:09:03.572339,Room3 Virtual Panel,Command,'SetText,Label,4853,,CATV 2'
2026-03-06 12:09:03.572339,Room6 Virtual Panel,Command,'SetVisible,Button,14761,,False'
2026-03-06 12:09:03.572339,Room5 Virtual Panel,Command,'SetText,Label,4850,,None'
2026-03-06 12:09:03.572339,Room1 Virtual Panel,Command,'SetVisible,Button,14753,,False'
2026-03-06 12:09:03.573339,Room2 Virtual Panel,Command,'SetVisible,Button,14752,,False'
2026-03-06 12:09:03.573339,Room3 Virtual Panel,Command,'SetTextButton,4903,,CATV 2'
2026-03-06 12:09:03.573339,Room4 Virtual Panel,Command,'SetVisible,Button,15101,,False'
2026-03-06 12:09:03.573339,Room5 Virtual Panel,Command,'SetTextButton,4900,,None'
2026-03-06 12:09:03.573339,Room6 Virtual Panel,Command,'SetVisible,Button,14762,,False'
2026-03-06 12:09:03.573339,Room1 Virtual Panel,Command,'SetText,Label,4753,,'
2026-03-06 12:09:03.573339,Room2 Virtual Panel,Command,'SetText,Label,4752,,'
2026-03-06 12:09:03.574341,Room5 Virtual Panel,Command,'SetTextButton,4600,,None'
2026-03-06 12:09:03.574341,Room3 Virtual Panel,Command,'SetTextButton,4603,,CATV 2'
2026-03-06 12:09:03.574341,Room4 Virtual Panel,Command,'SetStateButton,14602,,0'
2026-03-06 12:09:03.574341,Room6 Virtual Panel,Command,'SetVisible,Button,14763,,False'
2026-03-06 12:09:03.574341,Room4 Virtual Panel,Command,'SetVisible,Button,14752,,False'
2026-03-06 12:09:03.574341,Room2 Virtual Panel,Command,'SetText,Label,4853,,CATV 2'
2026-03-06 12:09:03.574341,Room3 Virtual Panel,Command,'SetVisible,Button,15102,,False'
2026-03-06 12:09:03.574341,Room1 Virtual Panel,Command,'SetText,Label,4854,,CATV 3'
2026-03-06 12:09:03.574341,Room5 Virtual Panel,Command,'SetText,Label,4851,,None'
2026-03-06 12:09:03.574341,Room0 Virtual Panel,Command,'SetText,Label,4754,,'
2026-03-06 12:09:03.575341,Room2 Virtual Panel,Command,'SetTextButton,4903,,CATV 2'
2026-03-06 12:09:03.575341,Room1 Virtual Panel,Command,'SetTextButton,4904,,CATV 3'
2026-03-06 12:09:03.575341,Room6 Virtual Panel,Command,'SetVisible,Button,14764,,False'
2026-03-06 12:09:03.575341,Room3 Virtual Panel,Command,'SetStateButton,14603,,0'
2026-03-06 12:09:03.575341,Room4 Virtual Panel,Command,'SetText,Label,4752,,'
2026-03-06 12:09:03.575341,Room5 Virtual Panel,Command,'SetTextButton,4901,,None'
2026-03-06 12:09:03.575341,Room0 Virtual Panel,Command,'SetText,Label,4855,,CATV 4'
2026-03-06 12:09:03.575341,Room3 Virtual Panel,Command,'SetVisible,Button,14753,,False'
2026-03-06 12:09:03.576341,Room6 Virtual Panel,Command,'SetVisible,Button,14765,,False'
2026-03-06 12:09:03.576341,Room1 Virtual Panel,Command,'SetTextButton,4604,,CATV 3'
2026-03-06 12:09:03.576341,Room4 Virtual Panel,Command,'SetText,Label,4853,,CATV 2'
2026-03-06 12:09:03.576341,Room2 Virtual Panel,Command,'SetTextButton,4603,,CATV 2'
2026-03-06 12:09:03.576341,Room5 Virtual Panel,Command,'SetTextButton,4601,,None'
2026-03-06 12:09:03.576341,Room3 Virtual Panel,Command,'SetText,Label,4753,,'
2026-03-06 12:09:03.576341,Room6 Virtual Panel,Command,'SetVisible,Button,14766,,False'
2026-03-06 12:09:03.576341,Room4 Virtual Panel,Command,'SetTextButton,4903,,CATV 2'
2026-03-06 12:09:03.576341,Room1 Virtual Panel,Command,'SetVisible,Button,15103,,False'
2026-03-06 12:09:03.576341,Room5 Virtual Panel,Command,'SetText,Label,4852,,CATV 1'
2026-03-06 12:09:03.577387,Room6 Virtual Panel,Command,'SetVisible,Button,14767,,False'
2026-03-06 12:09:03.577387,Room0 Virtual Panel,Command,'SetTextButton,4905,,CATV 4'
2026-03-06 12:09:03.577387,Room3 Virtual Panel,Command,'SetText,Label,4854,,CATV 3'
2026-03-06 12:09:03.577387,Room1 Virtual Panel,Command,'SetStateButton,14604,,0'
2026-03-06 12:09:03.577387,Room2 Virtual Panel,Command,'SetVisible,Button,15102,,False'
2026-03-06 12:09:03.577387,Room5 Virtual Panel,Command,'SetTextButton,4902,,CATV 1'
2026-03-06 12:09:03.577387,Room1 Virtual Panel,Command,'SetVisible,Button,14754,,False'
2026-03-06 12:09:03.577387,Room2 Virtual Panel,Command,'SetStateButton,14603,,0'
2026-03-06 12:09:03.577387,Room6 Virtual Panel,Command,'SetVisible,Button,14768,,False'
2026-03-06 12:09:03.578419,Room3 Virtual Panel,Command,'SetTextButton,4904,,CATV 3'
2026-03-06 12:09:03.578419,Room6 Virtual Panel,Command,'SetVisible,Button,14769,,False'
2026-03-06 12:09:03.578419,Room4 Virtual Panel,Command,'SetTextButton,4603,,CATV 2'
2026-03-06 12:09:03.578419,Room0 Virtual Panel,Command,'SetTextButton,4605,,CATV 4'
2026-03-06 12:09:03.578419,Room2 Virtual Panel,Command,'SetVisible,Button,14753,,False'
2026-03-06 12:09:03.578419,Room5 Virtual Panel,Command,'SetTextButton,4602,,CATV 1'
2026-03-06 12:09:03.578419,Room6 Virtual Panel,Command,'SetVisible,Button,14770,,False'
2026-03-06 12:09:03.579419,Room4 Virtual Panel,Command,'SetVisible,Button,15102,,False'
2026-03-06 12:09:03.579419,Room2 Virtual Panel,Command,'SetText,Label,4753,,'
2026-03-06 12:09:03.579419,Room3 Virtual Panel,Command,'SetTextButton,4604,,CATV 3'
2026-03-06 12:09:03.579419,Room1 Virtual Panel,Command,'SetText,Label,4754,,'
2026-03-06 12:09:03.579419,Room4 Virtual Panel,Command,'SetStateButton,14603,,0'
2026-03-06 12:09:03.579419,Room0 Virtual Panel,Command,'SetVisible,Button,15104,,False'
2026-03-06 12:09:03.579419,Room1 Virtual Panel,Command,'SetText,Label,4855,,CATV 4'
2026-03-06 12:09:03.579419,Room2 Virtual Panel,Command,'SetText,Label,4854,,CATV 3'
2026-03-06 12:09:03.579419,Room0 Virtual Panel,Command,'SetStateButton,14605,,0'
2026-03-06 12:09:03.579419,Room3 Virtual Panel,Command,'SetVisible,Button,15103,,False'
2026-03-06 12:09:03.579419,Room6 Virtual Panel,Command,'SetVisible,Button,14771,,False'
2026-03-06 12:09:03.579419,Room0 Virtual Panel,Command,'SetVisible,Button,14755,,False'
2026-03-06 12:09:03.580923,Room3 Virtual Panel,Command,'SetStateButton,14604,,0'
2026-03-06 12:09:03.580923,Room4 Virtual Panel,Command,'SetVisible,Button,14753,,False'
2026-03-06 12:09:03.580923,Room1 Virtual Panel,Command,'SetTextButton,4905,,CATV 4'
2026-03-06 12:09:03.580923,Room2 Virtual Panel,Command,'SetTextButton,4904,,CATV 3'
2026-03-06 12:09:03.580923,Room5 Virtual Panel,Command,'SetVisible,Button,15101,,False'
2026-03-06 12:09:03.581446,Room6 Virtual Panel,Command,'SetVisible,Button,14772,,False'
2026-03-06 12:09:03.581446,Room5 Virtual Panel,Command,'SetStateButton,14602,,0'
2026-03-06 12:09:03.581446,Room6 Virtual Panel,Command,'SetVisible,Button,14773,,False'
2026-03-06 12:09:03.581446,Room0 Virtual Panel,Command,'SetText,Label,4755,,'
2026-03-06 12:09:03.581446,Room3 Virtual Panel,Command,'SetVisible,Button,14754,,False'
2026-03-06 12:09:03.581446,Room1 Virtual Panel,Command,'SetTextButton,4605,,CATV 4'
2026-03-06 12:09:03.581446,Room2 Virtual Panel,Command,'SetTextButton,4604,,CATV 3'
2026-03-06 12:09:03.582466,Room4 Virtual Panel,Command,'SetText,Label,4753,,'
2026-03-06 12:09:03.582466,Room5 Virtual Panel,Command,'SetVisible,Button,14752,,False'
2026-03-06 12:09:03.582466,Room0 Virtual Panel,Command,'SetText,Label,4856,,CATV 5'
2026-03-06 12:09:03.582466,Room3 Virtual Panel,Command,'SetText,Label,4754,,'
2026-03-06 12:09:03.582466,Room2 Virtual Panel,Command,'SetVisible,Button,15103,,False'
2026-03-06 12:09:03.582466,Room1 Virtual Panel,Command,'SetVisible,Button,15104,,False'
2026-03-06 12:09:03.583256,Room4 Virtual Panel,Command,'SetText,Label,4854,,CATV 3'
2026-03-06 12:09:03.583256,Room6 Virtual Panel,Command,'SetVisible,Button,14774,,False'
2026-03-06 12:09:03.583256,Room3 Virtual Panel,Command,'SetText,Label,4855,,CATV 4'
2026-03-06 12:09:03.583256,Room0 Virtual Panel,Command,'SetTextButton,4906,,CATV 5'
2026-03-06 12:09:03.583256,Room6 Virtual Panel,Command,'SetVisible,Button,14775,,False'
2026-03-06 12:09:03.583256,Room1 Virtual Panel,Command,'SetStateButton,14605,,0'
2026-03-06 12:09:03.583256,Room4 Virtual Panel,Command,'SetTextButton,4904,,CATV 3'
2026-03-06 12:09:03.583256,Room2 Virtual Panel,Command,'SetStateButton,14604,,0'
2026-03-06 12:09:03.583256,Room3 Virtual Panel,Command,'SetTextButton,4905,,CATV 4'
2026-03-06 12:09:03.583256,Room5 Virtual Panel,Command,'SetText,Label,4752,,'
2026-03-06 12:09:03.584271,Room6 Virtual Panel,Command,'SetVisible,Button,14776,,False'
2026-03-06 12:09:03.584271,Room3 Virtual Panel,Command,'SetTextButton,4605,,CATV 4'
2026-03-06 12:09:03.584271,Room0 Virtual Panel,Command,'SetTextButton,4606,,CATV 5'
2026-03-06 12:09:03.584271,Room1 Virtual Panel,Command,'SetVisible,Button,14755,,False'
2026-03-06 12:09:03.584271,Room5 Virtual Panel,Command,'SetText,Label,4853,,CATV 2'
2026-03-06 12:09:03.584271,Room6 Virtual Panel,Command,'SetVisible,Button,14777,,False'
2026-03-06 12:09:03.584271,Room1 Virtual Panel,Command,'SetText,Label,4755,,'
2026-03-06 12:09:03.584271,Room5 Virtual Panel,Command,'SetTextButton,4903,,CATV 2'
2026-03-06 12:09:03.585262,Room2 Virtual Panel,Command,'SetVisible,Button,14754,,False'
2026-03-06 12:09:03.585262,Room6 Virtual Panel,Command,'SetVisible,Button,14778,,False'
2026-03-06 12:09:03.585262,Room4 Virtual Panel,Command,'SetTextButton,4604,,CATV 3'
2026-03-06 12:09:03.585262,Room0 Virtual Panel,Command,'SetVisible,Button,15105,,False'
2026-03-06 12:09:03.585262,Room3 Virtual Panel,Command,'SetVisible,Button,15104,,False'
2026-03-06 12:09:03.585262,Room5 Virtual Panel,Command,'SetTextButton,4603,,CATV 2'
2026-03-06 12:09:03.585262,Room6 Virtual Panel,Command,'SetVisible,Button,14779,,False'
2026-03-06 12:09:03.585262,Room1 Virtual Panel,Command,'SetText,Label,4856,,CATV 5'
2026-03-06 12:09:03.585262,Room6 Virtual Panel,Command,'SetVisible,Button,14780,,False'
2026-03-06 12:09:03.586270,Room2 Virtual Panel,Command,'SetText,Label,4754,,'
2026-03-06 12:09:03.586270,Room0 Virtual Panel,Command,'SetStateButton,14606,,0'
2026-03-06 12:09:03.586270,Room3 Virtual Panel,Command,'SetStateButton,14605,,0'
2026-03-06 12:09:03.586270,Room2 Virtual Panel,Command,'SetText,Label,4855,,CATV 4'
2026-03-06 12:09:03.586270,Room4 Virtual Panel,Command,'SetVisible,Button,15103,,False'
2026-03-06 12:09:03.587263,Room5 Virtual Panel,Command,'SetVisible,Button,15102,,False'
2026-03-06 12:09:03.587263,Room6 Virtual Panel,Command,'SetVisible,Button,14781,,False'
2026-03-06 12:09:03.587263,Room0 Virtual Panel,Command,'SetVisible,Button,14756,,False'
2026-03-06 12:09:03.587263,Room1 Virtual Panel,Command,'SetTextButton,4906,,CATV 5'
2026-03-06 12:09:03.587263,Room2 Virtual Panel,Command,'SetTextButton,4905,,CATV 4'
2026-03-06 12:09:03.588270,Room6 Virtual Panel,Command,'SetVisible,Button,14782,,False'
2026-03-06 12:09:03.588270,Room5 Virtual Panel,Command,'SetStateButton,14603,,0'
2026-03-06 12:09:03.588270,Room3 Virtual Panel,Command,'SetVisible,Button,14755,,False'
2026-03-06 12:09:03.588270,Room4 Virtual Panel,Command,'SetStateButton,14604,,0'
2026-03-06 12:09:03.588270,Room5 Virtual Panel,Command,'SetVisible,Button,14753,,False'
2026-03-06 12:09:03.589263,Room0 Virtual Panel,Command,'SetText,Label,4756,,'
2026-03-06 12:09:03.589263,Room2 Virtual Panel,Command,'SetTextButton,4605,,CATV 4'
2026-03-06 12:09:03.589263,Room1 Virtual Panel,Command,'SetTextButton,4606,,CATV 5'
2026-03-06 12:09:03.589263,Room6 Virtual Panel,Command,'SetText,Label,4850,,None'
2026-03-06 12:09:03.589263,Room3 Virtual Panel,Command,'SetText,Label,4755,,'
2026-03-06 12:09:03.589263,Room5 Virtual Panel,Command,'SetText,Label,4753,,'
2026-03-06 12:09:03.589263,Room4 Virtual Panel,Command,'SetVisible,Button,14754,,False'
2026-03-06 12:09:03.589263,Room6 Virtual Panel,Command,'SetTextButton,4900,,None'
2026-03-06 12:09:03.589263,Room0 Virtual Panel,Command,'SetText,Label,4857,,CATV 6'
2026-03-06 12:09:03.589263,Room2 Virtual Panel,Command,'SetVisible,Button,15104,,False'
2026-03-06 12:09:03.589263,Room5 Virtual Panel,Command,'SetText,Label,4854,,CATV 3'
2026-03-06 12:09:03.590768,Room3 Virtual Panel,Command,'SetText,Label,4856,,CATV 5'
2026-03-06 12:09:03.590768,Room6 Virtual Panel,Command,'SetTextButton,4600,,None'
2026-03-06 12:09:03.590768,Room4 Virtual Panel,Command,'SetText,Label,4754,,'
2026-03-06 12:09:03.590768,Room0 Virtual Panel,Command,'SetTextButton,4907,,CATV 6'
2026-03-06 12:09:03.591284,Room2 Virtual Panel,Command,'SetStateButton,14605,,0'
2026-03-06 12:09:03.591284,Room5 Virtual Panel,Command,'SetTextButton,4904,,CATV 3'
2026-03-06 12:09:03.591284,Room3 Virtual Panel,Command,'SetTextButton,4906,,CATV 5'
2026-03-06 12:09:03.591284,Room6 Virtual Panel,Command,'SetText,Label,4851,,None'
2026-03-06 12:09:03.591284,Room4 Virtual Panel,Command,'SetText,Label,4855,,CATV 4'
2026-03-06 12:09:03.591284,Room1 Virtual Panel,Command,'SetVisible,Button,15105,,False'
2026-03-06 12:09:03.591284,Room6 Virtual Panel,Command,'SetTextButton,4901,,None'
2026-03-06 12:09:03.591284,Room0 Virtual Panel,Command,'SetTextButton,4607,,CATV 6'
2026-03-06 12:09:03.591284,Room2 Virtual Panel,Command,'SetVisible,Button,14755,,False'
2026-03-06 12:09:03.592448,Room5 Virtual Panel,Command,'SetTextButton,4604,,CATV 3'
2026-03-06 12:09:03.592448,Room3 Virtual Panel,Command,'SetTextButton,4606,,CATV 5'
2026-03-06 12:09:03.592448,Room6 Virtual Panel,Command,'SetTextButton,4601,,None'
2026-03-06 12:09:03.592448,Room1 Virtual Panel,Command,'SetStateButton,14606,,0'
2026-03-06 12:09:03.592448,Room4 Virtual Panel,Command,'SetTextButton,4905,,CATV 4'
2026-03-06 12:09:03.592448,Room6 Virtual Panel,Command,'SetText,Label,4852,,CATV 1'
2026-03-06 12:09:03.592448,Room5 Virtual Panel,Command,'SetVisible,Button,15103,,False'
2026-03-06 12:09:03.592448,Room1 Virtual Panel,Command,'SetVisible,Button,14756,,False'
2026-03-06 12:09:03.592448,Room6 Virtual Panel,Command,'SetTextButton,4902,,CATV 1'
2026-03-06 12:09:03.593453,Room3 Virtual Panel,Command,'SetVisible,Button,15105,,False'
2026-03-06 12:09:03.593453,Room2 Virtual Panel,Command,'SetText,Label,4755,,'
2026-03-06 12:09:03.593453,Room0 Virtual Panel,Command,'SetVisible,Button,15106,,False'
2026-03-06 12:09:03.593453,Room4 Virtual Panel,Command,'SetTextButton,4605,,CATV 4'
2026-03-06 12:09:03.593453,Room3 Virtual Panel,Command,'SetStateButton,14606,,0'
2026-03-06 12:09:03.593453,Room2 Virtual Panel,Command,'SetText,Label,4856,,CATV 5'
2026-03-06 12:09:03.593453,Room0 Virtual Panel,Command,'SetStateButton,14607,,0'
2026-03-06 12:09:03.593453,Room5 Virtual Panel,Command,'SetStateButton,14604,,0'
2026-03-06 12:09:03.593453,Room1 Virtual Panel,Command,'SetText,Label,4756,,'
2026-03-06 12:09:03.594452,Room2 Virtual Panel,Command,'SetTextButton,4906,,CATV 5'
2026-03-06 12:09:03.594452,Room4 Virtual Panel,Command,'SetVisible,Button,15104,,False'
2026-03-06 12:09:03.594452,Room6 Virtual Panel,Command,'SetTextButton,4602,,CATV 1'
2026-03-06 12:09:03.594452,Room3 Virtual Panel,Command,'SetVisible,Button,14756,,False'
2026-03-06 12:09:03.594452,Room5 Virtual Panel,Command,'SetVisible,Button,14754,,False'
2026-03-06 12:09:03.594452,Room0 Virtual Panel,Command,'SetVisible,Button,14757,,False'
2026-03-06 12:09:03.594452,Room1 Virtual Panel,Command,'SetText,Label,4857,,CATV 6'
2026-03-06 12:09:03.594452,Room5 Virtual Panel,Command,'SetText,Label,4754,,'
2026-03-06 12:09:03.594452,Room4 Virtual Panel,Command,'SetStateButton,14605,,0'
2026-03-06 12:09:03.595750,Room1 Virtual Panel,Command,'SetTextButton,4907,,CATV 6'
2026-03-06 12:09:03.595750,Room2 Virtual Panel,Command,'SetTextButton,4606,,CATV 5'
2026-03-06 12:09:03.595750,Room5 Virtual Panel,Command,'SetText,Label,4855,,CATV 4'
2026-03-06 12:09:03.595750,Room3 Virtual Panel,Command,'SetText,Label,4756,,'
2026-03-06 12:09:03.595750,Room4 Virtual Panel,Command,'SetVisible,Button,14755,,False'
2026-03-06 12:09:03.595750,Room6 Virtual Panel,Command,'SetVisible,Button,15101,,False'
2026-03-06 12:09:03.595750,Room1 Virtual Panel,Command,'SetTextButton,4607,,CATV 6'
2026-03-06 12:09:03.595750,Room3 Virtual Panel,Command,'SetText,Label,4857,,CATV 6'
2026-03-06 12:09:03.595750,Room5 Virtual Panel,Command,'SetTextButton,4905,,CATV 4'
2026-03-06 12:09:03.595750,Room0 Virtual Panel,Command,'SetText,Label,4757,,'
2026-03-06 12:09:03.595750,Room1 Virtual Panel,Command,'SetVisible,Button,15106,,False'
2026-03-06 12:09:03.596754,Room0 Virtual Panel,Command,'SetText,Label,4858,,None'
2026-03-06 12:09:03.596754,Room4 Virtual Panel,Command,'SetText,Label,4755,,'
2026-03-06 12:09:03.596754,Room6 Virtual Panel,Command,'SetStateButton,14602,,0'
2026-03-06 12:09:03.596754,Room5 Virtual Panel,Command,'SetTextButton,4605,,CATV 4'
2026-03-06 12:09:03.596754,Room1 Virtual Panel,Command,'SetStateButton,14607,,0'
2026-03-06 12:09:03.596754,Room2 Virtual Panel,Command,'SetVisible,Button,15105,,False'
2026-03-06 12:09:03.596754,Room4 Virtual Panel,Command,'SetText,Label,4856,,CATV 5'
2026-03-06 12:09:03.596754,Room6 Virtual Panel,Command,'SetVisible,Button,14752,,False'
2026-03-06 12:09:03.596754,Room2 Virtual Panel,Command,'SetStateButton,14606,,0'
2026-03-06 12:09:03.596754,Room3 Virtual Panel,Command,'SetTextButton,4907,,CATV 6'
2026-03-06 12:09:03.597754,Room1 Virtual Panel,Command,'SetVisible,Button,14757,,False'
2026-03-06 12:09:03.597754,Room0 Virtual Panel,Command,'SetTextButton,4908,,None'
2026-03-06 12:09:03.597754,Room2 Virtual Panel,Command,'SetVisible,Button,14756,,False'
2026-03-06 12:09:03.597754,Room5 Virtual Panel,Command,'SetVisible,Button,15104,,False'
2026-03-06 12:09:03.597754,Room4 Virtual Panel,Command,'SetTextButton,4906,,CATV 5'
2026-03-06 12:09:03.597754,Room6 Virtual Panel,Command,'SetText,Label,4752,,'
2026-03-06 12:09:03.597754,Room0 Virtual Panel,Command,'SetTextButton,4608,,None'
2026-03-06 12:09:03.597754,Room3 Virtual Panel,Command,'SetTextButton,4607,,CATV 6'
2026-03-06 12:09:03.598754,Room6 Virtual Panel,Command,'SetText,Label,4853,,CATV 2'
2026-03-06 12:09:03.598754,Room5 Virtual Panel,Command,'SetStateButton,14605,,0'
2026-03-06 12:09:03.598754,Room3 Virtual Panel,Command,'SetVisible,Button,15106,,False'
2026-03-06 12:09:03.598754,Room1 Virtual Panel,Command,'SetText,Label,4757,,'
2026-03-06 12:09:03.598754,Room0 Virtual Panel,Command,'SetVisible,Button,15107,,False'
2026-03-06 12:09:03.598754,Room2 Virtual Panel,Command,'SetText,Label,4756,,'
2026-03-06 12:09:03.598754,Room1 Virtual Panel,Command,'SetText,Label,4858,,None'
2026-03-06 12:09:03.598754,Room4 Virtual Panel,Command,'SetTextButton,4606,,CATV 5'
2026-03-06 12:09:03.598754,Room3 Virtual Panel,Command,'SetStateButton,14607,,0'
2026-03-06 12:09:03.598754,Room6 Virtual Panel,Command,'SetTextButton,4903,,CATV 2'
2026-03-06 12:09:03.598754,Room0 Virtual Panel,Command,'SetStateButton,14608,,0'
2026-03-06 12:09:03.598754,Room2 Virtual Panel,Command,'SetText,Label,4857,,CATV 6'
2026-03-06 12:09:03.599754,Room1 Virtual Panel,Command,'SetTextButton,4908,,None'
2026-03-06 12:09:03.599754,Room4 Virtual Panel,Command,'SetVisible,Button,15105,,False'
2026-03-06 12:09:03.599754,Room5 Virtual Panel,Command,'SetVisible,Button,14755,,False'
2026-03-06 12:09:03.599754,Room2 Virtual Panel,Command,'SetTextButton,4907,,CATV 6'
2026-03-06 12:09:03.599754,Room6 Virtual Panel,Command,'SetTextButton,4603,,CATV 2'
2026-03-06 12:09:03.599754,Room3 Virtual Panel,Command,'SetVisible,Button,14757,,False'
2026-03-06 12:09:03.599754,Room0 Virtual Panel,Command,'SetVisible,Button,14758,,False'
2026-03-06 12:09:03.599754,Room4 Virtual Panel,Command,'SetStateButton,14606,,0'
2026-03-06 12:09:03.599754,Room3 Virtual Panel,Command,'SetText,Label,4757,,'
2026-03-06 12:09:03.599754,Room1 Virtual Panel,Command,'SetTextButton,4608,,None'
2026-03-06 12:09:03.600753,Room6 Virtual Panel,Command,'SetVisible,Button,15102,,False'
2026-03-06 12:09:03.600753,Room0 Virtual Panel,Command,'SetText,Label,4758,,'
2026-03-06 12:09:03.600753,Room2 Virtual Panel,Command,'SetTextButton,4607,,CATV 6'
2026-03-06 12:09:03.600753,Room4 Virtual Panel,Command,'SetVisible,Button,14756,,False'
2026-03-06 12:09:03.600753,Room6 Virtual Panel,Command,'SetStateButton,14603,,0'
2026-03-06 12:09:03.600753,Room3 Virtual Panel,Command,'SetText,Label,4858,,None'
2026-03-06 12:09:03.600753,Room1 Virtual Panel,Command,'SetVisible,Button,15107,,False'
2026-03-06 12:09:03.600753,Room5 Virtual Panel,Command,'SetText,Label,4755,,'
2026-03-06 12:09:03.600753,Room6 Virtual Panel,Command,'SetVisible,Button,14753,,False'
2026-03-06 12:09:03.600753,Room3 Virtual Panel,Command,'SetTextButton,4908,,None'
2026-03-06 12:09:03.600753,Room4 Virtual Panel,Command,'SetText,Label,4756,,'
2026-03-06 12:09:03.600753,Room0 Virtual Panel,Command,'SetText,Label,4859,,None'
2026-03-06 12:09:03.601779,Room2 Virtual Panel,Command,'SetVisible,Button,15106,,False'
2026-03-06 12:09:03.601779,Room3 Virtual Panel,Command,'SetTextButton,4608,,None'
2026-03-06 12:09:03.601779,Room4 Virtual Panel,Command,'SetText,Label,4857,,CATV 6'
2026-03-06 12:09:03.601779,Room6 Virtual Panel,Command,'SetText,Label,4753,,'
2026-03-06 12:09:03.601779,Room5 Virtual Panel,Command,'SetText,Label,4856,,CATV 5'
2026-03-06 12:09:03.601779,Room0 Virtual Panel,Command,'SetTextButton,4909,,None'
2026-03-06 12:09:03.601779,Room1 Virtual Panel,Command,'SetStateButton,14608,,0'
2026-03-06 12:09:03.602784,Room3 Virtual Panel,Command,'SetVisible,Button,15107,,False'
2026-03-06 12:09:03.602784,Room4 Virtual Panel,Command,'SetTextButton,4907,,CATV 6'
2026-03-06 12:09:03.602784,Room5 Virtual Panel,Command,'SetTextButton,4906,,CATV 5'
2026-03-06 12:09:03.602784,Room2 Virtual Panel,Command,'SetStateButton,14607,,0'
2026-03-06 12:09:03.602784,Room1 Virtual Panel,Command,'SetVisible,Button,14758,,False'
2026-03-06 12:09:03.603589,Room6 Virtual Panel,Command,'SetText,Label,4854,,CATV 3'
2026-03-06 12:09:03.603589,Room3 Virtual Panel,Command,'SetStateButton,14608,,0'
2026-03-06 12:09:03.603589,Room1 Virtual Panel,Command,'SetText,Label,4758,,'
2026-03-06 12:09:03.603589,Room6 Virtual Panel,Command,'SetTextButton,4904,,CATV 3'
2026-03-06 12:09:03.603589,Room0 Virtual Panel,Command,'SetTextButton,4609,,None'
2026-03-06 12:09:03.604598,Room2 Virtual Panel,Command,'SetVisible,Button,14757,,False'
2026-03-06 12:09:03.604598,Room5 Virtual Panel,Command,'SetTextButton,4606,,CATV 5'
2026-03-06 12:09:03.604598,Room0 Virtual Panel,Command,'SetVisible,Button,15108,,False'
2026-03-06 12:09:03.604598,Room4 Virtual Panel,Command,'SetTextButton,4607,,CATV 6'
2026-03-06 12:09:03.604598,Room1 Virtual Panel,Command,'SetText,Label,4859,,None'
2026-03-06 12:09:03.604598,Room0 Virtual Panel,Command,'SetStateButton,14609,,0'
2026-03-06 12:09:03.604598,Room3 Virtual Panel,Command,'SetVisible,Button,14758,,False'
2026-03-06 12:09:03.605990,Room0 Virtual Panel,Command,'SetVisible,Button,14759,,False'
2026-03-06 12:09:03.605990,Room2 Virtual Panel,Command,'SetText,Label,4757,,'
2026-03-06 12:09:03.605990,Room1 Virtual Panel,Command,'SetTextButton,4909,,None'
2026-03-06 12:09:03.605990,Room5 Virtual Panel,Command,'SetVisible,Button,15105,,False'
2026-03-06 12:09:03.605990,Room4 Virtual Panel,Command,'SetVisible,Button,15106,,False'
2026-03-06 12:09:03.605990,Room6 Virtual Panel,Command,'SetTextButton,4604,,CATV 3'
2026-03-06 12:09:03.605990,Room0 Virtual Panel,Command,'SetText,Label,4759,,'
2026-03-06 12:09:03.606995,Room5 Virtual Panel,Command,'SetStateButton,14606,,0'
2026-03-06 12:09:03.606995,Room3 Virtual Panel,Command,'SetText,Label,4758,,'
2026-03-06 12:09:03.606995,Room2 Virtual Panel,Command,'SetText,Label,4858,,None'
2026-03-06 12:09:03.606995,Room0 Virtual Panel,Command,'SetText,Label,4860,,Security Feed'
2026-03-06 12:09:03.606995,Room3 Virtual Panel,Command,'SetText,Label,4859,,None'
2026-03-06 12:09:03.606995,Room4 Virtual Panel,Command,'SetStateButton,14607,,0'
2026-03-06 12:09:03.606995,Room5 Virtual Panel,Command,'SetVisible,Button,14756,,False'
2026-03-06 12:09:03.606995,Room1 Virtual Panel,Command,'SetTextButton,4609,,None'
2026-03-06 12:09:03.606995,Room0 Virtual Panel,Command,'SetTextButton,4910,,Security Feed'
2026-03-06 12:09:03.607995,Room2 Virtual Panel,Command,'SetTextButton,4908,,None'
2026-03-06 12:09:03.607995,Room6 Virtual Panel,Command,'SetVisible,Button,15103,,False'
2026-03-06 12:09:03.607995,Room4 Virtual Panel,Command,'SetVisible,Button,14757,,False'
2026-03-06 12:09:03.607995,Room3 Virtual Panel,Command,'SetTextButton,4909,,None'
2026-03-06 12:09:03.607995,Room0 Virtual Panel,Command,'SetTextButton,4610,,Security Feed'
2026-03-06 12:09:03.607995,Room2 Virtual Panel,Command,'SetTextButton,4608,,None'
2026-03-06 12:09:03.607995,Room1 Virtual Panel,Command,'SetVisible,Button,15108,,False'
2026-03-06 12:09:03.607995,Room3 Virtual Panel,Command,'SetTextButton,4609,,None'
2026-03-06 12:09:03.607995,Room4 Virtual Panel,Command,'SetText,Label,4757,,'
2026-03-06 12:09:03.608994,Room6 Virtual Panel,Command,'SetStateButton,14604,,0'
2026-03-06 12:09:03.608994,Room5 Virtual Panel,Command,'SetText,Label,4756,,'
2026-03-06 12:09:03.608994,Room1 Virtual Panel,Command,'SetStateButton,14609,,0'
2026-03-06 12:09:03.608994,Room4 Virtual Panel,Command,'SetText,Label,4858,,None'
2026-03-06 12:09:03.608994,Room2 Virtual Panel,Command,'SetVisible,Button,15107,,False'
2026-03-06 12:09:03.608994,Room3 Virtual Panel,Command,'SetVisible,Button,15108,,False'
2026-03-06 12:09:03.608994,Room1 Virtual Panel,Command,'SetVisible,Button,14759,,False'
2026-03-06 12:09:03.608994,Room4 Virtual Panel,Command,'SetTextButton,4908,,None'
2026-03-06 12:09:03.608994,Room0 Virtual Panel,Command,'SetVisible,Button,15109,,False'
2026-03-06 12:09:03.608994,Room3 Virtual Panel,Command,'SetStateButton,14609,,0'
2026-03-06 12:09:03.608994,Room6 Virtual Panel,Command,'SetVisible,Button,14754,,False'
2026-03-06 12:09:03.608994,Room1 Virtual Panel,Command,'SetText,Label,4759,,'
2026-03-06 12:09:03.608994,Room5 Virtual Panel,Command,'SetText,Label,4857,,CATV 6'
2026-03-06 12:09:03.608994,Room2 Virtual Panel,Command,'SetStateButton,14608,,0'
2026-03-06 12:09:03.608994,Room0 Virtual Panel,Command,'SetStateButton,14610,,0'
2026-03-06 12:09:03.610498,Room4 Virtual Panel,Command,'SetTextButton,4608,,None'
2026-03-06 12:09:03.610498,Room6 Virtual Panel,Command,'SetText,Label,4754,,'
2026-03-06 12:09:03.610498,Room1 Virtual Panel,Command,'SetText,Label,4860,,Security Feed'
2026-03-06 12:09:03.610498,Room2 Virtual Panel,Command,'SetVisible,Button,14758,,False'
2026-03-06 12:09:03.610498,Room3 Virtual Panel,Command,'SetVisible,Button,14759,,False'
2026-03-06 12:09:03.610498,Room6 Virtual Panel,Command,'SetText,Label,4855,,CATV 4'
2026-03-06 12:09:03.610498,Room5 Virtual Panel,Command,'SetTextButton,4907,,CATV 6'
2026-03-06 12:09:03.610498,Room4 Virtual Panel,Command,'SetVisible,Button,15107,,False'
2026-03-06 12:09:03.610498,Room2 Virtual Panel,Command,'SetText,Label,4758,,'
2026-03-06 12:09:03.611501,Room0 Virtual Panel,Command,'SetVisible,Button,14760,,False'
2026-03-06 12:09:03.611501,Room1 Virtual Panel,Command,'SetTextButton,4910,,Security Feed'
2026-03-06 12:09:03.611501,Room4 Virtual Panel,Command,'SetStateButton,14608,,0'
2026-03-06 12:09:03.611501,Room3 Virtual Panel,Command,'SetText,Label,4759,,'
2026-03-06 12:09:03.611501,Room6 Virtual Panel,Command,'SetTextButton,4905,,CATV 4'
2026-03-06 12:09:03.611501,Room5 Virtual Panel,Command,'SetTextButton,4607,,CATV 6'
2026-03-06 12:09:03.611501,Room3 Virtual Panel,Command,'SetText,Label,4860,,Security Feed'
2026-03-06 12:09:03.611501,Room2 Virtual Panel,Command,'SetText,Label,4859,,None'
2026-03-06 12:09:03.611501,Room0 Virtual Panel,Command,'SetText,Label,4760,,'
2026-03-06 12:09:03.611501,Room1 Virtual Panel,Command,'SetTextButton,4610,,Security Feed'
2026-03-06 12:09:03.611501,Room4 Virtual Panel,Command,'SetVisible,Button,14758,,False'
2026-03-06 12:09:03.612550,Room2 Virtual Panel,Command,'SetTextButton,4909,,None'
2026-03-06 12:09:03.612550,Room4 Virtual Panel,Command,'SetText,Label,4758,,'
2026-03-06 12:09:03.612550,Room0 Virtual Panel,Command,'SetText,Label,4861,,Signage'
2026-03-06 12:09:03.612550,Room6 Virtual Panel,Command,'SetTextButton,4605,,CATV 4'
2026-03-06 12:09:03.612550,Room3 Virtual Panel,Command,'SetTextButton,4910,,Security Feed'
2026-03-06 12:09:03.612550,Room5 Virtual Panel,Command,'SetVisible,Button,15106,,False'
2026-03-06 12:09:03.612550,Room4 Virtual Panel,Command,'SetText,Label,4859,,None'
2026-03-06 12:09:03.612550,Room2 Virtual Panel,Command,'SetTextButton,4609,,None'
2026-03-06 12:09:03.613554,Room0 Virtual Panel,Command,'SetTextButton,4911,,Signage'
2026-03-06 12:09:03.613554,Room1 Virtual Panel,Command,'SetVisible,Button,15109,,False'
2026-03-06 12:09:03.613554,Room3 Virtual Panel,Command,'SetTextButton,4610,,Security Feed'
2026-03-06 12:09:03.613554,Room6 Virtual Panel,Command,'SetVisible,Button,15104,,False'
2026-03-06 12:09:03.613554,Room1 Virtual Panel,Command,'SetStateButton,14610,,0'
2026-03-06 12:09:03.613554,Room0 Virtual Panel,Command,'SetTextButton,4611,,Signage'
2026-03-06 12:09:03.613554,Room5 Virtual Panel,Command,'SetStateButton,14607,,0'
2026-03-06 12:09:03.614554,Room2 Virtual Panel,Command,'SetVisible,Button,15108,,False'
2026-03-06 12:09:03.614554,Room6 Virtual Panel,Command,'SetStateButton,14605,,0'
2026-03-06 12:09:03.614554,Room4 Virtual Panel,Command,'SetTextButton,4909,,None'
2026-03-06 12:09:03.614554,Room2 Virtual Panel,Command,'SetStateButton,14609,,0'
2026-03-06 12:09:03.614554,Room3 Virtual Panel,Command,'SetVisible,Button,15109,,False'
2026-03-06 12:09:03.614554,Room6 Virtual Panel,Command,'SetVisible,Button,14755,,False'
2026-03-06 12:09:03.614554,Room4 Virtual Panel,Command,'SetTextButton,4609,,None'
2026-03-06 12:09:03.614554,Room0 Virtual Panel,Command,'SetVisible,Button,15110,,False'
2026-03-06 12:09:03.614554,Room1 Virtual Panel,Command,'SetVisible,Button,14760,,False'
2026-03-06 12:09:03.614554,Room3 Virtual Panel,Command,'SetStateButton,14610,,0'
2026-03-06 12:09:03.614554,Room2 Virtual Panel,Command,'SetVisible,Button,14759,,False'
2026-03-06 12:09:03.614554,Room5 Virtual Panel,Command,'SetVisible,Button,14757,,False'
2026-03-06 12:09:03.616024,Room0 Virtual Panel,Command,'SetStateButton,14611,,0'
2026-03-06 12:09:03.616024,Room1 Virtual Panel,Command,'SetText,Label,4760,,'
2026-03-06 12:09:03.616024,Room4 Virtual Panel,Command,'SetVisible,Button,15108,,False'
2026-03-06 12:09:03.616024,Room3 Virtual Panel,Command,'SetVisible,Button,14760,,False'
2026-03-06 12:09:03.616024,Room6 Virtual Panel,Command,'SetText,Label,4755,,'
2026-03-06 12:09:03.616024,Room2 Virtual Panel,Command,'SetText,Label,4759,,'
2026-03-06 12:09:03.616024,Room5 Virtual Panel,Command,'SetText,Label,4757,,'
2026-03-06 12:09:03.616024,Room0 Virtual Panel,Command,'SetVisible,Button,14761,,False'
2026-03-06 12:09:03.616024,Room4 Virtual Panel,Command,'SetStateButton,14609,,0'
2026-03-06 12:09:03.617041,Room6 Virtual Panel,Command,'SetText,Label,4856,,CATV 5'
2026-03-06 12:09:03.617041,Room1 Virtual Panel,Command,'SetText,Label,4861,,Signage'
2026-03-06 12:09:03.617041,Room4 Virtual Panel,Command,'SetVisible,Button,14759,,False'
2026-03-06 12:09:03.617041,Room5 Virtual Panel,Command,'SetText,Label,4858,,None'
2026-03-06 12:09:03.617041,Room1 Virtual Panel,Command,'SetTextButton,4911,,Signage'
2026-03-06 12:09:03.617041,Room0 Virtual Panel,Command,'SetText,Label,4761,,'
2026-03-06 12:09:03.617041,Room4 Virtual Panel,Command,'SetText,Label,4759,,'
2026-03-06 12:09:03.618040,Room2 Virtual Panel,Command,'SetText,Label,4860,,Security Feed'
2026-03-06 12:09:03.618040,Room3 Virtual Panel,Command,'SetText,Label,4760,,'
2026-03-06 12:09:03.618040,Room6 Virtual Panel,Command,'SetTextButton,4906,,CATV 5'
2026-03-06 12:09:03.618040,Room1 Virtual Panel,Command,'SetTextButton,4611,,Signage'
2026-03-06 12:09:03.618040,Room0 Virtual Panel,Command,'SetText,Label,4862,,none'
2026-03-06 12:09:03.618040,Room3 Virtual Panel,Command,'SetText,Label,4861,,Signage'
2026-03-06 12:09:03.618040,Room4 Virtual Panel,Command,'SetText,Label,4860,,Security Feed'
2026-03-06 12:09:03.618040,Room1 Virtual Panel,Command,'SetVisible,Button,15110,,False'
2026-03-06 12:09:03.618040,Room5 Virtual Panel,Command,'SetTextButton,4908,,None'
2026-03-06 12:09:03.618040,Room2 Virtual Panel,Command,'SetTextButton,4910,,Security Feed'
2026-03-06 12:09:03.619543,Room0 Virtual Panel,Command,'SetTextButton,4912,,none'
2026-03-06 12:09:03.619543,Room3 Virtual Panel,Command,'SetTextButton,4911,,Signage'
2026-03-06 12:09:03.619543,Room4 Virtual Panel,Command,'SetTextButton,4910,,Security Feed'
2026-03-06 12:09:03.619543,Room2 Virtual Panel,Command,'SetTextButton,4610,,Security Feed'
2026-03-06 12:09:03.619543,Room6 Virtual Panel,Command,'SetTextButton,4606,,CATV 5'
2026-03-06 12:09:03.619543,Room5 Virtual Panel,Command,'SetTextButton,4608,,None'
2026-03-06 12:09:03.619543,Room1 Virtual Panel,Command,'SetStateButton,14611,,0'
2026-03-06 12:09:03.619543,Room0 Virtual Panel,Command,'SetTextButton,4612,,none'
2026-03-06 12:09:03.620548,Room4 Virtual Panel,Command,'SetTextButton,4610,,Security Feed'
2026-03-06 12:09:03.620548,Room3 Virtual Panel,Command,'SetTextButton,4611,,Signage'
2026-03-06 12:09:03.620548,Room0 Virtual Panel,Command,'SetVisible,Button,15111,,False'
2026-03-06 12:09:03.620548,Room1 Virtual Panel,Command,'SetVisible,Button,14761,,False'
2026-03-06 12:09:03.620548,Room5 Virtual Panel,Command,'SetVisible,Button,15107,,False'
2026-03-06 12:09:03.620548,Room4 Virtual Panel,Command,'SetVisible,Button,15109,,False'
2026-03-06 12:09:03.620548,Room6 Virtual Panel,Command,'SetVisible,Button,15105,,False'
2026-03-06 12:09:03.620548,Room2 Virtual Panel,Command,'SetVisible,Button,15109,,False'
2026-03-06 12:09:03.621594,Room4 Virtual Panel,Command,'SetStateButton,14610,,0'
2026-03-06 12:09:03.621594,Room5 Virtual Panel,Command,'SetStateButton,14608,,0'
2026-03-06 12:09:03.621594,Room1 Virtual Panel,Command,'SetText,Label,4761,,'
2026-03-06 12:09:03.621594,Room4 Virtual Panel,Command,'SetVisible,Button,14760,,False'
2026-03-06 12:09:03.621594,Room0 Virtual Panel,Command,'SetStateButton,14612,,0'
2026-03-06 12:09:03.621594,Room6 Virtual Panel,Command,'SetStateButton,14606,,0'
2026-03-06 12:09:03.621594,Room2 Virtual Panel,Command,'SetStateButton,14610,,0'
2026-03-06 12:09:03.621594,Room5 Virtual Panel,Command,'SetVisible,Button,14758,,False'
2026-03-06 12:09:03.621594,Room4 Virtual Panel,Command,'SetText,Label,4760,,'
2026-03-06 12:09:03.621594,Room0 Virtual Panel,Command,'SetVisible,Button,14762,,False'
2026-03-06 12:09:03.621594,Room3 Virtual Panel,Command,'SetVisible,Button,15110,,False'
2026-03-06 12:09:03.622599,Room1 Virtual Panel,Command,'SetText,Label,4862,,none'
2026-03-06 12:09:03.622599,Room6 Virtual Panel,Command,'SetVisible,Button,14756,,False'
2026-03-06 12:09:03.622933,Room1 Virtual Panel,Command,'SetTextButton,4912,,none'
2026-03-06 12:09:03.622933,Room4 Virtual Panel,Command,'SetText,Label,4861,,Signage'
2026-03-06 12:09:03.622933,Room5 Virtual Panel,Command,'SetText,Label,4758,,'
2026-03-06 12:09:03.622933,Room2 Virtual Panel,Command,'SetVisible,Button,14760,,False'
2026-03-06 12:09:03.622933,Room0 Virtual Panel,Command,'SetText,Label,4762,,'
2026-03-06 12:09:03.622933,Room1 Virtual Panel,Command,'SetTextButton,4612,,none'
2026-03-06 12:09:03.622933,Room6 Virtual Panel,Command,'SetText,Label,4756,,'
2026-03-06 12:09:03.622933,Room3 Virtual Panel,Command,'SetStateButton,14611,,0'
2026-03-06 12:09:03.623938,Room4 Virtual Panel,Command,'SetTextButton,4911,,Signage'
2026-03-06 12:09:03.623938,Room2 Virtual Panel,Command,'SetText,Label,4760,,'
2026-03-06 12:09:03.623938,Room6 Virtual Panel,Command,'SetText,Label,4857,,CATV 6'
2026-03-06 12:09:03.623938,Room0 Virtual Panel,Command,'SetText,Label,4863,,none'
2026-03-06 12:09:03.623938,Room5 Virtual Panel,Command,'SetText,Label,4859,,None'
2026-03-06 12:09:03.623938,Room1 Virtual Panel,Command,'SetVisible,Button,15111,,False'
2026-03-06 12:09:03.623938,Room2 Virtual Panel,Command,'SetText,Label,4861,,Signage'
2026-03-06 12:09:03.623938,Room0 Virtual Panel,Command,'SetTextButton,4913,,none'
2026-03-06 12:09:03.623938,Room4 Virtual Panel,Command,'SetTextButton,4611,,Signage'
2026-03-06 12:09:03.623938,Room6 Virtual Panel,Command,'SetTextButton,4907,,CATV 6'
2026-03-06 12:09:03.624939,Room5 Virtual Panel,Command,'SetTextButton,4909,,None'
2026-03-06 12:09:03.624939,Room3 Virtual Panel,Command,'SetVisible,Button,14761,,False'
2026-03-06 12:09:03.624939,Room2 Virtual Panel,Command,'SetTextButton,4911,,Signage'
2026-03-06 12:09:03.624939,Room0 Virtual Panel,Command,'SetTextButton,4613,,none'
2026-03-06 12:09:03.624939,Room3 Virtual Panel,Command,'SetText,Label,4761,,'
2026-03-06 12:09:03.624939,Room5 Virtual Panel,Command,'SetTextButton,4609,,None'
2026-03-06 12:09:03.624939,Room1 Virtual Panel,Command,'SetStateButton,14612,,0'
2026-03-06 12:09:03.624939,Room4 Virtual Panel,Command,'SetVisible,Button,15110,,False'
2026-03-06 12:09:03.624939,Room0 Virtual Panel,Command,'SetVisible,Button,15112,,False'
2026-03-06 12:09:03.625937,Room6 Virtual Panel,Command,'SetTextButton,4607,,CATV 6'
2026-03-06 12:09:03.625937,Room5 Virtual Panel,Command,'SetVisible,Button,15108,,False'
2026-03-06 12:09:03.625937,Room3 Virtual Panel,Command,'SetText,Label,4862,,none'
2026-03-06 12:09:03.625937,Room0 Virtual Panel,Command,'SetStateButton,14613,,0'
2026-03-06 12:09:03.625937,Room2 Virtual Panel,Command,'SetTextButton,4611,,Signage'
2026-03-06 12:09:03.625937,Room1 Virtual Panel,Command,'SetVisible,Button,14762,,False'
2026-03-06 12:09:03.625937,Room4 Virtual Panel,Command,'SetStateButton,14611,,0'
2026-03-06 12:09:03.625937,Room5 Virtual Panel,Command,'SetStateButton,14609,,0'
2026-03-06 12:09:03.626938,Room3 Virtual Panel,Command,'SetTextButton,4912,,none'
2026-03-06 12:09:03.626938,Room2 Virtual Panel,Command,'SetVisible,Button,15110,,False'
2026-03-06 12:09:03.626938,Room0 Virtual Panel,Command,'SetVisible,Button,14763,,False'
2026-03-06 12:09:03.626938,Room6 Virtual Panel,Command,'SetVisible,Button,15106,,False'
2026-03-06 12:09:03.626938,Room5 Virtual Panel,Command,'SetVisible,Button,14759,,False'
2026-03-06 12:09:03.626938,Room4 Virtual Panel,Command,'SetVisible,Button,14761,,False'
2026-03-06 12:09:03.626938,Room1 Virtual Panel,Command,'SetText,Label,4762,,'
2026-03-06 12:09:03.626938,Room6 Virtual Panel,Command,'SetStateButton,14607,,0'
2026-03-06 12:09:03.626938,Room2 Virtual Panel,Command,'SetStateButton,14611,,0'
2026-03-06 12:09:03.627938,Room0 Virtual Panel,Command,'SetText,Label,4763,,'
2026-03-06 12:09:03.627938,Room3 Virtual Panel,Command,'SetTextButton,4612,,none'
2026-03-06 12:09:03.627938,Room5 Virtual Panel,Command,'SetText,Label,4759,,'
2026-03-06 12:09:03.627938,Room1 Virtual Panel,Command,'SetText,Label,4863,,none'
2026-03-06 12:09:03.627938,Room0 Virtual Panel,Command,'SetText,Label,4864,,BWD Feed 1'
2026-03-06 12:09:03.627938,Room2 Virtual Panel,Command,'SetVisible,Button,14761,,False'
2026-03-06 12:09:03.627938,Room4 Virtual Panel,Command,'SetText,Label,4761,,'
2026-03-06 12:09:03.627938,Room1 Virtual Panel,Command,'SetTextButton,4913,,none'
2026-03-06 12:09:03.627938,Room0 Virtual Panel,Command,'SetTextButton,4914,,BWD Feed 1'
2026-03-06 12:09:03.628936,Room5 Virtual Panel,Command,'SetText,Label,4860,,Security Feed'
2026-03-06 12:09:03.628936,Room6 Virtual Panel,Command,'SetVisible,Button,14757,,False'
2026-03-06 12:09:03.628936,Room3 Virtual Panel,Command,'SetVisible,Button,15111,,False'
2026-03-06 12:09:03.628936,Room2 Virtual Panel,Command,'SetText,Label,4761,,'
2026-03-06 12:09:03.628936,Room4 Virtual Panel,Command,'SetText,Label,4862,,none'
2026-03-06 12:09:03.628936,Room1 Virtual Panel,Command,'SetTextButton,4613,,none'
2026-03-06 12:09:03.628936,Room3 Virtual Panel,Command,'SetStateButton,14612,,0'
2026-03-06 12:09:03.628936,Room2 Virtual Panel,Command,'SetText,Label,4862,,none'
2026-03-06 12:09:03.628936,Room0 Virtual Panel,Command,'SetTextButton,4614,,BWD Feed 1'
2026-03-06 12:09:03.628936,Room5 Virtual Panel,Command,'SetTextButton,4910,,Security Feed'
2026-03-06 12:09:03.628936,Room6 Virtual Panel,Command,'SetText,Label,4757,,'
2026-03-06 12:09:03.628936,Room4 Virtual Panel,Command,'SetTextButton,4912,,none'
2026-03-06 12:09:03.628936,Room3 Virtual Panel,Command,'SetVisible,Button,14762,,False'
2026-03-06 12:09:03.628936,Room1 Virtual Panel,Command,'SetVisible,Button,15112,,False'
2026-03-06 12:09:03.628936,Room5 Virtual Panel,Command,'SetTextButton,4610,,Security Feed'
2026-03-06 12:09:03.628936,Room2 Virtual Panel,Command,'SetTextButton,4912,,none'
2026-03-06 12:09:03.630450,Room3 Virtual Panel,Command,'SetText,Label,4762,,'
2026-03-06 12:09:03.630450,Room1 Virtual Panel,Command,'SetStateButton,14613,,0'
2026-03-06 12:09:03.630450,Room6 Virtual Panel,Command,'SetText,Label,4858,,None'
2026-03-06 12:09:03.630450,Room0 Virtual Panel,Command,'SetVisible,Button,15113,,False'
2026-03-06 12:09:03.630450,Room4 Virtual Panel,Command,'SetTextButton,4612,,none'
2026-03-06 12:09:03.630450,Room3 Virtual Panel,Command,'SetText,Label,4863,,none'
2026-03-06 12:09:03.630450,Room5 Virtual Panel,Command,'SetVisible,Button,15109,,False'
2026-03-06 12:09:03.630450,Room1 Virtual Panel,Command,'SetVisible,Button,14763,,False'
2026-03-06 12:09:03.630450,Room6 Virtual Panel,Command,'SetTextButton,4908,,None'
2026-03-06 12:09:03.631467,Room2 Virtual Panel,Command,'SetTextButton,4612,,none'
2026-03-06 12:09:03.631467,Room4 Virtual Panel,Command,'SetVisible,Button,15111,,False'
2026-03-06 12:09:03.631467,Room1 Virtual Panel,Command,'SetText,Label,4763,,'
2026-03-06 12:09:03.631467,Room5 Virtual Panel,Command,'SetStateButton,14610,,0'
2026-03-06 12:09:03.631467,Room2 Virtual Panel,Command,'SetVisible,Button,15111,,False'
2026-03-06 12:09:03.631467,Room3 Virtual Panel,Command,'SetTextButton,4913,,none'
2026-03-06 12:09:03.631467,Room1 Virtual Panel,Command,'SetText,Label,4864,,BWD Feed 1'
2026-03-06 12:09:03.631467,Room4 Virtual Panel,Command,'SetStateButton,14612,,0'
2026-03-06 12:09:03.631467,Room0 Virtual Panel,Command,'SetStateButton,14614,,0'
2026-03-06 12:09:03.631467,Room6 Virtual Panel,Command,'SetTextButton,4608,,None'
2026-03-06 12:09:03.631467,Room5 Virtual Panel,Command,'SetVisible,Button,14760,,False'
2026-03-06 12:09:03.631467,Room2 Virtual Panel,Command,'SetStateButton,14612,,0'
2026-03-06 12:09:03.632777,Room1 Virtual Panel,Command,'SetTextButton,4914,,BWD Feed 1'
2026-03-06 12:09:03.632777,Room3 Virtual Panel,Command,'SetTextButton,4613,,none'
2026-03-06 12:09:03.632777,Room5 Virtual Panel,Command,'SetText,Label,4760,,'
2026-03-06 12:09:03.632777,Room0 Virtual Panel,Command,'SetVisible,Button,14764,,False'
2026-03-06 12:09:03.632777,Room4 Virtual Panel,Command,'SetVisible,Button,14762,,False'
2026-03-06 12:09:03.632777,Room2 Virtual Panel,Command,'SetVisible,Button,14762,,False'
2026-03-06 12:09:03.632777,Room6 Virtual Panel,Command,'SetVisible,Button,15107,,False'
2026-03-06 12:09:03.632777,Room5 Virtual Panel,Command,'SetText,Label,4861,,Signage'
2026-03-06 12:09:03.632777,Room3 Virtual Panel,Command,'SetVisible,Button,15112,,False'
2026-03-06 12:09:03.632777,Room1 Virtual Panel,Command,'SetTextButton,4614,,BWD Feed 1'
2026-03-06 12:09:03.633770,Room4 Virtual Panel,Command,'SetText,Label,4762,,'
2026-03-06 12:09:03.633770,Room0 Virtual Panel,Command,'SetText,Label,4764,,'
2026-03-06 12:09:03.633770,Room6 Virtual Panel,Command,'SetStateButton,14608,,0'
2026-03-06 12:09:03.633770,Room5 Virtual Panel,Command,'SetTextButton,4911,,Signage'
2026-03-06 12:09:03.633770,Room2 Virtual Panel,Command,'SetText,Label,4762,,'
2026-03-06 12:09:03.633770,Room1 Virtual Panel,Command,'SetVisible,Button,15113,,False'
2026-03-06 12:09:03.633770,Room0 Virtual Panel,Command,'SetText,Label,4865,,BWD Feed 2'
2026-03-06 12:09:03.633770,Room3 Virtual Panel,Command,'SetStateButton,14613,,0'
2026-03-06 12:09:03.634776,Room4 Virtual Panel,Command,'SetText,Label,4863,,none'
2026-03-06 12:09:03.634776,Room6 Virtual Panel,Command,'SetVisible,Button,14758,,False'
2026-03-06 12:09:03.634776,Room2 Virtual Panel,Command,'SetText,Label,4863,,none'
2026-03-06 12:09:03.634776,Room0 Virtual Panel,Command,'SetTextButton,4915,,BWD Feed 2'
2026-03-06 12:09:03.634776,Room3 Virtual Panel,Command,'SetVisible,Button,14763,,False'
2026-03-06 12:09:03.634776,Room4 Virtual Panel,Command,'SetTextButton,4913,,none'
2026-03-06 12:09:03.634776,Room1 Virtual Panel,Command,'SetStateButton,14614,,0'
2026-03-06 12:09:03.634776,Room3 Virtual Panel,Command,'SetText,Label,4763,,'
2026-03-06 12:09:03.634776,Room2 Virtual Panel,Command,'SetTextButton,4913,,none'
2026-03-06 12:09:03.634776,Room5 Virtual Panel,Command,'SetTextButton,4611,,Signage'
2026-03-06 12:09:03.635777,Room4 Virtual Panel,Command,'SetTextButton,4613,,none'
2026-03-06 12:09:03.635777,Room0 Virtual Panel,Command,'SetTextButton,4615,,BWD Feed 2'
2026-03-06 12:09:03.635777,Room6 Virtual Panel,Command,'SetText,Label,4758,,'
2026-03-06 12:09:03.635777,Room1 Virtual Panel,Command,'SetVisible,Button,14764,,False'
2026-03-06 12:09:03.635777,Room2 Virtual Panel,Command,'SetTextButton,4613,,none'
2026-03-06 12:09:03.635777,Room3 Virtual Panel,Command,'SetText,Label,4864,,BWD Feed 1'
2026-03-06 12:09:03.635777,Room4 Virtual Panel,Command,'SetVisible,Button,15112,,False'
2026-03-06 12:09:03.635777,Room0 Virtual Panel,Command,'SetVisible,Button,15114,,False'
2026-03-06 12:09:03.635777,Room6 Virtual Panel,Command,'SetText,Label,4859,,None'
2026-03-06 12:09:03.636768,Room5 Virtual Panel,Command,'SetVisible,Button,15110,,False'
2026-03-06 12:09:03.636768,Room2 Virtual Panel,Command,'SetVisible,Button,15112,,False'
2026-03-06 12:09:03.636768,Room6 Virtual Panel,Command,'SetTextButton,4909,,None'
2026-03-06 12:09:03.636768,Room4 Virtual Panel,Command,'SetStateButton,14613,,0'
2026-03-06 12:09:03.636768,Room3 Virtual Panel,Command,'SetTextButton,4914,,BWD Feed 1'
2026-03-06 12:09:03.636768,Room1 Virtual Panel,Command,'SetText,Label,4764,,'
2026-03-06 12:09:03.636768,Room5 Virtual Panel,Command,'SetStateButton,14611,,0'
2026-03-06 12:09:03.636768,Room2 Virtual Panel,Command,'SetStateButton,14613,,0'
2026-03-06 12:09:03.636768,Room0 Virtual Panel,Command,'SetStateButton,14615,,0'
2026-03-06 12:09:03.637769,Room1 Virtual Panel,Command,'SetText,Label,4865,,BWD Feed 2'
2026-03-06 12:09:03.637769,Room4 Virtual Panel,Command,'SetVisible,Button,14763,,False'
2026-03-06 12:09:03.637769,Room5 Virtual Panel,Command,'SetVisible,Button,14761,,False'
2026-03-06 12:09:03.637769,Room0 Virtual Panel,Command,'SetVisible,Button,14765,,False'
2026-03-06 12:09:03.637769,Room1 Virtual Panel,Command,'SetTextButton,4915,,BWD Feed 2'
2026-03-06 12:09:03.637769,Room3 Virtual Panel,Command,'SetTextButton,4614,,BWD Feed 1'
2026-03-06 12:09:03.637769,Room6 Virtual Panel,Command,'SetTextButton,4609,,None'
2026-03-06 12:09:03.637769,Room4 Virtual Panel,Command,'SetText,Label,4763,,'
2026-03-06 12:09:03.638780,Room2 Virtual Panel,Command,'SetVisible,Button,14763,,False'
2026-03-06 12:09:03.638780,Room0 Virtual Panel,Command,'SetText,Label,4765,,'
2026-03-06 12:09:03.638780,Room3 Virtual Panel,Command,'SetVisible,Button,15113,,False'
2026-03-06 12:09:03.638780,Room6 Virtual Panel,Command,'SetVisible,Button,15108,,False'
2026-03-06 12:09:03.638780,Room1 Virtual Panel,Command,'SetTextButton,4615,,BWD Feed 2'
2026-03-06 12:09:03.638780,Room2 Virtual Panel,Command,'SetText,Label,4763,,'
2026-03-06 12:09:03.638780,Room5 Virtual Panel,Command,'SetText,Label,4761,,'
2026-03-06 12:09:03.638780,Room3 Virtual Panel,Command,'SetStateButton,14614,,0'
2026-03-06 12:09:03.638780,Room4 Virtual Panel,Command,'SetText,Label,4864,,BWD Feed 1'
2026-03-06 12:09:03.639768,Room0 Virtual Panel,Command,'SetText,Label,4866,,BWD Feed 3'
2026-03-06 12:09:03.639768,Room3 Virtual Panel,Command,'SetVisible,Button,14764,,False'
2026-03-06 12:09:03.639768,Room1 Virtual Panel,Command,'SetVisible,Button,15114,,False'
2026-03-06 12:09:03.639768,Room4 Virtual Panel,Command,'SetTextButton,4914,,BWD Feed 1'
2026-03-06 12:09:03.639768,Room2 Virtual Panel,Command,'SetText,Label,4864,,BWD Feed 1'
2026-03-06 12:09:03.639768,Room5 Virtual Panel,Command,'SetText,Label,4862,,none'
2026-03-06 12:09:03.639768,Room1 Virtual Panel,Command,'SetStateButton,14615,,0'
2026-03-06 12:09:03.639768,Room6 Virtual Panel,Command,'SetStateButton,14609,,0'
2026-03-06 12:09:03.640776,Room4 Virtual Panel,Command,'SetTextButton,4614,,BWD Feed 1'
2026-03-06 12:09:03.640776,Room0 Virtual Panel,Command,'SetTextButton,4916,,BWD Feed 3'
2026-03-06 12:09:03.640776,Room3 Virtual Panel,Command,'SetText,Label,4764,,'
2026-03-06 12:09:03.640776,Room6 Virtual Panel,Command,'SetVisible,Button,14759,,False'
2026-03-06 12:09:03.640776,Room1 Virtual Panel,Command,'SetVisible,Button,14765,,False'
2026-03-06 12:09:03.641280,Room2 Virtual Panel,Command,'SetTextButton,4914,,BWD Feed 1'
2026-03-06 12:09:03.641280,Room3 Virtual Panel,Command,'SetText,Label,4865,,BWD Feed 2'
2026-03-06 12:09:03.641280,Room4 Virtual Panel,Command,'SetVisible,Button,15113,,False'
2026-03-06 12:09:03.641280,Room5 Virtual Panel,Command,'SetTextButton,4912,,none'
2026-03-06 12:09:03.641280,Room0 Virtual Panel,Command,'SetTextButton,4616,,BWD Feed 3'
2026-03-06 12:09:03.641280,Room1 Virtual Panel,Command,'SetText,Label,4765,,'
2026-03-06 12:09:03.641280,Room5 Virtual Panel,Command,'SetTextButton,4612,,none'
2026-03-06 12:09:03.641280,Room4 Virtual Panel,Command,'SetStateButton,14614,,0'
2026-03-06 12:09:03.641280,Room3 Virtual Panel,Command,'SetTextButton,4915,,BWD Feed 2'
2026-03-06 12:09:03.642285,Room6 Virtual Panel,Command,'SetText,Label,4759,,'
2026-03-06 12:09:03.642285,Room1 Virtual Panel,Command,'SetText,Label,4866,,BWD Feed 3'
2026-03-06 12:09:03.642285,Room0 Virtual Panel,Command,'SetVisible,Button,15115,,False'
2026-03-06 12:09:03.642593,Room5 Virtual Panel,Command,'SetVisible,Button,15111,,False'
2026-03-06 12:09:03.642593,Room6 Virtual Panel,Command,'SetText,Label,4860,,Security Feed'
2026-03-06 12:09:03.642593,Room0 Virtual Panel,Command,'SetStateButton,14616,,0'
2026-03-06 12:09:03.642593,Room4 Virtual Panel,Command,'SetVisible,Button,14764,,False'
2026-03-06 12:09:03.642593,Room3 Virtual Panel,Command,'SetTextButton,4615,,BWD Feed 2'
2026-03-06 12:09:03.642593,Room1 Virtual Panel,Command,'SetTextButton,4916,,BWD Feed 3'
2026-03-06 12:09:03.642593,Room2 Virtual Panel,Command,'SetTextButton,4614,,BWD Feed 1'
2026-03-06 12:09:03.642593,Room5 Virtual Panel,Command,'SetStateButton,14612,,0'
2026-03-06 12:09:03.642593,Room6 Virtual Panel,Command,'SetTextButton,4910,,Security Feed'
2026-03-06 12:09:03.642593,Room0 Virtual Panel,Command,'SetVisible,Button,14766,,False'
2026-03-06 12:09:03.642593,Room3 Virtual Panel,Command,'SetVisible,Button,15114,,False'
2026-03-06 12:09:03.643597,Room4 Virtual Panel,Command,'SetText,Label,4764,,'
2026-03-06 12:09:03.643597,Room2 Virtual Panel,Command,'SetVisible,Button,15113,,False'
2026-03-06 12:09:03.643597,Room5 Virtual Panel,Command,'SetVisible,Button,14762,,False'
2026-03-06 12:09:03.643597,Room3 Virtual Panel,Command,'SetStateButton,14615,,0'
2026-03-06 12:09:03.643597,Room1 Virtual Panel,Command,'SetTextButton,4616,,BWD Feed 3'
2026-03-06 12:09:03.643597,Room6 Virtual Panel,Command,'SetTextButton,4610,,Security Feed'
2026-03-06 12:09:03.643597,Room4 Virtual Panel,Command,'SetText,Label,4865,,BWD Feed 2'
2026-03-06 12:09:03.643597,Room5 Virtual Panel,Command,'SetText,Label,4762,,'
2026-03-06 12:09:03.643597,Room2 Virtual Panel,Command,'SetStateButton,14614,,0'
2026-03-06 12:09:03.643597,Room1 Virtual Panel,Command,'SetVisible,Button,15115,,False'
2026-03-06 12:09:03.644597,Room4 Virtual Panel,Command,'SetTextButton,4915,,BWD Feed 2'
2026-03-06 12:09:03.644597,Room3 Virtual Panel,Command,'SetVisible,Button,14765,,False'
2026-03-06 12:09:03.644597,Room5 Virtual Panel,Command,'SetText,Label,4863,,none'
2026-03-06 12:09:03.644597,Room2 Virtual Panel,Command,'SetVisible,Button,14764,,False'
2026-03-06 12:09:03.644597,Room1 Virtual Panel,Command,'SetStateButton,14616,,0'
2026-03-06 12:09:03.644597,Room0 Virtual Panel,Command,'SetText,Label,4766,,'
2026-03-06 12:09:03.644597,Room4 Virtual Panel,Command,'SetTextButton,4615,,BWD Feed 2'
2026-03-06 12:09:03.644597,Room6 Virtual Panel,Command,'SetVisible,Button,15109,,False'
2026-03-06 12:09:03.644597,Room5 Virtual Panel,Command,'SetTextButton,4913,,none'
2026-03-06 12:09:03.644597,Room3 Virtual Panel,Command,'SetText,Label,4765,,'
2026-03-06 12:09:03.645597,Room1 Virtual Panel,Command,'SetVisible,Button,14766,,False'
2026-03-06 12:09:03.645597,Room5 Virtual Panel,Command,'SetTextButton,4613,,none'
2026-03-06 12:09:03.645597,Room6 Virtual Panel,Command,'SetStateButton,14610,,0'
2026-03-06 12:09:03.645597,Room3 Virtual Panel,Command,'SetText,Label,4866,,BWD Feed 3'
2026-03-06 12:09:03.645597,Room4 Virtual Panel,Command,'SetVisible,Button,15114,,False'
2026-03-06 12:09:03.645597,Room4 Virtual Panel,Command,'SetStateButton,14615,,0'
2026-03-06 12:09:03.645597,Room0 Virtual Panel,Command,'SetText,Label,4867,,BWD Feed 4'
2026-03-06 12:09:03.645597,Room2 Virtual Panel,Command,'SetText,Label,4764,,'
2026-03-06 12:09:03.646597,Room3 Virtual Panel,Command,'SetTextButton,4916,,BWD Feed 3'
2026-03-06 12:09:03.646597,Room1 Virtual Panel,Command,'SetText,Label,4766,,'
2026-03-06 12:09:03.646597,Room0 Virtual Panel,Command,'SetTextButton,4917,,BWD Feed 4'
2026-03-06 12:09:03.646597,Room6 Virtual Panel,Command,'SetVisible,Button,14760,,False'
2026-03-06 12:09:03.646597,Room5 Virtual Panel,Command,'SetVisible,Button,15112,,False'
2026-03-06 12:09:03.646597,Room4 Virtual Panel,Command,'SetVisible,Button,14765,,False'
2026-03-06 12:09:03.646597,Room2 Virtual Panel,Command,'SetText,Label,4865,,BWD Feed 2'
2026-03-06 12:09:03.646597,Room3 Virtual Panel,Command,'SetTextButton,4616,,BWD Feed 3'
2026-03-06 12:09:03.647597,Room1 Virtual Panel,Command,'SetText,Label,4867,,BWD Feed 4'
2026-03-06 12:09:03.647597,Room5 Virtual Panel,Command,'SetStateButton,14613,,0'
2026-03-06 12:09:03.647597,Room6 Virtual Panel,Command,'SetText,Label,4760,,'
2026-03-06 12:09:03.647597,Room0 Virtual Panel,Command,'SetTextButton,4617,,BWD Feed 4'
2026-03-06 12:09:03.647597,Room1 Virtual Panel,Command,'SetTextButton,4917,,BWD Feed 4'
2026-03-06 12:09:03.647597,Room3 Virtual Panel,Command,'SetVisible,Button,15115,,False'
2026-03-06 12:09:03.647597,Room2 Virtual Panel,Command,'SetTextButton,4915,,BWD Feed 2'
2026-03-06 12:09:03.648597,Room4 Virtual Panel,Command,'SetText,Label,4765,,'
2026-03-06 12:09:03.648597,Room5 Virtual Panel,Command,'SetVisible,Button,14763,,False'
2026-03-06 12:09:03.648597,Room0 Virtual Panel,Command,'SetVisible,Button,15116,,False'
2026-03-06 12:09:03.648597,Room3 Virtual Panel,Command,'SetStateButton,14616,,0'
2026-03-06 12:09:03.648597,Room5 Virtual Panel,Command,'SetText,Label,4763,,'
2026-03-06 12:09:03.648597,Room2 Virtual Panel,Command,'SetTextButton,4615,,BWD Feed 2'
2026-03-06 12:09:03.648597,Room0 Virtual Panel,Command,'SetStateButton,14617,,0'
2026-03-06 12:09:03.648597,Room6 Virtual Panel,Command,'SetText,Label,4861,,Signage'
2026-03-06 12:09:03.649597,Room4 Virtual Panel,Command,'SetText,Label,4866,,BWD Feed 3'
2026-03-06 12:09:03.649597,Room1 Virtual Panel,Command,'SetTextButton,4617,,BWD Feed 4'
2026-03-06 12:09:03.649597,Room3 Virtual Panel,Command,'SetVisible,Button,14766,,False'
2026-03-06 12:09:03.649597,Room5 Virtual Panel,Command,'SetText,Label,4864,,BWD Feed 1'
2026-03-06 12:09:03.649597,Room0 Virtual Panel,Command,'SetVisible,Button,14767,,False'
2026-03-06 12:09:03.649597,Room2 Virtual Panel,Command,'SetVisible,Button,15114,,False'
2026-03-06 12:09:03.649597,Room6 Virtual Panel,Command,'SetTextButton,4911,,Signage'
2026-03-06 12:09:03.649597,Room1 Virtual Panel,Command,'SetVisible,Button,15116,,False'
2026-03-06 12:09:03.649597,Room4 Virtual Panel,Command,'SetTextButton,4916,,BWD Feed 3'
2026-03-06 12:09:03.650597,Room4 Virtual Panel,Command,'SetTextButton,4616,,BWD Feed 3'
2026-03-06 12:09:03.650597,Room5 Virtual Panel,Command,'SetTextButton,4914,,BWD Feed 1'
2026-03-06 12:09:03.650597,Room1 Virtual Panel,Command,'SetStateButton,14617,,0'
2026-03-06 12:09:03.650597,Room3 Virtual Panel,Command,'SetText,Label,4766,,'
2026-03-06 12:09:03.650597,Room0 Virtual Panel,Command,'SetText,Label,4767,,'
2026-03-06 12:09:03.650597,Room6 Virtual Panel,Command,'SetTextButton,4611,,Signage'
2026-03-06 12:09:03.650597,Room2 Virtual Panel,Command,'SetStateButton,14615,,0'
2026-03-06 12:09:03.650597,Room1 Virtual Panel,Command,'SetVisible,Button,14767,,False'
2026-03-06 12:09:03.650597,Room3 Virtual Panel,Command,'SetText,Label,4867,,BWD Feed 4'
2026-03-06 12:09:03.651738,Room5 Virtual Panel,Command,'SetTextButton,4614,,BWD Feed 1'
2026-03-06 12:09:03.651738,Room4 Virtual Panel,Command,'SetVisible,Button,15115,,False'
2026-03-06 12:09:03.651738,Room0 Virtual Panel,Command,'SetText,Label,4868,,Aux HDMI 1'
2026-03-06 12:09:03.651738,Room3 Virtual Panel,Command,'SetTextButton,4917,,BWD Feed 4'
2026-03-06 12:09:03.651738,Room1 Virtual Panel,Command,'SetText,Label,4767,,'
2026-03-06 12:09:03.651738,Room4 Virtual Panel,Command,'SetStateButton,14616,,0'
2026-03-06 12:09:03.651738,Room3 Virtual Panel,Command,'SetTextButton,4617,,BWD Feed 4'
2026-03-06 12:09:03.651738,Room0 Virtual Panel,Command,'SetTextButton,4918,,Aux HDMI 1'
2026-03-06 12:09:03.651738,Room6 Virtual Panel,Command,'SetVisible,Button,15110,,False'
2026-03-06 12:09:03.651738,Room2 Virtual Panel,Command,'SetVisible,Button,14765,,False'
2026-03-06 12:09:03.652743,Room4 Virtual Panel,Command,'SetVisible,Button,14766,,False'
2026-03-06 12:09:03.652743,Room3 Virtual Panel,Command,'SetVisible,Button,15116,,False'
2026-03-06 12:09:03.652743,Room1 Virtual Panel,Command,'SetText,Label,4868,,Aux HDMI 1'
2026-03-06 12:09:03.652743,Room5 Virtual Panel,Command,'SetVisible,Button,15113,,False'
2026-03-06 12:09:03.652743,Room6 Virtual Panel,Command,'SetStateButton,14611,,0'
2026-03-06 12:09:03.652743,Room3 Virtual Panel,Command,'SetStateButton,14617,,0'
2026-03-06 12:09:03.652743,Room4 Virtual Panel,Command,'SetText,Label,4766,,'
2026-03-06 12:09:03.652743,Room0 Virtual Panel,Command,'SetTextButton,4618,,Aux HDMI 1'
2026-03-06 12:09:03.652743,Room5 Virtual Panel,Command,'SetStateButton,14614,,0'
2026-03-06 12:09:03.652743,Room2 Virtual Panel,Command,'SetText,Label,4765,,'
2026-03-06 12:09:03.652743,Room6 Virtual Panel,Command,'SetVisible,Button,14761,,False'
2026-03-06 12:09:03.652743,Room1 Virtual Panel,Command,'SetTextButton,4918,,Aux HDMI 1'
2026-03-06 12:09:03.652743,Room5 Virtual Panel,Command,'SetVisible,Button,14764,,False'
2026-03-06 12:09:03.654193,Room0 Virtual Panel,Command,'SetVisible,Button,15117,,False'
2026-03-06 12:09:03.654193,Room4 Virtual Panel,Command,'SetText,Label,4867,,BWD Feed 4'
2026-03-06 12:09:03.654193,Room3 Virtual Panel,Command,'SetVisible,Button,14767,,False'
2026-03-06 12:09:03.654193,Room5 Virtual Panel,Command,'SetText,Label,4764,,'
2026-03-06 12:09:03.654193,Room6 Virtual Panel,Command,'SetText,Label,4761,,'
2026-03-06 12:09:03.654193,Room1 Virtual Panel,Command,'SetTextButton,4618,,Aux HDMI 1'
2026-03-06 12:09:03.654193,Room4 Virtual Panel,Command,'SetTextButton,4917,,BWD Feed 4'
2026-03-06 12:09:03.654193,Room3 Virtual Panel,Command,'SetText,Label,4767,,'
2026-03-06 12:09:03.654193,Room0 Virtual Panel,Command,'SetStateButton,14618,,0'
2026-03-06 12:09:03.655208,Room5 Virtual Panel,Command,'SetText,Label,4865,,BWD Feed 2'
2026-03-06 12:09:03.655208,Room2 Virtual Panel,Command,'SetText,Label,4866,,BWD Feed 3'
2026-03-06 12:09:03.655208,Room4 Virtual Panel,Command,'SetTextButton,4617,,BWD Feed 4'
2026-03-06 12:09:03.655208,Room3 Virtual Panel,Command,'SetText,Label,4868,,Aux HDMI 1'
2026-03-06 12:09:03.655208,Room5 Virtual Panel,Command,'SetTextButton,4915,,BWD Feed 2'
2026-03-06 12:09:03.655208,Room2 Virtual Panel,Command,'SetTextButton,4916,,BWD Feed 3'
2026-03-06 12:09:03.655208,Room6 Virtual Panel,Command,'SetText,Label,4862,,none'
2026-03-06 12:09:03.655208,Room1 Virtual Panel,Command,'SetVisible,Button,15117,,False'
2026-03-06 12:09:03.655208,Room5 Virtual Panel,Command,'SetTextButton,4615,,BWD Feed 2'
2026-03-06 12:09:03.655208,Room0 Virtual Panel,Command,'SetVisible,Button,14768,,False'
2026-03-06 12:09:03.655208,Room3 Virtual Panel,Command,'SetTextButton,4918,,Aux HDMI 1'
2026-03-06 12:09:03.656197,Room6 Virtual Panel,Command,'SetTextButton,4912,,none'
2026-03-06 12:09:03.656197,Room5 Virtual Panel,Command,'SetVisible,Button,15114,,False'
2026-03-06 12:09:03.656197,Room4 Virtual Panel,Command,'SetVisible,Button,15116,,False'
2026-03-06 12:09:03.656197,Room1 Virtual Panel,Command,'SetStateButton,14618,,0'
2026-03-06 12:09:03.656197,Room3 Virtual Panel,Command,'SetTextButton,4618,,Aux HDMI 1'
2026-03-06 12:09:03.656197,Room0 Virtual Panel,Command,'SetText,Label,4768,,'
2026-03-06 12:09:03.656197,Room2 Virtual Panel,Command,'SetTextButton,4616,,BWD Feed 3'
2026-03-06 12:09:03.656197,Room5 Virtual Panel,Command,'SetStateButton,14615,,0'
2026-03-06 12:09:03.657197,Room4 Virtual Panel,Command,'SetStateButton,14617,,0'
2026-03-06 12:09:03.657197,Room6 Virtual Panel,Command,'SetTextButton,4612,,none'
2026-03-06 12:09:03.657197,Room3 Virtual Panel,Command,'SetVisible,Button,15117,,False'
2026-03-06 12:09:03.657197,Room2 Virtual Panel,Command,'SetVisible,Button,15115,,False'
2026-03-06 12:09:03.657197,Room0 Virtual Panel,Command,'SetText,Label,4869,,Aux HDMI 2'
2026-03-06 12:09:03.657197,Room1 Virtual Panel,Command,'SetVisible,Button,14768,,False'
2026-03-06 12:09:03.657197,Room4 Virtual Panel,Command,'SetVisible,Button,14767,,False'
2026-03-06 12:09:03.657197,Room5 Virtual Panel,Command,'SetVisible,Button,14765,,False'
2026-03-06 12:09:03.657197,Room0 Virtual Panel,Command,'SetTextButton,4919,,Aux HDMI 2'
2026-03-06 12:09:03.658197,Room3 Virtual Panel,Command,'SetStateButton,14618,,0'
2026-03-06 12:09:03.658197,Room4 Virtual Panel,Command,'SetText,Label,4767,,'
2026-03-06 12:09:03.658197,Room2 Virtual Panel,Command,'SetStateButton,14616,,0'
2026-03-06 12:09:03.658197,Room5 Virtual Panel,Command,'SetText,Label,4765,,'
2026-03-06 12:09:03.658197,Room1 Virtual Panel,Command,'SetText,Label,4768,,'
2026-03-06 12:09:03.658197,Room3 Virtual Panel,Command,'SetVisible,Button,14768,,False'
2026-03-06 12:09:03.658197,Room2 Virtual Panel,Command,'SetVisible,Button,14766,,False'
2026-03-06 12:09:03.658197,Room0 Virtual Panel,Command,'SetTextButton,4619,,Aux HDMI 2'
2026-03-06 12:09:03.659197,Room4 Virtual Panel,Command,'SetText,Label,4868,,Aux HDMI 1'
2026-03-06 12:09:03.659197,Room1 Virtual Panel,Command,'SetText,Label,4869,,Aux HDMI 2'
2026-03-06 12:09:03.659197,Room5 Virtual Panel,Command,'SetText,Label,4866,,BWD Feed 3'
2026-03-06 12:09:03.659197,Room2 Virtual Panel,Command,'SetText,Label,4766,,'
2026-03-06 12:09:03.659197,Room3 Virtual Panel,Command,'SetText,Label,4768,,'
2026-03-06 12:09:03.659197,Room6 Virtual Panel,Command,'SetVisible,Button,15111,,False'
2026-03-06 12:09:03.659197,Room1 Virtual Panel,Command,'SetTextButton,4919,,Aux HDMI 2'
2026-03-06 12:09:03.659197,Room4 Virtual Panel,Command,'SetTextButton,4918,,Aux HDMI 1'
2026-03-06 12:09:03.659197,Room2 Virtual Panel,Command,'SetText,Label,4867,,BWD Feed 4'
2026-03-06 12:09:03.659197,Room0 Virtual Panel,Command,'SetVisible,Button,15118,,False'
2026-03-06 12:09:03.659197,Room5 Virtual Panel,Command,'SetTextButton,4916,,BWD Feed 3'
2026-03-06 12:09:03.659197,Room3 Virtual Panel,Command,'SetText,Label,4869,,Aux HDMI 2'
2026-03-06 12:09:03.660710,Room2 Virtual Panel,Command,'SetTextButton,4917,,BWD Feed 4'
2026-03-06 12:09:03.660710,Room0 Virtual Panel,Command,'SetStateButton,14619,,0'
2026-03-06 12:09:03.660710,Room6 Virtual Panel,Command,'SetStateButton,14612,,0'
2026-03-06 12:09:03.660710,Room4 Virtual Panel,Command,'SetTextButton,4618,,Aux HDMI 1'
2026-03-06 12:09:03.660710,Room1 Virtual Panel,Command,'SetTextButton,4619,,Aux HDMI 2'
2026-03-06 12:09:03.660710,Room3 Virtual Panel,Command,'SetTextButton,4919,,Aux HDMI 2'
2026-03-06 12:09:03.660710,Room5 Virtual Panel,Command,'SetTextButton,4616,,BWD Feed 3'
2026-03-06 12:09:03.660710,Room6 Virtual Panel,Command,'SetVisible,Button,14762,,False'
2026-03-06 12:09:03.661727,Room4 Virtual Panel,Command,'SetVisible,Button,15117,,False'
2026-03-06 12:09:03.661727,Room5 Virtual Panel,Command,'SetVisible,Button,15115,,False'
2026-03-06 12:09:03.661727,Room0 Virtual Panel,Command,'SetVisible,Button,14769,,False'
2026-03-06 12:09:03.661727,Room2 Virtual Panel,Command,'SetTextButton,4617,,BWD Feed 4'
2026-03-06 12:09:03.661727,Room1 Virtual Panel,Command,'SetVisible,Button,15118,,False'
2026-03-06 12:09:03.661727,Room6 Virtual Panel,Command,'SetText,Label,4762,,'
2026-03-06 12:09:03.661727,Room2 Virtual Panel,Command,'SetVisible,Button,15116,,False'
2026-03-06 12:09:03.661727,Room5 Virtual Panel,Command,'SetStateButton,14616,,0'
2026-03-06 12:09:03.661727,Room4 Virtual Panel,Command,'SetStateButton,14618,,0'
2026-03-06 12:09:03.662950,Room2 Virtual Panel,Command,'SetStateButton,14617,,0'
2026-03-06 12:09:03.662950,Room5 Virtual Panel,Command,'SetVisible,Button,14766,,False'
2026-03-06 12:09:03.662950,Room0 Virtual Panel,Command,'SetText,Label,4769,,'
2026-03-06 12:09:03.662950,Room6 Virtual Panel,Command,'SetText,Label,4863,,none'
2026-03-06 12:09:03.662950,Room4 Virtual Panel,Command,'SetVisible,Button,14768,,False'
2026-03-06 12:09:03.663525,Room2 Virtual Panel,Command,'SetVisible,Button,14767,,False'
2026-03-06 12:09:03.663525,Room1 Virtual Panel,Command,'SetStateButton,14619,,0'
2026-03-06 12:09:03.663525,Room4 Virtual Panel,Command,'SetText,Label,4768,,'
2026-03-06 12:09:03.663525,Room2 Virtual Panel,Command,'SetText,Label,4767,,'
2026-03-06 12:09:03.663525,Room5 Virtual Panel,Command,'SetText,Label,4766,,'
2026-03-06 12:09:03.663525,Room3 Virtual Panel,Command,'SetTextButton,4619,,Aux HDMI 2'
2026-03-06 12:09:03.663525,Room2 Virtual Panel,Command,'SetText,Label,4868,,Aux HDMI 1'
2026-03-06 12:09:03.663525,Room4 Virtual Panel,Command,'SetText,Label,4869,,Aux HDMI 2'
2026-03-06 12:09:03.663525,Room6 Virtual Panel,Command,'SetTextButton,4913,,none'
2026-03-06 12:09:03.663525,Room1 Virtual Panel,Command,'SetVisible,Button,14769,,False'
2026-03-06 12:09:03.663525,Room2 Virtual Panel,Command,'SetTextButton,4918,,Aux HDMI 1'
2026-03-06 12:09:03.665008,Room5 Virtual Panel,Command,'SetText,Label,4867,,BWD Feed 4'
2026-03-06 12:09:03.665008,Room0 Virtual Panel,Command,'SetText,Label,4870,,Aux HDMI 3'
2026-03-06 12:09:03.665008,Room4 Virtual Panel,Command,'SetTextButton,4919,,Aux HDMI 2'
2026-03-06 12:09:03.665008,Room3 Virtual Panel,Command,'SetVisible,Button,15118,,False'
2026-03-06 12:09:03.665008,Room6 Virtual Panel,Command,'SetTextButton,4613,,none'
2026-03-06 12:09:03.665008,Room5 Virtual Panel,Command,'SetTextButton,4917,,BWD Feed 4'
2026-03-06 12:09:03.665008,Room4 Virtual Panel,Command,'SetTextButton,4619,,Aux HDMI 2'
2026-03-06 12:09:03.665008,Room1 Virtual Panel,Command,'SetText,Label,4769,,'
2026-03-06 12:09:03.665008,Room0 Virtual Panel,Command,'SetTextButton,4920,,Aux HDMI 3'
2026-03-06 12:09:03.665008,Room6 Virtual Panel,Command,'SetVisible,Button,15112,,False'
2026-03-06 12:09:03.666022,Room3 Virtual Panel,Command,'SetStateButton,14619,,0'
2026-03-06 12:09:03.666022,Room5 Virtual Panel,Command,'SetTextButton,4617,,BWD Feed 4'
2026-03-06 12:09:03.666022,Room1 Virtual Panel,Command,'SetText,Label,4870,,Aux HDMI 3'
2026-03-06 12:09:03.666022,Room5 Virtual Panel,Command,'SetVisible,Button,15116,,False'
2026-03-06 12:09:03.666022,Room2 Virtual Panel,Command,'SetTextButton,4618,,Aux HDMI 1'
2026-03-06 12:09:03.666022,Room3 Virtual Panel,Command,'SetVisible,Button,14769,,False'
2026-03-06 12:09:03.666022,Room5 Virtual Panel,Command,'SetStateButton,14617,,0'
2026-03-06 12:09:03.667017,Room4 Virtual Panel,Command,'SetVisible,Button,15118,,False'
2026-03-06 12:09:03.667017,Room1 Virtual Panel,Command,'SetTextButton,4920,,Aux HDMI 3'
2026-03-06 12:09:03.667017,Room6 Virtual Panel,Command,'SetStateButton,14613,,0'
2026-03-06 12:09:03.667017,Room5 Virtual Panel,Command,'SetVisible,Button,14767,,False'
2026-03-06 12:09:03.667017,Room2 Virtual Panel,Command,'SetVisible,Button,15117,,False'
2026-03-06 12:09:03.667017,Room4 Virtual Panel,Command,'SetStateButton,14619,,0'
2026-03-06 12:09:03.667017,Room3 Virtual Panel,Command,'SetText,Label,4769,,'
2026-03-06 12:09:03.667017,Room5 Virtual Panel,Command,'SetText,Label,4767,,'
2026-03-06 12:09:03.667017,Room6 Virtual Panel,Command,'SetVisible,Button,14763,,False'
2026-03-06 12:09:03.668018,Room1 Virtual Panel,Command,'SetTextButton,4620,,Aux HDMI 3'
2026-03-06 12:09:03.668018,Room0 Virtual Panel,Command,'SetTextButton,4620,,Aux HDMI 3'
2026-03-06 12:09:03.668018,Room4 Virtual Panel,Command,'SetVisible,Button,14769,,False'
2026-03-06 12:09:03.668018,Room3 Virtual Panel,Command,'SetText,Label,4870,,Aux HDMI 3'
2026-03-06 12:09:03.668018,Room2 Virtual Panel,Command,'SetStateButton,14618,,0'
2026-03-06 12:09:03.668018,Room4 Virtual Panel,Command,'SetText,Label,4769,,'
2026-03-06 12:09:03.668018,Room3 Virtual Panel,Command,'SetTextButton,4920,,Aux HDMI 3'
2026-03-06 12:09:03.668018,Room2 Virtual Panel,Command,'SetVisible,Button,14768,,False'
2026-03-06 12:09:03.669017,Room5 Virtual Panel,Command,'SetText,Label,4868,,Aux HDMI 1'
2026-03-06 12:09:03.669017,Room4 Virtual Panel,Command,'SetText,Label,4870,,Aux HDMI 3'
2026-03-06 12:09:03.669017,Room1 Virtual Panel,Command,'SetVisible,Button,15119,,False'
2026-03-06 12:09:03.669017,Room3 Virtual Panel,Command,'SetTextButton,4620,,Aux HDMI 3'
2026-03-06 12:09:03.669017,Room5 Virtual Panel,Command,'SetTextButton,4918,,Aux HDMI 1'
2026-03-06 12:09:03.669017,Room6 Virtual Panel,Command,'SetText,Label,4763,,'
2026-03-06 12:09:03.669017,Room4 Virtual Panel,Command,'SetTextButton,4920,,Aux HDMI 3'
2026-03-06 12:09:03.669017,Room0 Virtual Panel,Command,'SetVisible,Button,15119,,False'
2026-03-06 12:09:03.669017,Room1 Virtual Panel,Command,'SetStateButton,14620,,0'
2026-03-06 12:09:03.669017,Room2 Virtual Panel,Command,'SetText,Label,4768,,'
2026-03-06 12:09:03.669017,Room6 Virtual Panel,Command,'SetText,Label,4864,,BWD Feed 1'
2026-03-06 12:09:03.669017,Room1 Virtual Panel,Command,'SetVisible,Button,14770,,False'
2026-03-06 12:09:03.669017,Room5 Virtual Panel,Command,'SetTextButton,4618,,Aux HDMI 1'
2026-03-06 12:09:03.669017,Room2 Virtual Panel,Command,'SetText,Label,4869,,Aux HDMI 2'
2026-03-06 12:09:03.670521,Room0 Virtual Panel,Command,'SetStateButton,14620,,0'
2026-03-06 12:09:03.670521,Room3 Virtual Panel,Command,'SetVisible,Button,15119,,False'
2026-03-06 12:09:03.670521,Room6 Virtual Panel,Command,'SetTextButton,4914,,BWD Feed 1'
2026-03-06 12:09:03.670521,Room4 Virtual Panel,Command,'SetTextButton,4620,,Aux HDMI 3'
2026-03-06 12:09:03.670521,Room5 Virtual Panel,Command,'SetVisible,Button,15117,,False'
2026-03-06 12:09:03.670521,Room3 Virtual Panel,Command,'SetStateButton,14620,,0'
2026-03-06 12:09:03.670521,Room2 Virtual Panel,Command,'SetTextButton,4919,,Aux HDMI 2'
2026-03-06 12:09:03.670521,Room1 Virtual Panel,Command,'SetText,Label,4770,,'
2026-03-06 12:09:03.671525,Room0 Virtual Panel,Command,'SetVisible,Button,14770,,False'
2026-03-06 12:09:03.671525,Room3 Virtual Panel,Command,'SetVisible,Button,14770,,False'
2026-03-06 12:09:03.671525,Room1 Virtual Panel,Command,'SetText,Label,4871,,Aux HDMI 4'
2026-03-06 12:09:03.672029,Room6 Virtual Panel,Command,'SetTextButton,4614,,BWD Feed 1'
2026-03-06 12:09:03.672029,Room5 Virtual Panel,Command,'SetStateButton,14618,,0'
2026-03-06 12:09:03.672029,Room0 Virtual Panel,Command,'SetText,Label,4770,,'
2026-03-06 12:09:03.672029,Room3 Virtual Panel,Command,'SetText,Label,4770,,'
2026-03-06 12:09:03.672029,Room4 Virtual Panel,Command,'SetVisible,Button,15119,,False'
2026-03-06 12:09:03.672029,Room2 Virtual Panel,Command,'SetTextButton,4619,,Aux HDMI 2'
2026-03-06 12:09:03.672029,Room1 Virtual Panel,Command,'SetTextButton,4921,,Aux HDMI 4'
2026-03-06 12:09:03.672029,Room6 Virtual Panel,Command,'SetVisible,Button,15113,,False'
2026-03-06 12:09:03.673032,Room4 Virtual Panel,Command,'SetStateButton,14620,,0'
2026-03-06 12:09:03.673032,Room0 Virtual Panel,Command,'SetText,Label,4871,,Aux HDMI 4'
2026-03-06 12:09:03.673032,Room5 Virtual Panel,Command,'SetVisible,Button,14768,,False'
2026-03-06 12:09:03.673032,Room6 Virtual Panel,Command,'SetStateButton,14614,,0'
2026-03-06 12:09:03.673032,Room2 Virtual Panel,Command,'SetVisible,Button,15118,,False'
2026-03-06 12:09:03.673032,Room4 Virtual Panel,Command,'SetVisible,Button,14770,,False'
2026-03-06 12:09:03.673032,Room0 Virtual Panel,Command,'SetTextButton,4921,,Aux HDMI 4'
2026-03-06 12:09:03.674033,Room1 Virtual Panel,Command,'SetTextButton,4621,,Aux HDMI 4'
2026-03-06 12:09:03.674033,Room5 Virtual Panel,Command,'SetText,Label,4768,,'
2026-03-06 12:09:03.674033,Room2 Virtual Panel,Command,'SetStateButton,14619,,0'
2026-03-06 12:09:03.674033,Room6 Virtual Panel,Command,'SetVisible,Button,14764,,False'
2026-03-06 12:09:03.674033,Room3 Virtual Panel,Command,'SetText,Label,4871,,Aux HDMI 4'
2026-03-06 12:09:03.674033,Room4 Virtual Panel,Command,'SetText,Label,4770,,'
2026-03-06 12:09:03.675040,Room1 Virtual Panel,Command,'SetVisible,Button,15120,,False'
2026-03-06 12:09:03.675040,Room2 Virtual Panel,Command,'SetVisible,Button,14769,,False'
2026-03-06 12:09:03.675040,Room3 Virtual Panel,Command,'SetTextButton,4921,,Aux HDMI 4'
2026-03-06 12:09:03.675040,Room4 Virtual Panel,Command,'SetText,Label,4871,,Aux HDMI 4'
2026-03-06 12:09:03.675040,Room5 Virtual Panel,Command,'SetText,Label,4869,,Aux HDMI 2'
2026-03-06 12:09:03.675040,Room0 Virtual Panel,Command,'SetTextButton,4621,,Aux HDMI 4'
2026-03-06 12:09:03.675040,Room1 Virtual Panel,Command,'SetStateButton,14621,,0'
2026-03-06 12:09:03.675040,Room6 Virtual Panel,Command,'SetText,Label,4764,,'
2026-03-06 12:09:03.675040,Room4 Virtual Panel,Command,'SetTextButton,4921,,Aux HDMI 4'
2026-03-06 12:09:03.676034,Room1 Virtual Panel,Command,'SetVisible,Button,14771,,False'
2026-03-06 12:09:03.676034,Room3 Virtual Panel,Command,'SetTextButton,4621,,Aux HDMI 4'
2026-03-06 12:09:03.676034,Room5 Virtual Panel,Command,'SetTextButton,4919,,Aux HDMI 2'
2026-03-06 12:09:03.676034,Room4 Virtual Panel,Command,'SetTextButton,4621,,Aux HDMI 4'
2026-03-06 12:09:03.676034,Room6 Virtual Panel,Command,'SetText,Label,4865,,BWD Feed 2'
2026-03-06 12:09:03.676034,Room3 Virtual Panel,Command,'SetVisible,Button,15120,,False'
2026-03-06 12:09:03.676034,Room5 Virtual Panel,Command,'SetTextButton,4619,,Aux HDMI 2'
2026-03-06 12:09:03.676034,Room2 Virtual Panel,Command,'SetText,Label,4769,,'
2026-03-06 12:09:03.676034,Room6 Virtual Panel,Command,'SetTextButton,4915,,BWD Feed 2'
2026-03-06 12:09:03.676034,Room3 Virtual Panel,Command,'SetStateButton,14621,,0'
2026-03-06 12:09:03.676034,Room4 Virtual Panel,Command,'SetVisible,Button,15120,,False'
2026-03-06 12:09:03.676034,Room1 Virtual Panel,Command,'SetText,Label,4771,,'
2026-03-06 12:09:03.676034,Room0 Virtual Panel,Command,'SetVisible,Button,15120,,False'
2026-03-06 12:09:03.677481,Room2 Virtual Panel,Command,'SetText,Label,4870,,Aux HDMI 3'
2026-03-06 12:09:03.677481,Room4 Virtual Panel,Command,'SetStateButton,14621,,0'
2026-03-06 12:09:03.677481,Room3 Virtual Panel,Command,'SetVisible,Button,14771,,False'
2026-03-06 12:09:03.677481,Room6 Virtual Panel,Command,'SetTextButton,4615,,BWD Feed 2'
2026-03-06 12:09:03.677481,Room5 Virtual Panel,Command,'SetVisible,Button,15118,,False'
2026-03-06 12:09:03.677481,Room0 Virtual Panel,Command,'SetStateButton,14621,,0'
2026-03-06 12:09:03.677481,Room4 Virtual Panel,Command,'SetVisible,Button,14771,,False'
2026-03-06 12:09:03.677481,Room6 Virtual Panel,Command,'SetVisible,Button,15114,,False'
2026-03-06 12:09:03.677481,Room2 Virtual Panel,Command,'SetTextButton,4920,,Aux HDMI 3'
2026-03-06 12:09:03.677481,Room1 Virtual Panel,Command,'SetText,Label,4872,,Aux HDMI 5'
2026-03-06 12:09:03.677481,Room0 Virtual Panel,Command,'SetVisible,Button,14771,,False'
2026-03-06 12:09:03.678808,Room3 Virtual Panel,Command,'SetText,Label,4771,,'
2026-03-06 12:09:03.678808,Room6 Virtual Panel,Command,'SetStateButton,14615,,0'
2026-03-06 12:09:03.678808,Room1 Virtual Panel,Command,'SetTextButton,4922,,Aux HDMI 5'
2026-03-06 12:09:03.678808,Room6 Virtual Panel,Command,'SetVisible,Button,14765,,False'
2026-03-06 12:09:03.678808,Room5 Virtual Panel,Command,'SetStateButton,14619,,0'
2026-03-06 12:09:03.678808,Room3 Virtual Panel,Command,'SetText,Label,4872,,Aux HDMI 5'
2026-03-06 12:09:03.679808,Room1 Virtual Panel,Command,'SetTextButton,4622,,Aux HDMI 5'
2026-03-06 12:09:03.679808,Room4 Virtual Panel,Command,'SetText,Label,4771,,'
2026-03-06 12:09:03.679808,Room0 Virtual Panel,Command,'SetText,Label,4771,,'
2026-03-06 12:09:03.679808,Room3 Virtual Panel,Command,'SetTextButton,4922,,Aux HDMI 5'
2026-03-06 12:09:03.679808,Room5 Virtual Panel,Command,'SetVisible,Button,14769,,False'
2026-03-06 12:09:03.679808,Room2 Virtual Panel,Command,'SetTextButton,4620,,Aux HDMI 3'
2026-03-06 12:09:03.679808,Room0 Virtual Panel,Command,'SetText,Label,4872,,Aux HDMI 5'
2026-03-06 12:09:03.679808,Room6 Virtual Panel,Command,'SetText,Label,4765,,'
2026-03-06 12:09:03.679808,Room4 Virtual Panel,Command,'SetText,Label,4872,,Aux HDMI 5'
2026-03-06 12:09:03.680807,Room6 Virtual Panel,Command,'SetText,Label,4866,,BWD Feed 3'
2026-03-06 12:09:03.680807,Room0 Virtual Panel,Command,'SetTextButton,4922,,Aux HDMI 5'
2026-03-06 12:09:03.680807,Room4 Virtual Panel,Command,'SetTextButton,4922,,Aux HDMI 5'
2026-03-06 12:09:03.681311,Room3 Virtual Panel,Command,'SetTextButton,4622,,Aux HDMI 5'
2026-03-06 12:09:03.681311,Room5 Virtual Panel,Command,'SetText,Label,4769,,'
2026-03-06 12:09:03.681311,Room6 Virtual Panel,Command,'SetTextButton,4916,,BWD Feed 3'
2026-03-06 12:09:03.681311,Room2 Virtual Panel,Command,'SetVisible,Button,15119,,False'
2026-03-06 12:09:03.681311,Room4 Virtual Panel,Command,'SetTextButton,4622,,Aux HDMI 5'
2026-03-06 12:09:03.681311,Room5 Virtual Panel,Command,'SetText,Label,4870,,Aux HDMI 3'
2026-03-06 12:09:03.681311,Room3 Virtual Panel,Command,'SetVisible,Button,15121,,False'
2026-03-06 12:09:03.681311,Room2 Virtual Panel,Command,'SetStateButton,14620,,0'
2026-03-06 12:09:03.681311,Room1 Virtual Panel,Command,'SetVisible,Button,15121,,False'
2026-03-06 12:09:03.682315,Room0 Virtual Panel,Command,'SetTextButton,4622,,Aux HDMI 5'
2026-03-06 12:09:03.682315,Room6 Virtual Panel,Command,'SetTextButton,4616,,BWD Feed 3'
2026-03-06 12:09:03.682315,Room5 Virtual Panel,Command,'SetTextButton,4920,,Aux HDMI 3'
2026-03-06 12:09:03.682654,Room2 Virtual Panel,Command,'SetVisible,Button,14770,,False'
2026-03-06 12:09:03.682654,Room4 Virtual Panel,Command,'SetVisible,Button,15121,,False'
2026-03-06 12:09:03.682654,Room3 Virtual Panel,Command,'SetStateButton,14622,,0'
2026-03-06 12:09:03.682654,Room1 Virtual Panel,Command,'SetStateButton,14622,,0'
2026-03-06 12:09:03.683314,Room6 Virtual Panel,Command,'SetVisible,Button,15115,,False'
2026-03-06 12:09:03.683314,Room5 Virtual Panel,Command,'SetTextButton,4620,,Aux HDMI 3'
2026-03-06 12:09:03.683314,Room3 Virtual Panel,Command,'SetVisible,Button,14772,,False'
2026-03-06 12:09:03.683314,Room1 Virtual Panel,Command,'SetVisible,Button,14772,,False'
2026-03-06 12:09:03.683314,Room2 Virtual Panel,Command,'SetText,Label,4770,,'
2026-03-06 12:09:03.683314,Room6 Virtual Panel,Command,'SetStateButton,14616,,0'
2026-03-06 12:09:03.683314,Room0 Virtual Panel,Command,'SetVisible,Button,15121,,False'
2026-03-06 12:09:03.683314,Room4 Virtual Panel,Command,'SetStateButton,14622,,0'
2026-03-06 12:09:03.684314,Room2 Virtual Panel,Command,'SetText,Label,4871,,Aux HDMI 4'
2026-03-06 12:09:03.684314,Room6 Virtual Panel,Command,'SetVisible,Button,14766,,False'
2026-03-06 12:09:03.684314,Room3 Virtual Panel,Command,'SetText,Label,4772,,'
2026-03-06 12:09:03.684314,Room5 Virtual Panel,Command,'SetVisible,Button,15119,,False'
2026-03-06 12:09:03.684314,Room2 Virtual Panel,Command,'SetTextButton,4921,,Aux HDMI 4'
2026-03-06 12:09:03.684314,Room0 Virtual Panel,Command,'SetStateButton,14622,,0'
2026-03-06 12:09:03.684314,Room1 Virtual Panel,Command,'SetText,Label,4772,,'
2026-03-06 12:09:03.684314,Room4 Virtual Panel,Command,'SetVisible,Button,14772,,False'
2026-03-06 12:09:03.684314,Room5 Virtual Panel,Command,'SetStateButton,14620,,0'
2026-03-06 12:09:03.684314,Room6 Virtual Panel,Command,'SetText,Label,4766,,'
2026-03-06 12:09:03.685315,Room3 Virtual Panel,Command,'SetText,Label,4873,,Aux HDMI 6'
2026-03-06 12:09:03.685315,Room2 Virtual Panel,Command,'SetTextButton,4621,,Aux HDMI 4'
2026-03-06 12:09:03.685315,Room5 Virtual Panel,Command,'SetVisible,Button,14770,,False'
2026-03-06 12:09:03.685315,Room0 Virtual Panel,Command,'SetVisible,Button,14772,,False'
2026-03-06 12:09:03.685315,Room1 Virtual Panel,Command,'SetText,Label,4873,,Aux HDMI 6'
2026-03-06 12:09:03.685315,Room4 Virtual Panel,Command,'SetText,Label,4772,,'
2026-03-06 12:09:03.685315,Room5 Virtual Panel,Command,'SetText,Label,4770,,'
2026-03-06 12:09:03.685315,Room6 Virtual Panel,Command,'SetText,Label,4867,,BWD Feed 4'
2026-03-06 12:09:03.685315,Room0 Virtual Panel,Command,'SetText,Label,4772,,'
2026-03-06 12:09:03.685315,Room3 Virtual Panel,Command,'SetTextButton,4923,,Aux HDMI 6'
2026-03-06 12:09:03.685315,Room1 Virtual Panel,Command,'SetTextButton,4923,,Aux HDMI 6'
2026-03-06 12:09:03.686315,Room2 Virtual Panel,Command,'SetVisible,Button,15120,,False'
2026-03-06 12:09:03.686315,Room0 Virtual Panel,Command,'SetText,Label,4873,,Aux HDMI 6'
2026-03-06 12:09:03.686315,Room2 Virtual Panel,Command,'SetStateButton,14621,,0'
2026-03-06 12:09:03.686315,Room4 Virtual Panel,Command,'SetText,Label,4873,,Aux HDMI 6'
2026-03-06 12:09:03.686315,Room5 Virtual Panel,Command,'SetText,Label,4871,,Aux HDMI 4'
2026-03-06 12:09:03.686315,Room0 Virtual Panel,Command,'SetTextButton,4923,,Aux HDMI 6'
2026-03-06 12:09:03.686315,Room6 Virtual Panel,Command,'SetTextButton,4917,,BWD Feed 4'
2026-03-06 12:09:03.686315,Room3 Virtual Panel,Command,'SetTextButton,4623,,Aux HDMI 6'
2026-03-06 12:09:03.687316,Room2 Virtual Panel,Command,'SetVisible,Button,14771,,False'
2026-03-06 12:09:03.687316,Room4 Virtual Panel,Command,'SetTextButton,4923,,Aux HDMI 6'
2026-03-06 12:09:03.687316,Room5 Virtual Panel,Command,'SetTextButton,4921,,Aux HDMI 4'
2026-03-06 12:09:03.687316,Room6 Virtual Panel,Command,'SetTextButton,4617,,BWD Feed 4'
2026-03-06 12:09:03.687316,Room5 Virtual Panel,Command,'SetTextButton,4621,,Aux HDMI 4'
2026-03-06 12:09:03.687316,Room1 Virtual Panel,Command,'SetTextButton,4623,,Aux HDMI 6'
2026-03-06 12:09:03.687316,Room0 Virtual Panel,Command,'SetTextButton,4623,,Aux HDMI 6'
2026-03-06 12:09:03.687316,Room3 Virtual Panel,Command,'SetVisible,Button,15122,,False'
2026-03-06 12:09:03.687316,Room5 Virtual Panel,Command,'SetVisible,Button,15120,,False'
2026-03-06 12:09:03.688315,Room4 Virtual Panel,Command,'SetTextButton,4623,,Aux HDMI 6'
2026-03-06 12:09:03.688315,Room4 Virtual Panel,Command,'SetVisible,Button,15122,,False'
2026-03-06 12:09:03.688315,Room6 Virtual Panel,Command,'SetVisible,Button,15116,,False'
2026-03-06 12:09:03.688315,Room1 Virtual Panel,Command,'SetVisible,Button,15122,,False'
2026-03-06 12:09:03.688315,Room2 Virtual Panel,Command,'SetText,Label,4771,,'
2026-03-06 12:09:03.688315,Room3 Virtual Panel,Command,'SetStateButton,14623,,0'
2026-03-06 12:09:03.688315,Room1 Virtual Panel,Command,'SetStateButton,14623,,0'
2026-03-06 12:09:03.688315,Room5 Virtual Panel,Command,'SetStateButton,14621,,0'
2026-03-06 12:09:03.688315,Room6 Virtual Panel,Command,'SetStateButton,14617,,0'
2026-03-06 12:09:03.689314,Room0 Virtual Panel,Command,'SetVisible,Button,15122,,False'
2026-03-06 12:09:03.689314,Room1 Virtual Panel,Command,'SetVisible,Button,14773,,False'
2026-03-06 12:09:03.689314,Room4 Virtual Panel,Command,'SetStateButton,14623,,0'
2026-03-06 12:09:03.689314,Room2 Virtual Panel,Command,'SetText,Label,4872,,Aux HDMI 5'
2026-03-06 12:09:03.689314,Room5 Virtual Panel,Command,'SetVisible,Button,14771,,False'
2026-03-06 12:09:03.689314,Room0 Virtual Panel,Command,'SetStateButton,14623,,0'
2026-03-06 12:09:03.689314,Room3 Virtual Panel,Command,'SetVisible,Button,14773,,False'
2026-03-06 12:09:03.689314,Room4 Virtual Panel,Command,'SetVisible,Button,14773,,False'
2026-03-06 12:09:03.689314,Room6 Virtual Panel,Command,'SetVisible,Button,14767,,False'
2026-03-06 12:09:03.689314,Room5 Virtual Panel,Command,'SetText,Label,4771,,'
2026-03-06 12:09:03.690819,Room4 Virtual Panel,Command,'SetText,Label,4773,,'
2026-03-06 12:09:03.690819,Room3 Virtual Panel,Command,'SetText,Label,4773,,'
2026-03-06 12:09:03.690819,Room0 Virtual Panel,Command,'SetVisible,Button,14773,,False'
2026-03-06 12:09:03.691335,Room5 Virtual Panel,Command,'SetText,Label,4872,,Aux HDMI 5'
2026-03-06 12:09:03.691335,Room1 Virtual Panel,Command,'SetText,Label,4773,,'
2026-03-06 12:09:03.691335,Room2 Virtual Panel,Command,'SetTextButton,4922,,Aux HDMI 5'
2026-03-06 12:09:03.691335,Room3 Virtual Panel,Command,'SetText,Label,4874,,Aux HDMI 7'
2026-03-06 12:09:03.691335,Room4 Virtual Panel,Command,'SetText,Label,4874,,Aux HDMI 7'
2026-03-06 12:09:03.691335,Room1 Virtual Panel,Command,'SetText,Label,4874,,Aux HDMI 7'
2026-03-06 12:09:03.691335,Room5 Virtual Panel,Command,'SetTextButton,4922,,Aux HDMI 5'
2026-03-06 12:09:03.691335,Room3 Virtual Panel,Command,'SetTextButton,4924,,Aux HDMI 7'
2026-03-06 12:09:03.692340,Room2 Virtual Panel,Command,'SetTextButton,4622,,Aux HDMI 5'
2026-03-06 12:09:03.692340,Room6 Virtual Panel,Command,'SetText,Label,4767,,'
2026-03-06 12:09:03.692340,Room1 Virtual Panel,Command,'SetTextButton,4924,,Aux HDMI 7'
2026-03-06 12:09:03.692340,Room0 Virtual Panel,Command,'SetText,Label,4773,,'
2026-03-06 12:09:03.692340,Room3 Virtual Panel,Command,'SetTextButton,4624,,Aux HDMI 7'
2026-03-06 12:09:03.692340,Room5 Virtual Panel,Command,'SetTextButton,4622,,Aux HDMI 5'
2026-03-06 12:09:03.692340,Room4 Virtual Panel,Command,'SetTextButton,4924,,Aux HDMI 7'
2026-03-06 12:09:03.693341,Room0 Virtual Panel,Command,'SetText,Label,4874,,Aux HDMI 7'
2026-03-06 12:09:03.693341,Room3 Virtual Panel,Command,'SetVisible,Button,15123,,False'
2026-03-06 12:09:03.693341,Room5 Virtual Panel,Command,'SetVisible,Button,15121,,False'
2026-03-06 12:09:03.693341,Room1 Virtual Panel,Command,'SetTextButton,4624,,Aux HDMI 7'
2026-03-06 12:09:03.693341,Room4 Virtual Panel,Command,'SetTextButton,4624,,Aux HDMI 7'
2026-03-06 12:09:03.693341,Room6 Virtual Panel,Command,'SetText,Label,4868,,Aux HDMI 1'
2026-03-06 12:09:03.693341,Room0 Virtual Panel,Command,'SetTextButton,4924,,Aux HDMI 7'
2026-03-06 12:09:03.693341,Room2 Virtual Panel,Command,'SetVisible,Button,15121,,False'
2026-03-06 12:09:03.694340,Room1 Virtual Panel,Command,'SetVisible,Button,15123,,False'
2026-03-06 12:09:03.694340,Room5 Virtual Panel,Command,'SetStateButton,14622,,0'
2026-03-06 12:09:03.694340,Room3 Virtual Panel,Command,'SetStateButton,14624,,0'
2026-03-06 12:09:03.694340,Room6 Virtual Panel,Command,'SetTextButton,4918,,Aux HDMI 1'
2026-03-06 12:09:03.694340,Room1 Virtual Panel,Command,'SetStateButton,14624,,0'
2026-03-06 12:09:03.694340,Room4 Virtual Panel,Command,'SetVisible,Button,15123,,False'
2026-03-06 12:09:03.694340,Room0 Virtual Panel,Command,'SetTextButton,4624,,Aux HDMI 7'
2026-03-06 12:09:03.694340,Room3 Virtual Panel,Command,'SetVisible,Button,14774,,False'
2026-03-06 12:09:03.695340,Room5 Virtual Panel,Command,'SetVisible,Button,14772,,False'
2026-03-06 12:09:03.695340,Room2 Virtual Panel,Command,'SetStateButton,14622,,0'
2026-03-06 12:09:03.695340,Room4 Virtual Panel,Command,'SetStateButton,14624,,0'
2026-03-06 12:09:03.695340,Room6 Virtual Panel,Command,'SetTextButton,4618,,Aux HDMI 1'
2026-03-06 12:09:03.695340,Room5 Virtual Panel,Command,'SetText,Label,4772,,'
2026-03-06 12:09:03.696355,Room1 Virtual Panel,Command,'SetVisible,Button,14774,,False'
2026-03-06 12:09:03.696355,Room0 Virtual Panel,Command,'SetVisible,Button,15123,,False'
2026-03-06 12:09:03.696355,Room2 Virtual Panel,Command,'SetVisible,Button,14772,,False'
2026-03-06 12:09:03.696355,Room5 Virtual Panel,Command,'SetText,Label,4873,,Aux HDMI 6'
2026-03-06 12:09:03.696355,Room6 Virtual Panel,Command,'SetVisible,Button,15117,,False'
2026-03-06 12:09:03.696355,Room3 Virtual Panel,Command,'SetText,Label,4774,,'
2026-03-06 12:09:03.696355,Room4 Virtual Panel,Command,'SetVisible,Button,14774,,False'
2026-03-06 12:09:03.697339,Room0 Virtual Panel,Command,'SetStateButton,14624,,0'
2026-03-06 12:09:03.697339,Room1 Virtual Panel,Command,'SetText,Label,4774,,'
2026-03-06 12:09:03.697339,Room6 Virtual Panel,Command,'SetStateButton,14618,,0'
2026-03-06 12:09:03.697339,Room2 Virtual Panel,Command,'SetText,Label,4772,,'
2026-03-06 12:09:03.697339,Room3 Virtual Panel,Command,'SetVisible,Button,4652,,False'
2026-03-06 12:09:03.697339,Room6 Virtual Panel,Command,'SetVisible,Button,14768,,False'
2026-03-06 12:09:03.697339,Room4 Virtual Panel,Command,'SetText,Label,4774,,'
2026-03-06 12:09:03.697339,Room1 Virtual Panel,Command,'SetVisible,Button,4652,,False'
2026-03-06 12:09:03.697339,Room5 Virtual Panel,Command,'SetTextButton,4923,,Aux HDMI 6'
2026-03-06 12:09:03.698341,Room0 Virtual Panel,Command,'SetVisible,Button,14774,,False'
2026-03-06 12:09:03.698341,Room3 Virtual Panel,Command,'SetVisible,Button,4653,,False'
2026-03-06 12:09:03.698341,Room6 Virtual Panel,Command,'SetText,Label,4768,,'
2026-03-06 12:09:03.698341,Room2 Virtual Panel,Command,'SetText,Label,4873,,Aux HDMI 6'
2026-03-06 12:09:03.698341,Room5 Virtual Panel,Command,'SetTextButton,4623,,Aux HDMI 6'
2026-03-06 12:09:03.698341,Room2 Virtual Panel,Command,'SetTextButton,4923,,Aux HDMI 6'
2026-03-06 12:09:03.698341,Room3 Virtual Panel,Command,'SetVisible,Button,4654,,False'
2026-03-06 12:09:03.698341,Room6 Virtual Panel,Command,'SetText,Label,4869,,Aux HDMI 2'
2026-03-06 12:09:03.699340,Room1 Virtual Panel,Command,'SetVisible,Button,4653,,False'
2026-03-06 12:09:03.699340,Room5 Virtual Panel,Command,'SetVisible,Button,15122,,False'
2026-03-06 12:09:03.699340,Room4 Virtual Panel,Command,'SetVisible,Button,4652,,False'
2026-03-06 12:09:03.699340,Room2 Virtual Panel,Command,'SetTextButton,4623,,Aux HDMI 6'
2026-03-06 12:09:03.699340,Room5 Virtual Panel,Command,'SetStateButton,14623,,0'
2026-03-06 12:09:03.699340,Room0 Virtual Panel,Command,'SetText,Label,4774,,'
2026-03-06 12:09:03.699340,Room6 Virtual Panel,Command,'SetTextButton,4919,,Aux HDMI 2'
2026-03-06 12:09:03.699340,Room4 Virtual Panel,Command,'SetVisible,Button,4653,,False'
2026-03-06 12:09:03.699340,Room5 Virtual Panel,Command,'SetVisible,Button,14773,,False'
2026-03-06 12:09:03.699340,Room3 Virtual Panel,Command,'SetVisible,Button,4655,,False'
2026-03-06 12:09:03.700843,Room2 Virtual Panel,Command,'SetVisible,Button,15122,,False'
2026-03-06 12:09:03.700843,Room1 Virtual Panel,Command,'SetVisible,Button,4654,,False'
2026-03-06 12:09:03.700843,Room5 Virtual Panel,Command,'SetText,Label,4773,,'
2026-03-06 12:09:03.700843,Room6 Virtual Panel,Command,'SetTextButton,4619,,Aux HDMI 2'
2026-03-06 12:09:03.701356,Room4 Virtual Panel,Command,'SetVisible,Button,4654,,False'
2026-03-06 12:09:03.701356,Room0 Virtual Panel,Command,'SetVisible,Button,4652,,False'
2026-03-06 12:09:03.701356,Room3 Virtual Panel,Command,'SetVisible,Button,4656,,False'
2026-03-06 12:09:03.701356,Room5 Virtual Panel,Command,'SetText,Label,4874,,Aux HDMI 7'
2026-03-06 12:09:03.701356,Room2 Virtual Panel,Command,'SetStateButton,14623,,0'
2026-03-06 12:09:03.701356,Room1 Virtual Panel,Command,'SetVisible,Button,4655,,False'
2026-03-06 12:09:03.701356,Room5 Virtual Panel,Command,'SetTextButton,4924,,Aux HDMI 7'
2026-03-06 12:09:03.701356,Room3 Virtual Panel,Command,'SetVisible,Button,4657,,False'
2026-03-06 12:09:03.701356,Room2 Virtual Panel,Command,'SetVisible,Button,14773,,False'
2026-03-06 12:09:03.702360,Room6 Virtual Panel,Command,'SetVisible,Button,15118,,False'
2026-03-06 12:09:03.702360,Room5 Virtual Panel,Command,'SetTextButton,4624,,Aux HDMI 7'
2026-03-06 12:09:03.702697,Room1 Virtual Panel,Command,'SetVisible,Button,4656,,False'
2026-03-06 12:09:03.702697,Room4 Virtual Panel,Command,'SetVisible,Button,4655,,False'
2026-03-06 12:09:03.702697,Room3 Virtual Panel,Command,'SetVisible,Button,4658,,False'
2026-03-06 12:09:03.702697,Room5 Virtual Panel,Command,'SetVisible,Button,15123,,False'
2026-03-06 12:09:03.702697,Room6 Virtual Panel,Command,'SetStateButton,14619,,0'
2026-03-06 12:09:03.702697,Room1 Virtual Panel,Command,'SetVisible,Button,4657,,False'
2026-03-06 12:09:03.702697,Room0 Virtual Panel,Command,'SetVisible,Button,4653,,False'
2026-03-06 12:09:03.703700,Room2 Virtual Panel,Command,'SetText,Label,4773,,'
2026-03-06 12:09:03.703700,Room1 Virtual Panel,Command,'SetVisible,Button,4658,,False'
2026-03-06 12:09:03.703700,Room5 Virtual Panel,Command,'SetStateButton,14624,,0'
2026-03-06 12:09:03.703700,Room4 Virtual Panel,Command,'SetVisible,Button,4656,,False'
2026-03-06 12:09:03.703700,Room3 Virtual Panel,Command,'SetVisible,Button,4659,,False'
2026-03-06 12:09:03.703700,Room6 Virtual Panel,Command,'SetVisible,Button,14769,,False'
2026-03-06 12:09:03.703700,Room0 Virtual Panel,Command,'SetVisible,Button,4654,,False'
2026-03-06 12:09:03.703700,Room3 Virtual Panel,Command,'SetVisible,Button,4660,,False'
2026-03-06 12:09:03.703700,Room5 Virtual Panel,Command,'SetVisible,Button,14774,,False'
2026-03-06 12:09:03.704701,Room2 Virtual Panel,Command,'SetText,Label,4874,,Aux HDMI 7'
2026-03-06 12:09:03.704701,Room4 Virtual Panel,Command,'SetVisible,Button,4657,,False'
2026-03-06 12:09:03.704701,Room1 Virtual Panel,Command,'SetVisible,Button,4659,,False'
2026-03-06 12:09:03.704701,Room3 Virtual Panel,Command,'SetVisible,Button,4661,,False'
2026-03-06 12:09:03.704701,Room4 Virtual Panel,Command,'SetVisible,Button,4658,,False'
2026-03-06 12:09:03.704701,Room1 Virtual Panel,Command,'SetVisible,Button,4660,,False'
2026-03-06 12:09:03.704701,Room2 Virtual Panel,Command,'SetTextButton,4924,,Aux HDMI 7'
2026-03-06 12:09:03.704701,Room6 Virtual Panel,Command,'SetText,Label,4769,,'
2026-03-06 12:09:03.705700,Room0 Virtual Panel,Command,'SetVisible,Button,4655,,False'
2026-03-06 12:09:03.705700,Room5 Virtual Panel,Command,'SetText,Label,4774,,'
2026-03-06 12:09:03.705700,Room1 Virtual Panel,Command,'SetVisible,Button,4661,,False'
2026-03-06 12:09:03.705700,Room3 Virtual Panel,Command,'SetVisible,Button,4662,,False'
2026-03-06 12:09:03.705700,Room1 Virtual Panel,Command,'SetVisible,Button,4662,,False'
2026-03-06 12:09:03.705700,Room3 Virtual Panel,Command,'SetVisible,Button,4663,,False'
2026-03-06 12:09:03.705700,Room4 Virtual Panel,Command,'SetVisible,Button,4659,,False'
2026-03-06 12:09:03.706701,Room6 Virtual Panel,Command,'SetText,Label,4870,,Aux HDMI 3'
2026-03-06 12:09:03.706701,Room0 Virtual Panel,Command,'SetVisible,Button,4656,,False'
2026-03-06 12:09:03.706701,Room2 Virtual Panel,Command,'SetTextButton,4624,,Aux HDMI 7'
2026-03-06 12:09:03.706701,Room5 Virtual Panel,Command,'SetVisible,Button,4652,,False'
2026-03-06 12:09:03.706701,Room6 Virtual Panel,Command,'SetTextButton,4920,,Aux HDMI 3'
2026-03-06 12:09:03.706701,Room1 Virtual Panel,Command,'SetVisible,Button,4663,,False'
2026-03-06 12:09:03.706701,Room4 Virtual Panel,Command,'SetVisible,Button,4660,,False'
2026-03-06 12:09:03.707701,Room0 Virtual Panel,Command,'SetVisible,Button,4657,,False'
2026-03-06 12:09:03.707701,Room0 Virtual Panel,Command,'SetVisible,Button,4658,,False'
2026-03-06 12:09:03.707701,Room3 Virtual Panel,Command,'SetVisible,Button,4664,,False'
2026-03-06 12:09:03.707701,Room2 Virtual Panel,Command,'SetVisible,Button,15123,,False'
2026-03-06 12:09:03.707701,Room1 Virtual Panel,Command,'SetVisible,Button,4664,,False'
2026-03-06 12:09:03.707701,Room4 Virtual Panel,Command,'SetVisible,Button,4661,,False'
2026-03-06 12:09:03.707701,Room5 Virtual Panel,Command,'SetVisible,Button,4653,,False'
2026-03-06 12:09:03.707701,Room6 Virtual Panel,Command,'SetTextButton,4620,,Aux HDMI 3'
2026-03-06 12:09:03.708701,Room2 Virtual Panel,Command,'SetStateButton,14624,,0'
2026-03-06 12:09:03.708701,Room3 Virtual Panel,Command,'SetVisible,Button,4665,,False'
2026-03-06 12:09:03.708701,Room0 Virtual Panel,Command,'SetVisible,Button,4659,,False'
2026-03-06 12:09:03.708701,Room4 Virtual Panel,Command,'SetVisible,Button,4662,,False'
2026-03-06 12:09:03.708701,Room1 Virtual Panel,Command,'SetVisible,Button,4665,,False'
2026-03-06 12:09:03.708701,Room2 Virtual Panel,Command,'SetVisible,Button,14774,,False'
2026-03-06 12:09:03.708701,Room1 Virtual Panel,Command,'SetVisible,Button,4666,,False'
2026-03-06 12:09:03.708701,Room3 Virtual Panel,Command,'SetVisible,Button,4666,,False'
2026-03-06 12:09:03.709701,Room4 Virtual Panel,Command,'SetVisible,Button,4663,,False'
2026-03-06 12:09:03.709701,Room0 Virtual Panel,Command,'SetVisible,Button,4660,,False'
2026-03-06 12:09:03.709701,Room5 Virtual Panel,Command,'SetVisible,Button,4654,,False'
2026-03-06 12:09:03.709701,Room3 Virtual Panel,Command,'SetVisible,Button,4667,,False'
2026-03-06 12:09:03.709701,Room6 Virtual Panel,Command,'SetVisible,Button,15119,,False'
2026-03-06 12:09:03.709701,Room2 Virtual Panel,Command,'SetText,Label,4774,,'
2026-03-06 12:09:03.709701,Room1 Virtual Panel,Command,'SetVisible,Button,4667,,False'
2026-03-06 12:09:03.709701,Room4 Virtual Panel,Command,'SetVisible,Button,4664,,False'
2026-03-06 12:09:03.710701,Room3 Virtual Panel,Command,'SetVisible,Button,4668,,False'
2026-03-06 12:09:03.710701,Room0 Virtual Panel,Command,'SetVisible,Button,4661,,False'
2026-03-06 12:09:03.710701,Room6 Virtual Panel,Command,'SetStateButton,14620,,0'
2026-03-06 12:09:03.710701,Room1 Virtual Panel,Command,'SetVisible,Button,4668,,False'
2026-03-06 12:09:03.710701,Room3 Virtual Panel,Command,'SetVisible,Button,4669,,False'
2026-03-06 12:09:03.710701,Room4 Virtual Panel,Command,'SetVisible,Button,4665,,False'
2026-03-06 12:09:03.710701,Room2 Virtual Panel,Command,'SetVisible,Button,4652,,False'
2026-03-06 12:09:03.710701,Room3 Virtual Panel,Command,'SetVisible,Button,4670,,False'
2026-03-06 12:09:03.710701,Room0 Virtual Panel,Command,'SetVisible,Button,4662,,False'
2026-03-06 12:09:03.710701,Room1 Virtual Panel,Command,'SetVisible,Button,4669,,False'
2026-03-06 12:09:03.711777,Room4 Virtual Panel,Command,'SetVisible,Button,4666,,False'
2026-03-06 12:09:03.711777,Room5 Virtual Panel,Command,'SetVisible,Button,4655,,False'
2026-03-06 12:09:03.711777,Room6 Virtual Panel,Command,'SetVisible,Button,14770,,False'
2026-03-06 12:09:03.711777,Room2 Virtual Panel,Command,'SetVisible,Button,4653,,False'
2026-03-06 12:09:03.711777,Room3 Virtual Panel,Command,'SetVisible,Button,4671,,False'
2026-03-06 12:09:03.711777,Room1 Virtual Panel,Command,'SetVisible,Button,4670,,False'
2026-03-06 12:09:03.712783,Room3 Virtual Panel,Command,'SetVisible,Button,4672,,False'
2026-03-06 12:09:03.712783,Room0 Virtual Panel,Command,'SetVisible,Button,4663,,False'
2026-03-06 12:09:03.712783,Room4 Virtual Panel,Command,'SetVisible,Button,4667,,False'
2026-03-06 12:09:03.712783,Room2 Virtual Panel,Command,'SetVisible,Button,4654,,False'
2026-03-06 12:09:03.712783,Room5 Virtual Panel,Command,'SetVisible,Button,4656,,False'
2026-03-06 12:09:03.712783,Room6 Virtual Panel,Command,'SetText,Label,4770,,'
2026-03-06 12:09:03.712783,Room3 Virtual Panel,Command,'SetVisible,Button,4673,,False'
2026-03-06 12:09:03.712783,Room4 Virtual Panel,Command,'SetVisible,Button,4668,,False'
2026-03-06 12:09:03.712783,Room1 Virtual Panel,Command,'SetVisible,Button,4671,,False'
2026-03-06 12:09:03.713781,Room0 Virtual Panel,Command,'SetVisible,Button,4664,,False'
2026-03-06 12:09:03.713781,Room5 Virtual Panel,Command,'SetVisible,Button,4657,,False'
2026-03-06 12:09:03.713781,Room6 Virtual Panel,Command,'SetText,Label,4871,,Aux HDMI 4'
2026-03-06 12:09:03.713781,Room4 Virtual Panel,Command,'SetVisible,Button,4669,,False'
2026-03-06 12:09:03.713781,Room2 Virtual Panel,Command,'SetVisible,Button,4655,,False'
2026-03-06 12:09:03.713781,Room5 Virtual Panel,Command,'SetVisible,Button,4658,,False'
2026-03-06 12:09:03.713781,Room0 Virtual Panel,Command,'SetVisible,Button,4665,,False'
2026-03-06 12:09:03.713781,Room1 Virtual Panel,Command,'SetVisible,Button,4672,,False'
2026-03-06 12:09:03.713781,Room6 Virtual Panel,Command,'SetTextButton,4921,,Aux HDMI 4'
2026-03-06 12:09:03.714782,Room3 Virtual Panel,Command,'SetVisible,Button,4674,,False'
2026-03-06 12:09:03.714782,Room4 Virtual Panel,Command,'SetVisible,Button,4670,,False'
2026-03-06 12:09:03.714782,Room3 Virtual Panel,Command,'SetVisible,Button,4675,,False'
2026-03-06 12:09:03.714782,Room2 Virtual Panel,Command,'SetVisible,Button,4656,,False'
2026-03-06 12:09:03.714782,Room1 Virtual Panel,Command,'SetVisible,Button,4673,,False'
2026-03-06 12:09:03.714782,Room5 Virtual Panel,Command,'SetVisible,Button,4659,,False'
2026-03-06 12:09:03.714782,Room0 Virtual Panel,Command,'SetVisible,Button,4666,,False'
2026-03-06 12:09:03.714782,Room6 Virtual Panel,Command,'SetTextButton,4621,,Aux HDMI 4'
2026-03-06 12:09:03.714782,Room4 Virtual Panel,Command,'SetVisible,Button,4671,,False'
2026-03-06 12:09:03.715783,Room3 Virtual Panel,Command,'SetVisible,Button,4676,,False'
2026-03-06 12:09:03.715783,Room0 Virtual Panel,Command,'SetVisible,Button,4667,,False'
2026-03-06 12:09:03.715783,Room4 Virtual Panel,Command,'SetVisible,Button,4672,,False'
2026-03-06 12:09:03.715783,Room6 Virtual Panel,Command,'SetVisible,Button,15120,,False'
2026-03-06 12:09:03.715783,Room1 Virtual Panel,Command,'SetVisible,Button,4674,,False'
2026-03-06 12:09:03.715783,Room5 Virtual Panel,Command,'SetVisible,Button,4660,,False'
2026-03-06 12:09:03.715783,Room0 Virtual Panel,Command,'SetVisible,Button,4668,,False'
2026-03-06 12:09:03.715783,Room2 Virtual Panel,Command,'SetVisible,Button,4657,,False'
2026-03-06 12:09:03.715783,Room6 Virtual Panel,Command,'SetStateButton,14621,,0'
2026-03-06 12:09:03.715783,Room3 Virtual Panel,Command,'SetVisible,Button,4677,,False'
2026-03-06 12:09:03.716782,Room5 Virtual Panel,Command,'SetVisible,Button,4661,,False'
2026-03-06 12:09:03.716782,Room4 Virtual Panel,Command,'SetVisible,Button,4673,,False'
2026-03-06 12:09:03.716782,Room1 Virtual Panel,Command,'SetVisible,Button,4675,,False'
2026-03-06 12:09:03.716782,Room0 Virtual Panel,Command,'SetVisible,Button,4669,,False'
2026-03-06 12:09:03.716782,Room2 Virtual Panel,Command,'SetVisible,Button,4658,,False'
2026-03-06 12:09:03.716782,Room6 Virtual Panel,Command,'SetVisible,Button,14771,,False'
2026-03-06 12:09:03.716782,Room5 Virtual Panel,Command,'SetVisible,Button,4662,,False'
2026-03-06 12:09:03.716782,Room1 Virtual Panel,Command,'SetVisible,Button,4676,,False'
2026-03-06 12:09:03.717782,Room4 Virtual Panel,Command,'SetVisible,Button,4674,,False'
2026-03-06 12:09:03.717782,Room0 Virtual Panel,Command,'SetVisible,Button,4670,,False'
2026-03-06 12:09:03.717782,Room2 Virtual Panel,Command,'SetVisible,Button,4659,,False'
2026-03-06 12:09:03.717782,Room3 Virtual Panel,Command,'SetVisible,Button,4678,,False'
2026-03-06 12:09:03.717782,Room5 Virtual Panel,Command,'SetVisible,Button,4663,,False'
2026-03-06 12:09:03.717782,Room1 Virtual Panel,Command,'SetVisible,Button,4677,,False'
2026-03-06 12:09:03.717782,Room4 Virtual Panel,Command,'SetVisible,Button,4675,,False'
2026-03-06 12:09:03.717782,Room6 Virtual Panel,Command,'SetText,Label,4771,,'
2026-03-06 12:09:03.717782,Room0 Virtual Panel,Command,'SetVisible,Button,4671,,False'
2026-03-06 12:09:03.717782,Room2 Virtual Panel,Command,'SetVisible,Button,4660,,False'
2026-03-06 12:09:03.718782,Room5 Virtual Panel,Command,'SetVisible,Button,4664,,False'
2026-03-06 12:09:03.718782,Room1 Virtual Panel,Command,'SetVisible,Button,4678,,False'
2026-03-06 12:09:03.718782,Room3 Virtual Panel,Command,'SetVisible,Button,4679,,False'
2026-03-06 12:09:03.718782,Room6 Virtual Panel,Command,'SetText,Label,4872,,Aux HDMI 5'
2026-03-06 12:09:03.718782,Room4 Virtual Panel,Command,'SetVisible,Button,4676,,False'
2026-03-06 12:09:03.718782,Room2 Virtual Panel,Command,'SetVisible,Button,4661,,False'
2026-03-06 12:09:03.718782,Room5 Virtual Panel,Command,'SetVisible,Button,4665,,False'
2026-03-06 12:09:03.718782,Room3 Virtual Panel,Command,'SetVisible,Button,4680,,False'
2026-03-06 12:09:03.718782,Room1 Virtual Panel,Command,'SetVisible,Button,4679,,False'
2026-03-06 12:09:03.718782,Room4 Virtual Panel,Command,'SetVisible,Button,4677,,False'
2026-03-06 12:09:03.719781,Room0 Virtual Panel,Command,'SetVisible,Button,4672,,False'
2026-03-06 12:09:03.719781,Room5 Virtual Panel,Command,'SetVisible,Button,4666,,False'
2026-03-06 12:09:03.719781,Room2 Virtual Panel,Command,'SetVisible,Button,4662,,False'
2026-03-06 12:09:03.719781,Room6 Virtual Panel,Command,'SetTextButton,4922,,Aux HDMI 5'
2026-03-06 12:09:03.719781,Room1 Virtual Panel,Command,'SetVisible,Button,4680,,False'
2026-03-06 12:09:03.719781,Room4 Virtual Panel,Command,'SetVisible,Button,4678,,False'
2026-03-06 12:09:03.719781,Room3 Virtual Panel,Command,'SetVisible,Button,4681,,False'
2026-03-06 12:09:03.719781,Room0 Virtual Panel,Command,'SetVisible,Button,4673,,False'
2026-03-06 12:09:03.719781,Room2 Virtual Panel,Command,'SetVisible,Button,4663,,False'
2026-03-06 12:09:03.719781,Room4 Virtual Panel,Command,'SetVisible,Button,4679,,False'
2026-03-06 12:09:03.719781,Room1 Virtual Panel,Command,'SetVisible,Button,4681,,False'
2026-03-06 12:09:03.720844,Room5 Virtual Panel,Command,'SetVisible,Button,4667,,False'
2026-03-06 12:09:03.720844,Room0 Virtual Panel,Command,'SetVisible,Button,4674,,False'
2026-03-06 12:09:03.720844,Room3 Virtual Panel,Command,'SetVisible,Button,4682,,False'
2026-03-06 12:09:03.720844,Room1 Virtual Panel,Command,'SetVisible,Button,4682,,False'
2026-03-06 12:09:03.721353,Room2 Virtual Panel,Command,'SetVisible,Button,4664,,False'
2026-03-06 12:09:03.721353,Room5 Virtual Panel,Command,'SetVisible,Button,4668,,False'
2026-03-06 12:09:03.721353,Room4 Virtual Panel,Command,'SetVisible,Button,4680,,False'
2026-03-06 12:09:03.721353,Room4 Virtual Panel,Command,'SetVisible,Button,4681,,False'
2026-03-06 12:09:03.721353,Room6 Virtual Panel,Command,'SetTextButton,4622,,Aux HDMI 5'
2026-03-06 12:09:03.721353,Room2 Virtual Panel,Command,'SetVisible,Button,4665,,False'
2026-03-06 12:09:03.721353,Room4 Virtual Panel,Command,'SetVisible,Button,4682,,False'
2026-03-06 12:09:03.721353,Room1 Virtual Panel,Command,'SetVisible,Button,4651,,True'
2026-03-06 12:09:03.721353,Room6 Virtual Panel,Command,'SetVisible,Button,15121,,False'
2026-03-06 12:09:03.722356,Room2 Virtual Panel,Command,'SetVisible,Button,4666,,False'
2026-03-06 12:09:03.722356,Room3 Virtual Panel,Command,'SetVisible,Button,4651,,True'
2026-03-06 12:09:03.722356,Room6 Virtual Panel,Command,'SetStateButton,14622,,0'
2026-03-06 12:09:03.722356,Room0 Virtual Panel,Command,'SetVisible,Button,4675,,False'
2026-03-06 12:09:03.722356,Room1 Virtual Panel,Command,'SetVisible,Button,14652,,False'
2026-03-06 12:09:03.722356,Room2 Virtual Panel,Command,'SetVisible,Button,4667,,False'
2026-03-06 12:09:03.722356,Room5 Virtual Panel,Command,'SetVisible,Button,4669,,False'
2026-03-06 12:09:03.723154,Room4 Virtual Panel,Command,'SetVisible,Button,4651,,True'
2026-03-06 12:09:03.723154,Room5 Virtual Panel,Command,'SetVisible,Button,4670,,False'
2026-03-06 12:09:03.723154,Room1 Virtual Panel,Command,'SetVisible,Button,14653,,False'
2026-03-06 12:09:03.723154,Room6 Virtual Panel,Command,'SetVisible,Button,14772,,False'
2026-03-06 12:09:03.723154,Room0 Virtual Panel,Command,'SetVisible,Button,4676,,False'
2026-03-06 12:09:03.723154,Room4 Virtual Panel,Command,'SetVisible,Button,14652,,False'
2026-03-06 12:09:03.723154,Room5 Virtual Panel,Command,'SetVisible,Button,4671,,False'
2026-03-06 12:09:03.723154,Room1 Virtual Panel,Command,'SetVisible,Button,14654,,False'
2026-03-06 12:09:03.723154,Room2 Virtual Panel,Command,'SetVisible,Button,4668,,False'
2026-03-06 12:09:03.724158,Room3 Virtual Panel,Command,'SetVisible,Button,14652,,False'
2026-03-06 12:09:03.724158,Room4 Virtual Panel,Command,'SetVisible,Button,14653,,False'
2026-03-06 12:09:03.724158,Room1 Virtual Panel,Command,'SetVisible,Button,14655,,False'
2026-03-06 12:09:03.724158,Room0 Virtual Panel,Command,'SetVisible,Button,4677,,False'
2026-03-06 12:09:03.724158,Room2 Virtual Panel,Command,'SetVisible,Button,4669,,False'
2026-03-06 12:09:03.724158,Room5 Virtual Panel,Command,'SetVisible,Button,4672,,False'
2026-03-06 12:09:03.724158,Room3 Virtual Panel,Command,'SetVisible,Button,14653,,False'
2026-03-06 12:09:03.724158,Room4 Virtual Panel,Command,'SetVisible,Button,14654,,False'
2026-03-06 12:09:03.724158,Room2 Virtual Panel,Command,'SetVisible,Button,4670,,False'
2026-03-06 12:09:03.724158,Room6 Virtual Panel,Command,'SetText,Label,4772,,'
2026-03-06 12:09:03.725159,Room5 Virtual Panel,Command,'SetVisible,Button,4673,,False'
2026-03-06 12:09:03.725159,Room3 Virtual Panel,Command,'SetVisible,Button,14654,,False'
2026-03-06 12:09:03.725159,Room4 Virtual Panel,Command,'SetVisible,Button,14655,,False'
2026-03-06 12:09:03.725159,Room6 Virtual Panel,Command,'SetText,Label,4873,,Aux HDMI 6'
2026-03-06 12:09:03.725159,Room1 Virtual Panel,Command,'SetVisible,Button,14656,,False'
2026-03-06 12:09:03.725159,Room0 Virtual Panel,Command,'SetVisible,Button,4678,,False'
2026-03-06 12:09:03.725159,Room5 Virtual Panel,Command,'SetVisible,Button,4674,,False'
2026-03-06 12:09:03.725159,Room2 Virtual Panel,Command,'SetVisible,Button,4671,,False'
2026-03-06 12:09:03.726158,Room4 Virtual Panel,Command,'SetVisible,Button,14656,,False'
2026-03-06 12:09:03.726158,Room3 Virtual Panel,Command,'SetVisible,Button,14655,,False'
2026-03-06 12:09:03.726158,Room1 Virtual Panel,Command,'SetVisible,Button,14657,,False'
2026-03-06 12:09:03.726158,Room5 Virtual Panel,Command,'SetVisible,Button,4675,,False'
2026-03-06 12:09:03.727158,Room6 Virtual Panel,Command,'SetTextButton,4923,,Aux HDMI 6'
2026-03-06 12:09:03.727158,Room1 Virtual Panel,Command,'SetVisible,Button,14658,,False'
2026-03-06 12:09:03.727158,Room5 Virtual Panel,Command,'SetVisible,Button,4676,,False'
2026-03-06 12:09:03.728159,Room2 Virtual Panel,Command,'SetVisible,Button,4672,,False'
2026-03-06 12:09:03.728159,Room0 Virtual Panel,Command,'SetVisible,Button,4679,,False'
2026-03-06 12:09:03.728159,Room1 Virtual Panel,Command,'SetVisible,Button,14659,,False'
2026-03-06 12:09:03.728159,Room6 Virtual Panel,Command,'SetTextButton,4623,,Aux HDMI 6'
2026-03-06 12:09:03.728159,Room3 Virtual Panel,Command,'SetVisible,Button,14656,,False'
2026-03-06 12:09:03.728159,Room2 Virtual Panel,Command,'SetVisible,Button,4673,,False'
2026-03-06 12:09:03.728159,Room0 Virtual Panel,Command,'SetVisible,Button,4680,,False'
2026-03-06 12:09:03.728159,Room5 Virtual Panel,Command,'SetVisible,Button,4677,,False'
2026-03-06 12:09:03.729158,Room0 Virtual Panel,Command,'SetVisible,Button,4681,,False'
2026-03-06 12:09:03.729158,Room4 Virtual Panel,Command,'SetVisible,Button,14657,,False'
2026-03-06 12:09:03.729158,Room1 Virtual Panel,Command,'SetVisible,Button,14660,,False'
2026-03-06 12:09:03.729158,Room3 Virtual Panel,Command,'SetVisible,Button,14657,,False'
2026-03-06 12:09:03.729158,Room2 Virtual Panel,Command,'SetVisible,Button,4674,,False'
2026-03-06 12:09:03.729158,Room0 Virtual Panel,Command,'SetVisible,Button,4682,,False'
2026-03-06 12:09:03.729158,Room6 Virtual Panel,Command,'SetVisible,Button,15122,,False'
2026-03-06 12:09:03.729158,Room5 Virtual Panel,Command,'SetVisible,Button,4678,,False'
2026-03-06 12:09:03.729158,Room2 Virtual Panel,Command,'SetVisible,Button,4675,,False'
2026-03-06 12:09:03.729158,Room1 Virtual Panel,Command,'SetVisible,Button,14661,,False'
2026-03-06 12:09:03.729158,Room2 Virtual Panel,Command,'SetVisible,Button,4676,,False'
2026-03-06 12:09:03.729158,Room4 Virtual Panel,Command,'SetVisible,Button,14658,,False'
2026-03-06 12:09:03.729158,Room5 Virtual Panel,Command,'SetVisible,Button,4679,,False'
2026-03-06 12:09:03.729158,Room3 Virtual Panel,Command,'SetVisible,Button,14658,,False'
2026-03-06 12:09:03.729158,Room6 Virtual Panel,Command,'SetStateButton,14623,,0'
2026-03-06 12:09:03.730662,Room1 Virtual Panel,Command,'SetVisible,Button,14662,,False'
2026-03-06 12:09:03.730662,Room4 Virtual Panel,Command,'SetVisible,Button,14659,,False'
2026-03-06 12:09:03.730662,Room5 Virtual Panel,Command,'SetVisible,Button,4680,,False'
2026-03-06 12:09:03.730662,Room1 Virtual Panel,Command,'SetVisible,Button,14663,,False'
2026-03-06 12:09:03.730662,Room6 Virtual Panel,Command,'SetVisible,Button,14773,,False'
2026-03-06 12:09:03.730662,Room0 Virtual Panel,Command,'SetVisible,Button,4651,,True'
2026-03-06 12:09:03.730662,Room5 Virtual Panel,Command,'SetVisible,Button,4681,,False'
2026-03-06 12:09:03.730662,Room3 Virtual Panel,Command,'SetVisible,Button,14659,,False'
2026-03-06 12:09:03.730662,Room1 Virtual Panel,Command,'SetVisible,Button,14664,,False'
2026-03-06 12:09:03.731666,Room2 Virtual Panel,Command,'SetVisible,Button,4677,,False'
2026-03-06 12:09:03.731666,Room4 Virtual Panel,Command,'SetVisible,Button,14660,,False'
2026-03-06 12:09:03.731666,Room0 Virtual Panel,Command,'SetVisible,Button,14652,,False'
2026-03-06 12:09:03.731666,Room6 Virtual Panel,Command,'SetText,Label,4773,,'
2026-03-06 12:09:03.731666,Room3 Virtual Panel,Command,'SetVisible,Button,14660,,False'
2026-03-06 12:09:03.731666,Room5 Virtual Panel,Command,'SetVisible,Button,4682,,False'
2026-03-06 12:09:03.731666,Room4 Virtual Panel,Command,'SetVisible,Button,14661,,False'
2026-03-06 12:09:03.731666,Room6 Virtual Panel,Command,'SetText,Label,4874,,Aux HDMI 7'
2026-03-06 12:09:03.731666,Room2 Virtual Panel,Command,'SetVisible,Button,4678,,False'
2026-03-06 12:09:03.731666,Room1 Virtual Panel,Command,'SetVisible,Button,14665,,False'
2026-03-06 12:09:03.731666,Room0 Virtual Panel,Command,'SetVisible,Button,14653,,False'
2026-03-06 12:09:03.731666,Room3 Virtual Panel,Command,'SetVisible,Button,14661,,False'
2026-03-06 12:09:03.731666,Room6 Virtual Panel,Command,'SetTextButton,4924,,Aux HDMI 7'
2026-03-06 12:09:03.733141,Room0 Virtual Panel,Command,'SetVisible,Button,14654,,False'
2026-03-06 12:09:03.733141,Room2 Virtual Panel,Command,'SetVisible,Button,4679,,False'
2026-03-06 12:09:03.733141,Room1 Virtual Panel,Command,'SetVisible,Button,14666,,False'
2026-03-06 12:09:03.733141,Room2 Virtual Panel,Command,'SetVisible,Button,4680,,False'
2026-03-06 12:09:03.733141,Room6 Virtual Panel,Command,'SetTextButton,4624,,Aux HDMI 7'
2026-03-06 12:09:03.733141,Room4 Virtual Panel,Command,'SetVisible,Button,14662,,False'
2026-03-06 12:09:03.733141,Room0 Virtual Panel,Command,'SetVisible,Button,14655,,False'
2026-03-06 12:09:03.733141,Room1 Virtual Panel,Command,'SetVisible,Button,14667,,False'
2026-03-06 12:09:03.733141,Room5 Virtual Panel,Command,'SetVisible,Button,4651,,True'
2026-03-06 12:09:03.734140,Room1 Virtual Panel,Command,'SetVisible,Button,14668,,False'
2026-03-06 12:09:03.734140,Room4 Virtual Panel,Command,'SetVisible,Button,14663,,False'
2026-03-06 12:09:03.734140,Room0 Virtual Panel,Command,'SetVisible,Button,14656,,False'
2026-03-06 12:09:03.734140,Room3 Virtual Panel,Command,'SetVisible,Button,14662,,False'
2026-03-06 12:09:03.734140,Room5 Virtual Panel,Command,'SetVisible,Button,14652,,False'
2026-03-06 12:09:03.734140,Room2 Virtual Panel,Command,'SetVisible,Button,4681,,False'
2026-03-06 12:09:03.734140,Room3 Virtual Panel,Command,'SetVisible,Button,14663,,False'
2026-03-06 12:09:03.734140,Room1 Virtual Panel,Command,'SetVisible,Button,14669,,False'
2026-03-06 12:09:03.734140,Room6 Virtual Panel,Command,'SetVisible,Button,15123,,False'
2026-03-06 12:09:03.734140,Room4 Virtual Panel,Command,'SetVisible,Button,14664,,False'
2026-03-06 12:09:03.735140,Room5 Virtual Panel,Command,'SetVisible,Button,14653,,False'
2026-03-06 12:09:03.735140,Room2 Virtual Panel,Command,'SetVisible,Button,4682,,False'
2026-03-06 12:09:03.735140,Room0 Virtual Panel,Command,'SetVisible,Button,14657,,False'
2026-03-06 12:09:03.735140,Room4 Virtual Panel,Command,'SetVisible,Button,14665,,False'
2026-03-06 12:09:03.735140,Room5 Virtual Panel,Command,'SetVisible,Button,14654,,False'
2026-03-06 12:09:03.735140,Room3 Virtual Panel,Command,'SetVisible,Button,14664,,False'
2026-03-06 12:09:03.735140,Room2 Virtual Panel,Command,'SetVisible,Button,4651,,True'
2026-03-06 12:09:03.735140,Room1 Virtual Panel,Command,'SetVisible,Button,14670,,False'
2026-03-06 12:09:03.735140,Room4 Virtual Panel,Command,'SetVisible,Button,14666,,False'
2026-03-06 12:09:03.735140,Room0 Virtual Panel,Command,'SetVisible,Button,14658,,False'
2026-03-06 12:09:03.736139,Room6 Virtual Panel,Command,'SetStateButton,14624,,0'
2026-03-06 12:09:03.736139,Room3 Virtual Panel,Command,'SetVisible,Button,14665,,False'
2026-03-06 12:09:03.736139,Room1 Virtual Panel,Command,'SetVisible,Button,14671,,False'
2026-03-06 12:09:03.736139,Room5 Virtual Panel,Command,'SetVisible,Button,14655,,False'
2026-03-06 12:09:03.736139,Room2 Virtual Panel,Command,'SetVisible,Button,14652,,False'
2026-03-06 12:09:03.736139,Room6 Virtual Panel,Command,'SetVisible,Button,14774,,False'
2026-03-06 12:09:03.736139,Room4 Virtual Panel,Command,'SetVisible,Button,14667,,False'
2026-03-06 12:09:03.736139,Room0 Virtual Panel,Command,'SetVisible,Button,14659,,False'
2026-03-06 12:09:03.736139,Room1 Virtual Panel,Command,'SetVisible,Button,14672,,False'
2026-03-06 12:09:03.737139,Room5 Virtual Panel,Command,'SetVisible,Button,14656,,False'
2026-03-06 12:09:03.737139,Room3 Virtual Panel,Command,'SetVisible,Button,14666,,False'
2026-03-06 12:09:03.737139,Room4 Virtual Panel,Command,'SetVisible,Button,14668,,False'
2026-03-06 12:09:03.737139,Room0 Virtual Panel,Command,'SetVisible,Button,14660,,False'
2026-03-06 12:09:03.737139,Room2 Virtual Panel,Command,'SetVisible,Button,14653,,False'
2026-03-06 12:09:03.737139,Room4 Virtual Panel,Command,'SetVisible,Button,14669,,False'
2026-03-06 12:09:03.737139,Room5 Virtual Panel,Command,'SetVisible,Button,14657,,False'
2026-03-06 12:09:03.737139,Room1 Virtual Panel,Command,'SetVisible,Button,14673,,False'
2026-03-06 12:09:03.737139,Room3 Virtual Panel,Command,'SetVisible,Button,14667,,False'
2026-03-06 12:09:03.738139,Room2 Virtual Panel,Command,'SetVisible,Button,14654,,False'
2026-03-06 12:09:03.738139,Room0 Virtual Panel,Command,'SetVisible,Button,14661,,False'
2026-03-06 12:09:03.738139,Room6 Virtual Panel,Command,'SetText,Label,4774,,'
2026-03-06 12:09:03.738139,Room1 Virtual Panel,Command,'SetVisible,Button,14674,,False'
2026-03-06 12:09:03.738139,Room2 Virtual Panel,Command,'SetVisible,Button,14655,,False'
2026-03-06 12:09:03.738139,Room5 Virtual Panel,Command,'SetVisible,Button,14658,,False'
2026-03-06 12:09:03.738139,Room3 Virtual Panel,Command,'SetVisible,Button,14668,,False'
2026-03-06 12:09:03.738139,Room4 Virtual Panel,Command,'SetVisible,Button,14670,,False'
2026-03-06 12:09:03.738139,Room2 Virtual Panel,Command,'SetVisible,Button,14656,,False'
2026-03-06 12:09:03.738139,Room0 Virtual Panel,Command,'SetVisible,Button,14662,,False'
2026-03-06 12:09:03.739139,Room1 Virtual Panel,Command,'SetVisible,Button,14675,,False'
2026-03-06 12:09:03.739139,Room5 Virtual Panel,Command,'SetVisible,Button,14659,,False'
2026-03-06 12:09:03.739139,Room3 Virtual Panel,Command,'SetVisible,Button,14669,,False'
2026-03-06 12:09:03.739139,Room4 Virtual Panel,Command,'SetVisible,Button,14671,,False'
2026-03-06 12:09:03.739139,Room5 Virtual Panel,Command,'SetVisible,Button,14660,,False'
2026-03-06 12:09:03.739139,Room6 Virtual Panel,Command,'SetVisible,Button,4652,,False'
2026-03-06 12:09:03.739139,Room2 Virtual Panel,Command,'SetVisible,Button,14657,,False'
2026-03-06 12:09:03.739139,Room1 Virtual Panel,Command,'SetVisible,Button,14676,,False'
2026-03-06 12:09:03.739139,Room3 Virtual Panel,Command,'SetVisible,Button,14670,,False'
2026-03-06 12:09:03.739139,Room0 Virtual Panel,Command,'SetVisible,Button,14663,,False'
2026-03-06 12:09:03.739139,Room3 Virtual Panel,Command,'SetVisible,Button,14671,,False'
2026-03-06 12:09:03.739139,Room5 Virtual Panel,Command,'SetVisible,Button,14661,,False'
2026-03-06 12:09:03.739139,Room2 Virtual Panel,Command,'SetVisible,Button,14658,,False'
2026-03-06 12:09:03.740643,Room4 Virtual Panel,Command,'SetVisible,Button,14672,,False'
2026-03-06 12:09:03.740643,Room3 Virtual Panel,Command,'SetVisible,Button,14672,,False'
2026-03-06 12:09:03.740643,Room6 Virtual Panel,Command,'SetVisible,Button,4653,,False'
2026-03-06 12:09:03.740643,Room0 Virtual Panel,Command,'SetVisible,Button,14664,,False'
2026-03-06 12:09:03.740643,Room4 Virtual Panel,Command,'SetVisible,Button,14673,,False'
2026-03-06 12:09:03.740643,Room5 Virtual Panel,Command,'SetVisible,Button,14662,,False'
2026-03-06 12:09:03.741647,Room1 Virtual Panel,Command,'SetVisible,Button,14677,,False'
2026-03-06 12:09:03.741647,Room0 Virtual Panel,Command,'SetVisible,Button,14665,,False'
2026-03-06 12:09:03.741647,Room3 Virtual Panel,Command,'SetVisible,Button,14673,,False'
2026-03-06 12:09:03.741647,Room5 Virtual Panel,Command,'SetVisible,Button,14663,,False'
2026-03-06 12:09:03.741647,Room4 Virtual Panel,Command,'SetVisible,Button,14674,,False'
2026-03-06 12:09:03.741647,Room2 Virtual Panel,Command,'SetVisible,Button,14659,,False'
2026-03-06 12:09:03.741647,Room0 Virtual Panel,Command,'SetVisible,Button,14666,,False'
2026-03-06 12:09:03.741647,Room1 Virtual Panel,Command,'SetVisible,Button,14678,,False'
2026-03-06 12:09:03.741647,Room6 Virtual Panel,Command,'SetVisible,Button,4654,,False'
2026-03-06 12:09:03.741647,Room5 Virtual Panel,Command,'SetVisible,Button,14664,,False'
2026-03-06 12:09:03.742749,Room3 Virtual Panel,Command,'SetVisible,Button,14674,,False'
2026-03-06 12:09:03.742749,Room4 Virtual Panel,Command,'SetVisible,Button,14675,,False'
2026-03-06 12:09:03.742749,Room2 Virtual Panel,Command,'SetVisible,Button,14660,,False'
2026-03-06 12:09:03.742749,Room0 Virtual Panel,Command,'SetVisible,Button,14667,,False'
2026-03-06 12:09:03.742749,Room1 Virtual Panel,Command,'SetVisible,Button,14679,,False'
2026-03-06 12:09:03.742749,Room5 Virtual Panel,Command,'SetVisible,Button,14665,,False'
2026-03-06 12:09:03.743455,Room0 Virtual Panel,Command,'SetVisible,Button,14668,,False'
2026-03-06 12:09:03.743455,Room3 Virtual Panel,Command,'SetVisible,Button,14675,,False'
2026-03-06 12:09:03.743455,Room4 Virtual Panel,Command,'SetVisible,Button,14676,,False'
2026-03-06 12:09:03.743455,Room2 Virtual Panel,Command,'SetVisible,Button,14661,,False'
2026-03-06 12:09:03.743455,Room1 Virtual Panel,Command,'SetVisible,Button,14680,,False'
2026-03-06 12:09:03.743455,Room0 Virtual Panel,Command,'SetVisible,Button,14669,,False'
2026-03-06 12:09:03.743455,Room4 Virtual Panel,Command,'SetVisible,Button,14677,,False'
2026-03-06 12:09:03.743455,Room3 Virtual Panel,Command,'SetVisible,Button,14676,,False'
2026-03-06 12:09:03.743455,Room5 Virtual Panel,Command,'SetVisible,Button,14666,,False'
2026-03-06 12:09:03.744459,Room6 Virtual Panel,Command,'SetVisible,Button,4655,,False'
2026-03-06 12:09:03.744459,Room1 Virtual Panel,Command,'SetVisible,Button,14681,,False'
2026-03-06 12:09:03.744459,Room2 Virtual Panel,Command,'SetVisible,Button,14662,,False'
2026-03-06 12:09:03.744459,Room3 Virtual Panel,Command,'SetVisible,Button,14677,,False'
2026-03-06 12:09:03.744459,Room4 Virtual Panel,Command,'SetVisible,Button,14678,,False'
2026-03-06 12:09:03.744459,Room1 Virtual Panel,Command,'SetVisible,Button,14682,,False'
2026-03-06 12:09:03.744459,Room0 Virtual Panel,Command,'SetVisible,Button,14670,,False'
2026-03-06 12:09:03.744459,Room5 Virtual Panel,Command,'SetVisible,Button,14667,,False'
2026-03-06 12:09:03.744459,Room4 Virtual Panel,Command,'SetVisible,Button,14679,,False'
2026-03-06 12:09:03.744459,Room2 Virtual Panel,Command,'SetVisible,Button,14663,,False'
2026-03-06 12:09:03.745459,Room5 Virtual Panel,Command,'SetVisible,Button,14668,,False'
2026-03-06 12:09:03.745459,Room0 Virtual Panel,Command,'SetVisible,Button,14671,,False'
2026-03-06 12:09:03.745459,Room1 Virtual Panel,Command,'SetVisible,Button,14651,,True'
2026-03-06 12:09:03.745459,Room3 Virtual Panel,Command,'SetVisible,Button,14678,,False'
2026-03-06 12:09:03.745459,Room4 Virtual Panel,Command,'SetVisible,Button,14680,,False'
2026-03-06 12:09:03.745459,Room6 Virtual Panel,Command,'SetVisible,Button,4656,,False'
2026-03-06 12:09:03.745459,Room5 Virtual Panel,Command,'SetVisible,Button,14669,,False'
2026-03-06 12:09:03.745459,Room2 Virtual Panel,Command,'SetVisible,Button,14664,,False'
2026-03-06 12:09:03.745459,Room0 Virtual Panel,Command,'SetVisible,Button,14672,,False'
2026-03-06 12:09:03.745459,Room4 Virtual Panel,Command,'SetVisible,Button,14681,,False'
2026-03-06 12:09:03.746459,Room5 Virtual Panel,Command,'SetVisible,Button,14670,,False'
2026-03-06 12:09:03.746459,Room3 Virtual Panel,Command,'SetVisible,Button,14679,,False'
2026-03-06 12:09:03.746459,Room0 Virtual Panel,Command,'SetVisible,Button,14673,,False'
2026-03-06 12:09:03.746459,Room2 Virtual Panel,Command,'SetVisible,Button,14665,,False'
2026-03-06 12:09:03.746459,Room1 Virtual Panel,Command,'SetVisible,Label,4702,,False'
2026-03-06 12:09:03.746459,Room6 Virtual Panel,Command,'SetVisible,Button,4657,,False'
2026-03-06 12:09:03.746459,Room0 Virtual Panel,Command,'SetVisible,Button,14674,,False'
2026-03-06 12:09:03.746459,Room5 Virtual Panel,Command,'SetVisible,Button,14671,,False'
2026-03-06 12:09:03.746459,Room2 Virtual Panel,Command,'SetVisible,Button,14666,,False'
2026-03-06 12:09:03.747458,Room3 Virtual Panel,Command,'SetVisible,Button,14680,,False'
2026-03-06 12:09:03.747458,Room1 Virtual Panel,Command,'SetVisible,Label,4703,,False'
2026-03-06 12:09:03.747458,Room4 Virtual Panel,Command,'SetVisible,Button,14682,,False'
2026-03-06 12:09:03.747458,Room6 Virtual Panel,Command,'SetVisible,Button,4658,,False'
2026-03-06 12:09:03.747458,Room0 Virtual Panel,Command,'SetVisible,Button,14675,,False'
2026-03-06 12:09:03.747458,Room2 Virtual Panel,Command,'SetVisible,Button,14667,,False'
2026-03-06 12:09:03.747458,Room4 Virtual Panel,Command,'SetVisible,Button,14651,,True'
2026-03-06 12:09:03.747458,Room1 Virtual Panel,Command,'SetVisible,Label,4704,,False'
2026-03-06 12:09:03.747458,Room3 Virtual Panel,Command,'SetVisible,Button,14681,,False'
2026-03-06 12:09:03.748458,Room5 Virtual Panel,Command,'SetVisible,Button,14672,,False'
2026-03-06 12:09:03.748458,Room0 Virtual Panel,Command,'SetVisible,Button,14676,,False'
2026-03-06 12:09:03.748458,Room2 Virtual Panel,Command,'SetVisible,Button,14668,,False'
2026-03-06 12:09:03.748458,Room3 Virtual Panel,Command,'SetVisible,Button,14682,,False'
2026-03-06 12:09:03.748458,Room1 Virtual Panel,Command,'SetVisible,Label,4705,,False'
2026-03-06 12:09:03.748458,Room6 Virtual Panel,Command,'SetVisible,Button,4659,,False'
2026-03-06 12:09:03.748458,Room4 Virtual Panel,Command,'SetVisible,Label,4702,,False'
2026-03-06 12:09:03.748458,Room5 Virtual Panel,Command,'SetVisible,Button,14673,,False'
2026-03-06 12:09:03.748458,Room0 Virtual Panel,Command,'SetVisible,Button,14677,,False'
2026-03-06 12:09:03.749459,Room3 Virtual Panel,Command,'SetVisible,Button,14651,,True'
2026-03-06 12:09:03.749459,Room6 Virtual Panel,Command,'SetVisible,Button,4660,,False'
2026-03-06 12:09:03.749459,Room5 Virtual Panel,Command,'SetVisible,Button,14674,,False'
2026-03-06 12:09:03.749459,Room2 Virtual Panel,Command,'SetVisible,Button,14669,,False'
2026-03-06 12:09:03.749459,Room1 Virtual Panel,Command,'SetVisible,Label,4706,,False'
2026-03-06 12:09:03.749459,Room5 Virtual Panel,Command,'SetVisible,Button,14675,,False'
2026-03-06 12:09:03.749459,Room4 Virtual Panel,Command,'SetVisible,Label,4703,,False'
2026-03-06 12:09:03.749459,Room2 Virtual Panel,Command,'SetVisible,Button,14670,,False'
2026-03-06 12:09:03.749459,Room3 Virtual Panel,Command,'SetVisible,Label,4702,,False'
2026-03-06 12:09:03.749459,Room1 Virtual Panel,Command,'SetVisible,Label,4707,,False'
2026-03-06 12:09:03.750459,Room6 Virtual Panel,Command,'SetVisible,Button,4661,,False'
2026-03-06 12:09:03.750459,Room5 Virtual Panel,Command,'SetVisible,Button,14676,,False'
2026-03-06 12:09:03.750459,Room0 Virtual Panel,Command,'SetVisible,Button,14678,,False'
2026-03-06 12:09:03.750459,Room2 Virtual Panel,Command,'SetVisible,Button,14671,,False'
2026-03-06 12:09:03.750459,Room4 Virtual Panel,Command,'SetVisible,Label,4704,,False'
2026-03-06 12:09:03.750459,Room6 Virtual Panel,Command,'SetVisible,Button,4662,,False'
2026-03-06 12:09:03.750459,Room5 Virtual Panel,Command,'SetVisible,Button,14677,,False'
2026-03-06 12:09:03.750459,Room0 Virtual Panel,Command,'SetVisible,Button,14679,,False'
2026-03-06 12:09:03.750459,Room1 Virtual Panel,Command,'SetVisible,Label,4708,,False'
2026-03-06 12:09:03.750459,Room3 Virtual Panel,Command,'SetVisible,Label,4703,,False'
2026-03-06 12:09:03.750459,Room0 Virtual Panel,Command,'SetVisible,Button,14680,,False'
2026-03-06 12:09:03.751477,Room4 Virtual Panel,Command,'SetVisible,Label,4705,,False'
2026-03-06 12:09:03.751477,Room1 Virtual Panel,Command,'SetVisible,Label,4709,,False'
2026-03-06 12:09:03.751477,Room5 Virtual Panel,Command,'SetVisible,Button,14678,,False'
2026-03-06 12:09:03.751477,Room6 Virtual Panel,Command,'SetVisible,Button,4663,,False'
2026-03-06 12:09:03.751477,Room2 Virtual Panel,Command,'SetVisible,Button,14672,,False'
2026-03-06 12:09:03.751477,Room0 Virtual Panel,Command,'SetVisible,Button,14681,,False'
2026-03-06 12:09:03.751477,Room1 Virtual Panel,Command,'SetVisible,Label,4710,,False'
2026-03-06 12:09:03.751477,Room3 Virtual Panel,Command,'SetVisible,Label,4704,,False'
2026-03-06 12:09:03.751477,Room6 Virtual Panel,Command,'SetVisible,Button,4664,,False'
2026-03-06 12:09:03.751477,Room2 Virtual Panel,Command,'SetVisible,Button,14673,,False'
2026-03-06 12:09:03.751477,Room4 Virtual Panel,Command,'SetVisible,Label,4706,,False'
2026-03-06 12:09:03.752482,Room6 Virtual Panel,Command,'SetVisible,Button,4665,,False'
2026-03-06 12:09:03.752482,Room5 Virtual Panel,Command,'SetVisible,Button,14679,,False'
2026-03-06 12:09:03.752482,Room0 Virtual Panel,Command,'SetVisible,Button,14682,,False'
2026-03-06 12:09:03.752482,Room1 Virtual Panel,Command,'SetVisible,Label,4711,,False'
2026-03-06 12:09:03.752482,Room4 Virtual Panel,Command,'SetVisible,Label,4707,,False'
2026-03-06 12:09:03.752482,Room6 Virtual Panel,Command,'SetVisible,Button,4666,,False'
2026-03-06 12:09:03.752482,Room2 Virtual Panel,Command,'SetVisible,Button,14674,,False'
2026-03-06 12:09:03.752482,Room0 Virtual Panel,Command,'SetVisible,Button,14651,,True'
2026-03-06 12:09:03.752482,Room3 Virtual Panel,Command,'SetVisible,Label,4705,,False'
2026-03-06 12:09:03.752482,Room4 Virtual Panel,Command,'SetVisible,Label,4708,,False'
2026-03-06 12:09:03.752482,Room5 Virtual Panel,Command,'SetVisible,Button,14680,,False'
2026-03-06 12:09:03.752482,Room3 Virtual Panel,Command,'SetVisible,Label,4706,,False'
2026-03-06 12:09:03.753481,Room2 Virtual Panel,Command,'SetVisible,Button,14675,,False'
2026-03-06 12:09:03.753481,Room1 Virtual Panel,Command,'SetVisible,Label,4712,,False'
2026-03-06 12:09:03.753481,Room6 Virtual Panel,Command,'SetVisible,Button,4667,,False'
2026-03-06 12:09:03.753481,Room3 Virtual Panel,Command,'SetVisible,Label,4707,,False'
2026-03-06 12:09:03.753481,Room5 Virtual Panel,Command,'SetVisible,Button,14681,,False'
2026-03-06 12:09:03.753481,Room4 Virtual Panel,Command,'SetVisible,Label,4709,,False'
2026-03-06 12:09:03.753481,Room2 Virtual Panel,Command,'SetVisible,Button,14676,,False'
2026-03-06 12:09:03.753481,Room6 Virtual Panel,Command,'SetVisible,Button,4668,,False'
2026-03-06 12:09:03.753481,Room3 Virtual Panel,Command,'SetVisible,Label,4708,,False'
2026-03-06 12:09:03.753481,Room1 Virtual Panel,Command,'SetVisible,Label,4713,,False'
2026-03-06 12:09:03.753481,Room0 Virtual Panel,Command,'SetVisible,Label,4702,,False'
2026-03-06 12:09:03.754481,Room2 Virtual Panel,Command,'SetVisible,Button,14677,,False'
2026-03-06 12:09:03.754481,Room6 Virtual Panel,Command,'SetVisible,Button,4669,,False'
2026-03-06 12:09:03.754481,Room5 Virtual Panel,Command,'SetVisible,Button,14682,,False'
2026-03-06 12:09:03.754481,Room1 Virtual Panel,Command,'SetVisible,Label,4714,,False'
2026-03-06 12:09:03.754481,Room4 Virtual Panel,Command,'SetVisible,Label,4710,,False'
2026-03-06 12:09:03.754481,Room3 Virtual Panel,Command,'SetVisible,Label,4709,,False'
2026-03-06 12:09:03.754481,Room2 Virtual Panel,Command,'SetVisible,Button,14678,,False'
2026-03-06 12:09:03.754481,Room0 Virtual Panel,Command,'SetVisible,Label,4703,,False'
2026-03-06 12:09:03.754481,Room5 Virtual Panel,Command,'SetVisible,Button,14651,,True'
2026-03-06 12:09:03.754481,Room4 Virtual Panel,Command,'SetVisible,Label,4711,,False'
2026-03-06 12:09:03.754481,Room1 Virtual Panel,Command,'SetVisible,Label,4715,,False'
2026-03-06 12:09:03.755481,Room5 Virtual Panel,Command,'SetVisible,Label,4702,,False'
2026-03-06 12:09:03.755481,Room6 Virtual Panel,Command,'SetVisible,Button,4670,,False'
2026-03-06 12:09:03.755481,Room2 Virtual Panel,Command,'SetVisible,Button,14679,,False'
2026-03-06 12:09:03.755481,Room1 Virtual Panel,Command,'SetVisible,Label,4716,,False'
2026-03-06 12:09:03.755481,Room3 Virtual Panel,Command,'SetVisible,Label,4710,,False'
2026-03-06 12:09:03.755481,Room5 Virtual Panel,Command,'SetVisible,Label,4703,,False'
2026-03-06 12:09:03.755481,Room2 Virtual Panel,Command,'SetVisible,Button,14680,,False'
2026-03-06 12:09:03.755481,Room0 Virtual Panel,Command,'SetVisible,Label,4704,,False'
2026-03-06 12:09:03.755481,Room6 Virtual Panel,Command,'SetVisible,Button,4671,,False'
2026-03-06 12:09:03.756481,Room1 Virtual Panel,Command,'SetVisible,Label,4717,,False'
2026-03-06 12:09:03.756481,Room4 Virtual Panel,Command,'SetVisible,Label,4712,,False'
2026-03-06 12:09:03.756481,Room1 Virtual Panel,Command,'SetVisible,Label,4718,,False'
2026-03-06 12:09:03.756481,Room2 Virtual Panel,Command,'SetVisible,Button,14681,,False'
2026-03-06 12:09:03.756481,Room4 Virtual Panel,Command,'SetVisible,Label,4713,,False'
2026-03-06 12:09:03.756481,Room6 Virtual Panel,Command,'SetVisible,Button,4672,,False'
2026-03-06 12:09:03.757524,Room3 Virtual Panel,Command,'SetVisible,Label,4711,,False'
2026-03-06 12:09:03.757524,Room5 Virtual Panel,Command,'SetVisible,Label,4704,,False'
2026-03-06 12:09:03.757524,Room0 Virtual Panel,Command,'SetVisible,Label,4705,,False'
2026-03-06 12:09:03.757524,Room6 Virtual Panel,Command,'SetVisible,Button,4673,,False'
2026-03-06 12:09:03.757524,Room4 Virtual Panel,Command,'SetVisible,Label,4714,,False'
2026-03-06 12:09:03.757524,Room3 Virtual Panel,Command,'SetVisible,Label,4712,,False'
2026-03-06 12:09:03.757524,Room5 Virtual Panel,Command,'SetVisible,Label,4705,,False'
2026-03-06 12:09:03.757524,Room0 Virtual Panel,Command,'SetVisible,Label,4706,,False'
2026-03-06 12:09:03.757524,Room4 Virtual Panel,Command,'SetVisible,Label,4715,,False'
2026-03-06 12:09:03.758528,Room6 Virtual Panel,Command,'SetVisible,Button,4674,,False'
2026-03-06 12:09:03.758528,Room2 Virtual Panel,Command,'SetVisible,Button,14682,,False'
2026-03-06 12:09:03.758528,Room0 Virtual Panel,Command,'SetVisible,Label,4707,,False'
2026-03-06 12:09:03.758528,Room1 Virtual Panel,Command,'SetVisible,Label,4719,,False'
2026-03-06 12:09:03.758528,Room3 Virtual Panel,Command,'SetVisible,Label,4713,,False'
2026-03-06 12:09:03.758528,Room5 Virtual Panel,Command,'SetVisible,Label,4706,,False'
2026-03-06 12:09:03.758528,Room6 Virtual Panel,Command,'SetVisible,Button,4675,,False'
2026-03-06 12:09:03.758528,Room4 Virtual Panel,Command,'SetVisible,Label,4716,,False'
2026-03-06 12:09:03.758528,Room2 Virtual Panel,Command,'SetVisible,Button,14651,,True'
2026-03-06 12:09:03.758528,Room1 Virtual Panel,Command,'SetVisible,Label,4720,,False'
2026-03-06 12:09:03.758528,Room3 Virtual Panel,Command,'SetVisible,Label,4714,,False'
2026-03-06 12:09:03.758528,Room5 Virtual Panel,Command,'SetVisible,Label,4707,,False'
2026-03-06 12:09:03.759528,Room6 Virtual Panel,Command,'SetVisible,Button,4676,,False'
2026-03-06 12:09:03.759528,Room4 Virtual Panel,Command,'SetVisible,Label,4717,,False'
2026-03-06 12:09:03.759528,Room0 Virtual Panel,Command,'SetVisible,Label,4708,,False'
2026-03-06 12:09:03.759528,Room3 Virtual Panel,Command,'SetVisible,Label,4715,,False'
2026-03-06 12:09:03.759528,Room6 Virtual Panel,Command,'SetVisible,Button,4677,,False'
2026-03-06 12:09:03.759528,Room1 Virtual Panel,Command,'SetVisible,Label,4721,,False'
2026-03-06 12:09:03.759528,Room4 Virtual Panel,Command,'SetVisible,Label,4718,,False'
2026-03-06 12:09:03.759528,Room5 Virtual Panel,Command,'SetVisible,Label,4708,,False'
2026-03-06 12:09:03.759528,Room3 Virtual Panel,Command,'SetVisible,Label,4716,,False'
2026-03-06 12:09:03.760528,Room0 Virtual Panel,Command,'SetVisible,Label,4709,,False'
2026-03-06 12:09:03.760528,Room2 Virtual Panel,Command,'SetVisible,Label,4702,,False'
2026-03-06 12:09:03.760528,Room6 Virtual Panel,Command,'SetVisible,Button,4678,,False'
2026-03-06 12:09:03.760528,Room0 Virtual Panel,Command,'SetVisible,Label,4710,,False'
2026-03-06 12:09:03.760528,Room4 Virtual Panel,Command,'SetVisible,Label,4719,,False'
2026-03-06 12:09:03.760528,Room3 Virtual Panel,Command,'SetVisible,Label,4717,,False'
2026-03-06 12:09:03.760528,Room1 Virtual Panel,Command,'SetVisible,Label,4722,,False'
2026-03-06 12:09:03.760528,Room2 Virtual Panel,Command,'SetVisible,Label,4703,,False'
2026-03-06 12:09:03.760528,Room0 Virtual Panel,Command,'SetVisible,Label,4711,,False'
2026-03-06 12:09:03.760528,Room6 Virtual Panel,Command,'SetVisible,Button,4679,,False'
2026-03-06 12:09:03.761540,Room5 Virtual Panel,Command,'SetVisible,Label,4709,,False'
2026-03-06 12:09:03.761540,Room1 Virtual Panel,Command,'SetVisible,Label,4723,,False'
2026-03-06 12:09:03.761540,Room4 Virtual Panel,Command,'SetVisible,Label,4720,,False'
2026-03-06 12:09:03.761540,Room0 Virtual Panel,Command,'SetVisible,Label,4712,,False'
2026-03-06 12:09:03.761540,Room5 Virtual Panel,Command,'SetVisible,Label,4710,,False'
2026-03-06 12:09:03.761540,Room3 Virtual Panel,Command,'SetVisible,Label,4718,,False'
2026-03-06 12:09:03.761540,Room6 Virtual Panel,Command,'SetVisible,Button,4680,,False'
2026-03-06 12:09:03.761540,Room1 Virtual Panel,Command,'SetVisible,Label,4724,,False'
2026-03-06 12:09:03.761540,Room0 Virtual Panel,Command,'SetVisible,Label,4713,,False'
2026-03-06 12:09:03.761540,Room5 Virtual Panel,Command,'SetVisible,Label,4711,,False'
2026-03-06 12:09:03.761540,Room2 Virtual Panel,Command,'SetVisible,Label,4704,,False'
2026-03-06 12:09:03.761540,Room4 Virtual Panel,Command,'SetVisible,Label,4721,,False'
2026-03-06 12:09:03.762545,Room6 Virtual Panel,Command,'SetVisible,Button,4681,,False'
2026-03-06 12:09:03.762545,Room1 Virtual Panel,Command,'SetVisible,Label,4725,,False'
2026-03-06 12:09:03.762545,Room5 Virtual Panel,Command,'SetVisible,Label,4712,,False'
2026-03-06 12:09:03.762545,Room3 Virtual Panel,Command,'SetVisible,Label,4719,,False'
2026-03-06 12:09:03.762545,Room6 Virtual Panel,Command,'SetVisible,Button,4682,,False'
2026-03-06 12:09:03.762545,Room0 Virtual Panel,Command,'SetVisible,Label,4714,,False'
2026-03-06 12:09:03.762545,Room2 Virtual Panel,Command,'SetVisible,Label,4705,,False'
2026-03-06 12:09:03.762545,Room1 Virtual Panel,Command,'SetVisible,Label,4726,,False'
2026-03-06 12:09:03.763321,Room4 Virtual Panel,Command,'SetVisible,Label,4722,,False'
2026-03-06 12:09:03.763321,Room5 Virtual Panel,Command,'SetVisible,Label,4713,,False'
2026-03-06 12:09:03.763321,Room4 Virtual Panel,Command,'SetVisible,Label,4723,,False'
2026-03-06 12:09:03.763321,Room3 Virtual Panel,Command,'SetVisible,Label,4720,,False'
2026-03-06 12:09:03.763321,Room5 Virtual Panel,Command,'SetVisible,Label,4714,,False'
2026-03-06 12:09:03.763321,Room1 Virtual Panel,Command,'SetVisible,Label,4727,,False'
2026-03-06 12:09:03.763321,Room6 Virtual Panel,Command,'SetVisible,Button,4651,,True'
2026-03-06 12:09:03.763321,Room0 Virtual Panel,Command,'SetVisible,Label,4715,,False'
2026-03-06 12:09:03.763321,Room4 Virtual Panel,Command,'SetVisible,Label,4724,,False'
2026-03-06 12:09:03.763321,Room2 Virtual Panel,Command,'SetVisible,Label,4706,,False'
2026-03-06 12:09:03.763321,Room1 Virtual Panel,Command,'SetVisible,Label,4728,,False'
2026-03-06 12:09:03.764326,Room0 Virtual Panel,Command,'SetVisible,Label,4716,,False'
2026-03-06 12:09:03.764326,Room6 Virtual Panel,Command,'SetVisible,Button,14652,,False'
2026-03-06 12:09:03.764326,Room2 Virtual Panel,Command,'SetVisible,Label,4707,,False'
2026-03-06 12:09:03.764326,Room1 Virtual Panel,Command,'SetVisible,Label,4729,,False'
2026-03-06 12:09:03.764326,Room4 Virtual Panel,Command,'SetVisible,Label,4725,,False'
2026-03-06 12:09:03.764326,Room6 Virtual Panel,Command,'SetVisible,Button,14653,,False'
2026-03-06 12:09:03.764326,Room3 Virtual Panel,Command,'SetVisible,Label,4721,,False'
2026-03-06 12:09:03.764326,Room0 Virtual Panel,Command,'SetVisible,Label,4717,,False'
2026-03-06 12:09:03.764326,Room2 Virtual Panel,Command,'SetVisible,Label,4708,,False'
2026-03-06 12:09:03.764326,Room1 Virtual Panel,Command,'SetVisible,Label,4730,,False'
2026-03-06 12:09:03.764326,Room5 Virtual Panel,Command,'SetVisible,Label,4715,,False'
2026-03-06 12:09:03.765326,Room6 Virtual Panel,Command,'SetVisible,Button,14654,,False'
2026-03-06 12:09:03.765326,Room4 Virtual Panel,Command,'SetVisible,Label,4726,,False'
2026-03-06 12:09:03.765326,Room0 Virtual Panel,Command,'SetVisible,Label,4718,,False'
2026-03-06 12:09:03.765326,Room1 Virtual Panel,Command,'SetVisible,Label,4731,,False'
2026-03-06 12:09:03.765326,Room3 Virtual Panel,Command,'SetVisible,Label,4722,,False'
2026-03-06 12:09:03.765326,Room2 Virtual Panel,Command,'SetVisible,Label,4709,,False'
2026-03-06 12:09:03.765326,Room4 Virtual Panel,Command,'SetVisible,Label,4727,,False'
2026-03-06 12:09:03.765326,Room3 Virtual Panel,Command,'SetVisible,Label,4723,,False'
2026-03-06 12:09:03.765326,Room5 Virtual Panel,Command,'SetVisible,Label,4716,,False'
2026-03-06 12:09:03.765326,Room1 Virtual Panel,Command,'SetVisible,Label,4732,,False'
2026-03-06 12:09:03.765326,Room0 Virtual Panel,Command,'SetVisible,Label,4719,,False'
2026-03-06 12:09:03.766325,Room6 Virtual Panel,Command,'SetVisible,Button,14655,,False'
2026-03-06 12:09:03.766325,Room4 Virtual Panel,Command,'SetVisible,Label,4728,,False'
2026-03-06 12:09:03.766325,Room3 Virtual Panel,Command,'SetVisible,Label,4724,,False'
2026-03-06 12:09:03.766325,Room1 Virtual Panel,Command,'SetVisible,Label,4701,,True'
2026-03-06 12:09:03.766325,Room5 Virtual Panel,Command,'SetVisible,Label,4717,,False'
2026-03-06 12:09:03.766325,Room2 Virtual Panel,Command,'SetVisible,Label,4710,,False'
2026-03-06 12:09:03.766325,Room0 Virtual Panel,Command,'SetVisible,Label,4720,,False'
2026-03-06 12:09:03.766325,Room6 Virtual Panel,Command,'SetVisible,Button,14656,,False'
2026-03-06 12:09:03.766325,Room4 Virtual Panel,Command,'SetVisible,Label,4729,,False'
2026-03-06 12:09:03.766325,Room3 Virtual Panel,Command,'SetVisible,Label,4725,,False'
2026-03-06 12:09:03.766325,Room1 Virtual Panel,Command,'SetStateButton,1669,,0'
2026-03-06 12:09:03.767331,Room5 Virtual Panel,Command,'SetVisible,Label,4718,,False'
2026-03-06 12:09:03.767331,Room6 Virtual Panel,Command,'SetVisible,Button,14657,,False'
2026-03-06 12:09:03.767331,Room0 Virtual Panel,Command,'SetVisible,Label,4721,,False'
2026-03-06 12:09:03.767331,Room4 Virtual Panel,Command,'SetVisible,Label,4730,,False'
2026-03-06 12:09:03.767331,Room3 Virtual Panel,Command,'SetVisible,Label,4726,,False'
2026-03-06 12:09:03.767331,Room2 Virtual Panel,Command,'SetVisible,Label,4711,,False'
2026-03-06 12:09:03.767331,Room6 Virtual Panel,Command,'SetVisible,Button,14658,,False'
2026-03-06 12:09:03.767331,Room0 Virtual Panel,Command,'SetVisible,Label,4722,,False'
2026-03-06 12:09:03.767331,Room5 Virtual Panel,Command,'SetVisible,Label,4719,,False'
2026-03-06 12:09:03.767331,Room3 Virtual Panel,Command,'SetVisible,Label,4727,,False'
2026-03-06 12:09:03.768326,Room2 Virtual Panel,Command,'SetVisible,Label,4712,,False'
2026-03-06 12:09:03.768326,Room4 Virtual Panel,Command,'SetVisible,Label,4731,,False'
2026-03-06 12:09:03.768326,Room1 Virtual Panel,Command,'SetStateButton,5087,,1'
2026-03-06 12:09:03.768326,Room6 Virtual Panel,Command,'SetVisible,Button,14659,,False'
2026-03-06 12:09:03.768326,Room5 Virtual Panel,Command,'SetVisible,Label,4720,,False'
2026-03-06 12:09:03.768326,Room3 Virtual Panel,Command,'SetVisible,Label,4728,,False'
2026-03-06 12:09:03.768326,Room2 Virtual Panel,Command,'SetVisible,Label,4713,,False'
2026-03-06 12:09:03.768326,Room0 Virtual Panel,Command,'SetVisible,Label,4723,,False'
2026-03-06 12:09:03.768326,Room6 Virtual Panel,Command,'SetVisible,Button,14660,,False'
2026-03-06 12:09:03.768326,Room5 Virtual Panel,Command,'SetVisible,Label,4721,,False'
2026-03-06 12:09:03.768326,Room3 Virtual Panel,Command,'SetVisible,Label,4729,,False'
2026-03-06 12:09:03.768326,Room1 Virtual Panel,Command,'SetStateButton,5088,,0'
2026-03-06 12:09:03.768326,Room6 Virtual Panel,Command,'SetVisible,Button,14661,,False'
2026-03-06 12:09:03.768326,Room2 Virtual Panel,Command,'SetVisible,Label,4714,,False'
2026-03-06 12:09:03.768326,Room4 Virtual Panel,Command,'SetVisible,Label,4732,,False'
2026-03-06 12:09:03.769829,Room1 Virtual Panel,Command,'SetCurrent,int,[5087, 5088],5087'
2026-03-06 12:09:03.769829,Room5 Virtual Panel,Command,'SetVisible,Label,4722,,False'
2026-03-06 12:09:03.769829,Room0 Virtual Panel,Command,'SetVisible,Label,4724,,False'
2026-03-06 12:09:03.769829,Room2 Virtual Panel,Command,'SetVisible,Label,4715,,False'
2026-03-06 12:09:03.769829,Room3 Virtual Panel,Command,'SetVisible,Label,4730,,False'
2026-03-06 12:09:03.769829,Room6 Virtual Panel,Command,'SetVisible,Button,14662,,False'
2026-03-06 12:09:03.769829,Room2 Virtual Panel,Command,'SetVisible,Label,4716,,False'
2026-03-06 12:09:03.769829,Room0 Virtual Panel,Command,'SetVisible,Label,4725,,False'
2026-03-06 12:09:03.769829,Room1 Virtual Panel,Command,'SetText,Label,4801,,Display'
2026-03-06 12:09:03.769829,Room5 Virtual Panel,Command,'SetVisible,Label,4723,,False'
2026-03-06 12:09:03.769829,Room4 Virtual Panel,Command,'SetVisible,Label,4701,,True'
2026-03-06 12:09:03.769829,Room3 Virtual Panel,Command,'SetVisible,Label,4731,,False'
2026-03-06 12:09:03.770833,Room6 Virtual Panel,Command,'SetVisible,Button,14663,,False'
2026-03-06 12:09:03.770833,Room0 Virtual Panel,Command,'SetVisible,Label,4726,,False'
2026-03-06 12:09:03.770833,Room5 Virtual Panel,Command,'SetVisible,Label,4724,,False'
2026-03-06 12:09:03.770833,Room2 Virtual Panel,Command,'SetVisible,Label,4717,,False'
2026-03-06 12:09:03.771338,Room6 Virtual Panel,Command,'SetVisible,Button,14664,,False'
2026-03-06 12:09:03.771338,Room0 Virtual Panel,Command,'SetVisible,Label,4727,,False'
2026-03-06 12:09:03.771338,Room3 Virtual Panel,Command,'SetVisible,Label,4732,,False'
2026-03-06 12:09:03.771338,Room5 Virtual Panel,Command,'SetVisible,Label,4725,,False'
2026-03-06 12:09:03.771338,Room4 Virtual Panel,Command,'SetStateButton,1669,,0'
2026-03-06 12:09:03.771338,Room1 Virtual Panel,Command,'SetTextButton,4651,,Display'
2026-03-06 12:09:03.771338,Room6 Virtual Panel,Command,'SetVisible,Button,14665,,False'
2026-03-06 12:09:03.772343,Room0 Virtual Panel,Command,'SetVisible,Label,4728,,False'
2026-03-06 12:09:03.772343,Room2 Virtual Panel,Command,'SetVisible,Label,4718,,False'
2026-03-06 12:09:03.772343,Room1 Virtual Panel,Command,'SetText,Label,4701,,None'
2026-03-06 12:09:03.772343,Room5 Virtual Panel,Command,'SetVisible,Label,4726,,False'
2026-03-06 12:09:03.772343,Room4 Virtual Panel,Command,'SetStateButton,5087,,1'
2026-03-06 12:09:03.772343,Room6 Virtual Panel,Command,'SetVisible,Button,14666,,False'
2026-03-06 12:09:03.772343,Room3 Virtual Panel,Command,'SetVisible,Label,4701,,True'
2026-03-06 12:09:03.772343,Room1 Virtual Panel,Command,'SetStateButton,14651,,0'
2026-03-06 12:09:03.772343,Room2 Virtual Panel,Command,'SetVisible,Label,4719,,False'
2026-03-06 12:09:03.772343,Room4 Virtual Panel,Command,'SetStateButton,5088,,0'
2026-03-06 12:09:03.772343,Room5 Virtual Panel,Command,'SetVisible,Label,4727,,False'
2026-03-06 12:09:03.772343,Room0 Virtual Panel,Command,'SetVisible,Label,4729,,False'
2026-03-06 12:09:03.773342,Room1 Virtual Panel,Command,'SetText,Label,917,,Media Volume'
2026-03-06 12:09:03.773342,Room2 Virtual Panel,Command,'SetVisible,Label,4720,,False'
2026-03-06 12:09:03.773342,Room4 Virtual Panel,Command,'SetCurrent,int,[5087, 5088],5087'
2026-03-06 12:09:03.773342,Room6 Virtual Panel,Command,'SetVisible,Button,14667,,False'
2026-03-06 12:09:03.773342,Room4 Virtual Panel,Command,'SetText,Label,4801,,Display'
2026-03-06 12:09:03.773342,Room2 Virtual Panel,Command,'SetVisible,Label,4721,,False'
2026-03-06 12:09:03.773342,Room1 Virtual Panel,Command,'SetText,Label,4801,,Display'
2026-03-06 12:09:03.773342,Room0 Virtual Panel,Command,'SetVisible,Label,4730,,False'
2026-03-06 12:09:03.774344,Room6 Virtual Panel,Command,'SetVisible,Button,14668,,False'
2026-03-06 12:09:03.774344,Room5 Virtual Panel,Command,'SetVisible,Label,4728,,False'
2026-03-06 12:09:03.774344,Room3 Virtual Panel,Command,'SetStateButton,1669,,0'
2026-03-06 12:09:03.774344,Room4 Virtual Panel,Command,'SetTextButton,4651,,Display'
2026-03-06 12:09:03.774344,Room2 Virtual Panel,Command,'SetVisible,Label,4722,,False'
2026-03-06 12:09:03.774344,Room0 Virtual Panel,Command,'SetVisible,Label,4731,,False'
2026-03-06 12:09:03.774344,Room2 Virtual Panel,Command,'SetVisible,Label,4723,,False'
2026-03-06 12:09:03.774344,Room5 Virtual Panel,Command,'SetVisible,Label,4729,,False'
2026-03-06 12:09:03.774344,Room1 Virtual Panel,Command,'SetTextButton,5051,,Display'
2026-03-06 12:09:03.774344,Room0 Virtual Panel,Command,'SetVisible,Label,4732,,False'
2026-03-06 12:09:03.775343,Room6 Virtual Panel,Command,'SetVisible,Button,14669,,False'
2026-03-06 12:09:03.775343,Room4 Virtual Panel,Command,'SetText,Label,4701,,None'
2026-03-06 12:09:03.775343,Room3 Virtual Panel,Command,'SetStateButton,5087,,1'
2026-03-06 12:09:03.775343,Room6 Virtual Panel,Command,'SetVisible,Button,14670,,False'
2026-03-06 12:09:03.775343,Room5 Virtual Panel,Command,'SetVisible,Label,4730,,False'
2026-03-06 12:09:03.775343,Room4 Virtual Panel,Command,'SetStateButton,14651,,0'
2026-03-06 12:09:03.775343,Room1 Virtual Panel,Command,'SetText,Label,4851,,CATV 1'
2026-03-06 12:09:03.775343,Room6 Virtual Panel,Command,'SetVisible,Button,14671,,False'
2026-03-06 12:09:03.776342,Room0 Virtual Panel,Command,'SetVisible,Label,4701,,True'
2026-03-06 12:09:03.776342,Room2 Virtual Panel,Command,'SetVisible,Label,4724,,False'
2026-03-06 12:09:03.776342,Room5 Virtual Panel,Command,'SetVisible,Label,4731,,False'
2026-03-06 12:09:03.776342,Room6 Virtual Panel,Command,'SetVisible,Button,14672,,False'
2026-03-06 12:09:03.776342,Room4 Virtual Panel,Command,'SetText,Label,917,,Media Volume'
2026-03-06 12:09:03.776342,Room2 Virtual Panel,Command,'SetVisible,Label,4725,,False'
2026-03-06 12:09:03.776342,Room3 Virtual Panel,Command,'SetStateButton,5088,,0'
2026-03-06 12:09:03.776342,Room1 Virtual Panel,Command,'SetTextButton,4951,,CATV 1'
2026-03-06 12:09:03.776342,Room6 Virtual Panel,Command,'SetVisible,Button,14673,,False'
2026-03-06 12:09:03.777342,Room4 Virtual Panel,Command,'SetText,Label,4801,,Display'
2026-03-06 12:09:03.777342,Room2 Virtual Panel,Command,'SetVisible,Label,4726,,False'
2026-03-06 12:09:03.777342,Room5 Virtual Panel,Command,'SetVisible,Label,4732,,False'
2026-03-06 12:09:03.777342,Room1 Virtual Panel,Command,'SetText,Label,4852,,CATV 2'
2026-03-06 12:09:03.777342,Room3 Virtual Panel,Command,'SetCurrent,int,[5087, 5088],5087'
2026-03-06 12:09:03.777342,Room0 Virtual Panel,Command,'SetStateButton,1669,,0'
2026-03-06 12:09:03.777342,Room6 Virtual Panel,Command,'SetVisible,Button,14674,,False'
2026-03-06 12:09:03.777342,Room1 Virtual Panel,Command,'SetTextButton,4952,,CATV 2'
2026-03-06 12:09:03.778343,Room5 Virtual Panel,Command,'SetVisible,Label,4701,,True'
2026-03-06 12:09:03.778343,Room2 Virtual Panel,Command,'SetVisible,Label,4727,,False'
2026-03-06 12:09:03.778343,Room3 Virtual Panel,Command,'SetText,Label,4801,,Display'
2026-03-06 12:09:03.778343,Room4 Virtual Panel,Command,'SetTextButton,5051,,Display'
2026-03-06 12:09:03.778343,Room0 Virtual Panel,Command,'SetStateButton,5087,,1'
2026-03-06 12:09:03.778343,Room6 Virtual Panel,Command,'SetVisible,Button,14675,,False'
2026-03-06 12:09:03.778343,Room2 Virtual Panel,Command,'SetVisible,Label,4728,,False'
2026-03-06 12:09:03.778343,Room4 Virtual Panel,Command,'SetText,Label,4851,,CATV 1'
2026-03-06 12:09:03.779342,Room5 Virtual Panel,Command,'SetStateButton,1669,,0'
2026-03-06 12:09:03.779342,Room6 Virtual Panel,Command,'SetVisible,Button,14676,,False'
2026-03-06 12:09:03.779342,Room1 Virtual Panel,Command,'SetText,Label,4853,,CATV 3'
2026-03-06 12:09:03.779342,Room3 Virtual Panel,Command,'SetTextButton,4651,,Display'
2026-03-06 12:09:03.779342,Room5 Virtual Panel,Command,'SetStateButton,5087,,1'
2026-03-06 12:09:03.779342,Room6 Virtual Panel,Command,'SetVisible,Button,14677,,False'
2026-03-06 12:09:03.779342,Room4 Virtual Panel,Command,'SetTextButton,4951,,CATV 1'
2026-03-06 12:09:03.779342,Room2 Virtual Panel,Command,'SetVisible,Label,4729,,False'
2026-03-06 12:09:03.779342,Room0 Virtual Panel,Command,'SetStateButton,5088,,0'
2026-03-06 12:09:03.779342,Room1 Virtual Panel,Command,'SetTextButton,4953,,CATV 3'
2026-03-06 12:09:03.779342,Room3 Virtual Panel,Command,'SetText,Label,4701,,None'
2026-03-06 12:09:03.779342,Room4 Virtual Panel,Command,'SetText,Label,4852,,CATV 2'
2026-03-06 12:09:03.780846,Room6 Virtual Panel,Command,'SetVisible,Button,14678,,False'
2026-03-06 12:09:03.780846,Room2 Virtual Panel,Command,'SetVisible,Label,4730,,False'
2026-03-06 12:09:03.780846,Room3 Virtual Panel,Command,'SetStateButton,14651,,0'
2026-03-06 12:09:03.781369,Room5 Virtual Panel,Command,'SetStateButton,5088,,0'
2026-03-06 12:09:03.781369,Room1 Virtual Panel,Command,'SetText,Label,4854,,CATV 4'
2026-03-06 12:09:03.781369,Room6 Virtual Panel,Command,'SetVisible,Button,14679,,False'
2026-03-06 12:09:03.781369,Room0 Virtual Panel,Command,'SetCurrent,int,[5087, 5088],5087'
2026-03-06 12:09:03.781369,Room5 Virtual Panel,Command,'SetCurrent,int,[5087, 5088],5087'
2026-03-06 12:09:03.781369,Room3 Virtual Panel,Command,'SetText,Label,917,,Media Volume'
2026-03-06 12:09:03.781369,Room6 Virtual Panel,Command,'SetVisible,Button,14680,,False'
2026-03-06 12:09:03.781369,Room4 Virtual Panel,Command,'SetTextButton,4952,,CATV 2'
2026-03-06 12:09:03.781369,Room0 Virtual Panel,Command,'SetText,Label,4801,,Display'
2026-03-06 12:09:03.781369,Room2 Virtual Panel,Command,'SetVisible,Label,4731,,False'
2026-03-06 12:09:03.782377,Room5 Virtual Panel,Command,'SetText,Label,4801,,Display'
2026-03-06 12:09:03.782377,Room3 Virtual Panel,Command,'SetText,Label,4801,,Display'
2026-03-06 12:09:03.782743,Room1 Virtual Panel,Command,'SetTextButton,4954,,CATV 4'
2026-03-06 12:09:03.782743,Room2 Virtual Panel,Command,'SetVisible,Label,4732,,False'
2026-03-06 12:09:03.782743,Room6 Virtual Panel,Command,'SetVisible,Button,14681,,False'
2026-03-06 12:09:03.782743,Room4 Virtual Panel,Command,'SetText,Label,4853,,CATV 3'
2026-03-06 12:09:03.782743,Room0 Virtual Panel,Command,'SetTextButton,4651,,Display'
2026-03-06 12:09:03.782743,Room6 Virtual Panel,Command,'SetVisible,Button,14682,,False'
2026-03-06 12:09:03.783754,Room1 Virtual Panel,Command,'SetText,Label,4855,,CATV 5'
2026-03-06 12:09:03.783754,Room4 Virtual Panel,Command,'SetTextButton,4953,,CATV 3'
2026-03-06 12:09:03.783754,Room5 Virtual Panel,Command,'SetTextButton,4651,,Display'
2026-03-06 12:09:03.783754,Room0 Virtual Panel,Command,'SetText,Label,4701,,None'
2026-03-06 12:09:03.783754,Room3 Virtual Panel,Command,'SetTextButton,5051,,Display'
2026-03-06 12:09:03.783754,Room6 Virtual Panel,Command,'SetVisible,Button,14651,,True'
2026-03-06 12:09:03.783754,Room2 Virtual Panel,Command,'SetVisible,Label,4701,,True'
2026-03-06 12:09:03.783754,Room3 Virtual Panel,Command,'SetText,Label,4851,,CATV 1'
2026-03-06 12:09:03.783754,Room4 Virtual Panel,Command,'SetText,Label,4854,,CATV 4'
2026-03-06 12:09:03.784755,Room0 Virtual Panel,Command,'SetStateButton,14651,,0'
2026-03-06 12:09:03.784755,Room1 Virtual Panel,Command,'SetTextButton,4955,,CATV 5'
2026-03-06 12:09:03.784755,Room5 Virtual Panel,Command,'SetText,Label,4701,,None'
2026-03-06 12:09:03.784755,Room0 Virtual Panel,Command,'SetText,Label,917,,Media Volume'
2026-03-06 12:09:03.784755,Room1 Virtual Panel,Command,'SetText,Label,4856,,CATV 6'
2026-03-06 12:09:03.784755,Room2 Virtual Panel,Command,'SetStateButton,1669,,0'
2026-03-06 12:09:03.784755,Room6 Virtual Panel,Command,'SetVisible,Label,4702,,False'
2026-03-06 12:09:03.785746,Room5 Virtual Panel,Command,'SetStateButton,14651,,0'
2026-03-06 12:09:03.785746,Room3 Virtual Panel,Command,'SetTextButton,4951,,CATV 1'
2026-03-06 12:09:03.785746,Room4 Virtual Panel,Command,'SetTextButton,4954,,CATV 4'
2026-03-06 12:09:03.785746,Room3 Virtual Panel,Command,'SetText,Label,4852,,CATV 2'
2026-03-06 12:09:03.785746,Room1 Virtual Panel,Command,'SetTextButton,4956,,CATV 6'
2026-03-06 12:09:03.785746,Room0 Virtual Panel,Command,'SetText,Label,4801,,Display'
2026-03-06 12:09:03.785746,Room2 Virtual Panel,Command,'SetStateButton,5087,,1'
2026-03-06 12:09:03.786746,Room5 Virtual Panel,Command,'SetText,Label,917,,Media Volume'
2026-03-06 12:09:03.786746,Room6 Virtual Panel,Command,'SetVisible,Label,4703,,False'
2026-03-06 12:09:03.786746,Room1 Virtual Panel,Command,'SetText,Label,4857,,None'
2026-03-06 12:09:03.786746,Room3 Virtual Panel,Command,'SetTextButton,4952,,CATV 2'
2026-03-06 12:09:03.786746,Room4 Virtual Panel,Command,'SetText,Label,4855,,CATV 5'
2026-03-06 12:09:03.786746,Room2 Virtual Panel,Command,'SetStateButton,5088,,0'
2026-03-06 12:09:03.786746,Room5 Virtual Panel,Command,'SetText,Label,4851,,CATV 1'
2026-03-06 12:09:03.786746,Room0 Virtual Panel,Command,'SetTextButton,5051,,Display'
2026-03-06 12:09:03.786746,Room3 Virtual Panel,Command,'SetText,Label,4853,,CATV 3'
2026-03-06 12:09:03.787747,Room6 Virtual Panel,Command,'SetVisible,Label,4704,,False'
2026-03-06 12:09:03.787747,Room1 Virtual Panel,Command,'SetTextButton,4957,,None'
2026-03-06 12:09:03.787747,Room4 Virtual Panel,Command,'SetTextButton,4955,,CATV 5'
2026-03-06 12:09:03.787747,Room5 Virtual Panel,Command,'SetTextButton,4951,,CATV 1'
2026-03-06 12:09:03.787747,Room0 Virtual Panel,Command,'SetText,Label,4851,,CATV 1'
2026-03-06 12:09:03.787747,Room2 Virtual Panel,Command,'SetCurrent,int,[5087, 5088],5087'
2026-03-06 12:09:03.788746,Room1 Virtual Panel,Command,'SetText,Label,4858,,None'
2026-03-06 12:09:03.788746,Room4 Virtual Panel,Command,'SetText,Label,4856,,CATV 6'
2026-03-06 12:09:03.788746,Room6 Virtual Panel,Command,'SetVisible,Label,4705,,False'
2026-03-06 12:09:03.788746,Room5 Virtual Panel,Command,'SetText,Label,4852,,CATV 2'
2026-03-06 12:09:03.788746,Room3 Virtual Panel,Command,'SetTextButton,4953,,CATV 3'
2026-03-06 12:09:03.788746,Room2 Virtual Panel,Command,'SetText,Label,4801,,Display'
2026-03-06 12:09:03.788746,Room1 Virtual Panel,Command,'SetTextButton,4958,,None'
2026-03-06 12:09:03.789747,Room0 Virtual Panel,Command,'SetTextButton,4951,,CATV 1'
2026-03-06 12:09:03.789747,Room4 Virtual Panel,Command,'SetTextButton,4956,,CATV 6'
2026-03-06 12:09:03.789747,Room5 Virtual Panel,Command,'SetTextButton,4952,,CATV 2'
2026-03-06 12:09:03.789747,Room1 Virtual Panel,Command,'SetText,Label,4859,,Security Feed'
2026-03-06 12:09:03.789747,Room3 Virtual Panel,Command,'SetText,Label,4854,,CATV 4'
2026-03-06 12:09:03.789747,Room6 Virtual Panel,Command,'SetVisible,Label,4706,,False'
2026-03-06 12:09:03.789747,Room2 Virtual Panel,Command,'SetTextButton,4651,,Display'
2026-03-06 12:09:03.789747,Room0 Virtual Panel,Command,'SetText,Label,4852,,CATV 2'
2026-03-06 12:09:03.790747,Room4 Virtual Panel,Command,'SetText,Label,4857,,None'
2026-03-06 12:09:03.790747,Room5 Virtual Panel,Command,'SetText,Label,4853,,CATV 3'
2026-03-06 12:09:03.790747,Room6 Virtual Panel,Command,'SetVisible,Label,4707,,False'
2026-03-06 12:09:03.791250,Room1 Virtual Panel,Command,'SetTextButton,4959,,Security Feed'
2026-03-06 12:09:03.791250,Room3 Virtual Panel,Command,'SetTextButton,4954,,CATV 4'
2026-03-06 12:09:03.791250,Room4 Virtual Panel,Command,'SetTextButton,4957,,None'
2026-03-06 12:09:03.791250,Room2 Virtual Panel,Command,'SetText,Label,4701,,None'
2026-03-06 12:09:03.791250,Room6 Virtual Panel,Command,'SetVisible,Label,4708,,False'
2026-03-06 12:09:03.791250,Room4 Virtual Panel,Command,'SetText,Label,4858,,None'
2026-03-06 12:09:03.791250,Room3 Virtual Panel,Command,'SetText,Label,4855,,CATV 5'
2026-03-06 12:09:03.791250,Room1 Virtual Panel,Command,'SetText,Label,4860,,Signage'
2026-03-06 12:09:03.791250,Room0 Virtual Panel,Command,'SetTextButton,4952,,CATV 2'
2026-03-06 12:09:03.792254,Room5 Virtual Panel,Command,'SetTextButton,4953,,CATV 3'
2026-03-06 12:09:03.792254,Room2 Virtual Panel,Command,'SetStateButton,14651,,0'
2026-03-06 12:09:03.792254,Room4 Virtual Panel,Command,'SetTextButton,4958,,None'
2026-03-06 12:09:03.792254,Room6 Virtual Panel,Command,'SetVisible,Label,4709,,False'
2026-03-06 12:09:03.792254,Room3 Virtual Panel,Command,'SetTextButton,4955,,CATV 5'
2026-03-06 12:09:03.792254,Room0 Virtual Panel,Command,'SetText,Label,4853,,CATV 3'
2026-03-06 12:09:03.792254,Room5 Virtual Panel,Command,'SetText,Label,4854,,CATV 4'
2026-03-06 12:09:03.792254,Room2 Virtual Panel,Command,'SetText,Label,917,,Media Volume'
2026-03-06 12:09:03.792254,Room1 Virtual Panel,Command,'SetTextButton,4960,,Signage'
2026-03-06 12:09:03.793254,Room4 Virtual Panel,Command,'SetText,Label,4859,,Security Feed'
2026-03-06 12:09:03.793254,Room6 Virtual Panel,Command,'SetVisible,Label,4710,,False'
2026-03-06 12:09:03.793254,Room3 Virtual Panel,Command,'SetText,Label,4856,,CATV 6'
2026-03-06 12:09:03.793254,Room1 Virtual Panel,Command,'SetText,Label,4861,,none'
2026-03-06 12:09:03.793254,Room2 Virtual Panel,Command,'SetText,Label,4801,,Display'
2026-03-06 12:09:03.793254,Room5 Virtual Panel,Command,'SetTextButton,4954,,CATV 4'
2026-03-06 12:09:03.793254,Room6 Virtual Panel,Command,'SetVisible,Label,4711,,False'
2026-03-06 12:09:03.794254,Room1 Virtual Panel,Command,'SetTextButton,4961,,none'
2026-03-06 12:09:03.794254,Room3 Virtual Panel,Command,'SetTextButton,4956,,CATV 6'
2026-03-06 12:09:03.794254,Room0 Virtual Panel,Command,'SetTextButton,4953,,CATV 3'
2026-03-06 12:09:03.794254,Room2 Virtual Panel,Command,'SetTextButton,5051,,Display'
2026-03-06 12:09:03.794254,Room4 Virtual Panel,Command,'SetTextButton,4959,,Security Feed'
2026-03-06 12:09:03.794254,Room6 Virtual Panel,Command,'SetVisible,Label,4712,,False'
2026-03-06 12:09:03.794254,Room5 Virtual Panel,Command,'SetText,Label,4855,,CATV 5'
2026-03-06 12:09:03.794254,Room0 Virtual Panel,Command,'SetText,Label,4854,,CATV 4'
2026-03-06 12:09:03.794254,Room1 Virtual Panel,Command,'SetText,Label,4862,,none'
2026-03-06 12:09:03.794254,Room4 Virtual Panel,Command,'SetText,Label,4860,,Signage'
2026-03-06 12:09:03.794254,Room2 Virtual Panel,Command,'SetText,Label,4851,,CATV 1'
2026-03-06 12:09:03.795254,Room6 Virtual Panel,Command,'SetVisible,Label,4713,,False'
2026-03-06 12:09:03.795254,Room3 Virtual Panel,Command,'SetText,Label,4857,,None'
2026-03-06 12:09:03.795254,Room2 Virtual Panel,Command,'SetTextButton,4951,,CATV 1'
2026-03-06 12:09:03.795254,Room0 Virtual Panel,Command,'SetTextButton,4954,,CATV 4'
2026-03-06 12:09:03.795254,Room4 Virtual Panel,Command,'SetTextButton,4960,,Signage'
2026-03-06 12:09:03.795254,Room2 Virtual Panel,Command,'SetText,Label,4852,,CATV 2'
2026-03-06 12:09:03.795254,Room1 Virtual Panel,Command,'SetTextButton,4962,,none'
2026-03-06 12:09:03.795254,Room6 Virtual Panel,Command,'SetVisible,Label,4714,,False'
2026-03-06 12:09:03.796254,Room5 Virtual Panel,Command,'SetTextButton,4955,,CATV 5'
2026-03-06 12:09:03.796254,Room3 Virtual Panel,Command,'SetTextButton,4957,,None'
2026-03-06 12:09:03.796254,Room1 Virtual Panel,Command,'SetText,Label,4863,,BWD Feed 1'
2026-03-06 12:09:03.796254,Room0 Virtual Panel,Command,'SetText,Label,4855,,CATV 5'
2026-03-06 12:09:03.796254,Room6 Virtual Panel,Command,'SetVisible,Label,4715,,False'
2026-03-06 12:09:03.796254,Room4 Virtual Panel,Command,'SetText,Label,4861,,none'
2026-03-06 12:09:03.796254,Room1 Virtual Panel,Command,'SetTextButton,4963,,BWD Feed 1'
2026-03-06 12:09:03.796254,Room3 Virtual Panel,Command,'SetText,Label,4858,,None'
2026-03-06 12:09:03.796254,Room4 Virtual Panel,Command,'SetTextButton,4961,,none'
2026-03-06 12:09:03.797255,Room2 Virtual Panel,Command,'SetTextButton,4952,,CATV 2'
2026-03-06 12:09:03.797255,Room6 Virtual Panel,Command,'SetVisible,Label,4716,,False'
2026-03-06 12:09:03.797255,Room5 Virtual Panel,Command,'SetText,Label,4856,,CATV 6'
2026-03-06 12:09:03.797255,Room0 Virtual Panel,Command,'SetTextButton,4955,,CATV 5'
2026-03-06 12:09:03.797255,Room1 Virtual Panel,Command,'SetText,Label,4864,,BWD Feed 2'
2026-03-06 12:09:03.797255,Room3 Virtual Panel,Command,'SetTextButton,4958,,None'
2026-03-06 12:09:03.797255,Room4 Virtual Panel,Command,'SetText,Label,4862,,none'
2026-03-06 12:09:03.797255,Room2 Virtual Panel,Command,'SetText,Label,4853,,CATV 3'
2026-03-06 12:09:03.797255,Room1 Virtual Panel,Command,'SetTextButton,4964,,BWD Feed 2'
2026-03-06 12:09:03.798254,Room0 Virtual Panel,Command,'SetText,Label,4856,,CATV 6'
2026-03-06 12:09:03.798254,Room5 Virtual Panel,Command,'SetTextButton,4956,,CATV 6'
2026-03-06 12:09:03.798254,Room6 Virtual Panel,Command,'SetVisible,Label,4717,,False'
2026-03-06 12:09:03.798254,Room3 Virtual Panel,Command,'SetText,Label,4859,,Security Feed'
2026-03-06 12:09:03.798254,Room4 Virtual Panel,Command,'SetTextButton,4962,,none'
2026-03-06 12:09:03.798254,Room1 Virtual Panel,Command,'SetText,Label,4865,,BWD Feed 3'
2026-03-06 12:09:03.798254,Room2 Virtual Panel,Command,'SetTextButton,4953,,CATV 3'
2026-03-06 12:09:03.799254,Room5 Virtual Panel,Command,'SetText,Label,4857,,None'
2026-03-06 12:09:03.799254,Room1 Virtual Panel,Command,'SetTextButton,4965,,BWD Feed 3'
2026-03-06 12:09:03.799254,Room6 Virtual Panel,Command,'SetVisible,Label,4718,,False'
2026-03-06 12:09:03.799254,Room2 Virtual Panel,Command,'SetText,Label,4854,,CATV 4'
2026-03-06 12:09:03.799254,Room0 Virtual Panel,Command,'SetTextButton,4956,,CATV 6'
2026-03-06 12:09:03.799254,Room4 Virtual Panel,Command,'SetText,Label,4863,,BWD Feed 1'
2026-03-06 12:09:03.799254,Room1 Virtual Panel,Command,'SetText,Label,4866,,BWD Feed 4'
2026-03-06 12:09:03.799254,Room5 Virtual Panel,Command,'SetTextButton,4957,,None'
2026-03-06 12:09:03.799254,Room3 Virtual Panel,Command,'SetTextButton,4959,,Security Feed'
2026-03-06 12:09:03.799254,Room0 Virtual Panel,Command,'SetText,Label,4857,,None'
2026-03-06 12:09:03.799254,Room6 Virtual Panel,Command,'SetVisible,Label,4719,,False'
2026-03-06 12:09:03.799254,Room4 Virtual Panel,Command,'SetTextButton,4963,,BWD Feed 1'
2026-03-06 12:09:03.799254,Room1 Virtual Panel,Command,'SetTextButton,4966,,BWD Feed 4'
2026-03-06 12:09:03.799254,Room5 Virtual Panel,Command,'SetText,Label,4858,,None'
2026-03-06 12:09:03.800758,Room2 Virtual Panel,Command,'SetTextButton,4954,,CATV 4'
2026-03-06 12:09:03.800758,Room0 Virtual Panel,Command,'SetTextButton,4957,,None'
2026-03-06 12:09:03.800758,Room6 Virtual Panel,Command,'SetVisible,Label,4720,,False'
2026-03-06 12:09:03.800758,Room3 Virtual Panel,Command,'SetText,Label,4860,,Signage'
2026-03-06 12:09:03.800758,Room5 Virtual Panel,Command,'SetTextButton,4958,,None'
2026-03-06 12:09:03.800758,Room6 Virtual Panel,Command,'SetVisible,Label,4721,,False'
2026-03-06 12:09:03.800758,Room4 Virtual Panel,Command,'SetText,Label,4864,,BWD Feed 2'
2026-03-06 12:09:03.800758,Room0 Virtual Panel,Command,'SetText,Label,4858,,None'
2026-03-06 12:09:03.801763,Room2 Virtual Panel,Command,'SetText,Label,4855,,CATV 5'
2026-03-06 12:09:03.801763,Room5 Virtual Panel,Command,'SetText,Label,4859,,Security Feed'
2026-03-06 12:09:03.801763,Room3 Virtual Panel,Command,'SetTextButton,4960,,Signage'
2026-03-06 12:09:03.801763,Room1 Virtual Panel,Command,'SetText,Label,4867,,Aux HDMI 1'
2026-03-06 12:09:03.801763,Room4 Virtual Panel,Command,'SetTextButton,4964,,BWD Feed 2'
2026-03-06 12:09:03.801763,Room6 Virtual Panel,Command,'SetVisible,Label,4722,,False'
2026-03-06 12:09:03.801763,Room3 Virtual Panel,Command,'SetText,Label,4861,,none'
2026-03-06 12:09:03.801763,Room5 Virtual Panel,Command,'SetTextButton,4959,,Security Feed'
2026-03-06 12:09:03.801763,Room1 Virtual Panel,Command,'SetTextButton,4967,,Aux HDMI 1'
2026-03-06 12:09:03.801763,Room2 Virtual Panel,Command,'SetTextButton,4955,,CATV 5'
2026-03-06 12:09:03.802880,Room0 Virtual Panel,Command,'SetTextButton,4958,,None'
2026-03-06 12:09:03.802880,Room6 Virtual Panel,Command,'SetVisible,Label,4723,,False'
2026-03-06 12:09:03.802880,Room4 Virtual Panel,Command,'SetText,Label,4865,,BWD Feed 3'
2026-03-06 12:09:03.802880,Room5 Virtual Panel,Command,'SetText,Label,4860,,Signage'
2026-03-06 12:09:03.802880,Room1 Virtual Panel,Command,'SetText,Label,4868,,Aux HDMI 2'
2026-03-06 12:09:03.802880,Room3 Virtual Panel,Command,'SetTextButton,4961,,none'
2026-03-06 12:09:03.802880,Room0 Virtual Panel,Command,'SetText,Label,4859,,Security Feed'
2026-03-06 12:09:03.803576,Room6 Virtual Panel,Command,'SetVisible,Label,4724,,False'
2026-03-06 12:09:03.803576,Room2 Virtual Panel,Command,'SetText,Label,4856,,CATV 6'
2026-03-06 12:09:03.803576,Room4 Virtual Panel,Command,'SetTextButton,4965,,BWD Feed 3'
2026-03-06 12:09:03.803576,Room1 Virtual Panel,Command,'SetTextButton,4968,,Aux HDMI 2'
2026-03-06 12:09:03.803576,Room6 Virtual Panel,Command,'SetVisible,Label,4725,,False'
2026-03-06 12:09:03.803576,Room4 Virtual Panel,Command,'SetText,Label,4866,,BWD Feed 4'
2026-03-06 12:09:03.803576,Room5 Virtual Panel,Command,'SetTextButton,4960,,Signage'
2026-03-06 12:09:03.804583,Room2 Virtual Panel,Command,'SetTextButton,4956,,CATV 6'
2026-03-06 12:09:03.804583,Room1 Virtual Panel,Command,'SetText,Label,4869,,Aux HDMI 3'
2026-03-06 12:09:03.804583,Room3 Virtual Panel,Command,'SetText,Label,4862,,none'
2026-03-06 12:09:03.804583,Room0 Virtual Panel,Command,'SetTextButton,4959,,Security Feed'
2026-03-06 12:09:03.804583,Room4 Virtual Panel,Command,'SetTextButton,4966,,BWD Feed 4'
2026-03-06 12:09:03.804583,Room3 Virtual Panel,Command,'SetTextButton,4962,,none'
2026-03-06 12:09:03.804583,Room5 Virtual Panel,Command,'SetText,Label,4861,,none'
2026-03-06 12:09:03.804583,Room2 Virtual Panel,Command,'SetText,Label,4857,,None'
2026-03-06 12:09:03.805581,Room0 Virtual Panel,Command,'SetText,Label,4860,,Signage'
2026-03-06 12:09:03.805581,Room6 Virtual Panel,Command,'SetVisible,Label,4726,,False'
2026-03-06 12:09:03.805581,Room1 Virtual Panel,Command,'SetTextButton,4969,,Aux HDMI 3'
2026-03-06 12:09:03.805581,Room4 Virtual Panel,Command,'SetText,Label,4867,,Aux HDMI 1'
2026-03-06 12:09:03.805581,Room3 Virtual Panel,Command,'SetText,Label,4863,,BWD Feed 1'
2026-03-06 12:09:03.805581,Room5 Virtual Panel,Command,'SetTextButton,4961,,none'
2026-03-06 12:09:03.805581,Room2 Virtual Panel,Command,'SetTextButton,4957,,None'
2026-03-06 12:09:03.805581,Room6 Virtual Panel,Command,'SetVisible,Label,4727,,False'
2026-03-06 12:09:03.805581,Room3 Virtual Panel,Command,'SetTextButton,4963,,BWD Feed 1'
2026-03-06 12:09:03.806581,Room0 Virtual Panel,Command,'SetTextButton,4960,,Signage'
2026-03-06 12:09:03.806581,Room1 Virtual Panel,Command,'SetText,Label,4870,,Aux HDMI 4'
2026-03-06 12:09:03.806581,Room6 Virtual Panel,Command,'SetVisible,Label,4728,,False'
2026-03-06 12:09:03.806581,Room4 Virtual Panel,Command,'SetTextButton,4967,,Aux HDMI 1'
2026-03-06 12:09:03.806581,Room2 Virtual Panel,Command,'SetText,Label,4858,,None'
2026-03-06 12:09:03.806581,Room6 Virtual Panel,Command,'SetVisible,Label,4729,,False'
2026-03-06 12:09:03.806581,Room4 Virtual Panel,Command,'SetText,Label,4868,,Aux HDMI 2'
2026-03-06 12:09:03.806581,Room1 Virtual Panel,Command,'SetTextButton,4970,,Aux HDMI 4'
2026-03-06 12:09:03.806581,Room5 Virtual Panel,Command,'SetText,Label,4862,,none'
2026-03-06 12:09:03.807582,Room0 Virtual Panel,Command,'SetText,Label,4861,,none'
2026-03-06 12:09:03.807582,Room6 Virtual Panel,Command,'SetVisible,Label,4730,,False'
2026-03-06 12:09:03.807582,Room1 Virtual Panel,Command,'SetText,Label,4871,,Aux HDMI 5'
2026-03-06 12:09:03.807582,Room3 Virtual Panel,Command,'SetText,Label,4864,,BWD Feed 2'
2026-03-06 12:09:03.807582,Room6 Virtual Panel,Command,'SetVisible,Label,4731,,False'
2026-03-06 12:09:03.807582,Room2 Virtual Panel,Command,'SetTextButton,4958,,None'
2026-03-06 12:09:03.807582,Room4 Virtual Panel,Command,'SetTextButton,4968,,Aux HDMI 2'
2026-03-06 12:09:03.808583,Room5 Virtual Panel,Command,'SetTextButton,4962,,none'
2026-03-06 12:09:03.808583,Room0 Virtual Panel,Command,'SetTextButton,4961,,none'
2026-03-06 12:09:03.808583,Room1 Virtual Panel,Command,'SetTextButton,4971,,Aux HDMI 5'
2026-03-06 12:09:03.808583,Room3 Virtual Panel,Command,'SetTextButton,4964,,BWD Feed 2'
2026-03-06 12:09:03.808583,Room6 Virtual Panel,Command,'SetVisible,Label,4732,,False'
2026-03-06 12:09:03.808583,Room4 Virtual Panel,Command,'SetText,Label,4869,,Aux HDMI 3'
2026-03-06 12:09:03.808583,Room0 Virtual Panel,Command,'SetText,Label,4862,,none'
2026-03-06 12:09:03.808583,Room3 Virtual Panel,Command,'SetText,Label,4865,,BWD Feed 3'
2026-03-06 12:09:03.808583,Room1 Virtual Panel,Command,'SetText,Label,4872,,Aux HDMI 6'
2026-03-06 12:09:03.809581,Room5 Virtual Panel,Command,'SetText,Label,4863,,BWD Feed 1'
2026-03-06 12:09:03.809581,Room2 Virtual Panel,Command,'SetText,Label,4859,,Security Feed'
2026-03-06 12:09:03.809581,Room3 Virtual Panel,Command,'SetTextButton,4965,,BWD Feed 3'
2026-03-06 12:09:03.809581,Room4 Virtual Panel,Command,'SetTextButton,4969,,Aux HDMI 3'
2026-03-06 12:09:03.809581,Room6 Virtual Panel,Command,'SetVisible,Label,4701,,True'
2026-03-06 12:09:03.809581,Room5 Virtual Panel,Command,'SetTextButton,4963,,BWD Feed 1'
2026-03-06 12:09:03.810581,Room1 Virtual Panel,Command,'SetTextButton,4972,,Aux HDMI 6'
2026-03-06 12:09:03.810581,Room2 Virtual Panel,Command,'SetTextButton,4959,,Security Feed'
2026-03-06 12:09:03.810581,Room0 Virtual Panel,Command,'SetTextButton,4962,,none'
2026-03-06 12:09:03.810581,Room4 Virtual Panel,Command,'SetText,Label,4870,,Aux HDMI 4'
2026-03-06 12:09:03.810581,Room1 Virtual Panel,Command,'SetText,Label,4873,,Aux HDMI 7'
2026-03-06 12:09:03.810581,Room5 Virtual Panel,Command,'SetText,Label,4864,,BWD Feed 2'
2026-03-06 12:09:03.810581,Room3 Virtual Panel,Command,'SetText,Label,4866,,BWD Feed 4'
2026-03-06 12:09:03.810581,Room6 Virtual Panel,Command,'SetStateButton,1669,,0'
2026-03-06 12:09:03.810581,Room2 Virtual Panel,Command,'SetText,Label,4860,,Signage'
2026-03-06 12:09:03.811685,Room2 Virtual Panel,Command,'SetTextButton,4960,,Signage'
2026-03-06 12:09:03.811685,Room0 Virtual Panel,Command,'SetText,Label,4863,,BWD Feed 1'
2026-03-06 12:09:03.811685,Room4 Virtual Panel,Command,'SetTextButton,4970,,Aux HDMI 4'
2026-03-06 12:09:03.811685,Room2 Virtual Panel,Command,'SetText,Label,4861,,none'
2026-03-06 12:09:03.811685,Room1 Virtual Panel,Command,'SetTextButton,4973,,Aux HDMI 7'
2026-03-06 12:09:03.811685,Room3 Virtual Panel,Command,'SetTextButton,4966,,BWD Feed 4'
2026-03-06 12:09:03.811685,Room6 Virtual Panel,Command,'SetStateButton,5087,,1'
2026-03-06 12:09:03.811685,Room0 Virtual Panel,Command,'SetTextButton,4963,,BWD Feed 1'
2026-03-06 12:09:03.812700,Room4 Virtual Panel,Command,'SetText,Label,4871,,Aux HDMI 5'
2026-03-06 12:09:03.812700,Room2 Virtual Panel,Command,'SetTextButton,4961,,none'
2026-03-06 12:09:03.812700,Room0 Virtual Panel,Command,'SetText,Label,4864,,BWD Feed 2'
2026-03-06 12:09:03.812700,Room5 Virtual Panel,Command,'SetTextButton,4964,,BWD Feed 2'
2026-03-06 12:09:03.812700,Room1 Virtual Panel,Command,'SetText,Label,675,,None'
2026-03-06 12:09:03.812700,Room4 Virtual Panel,Command,'SetTextButton,4971,,Aux HDMI 5'
2026-03-06 12:09:03.812700,Room5 Virtual Panel,Command,'SetText,Label,4865,,BWD Feed 3'
2026-03-06 12:09:03.812700,Room2 Virtual Panel,Command,'SetText,Label,4862,,none'
2026-03-06 12:09:03.813689,Room3 Virtual Panel,Command,'SetText,Label,4867,,Aux HDMI 1'
2026-03-06 12:09:03.813689,Room0 Virtual Panel,Command,'SetTextButton,4964,,BWD Feed 2'
2026-03-06 12:09:03.813689,Room6 Virtual Panel,Command,'SetStateButton,5088,,0'
2026-03-06 12:09:03.813689,Room2 Virtual Panel,Command,'SetTextButton,4962,,none'
2026-03-06 12:09:03.813689,Room5 Virtual Panel,Command,'SetTextButton,4965,,BWD Feed 3'
2026-03-06 12:09:03.813689,Room1 Virtual Panel,Command,'SetVisible,Label,679,,False'
2026-03-06 12:09:03.813689,Room4 Virtual Panel,Command,'SetText,Label,4872,,Aux HDMI 6'
2026-03-06 12:09:03.814689,Room3 Virtual Panel,Command,'SetTextButton,4967,,Aux HDMI 1'
2026-03-06 12:09:03.814689,Room6 Virtual Panel,Command,'SetCurrent,int,[5087, 5088],5087'
2026-03-06 12:09:03.814689,Room0 Virtual Panel,Command,'SetText,Label,4865,,BWD Feed 3'
2026-03-06 12:09:03.814689,Room5 Virtual Panel,Command,'SetText,Label,4866,,BWD Feed 4'
2026-03-06 12:09:03.814689,Room2 Virtual Panel,Command,'SetText,Label,4863,,BWD Feed 1'
2026-03-06 12:09:03.814689,Room6 Virtual Panel,Command,'SetText,Label,4801,,Display'
2026-03-06 12:09:03.814689,Room0 Virtual Panel,Command,'SetTextButton,4965,,BWD Feed 3'
2026-03-06 12:09:03.814689,Room4 Virtual Panel,Command,'SetTextButton,4972,,Aux HDMI 6'
2026-03-06 12:09:03.815690,Room3 Virtual Panel,Command,'SetText,Label,4868,,Aux HDMI 2'
2026-03-06 12:09:03.815690,Room5 Virtual Panel,Command,'SetTextButton,4966,,BWD Feed 4'
2026-03-06 12:09:03.815690,Room1 Virtual Panel,Command,'SetVisible,Button,1669,,False'
2026-03-06 12:09:03.815690,Room3 Virtual Panel,Command,'SetTextButton,4968,,Aux HDMI 2'
2026-03-06 12:09:03.815690,Room0 Virtual Panel,Command,'SetText,Label,4866,,BWD Feed 4'
2026-03-06 12:09:03.815690,Room2 Virtual Panel,Command,'SetTextButton,4963,,BWD Feed 1'
2026-03-06 12:09:03.815690,Room0 Virtual Panel,Command,'SetTextButton,4966,,BWD Feed 4'
2026-03-06 12:09:03.816689,Room3 Virtual Panel,Command,'SetText,Label,4869,,Aux HDMI 3'
2026-03-06 12:09:03.816689,Room6 Virtual Panel,Command,'SetTextButton,4651,,Display'
2026-03-06 12:09:03.816689,Room5 Virtual Panel,Command,'SetText,Label,4867,,Aux HDMI 1'
2026-03-06 12:09:03.816689,Room2 Virtual Panel,Command,'SetText,Label,4864,,BWD Feed 2'
2026-03-06 12:09:03.816689,Room1 Virtual Panel,Command,'SetEnable,Button,1669,,False'
2026-03-06 12:09:03.816689,Room0 Virtual Panel,Command,'SetText,Label,4867,,Aux HDMI 1'
2026-03-06 12:09:03.816689,Room5 Virtual Panel,Command,'SetTextButton,4967,,Aux HDMI 1'
2026-03-06 12:09:03.816689,Room6 Virtual Panel,Command,'SetText,Label,4701,,None'
2026-03-06 12:09:03.816689,Room4 Virtual Panel,Command,'SetText,Label,4873,,Aux HDMI 7'
2026-03-06 12:09:03.817689,Room3 Virtual Panel,Command,'SetTextButton,4969,,Aux HDMI 3'
2026-03-06 12:09:03.817689,Room2 Virtual Panel,Command,'SetTextButton,4964,,BWD Feed 2'
2026-03-06 12:09:03.817689,Room4 Virtual Panel,Command,'SetTextButton,4973,,Aux HDMI 7'
2026-03-06 12:09:03.817689,Room5 Virtual Panel,Command,'SetText,Label,4868,,Aux HDMI 2'
2026-03-06 12:09:03.817689,Room1 Virtual Panel,Command,'SetVisible,Button,3742,,False'
2026-03-06 12:09:03.817689,Room3 Virtual Panel,Command,'SetText,Label,4870,,Aux HDMI 4'
2026-03-06 12:09:03.817689,Room1 Virtual Panel,Command,'SetVisible,Button,3743,,False'
2026-03-06 12:09:03.817689,Room6 Virtual Panel,Command,'SetStateButton,14651,,0'
2026-03-06 12:09:03.818689,Room4 Virtual Panel,Command,'SetText,Label,675,,None'
2026-03-06 12:09:03.818689,Room3 Virtual Panel,Command,'SetTextButton,4970,,Aux HDMI 4'
2026-03-06 12:09:03.818689,Room0 Virtual Panel,Command,'SetTextButton,4967,,Aux HDMI 1'
2026-03-06 12:09:03.818689,Room5 Virtual Panel,Command,'SetTextButton,4968,,Aux HDMI 2'
2026-03-06 12:09:03.818689,Room2 Virtual Panel,Command,'SetText,Label,4865,,BWD Feed 3'
2026-03-06 12:09:03.818689,Room3 Virtual Panel,Command,'SetText,Label,4871,,Aux HDMI 5'
2026-03-06 12:09:03.818689,Room6 Virtual Panel,Command,'SetText,Label,917,,Media Volume'
2026-03-06 12:09:03.818689,Room1 Virtual Panel,Command,'SetVisible,Button,3743,,False'
2026-03-06 12:09:03.819689,Room0 Virtual Panel,Command,'SetText,Label,4868,,Aux HDMI 2'
2026-03-06 12:09:03.819689,Room3 Virtual Panel,Command,'SetTextButton,4971,,Aux HDMI 5'
2026-03-06 12:09:03.819689,Room6 Virtual Panel,Command,'SetText,Label,4801,,Display'
2026-03-06 12:09:03.819689,Room5 Virtual Panel,Command,'SetText,Label,4869,,Aux HDMI 3'
2026-03-06 12:09:03.819689,Room1 Virtual Panel,Command,'SetEnable,Button,3742,,False'
2026-03-06 12:09:03.819689,Room4 Virtual Panel,Command,'SetVisible,Label,679,,False'
2026-03-06 12:09:03.819689,Room2 Virtual Panel,Command,'SetTextButton,4965,,BWD Feed 3'
2026-03-06 12:09:03.819689,Room3 Virtual Panel,Command,'SetText,Label,4872,,Aux HDMI 6'
2026-03-06 12:09:03.819689,Room5 Virtual Panel,Command,'SetTextButton,4969,,Aux HDMI 3'
2026-03-06 12:09:03.819689,Room6 Virtual Panel,Command,'SetTextButton,5051,,Display'
2026-03-06 12:09:03.819689,Room1 Virtual Panel,Command,'SetEnable,Button,3743,,False'
2026-03-06 12:09:03.819689,Room2 Virtual Panel,Command,'SetText,Label,4866,,BWD Feed 4'
2026-03-06 12:09:03.821132,Room3 Virtual Panel,Command,'SetTextButton,4972,,Aux HDMI 6'
2026-03-06 12:09:03.821132,Room4 Virtual Panel,Command,'SetVisible,Button,1669,,False'
2026-03-06 12:09:03.821132,Room1 Virtual Panel,Command,'SetEnable,Button,3743,,False'
2026-03-06 12:09:03.821132,Room6 Virtual Panel,Command,'SetText,Label,4851,,CATV 1'
2026-03-06 12:09:03.821640,Room0 Virtual Panel,Command,'SetTextButton,4968,,Aux HDMI 2'
2026-03-06 12:09:03.821640,Room5 Virtual Panel,Command,'SetText,Label,4870,,Aux HDMI 4'
2026-03-06 12:09:03.821640,Room3 Virtual Panel,Command,'SetText,Label,4873,,Aux HDMI 7'
2026-03-06 12:09:03.821640,Room2 Virtual Panel,Command,'SetTextButton,4966,,BWD Feed 4'
2026-03-06 12:09:03.822168,Room4 Virtual Panel,Command,'SetEnable,Button,1669,,False'
2026-03-06 12:09:03.822168,Room6 Virtual Panel,Command,'SetTextButton,4951,,CATV 1'
2026-03-06 12:09:03.822168,Room0 Virtual Panel,Command,'SetText,Label,4869,,Aux HDMI 3'
2026-03-06 12:09:03.822168,Room5 Virtual Panel,Command,'SetTextButton,4970,,Aux HDMI 4'
2026-03-06 12:09:03.822168,Room3 Virtual Panel,Command,'SetTextButton,4973,,Aux HDMI 7'
2026-03-06 12:09:03.822168,Room2 Virtual Panel,Command,'SetText,Label,4867,,Aux HDMI 1'
2026-03-06 12:09:03.822168,Room1 Virtual Panel,Command,'SetVisible,Button,6000,,False'
2026-03-06 12:09:03.822168,Room5 Virtual Panel,Command,'SetText,Label,4871,,Aux HDMI 5'
2026-03-06 12:09:03.823173,Room4 Virtual Panel,Command,'SetVisible,Button,3742,,False'
2026-03-06 12:09:03.823173,Room3 Virtual Panel,Command,'SetText,Label,675,,None'
2026-03-06 12:09:03.823173,Room0 Virtual Panel,Command,'SetTextButton,4969,,Aux HDMI 3'
2026-03-06 12:09:03.823682,Room5 Virtual Panel,Command,'SetTextButton,4971,,Aux HDMI 5'
2026-03-06 12:09:03.823682,Room6 Virtual Panel,Command,'SetText,Label,4852,,CATV 2'
2026-03-06 12:09:03.823682,Room0 Virtual Panel,Command,'SetText,Label,4870,,Aux HDMI 4'
2026-03-06 12:09:03.823682,Room2 Virtual Panel,Command,'SetTextButton,4967,,Aux HDMI 1'
2026-03-06 12:09:03.824192,Room1 Virtual Panel,Command,'SetVisible,Button,6001,,False'
2026-03-06 12:09:03.824192,Room4 Virtual Panel,Command,'SetVisible,Button,3743,,False'
2026-03-06 12:09:03.824192,Room3 Virtual Panel,Command,'SetVisible,Label,679,,False'
2026-03-06 12:09:03.824192,Room5 Virtual Panel,Command,'SetText,Label,4872,,Aux HDMI 6'
2026-03-06 12:09:03.824192,Room6 Virtual Panel,Command,'SetTextButton,4952,,CATV 2'
2026-03-06 12:09:03.824192,Room1 Virtual Panel,Command,'SetVisible,Label,462,,False'
2026-03-06 12:09:03.824192,Room5 Virtual Panel,Command,'SetTextButton,4972,,Aux HDMI 6'
2026-03-06 12:09:03.824192,Room0 Virtual Panel,Command,'SetTextButton,4970,,Aux HDMI 4'
2026-03-06 12:09:03.825199,Room2 Virtual Panel,Command,'SetText,Label,4868,,Aux HDMI 2'
2026-03-06 12:09:03.825199,Room5 Virtual Panel,Command,'SetText,Label,4873,,Aux HDMI 7'
2026-03-06 12:09:03.825199,Room1 Virtual Panel,Command,'SetVisible,Label,463,,False'
2026-03-06 12:09:03.825199,Room0 Virtual Panel,Command,'SetText,Label,4871,,Aux HDMI 5'
2026-03-06 12:09:03.825199,Room4 Virtual Panel,Command,'SetVisible,Button,3743,,False'
2026-03-06 12:09:03.825199,Room6 Virtual Panel,Command,'SetText,Label,4853,,CATV 3'
2026-03-06 12:09:03.825199,Room5 Virtual Panel,Command,'SetTextButton,4973,,Aux HDMI 7'
2026-03-06 12:09:03.825199,Room1 Virtual Panel,Command,'SetVisible,Label,464,,False'
2026-03-06 12:09:03.826243,Room3 Virtual Panel,Command,'SetVisible,Button,1669,,False'
2026-03-06 12:09:03.826243,Room1 Virtual Panel,Command,'SetVisible,Label,465,,False'
2026-03-06 12:09:03.826243,Room2 Virtual Panel,Command,'SetTextButton,4968,,Aux HDMI 2'
2026-03-06 12:09:03.826243,Room0 Virtual Panel,Command,'SetTextButton,4971,,Aux HDMI 5'
2026-03-06 12:09:03.826243,Room5 Virtual Panel,Command,'SetText,Label,675,,None'
2026-03-06 12:09:03.826243,Room6 Virtual Panel,Command,'SetTextButton,4953,,CATV 3'
2026-03-06 12:09:03.826243,Room1 Virtual Panel,Command,'SetVisible,Label,466,,False'
2026-03-06 12:09:03.827249,Room2 Virtual Panel,Command,'SetText,Label,4869,,Aux HDMI 3'
2026-03-06 12:09:03.827249,Room5 Virtual Panel,Command,'SetVisible,Label,679,,False'
2026-03-06 12:09:03.827249,Room4 Virtual Panel,Command,'SetEnable,Button,3742,,False'
2026-03-06 12:09:03.827249,Room1 Virtual Panel,Command,'SetVisible,Label,467,,False'
2026-03-06 12:09:03.827249,Room3 Virtual Panel,Command,'SetEnable,Button,1669,,False'
2026-03-06 12:09:03.827249,Room6 Virtual Panel,Command,'SetText,Label,4854,,CATV 4'
2026-03-06 12:09:03.827249,Room0 Virtual Panel,Command,'SetText,Label,4872,,Aux HDMI 6'
2026-03-06 12:09:03.827249,Room5 Virtual Panel,Command,'SetVisible,Button,1669,,False'
2026-03-06 12:09:03.828343,Room1 Virtual Panel,Command,'SetVisible,Label,468,,False'
2026-03-06 12:09:03.828343,Room6 Virtual Panel,Command,'SetTextButton,4954,,CATV 4'
2026-03-06 12:09:03.828343,Room4 Virtual Panel,Command,'SetEnable,Button,3743,,False'
2026-03-06 12:09:03.828343,Room3 Virtual Panel,Command,'SetVisible,Button,3742,,False'
2026-03-06 12:09:03.828343,Room0 Virtual Panel,Command,'SetTextButton,4972,,Aux HDMI 6'
2026-03-06 12:09:03.828343,Room2 Virtual Panel,Command,'SetTextButton,4969,,Aux HDMI 3'
2026-03-06 12:09:03.828343,Room5 Virtual Panel,Command,'SetEnable,Button,1669,,False'
2026-03-06 12:09:03.829343,Room6 Virtual Panel,Command,'SetText,Label,4855,,CATV 5'
2026-03-06 12:09:03.829343,Room1 Virtual Panel,Command,'SetVisible,Label,469,,False'
2026-03-06 12:09:03.829343,Room4 Virtual Panel,Command,'SetEnable,Button,3743,,False'
2026-03-06 12:09:03.829343,Room3 Virtual Panel,Command,'SetVisible,Button,3743,,False'
2026-03-06 12:09:03.829343,Room0 Virtual Panel,Command,'SetText,Label,4873,,Aux HDMI 7'
2026-03-06 12:09:03.829343,Room5 Virtual Panel,Command,'SetVisible,Button,3742,,False'
2026-03-06 12:09:03.829343,Room2 Virtual Panel,Command,'SetText,Label,4870,,Aux HDMI 4'
2026-03-06 12:09:03.829343,Room3 Virtual Panel,Command,'SetVisible,Button,3743,,False'
2026-03-06 12:09:03.829343,Room1 Virtual Panel,Command,'SetVisible,Label,470,,False'
2026-03-06 12:09:03.829343,Room6 Virtual Panel,Command,'SetTextButton,4955,,CATV 5'
2026-03-06 12:09:03.830846,Room5 Virtual Panel,Command,'SetVisible,Button,3743,,False'
2026-03-06 12:09:03.830846,Room2 Virtual Panel,Command,'SetTextButton,4970,,Aux HDMI 4'
2026-03-06 12:09:03.830846,Room6 Virtual Panel,Command,'SetText,Label,4856,,CATV 6'
2026-03-06 12:09:03.831356,Room4 Virtual Panel,Command,'SetVisible,Button,6000,,False'
2026-03-06 12:09:03.831356,Room0 Virtual Panel,Command,'SetTextButton,4973,,Aux HDMI 7'
2026-03-06 12:09:03.831356,Room5 Virtual Panel,Command,'SetVisible,Button,3743,,False'
2026-03-06 12:09:03.831356,Room3 Virtual Panel,Command,'SetEnable,Button,3742,,False'
2026-03-06 12:09:03.831356,Room2 Virtual Panel,Command,'SetText,Label,4871,,Aux HDMI 5'
2026-03-06 12:09:03.831356,Room1 Virtual Panel,Command,'SetVisible,Label,461,,True'
2026-03-06 12:09:03.831356,Room0 Virtual Panel,Command,'SetText,Label,675,,None'
2026-03-06 12:09:03.832359,Room2 Virtual Panel,Command,'SetTextButton,4971,,Aux HDMI 5'
2026-03-06 12:09:03.832359,Room1 Virtual Panel,Command,'SetVisible,Label,442,,False'
2026-03-06 12:09:03.832359,Room6 Virtual Panel,Command,'SetTextButton,4956,,CATV 6'
2026-03-06 12:09:03.832359,Room3 Virtual Panel,Command,'SetEnable,Button,3743,,False'
2026-03-06 12:09:03.832359,Room4 Virtual Panel,Command,'SetVisible,Button,6001,,False'
2026-03-06 12:09:03.832359,Room5 Virtual Panel,Command,'SetEnable,Button,3742,,False'
2026-03-06 12:09:03.832359,Room1 Virtual Panel,Command,'SetVisible,Label,443,,False'
2026-03-06 12:09:03.833359,Room2 Virtual Panel,Command,'SetText,Label,4872,,Aux HDMI 6'
2026-03-06 12:09:03.833359,Room0 Virtual Panel,Command,'SetVisible,Label,679,,False'
2026-03-06 12:09:03.833359,Room6 Virtual Panel,Command,'SetText,Label,4857,,None'
2026-03-06 12:09:03.833359,Room4 Virtual Panel,Command,'SetVisible,Label,462,,False'
2026-03-06 12:09:03.833359,Room1 Virtual Panel,Command,'SetVisible,Label,444,,False'
2026-03-06 12:09:03.833359,Room5 Virtual Panel,Command,'SetEnable,Button,3743,,False'
2026-03-06 12:09:03.833359,Room3 Virtual Panel,Command,'SetEnable,Button,3743,,False'
2026-03-06 12:09:03.833359,Room2 Virtual Panel,Command,'SetTextButton,4972,,Aux HDMI 6'
2026-03-06 12:09:03.834366,Room6 Virtual Panel,Command,'SetTextButton,4957,,None'
2026-03-06 12:09:03.834366,Room4 Virtual Panel,Command,'SetVisible,Label,463,,False'
2026-03-06 12:09:03.834366,Room3 Virtual Panel,Command,'SetVisible,Button,6000,,False'
2026-03-06 12:09:03.834366,Room1 Virtual Panel,Command,'SetVisible,Label,445,,False'
2026-03-06 12:09:03.834366,Room0 Virtual Panel,Command,'SetVisible,Button,1669,,False'
2026-03-06 12:09:03.834366,Room2 Virtual Panel,Command,'SetText,Label,4873,,Aux HDMI 7'
2026-03-06 12:09:03.834366,Room5 Virtual Panel,Command,'SetEnable,Button,3743,,False'
2026-03-06 12:09:03.834366,Room1 Virtual Panel,Command,'SetVisible,Label,446,,False'
2026-03-06 12:09:03.834366,Room3 Virtual Panel,Command,'SetVisible,Button,6001,,False'
2026-03-06 12:09:03.835360,Room6 Virtual Panel,Command,'SetText,Label,4858,,None'
2026-03-06 12:09:03.835360,Room4 Virtual Panel,Command,'SetVisible,Label,464,,False'
2026-03-06 12:09:03.835360,Room2 Virtual Panel,Command,'SetTextButton,4973,,Aux HDMI 7'
2026-03-06 12:09:03.835360,Room1 Virtual Panel,Command,'SetVisible,Label,447,,False'
2026-03-06 12:09:03.835360,Room5 Virtual Panel,Command,'SetVisible,Button,6000,,False'
2026-03-06 12:09:03.835360,Room4 Virtual Panel,Command,'SetVisible,Label,465,,False'
2026-03-06 12:09:03.835360,Room3 Virtual Panel,Command,'SetVisible,Label,462,,False'
2026-03-06 12:09:03.836360,Room1 Virtual Panel,Command,'SetVisible,Label,448,,False'
2026-03-06 12:09:03.836360,Room0 Virtual Panel,Command,'SetEnable,Button,1669,,False'
2026-03-06 12:09:03.836360,Room2 Virtual Panel,Command,'SetText,Label,675,,None'
2026-03-06 12:09:03.836360,Room3 Virtual Panel,Command,'SetVisible,Label,463,,False'
2026-03-06 12:09:03.836360,Room1 Virtual Panel,Command,'SetVisible,Label,449,,False'
2026-03-06 12:09:03.836360,Room4 Virtual Panel,Command,'SetVisible,Label,466,,False'
2026-03-06 12:09:03.836360,Room6 Virtual Panel,Command,'SetTextButton,4958,,None'
2026-03-06 12:09:03.836360,Room5 Virtual Panel,Command,'SetVisible,Button,6001,,False'
2026-03-06 12:09:03.837359,Room0 Virtual Panel,Command,'SetVisible,Button,3742,,False'
2026-03-06 12:09:03.837359,Room1 Virtual Panel,Command,'SetVisible,Label,450,,False'
2026-03-06 12:09:03.837359,Room4 Virtual Panel,Command,'SetVisible,Label,467,,False'
2026-03-06 12:09:03.837359,Room2 Virtual Panel,Command,'SetVisible,Label,679,,False'
2026-03-06 12:09:03.837359,Room3 Virtual Panel,Command,'SetVisible,Label,464,,False'
2026-03-06 12:09:03.837359,Room4 Virtual Panel,Command,'SetVisible,Label,468,,False'
2026-03-06 12:09:03.838360,Room6 Virtual Panel,Command,'SetText,Label,4859,,Security Feed'
2026-03-06 12:09:03.838360,Room5 Virtual Panel,Command,'SetVisible,Label,462,,False'
2026-03-06 12:09:03.838360,Room3 Virtual Panel,Command,'SetVisible,Label,465,,False'
2026-03-06 12:09:03.838360,Room2 Virtual Panel,Command,'SetVisible,Button,1669,,False'
2026-03-06 12:09:03.839363,Room4 Virtual Panel,Command,'SetVisible,Label,469,,False'
2026-03-06 12:09:03.839363,Room1 Virtual Panel,Command,'SetVisible,Label,441,,True'
2026-03-06 12:09:03.839363,Room6 Virtual Panel,Command,'SetTextButton,4959,,Security Feed'
2026-03-06 12:09:03.839363,Room5 Virtual Panel,Command,'SetVisible,Label,463,,False'
2026-03-06 12:09:03.839363,Room2 Virtual Panel,Command,'SetEnable,Button,1669,,False'
2026-03-06 12:09:03.840869,Room1 Virtual Panel,Command,'SetVisible,Button,422,,False'
2026-03-06 12:09:03.840869,Room3 Virtual Panel,Command,'SetVisible,Label,466,,False'
2026-03-06 12:09:03.840869,Room4 Virtual Panel,Command,'SetVisible,Label,470,,False'
2026-03-06 12:09:03.840869,Room5 Virtual Panel,Command,'SetVisible,Label,464,,False'
2026-03-06 12:09:03.841386,Room0 Virtual Panel,Command,'SetVisible,Button,3743,,False'
2026-03-06 12:09:03.841386,Room6 Virtual Panel,Command,'SetText,Label,4860,,Signage'
2026-03-06 12:09:03.841386,Room3 Virtual Panel,Command,'SetVisible,Label,467,,False'
2026-03-06 12:09:03.841386,Room0 Virtual Panel,Command,'SetVisible,Button,3743,,False'
2026-03-06 12:09:03.841386,Room5 Virtual Panel,Command,'SetVisible,Label,465,,False'
2026-03-06 12:09:03.841386,Room2 Virtual Panel,Command,'SetVisible,Button,3742,,False'
2026-03-06 12:09:03.841386,Room1 Virtual Panel,Command,'SetVisible,Button,423,,False'
2026-03-06 12:09:03.842391,Room4 Virtual Panel,Command,'SetVisible,Label,461,,True'
2026-03-06 12:09:03.842391,Room2 Virtual Panel,Command,'SetVisible,Button,3743,,False'
2026-03-06 12:09:03.842391,Room6 Virtual Panel,Command,'SetTextButton,4960,,Signage'
2026-03-06 12:09:03.842391,Room1 Virtual Panel,Command,'SetVisible,Button,424,,False'
2026-03-06 12:09:03.842391,Room5 Virtual Panel,Command,'SetVisible,Label,466,,False'
2026-03-06 12:09:03.842799,Room0 Virtual Panel,Command,'SetEnable,Button,3742,,False'
2026-03-06 12:09:03.842799,Room4 Virtual Panel,Command,'SetVisible,Label,442,,False'
2026-03-06 12:09:03.842799,Room2 Virtual Panel,Command,'SetVisible,Button,3743,,False'
2026-03-06 12:09:03.842799,Room1 Virtual Panel,Command,'SetVisible,Button,425,,False'
2026-03-06 12:09:03.842799,Room6 Virtual Panel,Command,'SetText,Label,4861,,none'
2026-03-06 12:09:03.843396,Room5 Virtual Panel,Command,'SetVisible,Label,467,,False'
2026-03-06 12:09:03.843396,Room4 Virtual Panel,Command,'SetVisible,Label,443,,False'
2026-03-06 12:09:03.843396,Room3 Virtual Panel,Command,'SetVisible,Label,468,,False'
2026-03-06 12:09:03.843396,Room0 Virtual Panel,Command,'SetEnable,Button,3743,,False'
2026-03-06 12:09:03.843396,Room5 Virtual Panel,Command,'SetVisible,Label,468,,False'
2026-03-06 12:09:03.843396,Room4 Virtual Panel,Command,'SetVisible,Label,444,,False'
2026-03-06 12:09:03.843396,Room2 Virtual Panel,Command,'SetEnable,Button,3742,,False'
2026-03-06 12:09:03.843396,Room1 Virtual Panel,Command,'SetVisible,Button,426,,False'
2026-03-06 12:09:03.843396,Room6 Virtual Panel,Command,'SetTextButton,4961,,none'
2026-03-06 12:09:03.843396,Room3 Virtual Panel,Command,'SetVisible,Label,469,,False'
2026-03-06 12:09:03.843396,Room5 Virtual Panel,Command,'SetVisible,Label,469,,False'
2026-03-06 12:09:03.843396,Room0 Virtual Panel,Command,'SetEnable,Button,3743,,False'
2026-03-06 12:09:03.843396,Room1 Virtual Panel,Command,'SetVisible,Button,427,,False'
2026-03-06 12:09:03.843396,Room5 Virtual Panel,Command,'SetVisible,Label,470,,False'
2026-03-06 12:09:03.844831,Room6 Virtual Panel,Command,'SetText,Label,4862,,none'
2026-03-06 12:09:03.844831,Room4 Virtual Panel,Command,'SetVisible,Label,445,,False'
2026-03-06 12:09:03.844831,Room3 Virtual Panel,Command,'SetVisible,Label,470,,False'
2026-03-06 12:09:03.844831,Room2 Virtual Panel,Command,'SetEnable,Button,3743,,False'
2026-03-06 12:09:03.844831,Room1 Virtual Panel,Command,'SetVisible,Button,428,,False'
2026-03-06 12:09:03.844831,Room5 Virtual Panel,Command,'SetVisible,Label,461,,True'
2026-03-06 12:09:03.844831,Room4 Virtual Panel,Command,'SetVisible,Label,446,,False'
2026-03-06 12:09:03.844831,Room6 Virtual Panel,Command,'SetTextButton,4962,,none'
2026-03-06 12:09:03.845836,Room2 Virtual Panel,Command,'SetEnable,Button,3743,,False'
2026-03-06 12:09:03.845836,Room1 Virtual Panel,Command,'SetVisible,Button,429,,False'
2026-03-06 12:09:03.845836,Room4 Virtual Panel,Command,'SetVisible,Label,447,,False'
2026-03-06 12:09:03.845836,Room0 Virtual Panel,Command,'SetVisible,Button,6000,,False'
2026-03-06 12:09:03.845836,Room5 Virtual Panel,Command,'SetVisible,Label,442,,False'
2026-03-06 12:09:03.845836,Room2 Virtual Panel,Command,'SetVisible,Button,6000,,False'
2026-03-06 12:09:03.845836,Room3 Virtual Panel,Command,'SetVisible,Label,461,,True'
2026-03-06 12:09:03.846838,Room6 Virtual Panel,Command,'SetText,Label,4863,,BWD Feed 1'
2026-03-06 12:09:03.846838,Room2 Virtual Panel,Command,'SetVisible,Button,6001,,False'
2026-03-06 12:09:03.846838,Room1 Virtual Panel,Command,'SetVisible,Button,430,,False'
2026-03-06 12:09:03.846838,Room0 Virtual Panel,Command,'SetVisible,Button,6001,,False'
2026-03-06 12:09:03.846838,Room5 Virtual Panel,Command,'SetVisible,Label,443,,False'
2026-03-06 12:09:03.846838,Room4 Virtual Panel,Command,'SetVisible,Label,448,,False'
2026-03-06 12:09:03.846838,Room6 Virtual Panel,Command,'SetTextButton,4963,,BWD Feed 1'
2026-03-06 12:09:03.846838,Room3 Virtual Panel,Command,'SetVisible,Label,442,,False'
2026-03-06 12:09:03.846838,Room0 Virtual Panel,Command,'SetVisible,Label,462,,False'
2026-03-06 12:09:03.847836,Room2 Virtual Panel,Command,'SetVisible,Label,462,,False'
2026-03-06 12:09:03.847836,Room1 Virtual Panel,Command,'SetVisible,Button,421,,True'
2026-03-06 12:09:03.847836,Room6 Virtual Panel,Command,'SetText,Label,4864,,BWD Feed 2'
2026-03-06 12:09:03.847836,Room3 Virtual Panel,Command,'SetVisible,Label,443,,False'
2026-03-06 12:09:03.847836,Room4 Virtual Panel,Command,'SetVisible,Label,449,,False'
2026-03-06 12:09:03.847836,Room0 Virtual Panel,Command,'SetVisible,Label,463,,False'
2026-03-06 12:09:03.847836,Room2 Virtual Panel,Command,'SetVisible,Label,463,,False'
2026-03-06 12:09:03.847836,Room6 Virtual Panel,Command,'SetTextButton,4964,,BWD Feed 2'
2026-03-06 12:09:03.847836,Room5 Virtual Panel,Command,'SetVisible,Label,444,,False'
2026-03-06 12:09:03.848837,Room1 Virtual Panel,Command,'SetVisible,Button,3062,,False'
2026-03-06 12:09:03.848837,Room4 Virtual Panel,Command,'SetVisible,Label,450,,False'
2026-03-06 12:09:03.848837,Room0 Virtual Panel,Command,'SetVisible,Label,464,,False'
2026-03-06 12:09:03.848837,Room5 Virtual Panel,Command,'SetVisible,Label,445,,False'
2026-03-06 12:09:03.848837,Room3 Virtual Panel,Command,'SetVisible,Label,444,,False'
2026-03-06 12:09:03.848837,Room6 Virtual Panel,Command,'SetText,Label,4865,,BWD Feed 3'
2026-03-06 12:09:03.848837,Room3 Virtual Panel,Command,'SetVisible,Label,445,,False'
2026-03-06 12:09:03.848837,Room0 Virtual Panel,Command,'SetVisible,Label,465,,False'
2026-03-06 12:09:03.849837,Room2 Virtual Panel,Command,'SetVisible,Label,464,,False'
2026-03-06 12:09:03.849837,Room1 Virtual Panel,Command,'SetVisible,Button,3063,,False'
2026-03-06 12:09:03.849837,Room5 Virtual Panel,Command,'SetVisible,Label,446,,False'
2026-03-06 12:09:03.849837,Room2 Virtual Panel,Command,'SetVisible,Label,465,,False'
2026-03-06 12:09:03.849837,Room0 Virtual Panel,Command,'SetVisible,Label,466,,False'
2026-03-06 12:09:03.849837,Room4 Virtual Panel,Command,'SetVisible,Label,441,,True'
2026-03-06 12:09:03.849837,Room3 Virtual Panel,Command,'SetVisible,Label,446,,False'
2026-03-06 12:09:03.849837,Room6 Virtual Panel,Command,'SetTextButton,4965,,BWD Feed 3'
2026-03-06 12:09:03.849837,Room5 Virtual Panel,Command,'SetVisible,Label,447,,False'
2026-03-06 12:09:03.850838,Room1 Virtual Panel,Command,'SetVisible,Button,3064,,False'
2026-03-06 12:09:03.850838,Room0 Virtual Panel,Command,'SetVisible,Label,467,,False'
2026-03-06 12:09:03.850838,Room4 Virtual Panel,Command,'SetVisible,Button,422,,False'
2026-03-06 12:09:03.850838,Room6 Virtual Panel,Command,'SetText,Label,4866,,BWD Feed 4'
2026-03-06 12:09:03.850838,Room5 Virtual Panel,Command,'SetVisible,Label,448,,False'
2026-03-06 12:09:03.851344,Room2 Virtual Panel,Command,'SetVisible,Label,466,,False'
2026-03-06 12:09:03.851344,Room3 Virtual Panel,Command,'SetVisible,Label,447,,False'
2026-03-06 12:09:03.851344,Room0 Virtual Panel,Command,'SetVisible,Label,468,,False'
2026-03-06 12:09:03.851344,Room4 Virtual Panel,Command,'SetVisible,Button,423,,False'
2026-03-06 12:09:03.851344,Room1 Virtual Panel,Command,'SetVisible,Button,3065,,False'
2026-03-06 12:09:03.851344,Room2 Virtual Panel,Command,'SetVisible,Label,467,,False'
2026-03-06 12:09:03.851344,Room6 Virtual Panel,Command,'SetTextButton,4966,,BWD Feed 4'
2026-03-06 12:09:03.851344,Room5 Virtual Panel,Command,'SetVisible,Label,449,,False'
2026-03-06 12:09:03.852350,Room3 Virtual Panel,Command,'SetVisible,Label,448,,False'
2026-03-06 12:09:03.852350,Room0 Virtual Panel,Command,'SetVisible,Label,469,,False'
2026-03-06 12:09:03.852350,Room6 Virtual Panel,Command,'SetText,Label,4867,,Aux HDMI 1'
2026-03-06 12:09:03.852350,Room2 Virtual Panel,Command,'SetVisible,Label,468,,False'
2026-03-06 12:09:03.852350,Room5 Virtual Panel,Command,'SetVisible,Label,450,,False'
2026-03-06 12:09:03.852350,Room4 Virtual Panel,Command,'SetVisible,Button,424,,False'
2026-03-06 12:09:03.852350,Room1 Virtual Panel,Command,'SetVisible,Button,3066,,False'
2026-03-06 12:09:03.853351,Room3 Virtual Panel,Command,'SetVisible,Label,449,,False'
2026-03-06 12:09:03.853351,Room2 Virtual Panel,Command,'SetVisible,Label,469,,False'
2026-03-06 12:09:03.853351,Room0 Virtual Panel,Command,'SetVisible,Label,470,,False'
2026-03-06 12:09:03.853351,Room4 Virtual Panel,Command,'SetVisible,Button,425,,False'
2026-03-06 12:09:03.853351,Room3 Virtual Panel,Command,'SetVisible,Label,450,,False'
2026-03-06 12:09:03.853351,Room6 Virtual Panel,Command,'SetTextButton,4967,,Aux HDMI 1'
2026-03-06 12:09:03.853351,Room1 Virtual Panel,Command,'SetVisible,Button,3067,,False'
2026-03-06 12:09:03.854357,Room2 Virtual Panel,Command,'SetVisible,Label,470,,False'
2026-03-06 12:09:03.854357,Room0 Virtual Panel,Command,'SetVisible,Label,461,,True'
2026-03-06 12:09:03.854357,Room1 Virtual Panel,Command,'SetVisible,Button,3068,,False'
2026-03-06 12:09:03.854357,Room4 Virtual Panel,Command,'SetVisible,Button,426,,False'
2026-03-06 12:09:03.854357,Room5 Virtual Panel,Command,'SetVisible,Label,441,,True'
2026-03-06 12:09:03.854357,Room6 Virtual Panel,Command,'SetText,Label,4868,,Aux HDMI 2'
2026-03-06 12:09:03.854357,Room2 Virtual Panel,Command,'SetVisible,Label,461,,True'
2026-03-06 12:09:03.855349,Room0 Virtual Panel,Command,'SetVisible,Label,442,,False'
2026-03-06 12:09:03.855349,Room4 Virtual Panel,Command,'SetVisible,Button,427,,False'
2026-03-06 12:09:03.855349,Room3 Virtual Panel,Command,'SetVisible,Label,441,,True'
2026-03-06 12:09:03.855349,Room2 Virtual Panel,Command,'SetVisible,Label,442,,False'
2026-03-06 12:09:03.855349,Room1 Virtual Panel,Command,'SetVisible,Button,3069,,False'
2026-03-06 12:09:03.855349,Room6 Virtual Panel,Command,'SetTextButton,4968,,Aux HDMI 2'
2026-03-06 12:09:03.855349,Room0 Virtual Panel,Command,'SetVisible,Label,443,,False'
2026-03-06 12:09:03.855349,Room4 Virtual Panel,Command,'SetVisible,Button,428,,False'
2026-03-06 12:09:03.856349,Room5 Virtual Panel,Command,'SetVisible,Button,422,,False'
2026-03-06 12:09:03.856349,Room2 Virtual Panel,Command,'SetVisible,Label,443,,False'
2026-03-06 12:09:03.856349,Room1 Virtual Panel,Command,'SetVisible,Button,3070,,False'
2026-03-06 12:09:03.856349,Room3 Virtual Panel,Command,'SetVisible,Button,422,,False'
2026-03-06 12:09:03.856349,Room0 Virtual Panel,Command,'SetVisible,Label,444,,False'
2026-03-06 12:09:03.856349,Room5 Virtual Panel,Command,'SetVisible,Button,423,,False'
2026-03-06 12:09:03.856349,Room6 Virtual Panel,Command,'SetText,Label,4869,,Aux HDMI 3'
2026-03-06 12:09:03.856349,Room2 Virtual Panel,Command,'SetVisible,Label,444,,False'
2026-03-06 12:09:03.857349,Room4 Virtual Panel,Command,'SetVisible,Button,429,,False'
2026-03-06 12:09:03.857349,Room0 Virtual Panel,Command,'SetVisible,Label,445,,False'
2026-03-06 12:09:03.857349,Room3 Virtual Panel,Command,'SetVisible,Button,423,,False'
2026-03-06 12:09:03.857349,Room2 Virtual Panel,Command,'SetVisible,Label,445,,False'
2026-03-06 12:09:03.857349,Room4 Virtual Panel,Command,'SetVisible,Button,430,,False'
2026-03-06 12:09:03.857349,Room5 Virtual Panel,Command,'SetVisible,Button,424,,False'
2026-03-06 12:09:03.857349,Room1 Virtual Panel,Command,'SetVisible,Button,3061,,True'
2026-03-06 12:09:03.858349,Room0 Virtual Panel,Command,'SetVisible,Label,446,,False'
2026-03-06 12:09:03.858349,Room2 Virtual Panel,Command,'SetVisible,Label,446,,False'
2026-03-06 12:09:03.858349,Room3 Virtual Panel,Command,'SetVisible,Button,424,,False'
2026-03-06 12:09:03.858349,Room5 Virtual Panel,Command,'SetVisible,Button,425,,False'
2026-03-06 12:09:03.858349,Room6 Virtual Panel,Command,'SetTextButton,4969,,Aux HDMI 3'
2026-03-06 12:09:03.858349,Room0 Virtual Panel,Command,'SetVisible,Label,447,,False'
2026-03-06 12:09:03.858349,Room2 Virtual Panel,Command,'SetVisible,Label,447,,False'
2026-03-06 12:09:03.858349,Room1 Virtual Panel,Command,'SetText,Label,461,,Display'
2026-03-06 12:09:03.859350,Room2 Virtual Panel,Command,'SetVisible,Label,448,,False'
2026-03-06 12:09:03.859350,Room5 Virtual Panel,Command,'SetVisible,Button,426,,False'
2026-03-06 12:09:03.859350,Room6 Virtual Panel,Command,'SetText,Label,4870,,Aux HDMI 4'
2026-03-06 12:09:03.859350,Room3 Virtual Panel,Command,'SetVisible,Button,425,,False'
2026-03-06 12:09:03.859350,Room0 Virtual Panel,Command,'SetVisible,Label,448,,False'
2026-03-06 12:09:03.859350,Room5 Virtual Panel,Command,'SetVisible,Button,427,,False'
2026-03-06 12:09:03.859350,Room1 Virtual Panel,Command,'SetText,Label,441,,'
2026-03-06 12:09:03.859350,Room2 Virtual Panel,Command,'SetVisible,Label,449,,False'
2026-03-06 12:09:03.859350,Room6 Virtual Panel,Command,'SetTextButton,4970,,Aux HDMI 4'
2026-03-06 12:09:03.859350,Room4 Virtual Panel,Command,'SetVisible,Button,421,,True'
2026-03-06 12:09:03.859350,Room2 Virtual Panel,Command,'SetVisible,Label,450,,False'
2026-03-06 12:09:03.859350,Room0 Virtual Panel,Command,'SetVisible,Label,449,,False'
2026-03-06 12:09:03.860857,Room3 Virtual Panel,Command,'SetVisible,Button,426,,False'
2026-03-06 12:09:03.860857,Room0 Virtual Panel,Command,'SetVisible,Label,450,,False'
2026-03-06 12:09:03.861371,Room5 Virtual Panel,Command,'SetVisible,Button,428,,False'
2026-03-06 12:09:03.861371,Room6 Virtual Panel,Command,'SetText,Label,4871,,Aux HDMI 5'
2026-03-06 12:09:03.861371,Room2 Virtual Panel,Command,'SetVisible,Label,441,,True'
2026-03-06 12:09:03.861371,Room1 Virtual Panel,Command,'SetStateButton,421,,0'
2026-03-06 12:09:03.861371,Room3 Virtual Panel,Command,'SetVisible,Button,427,,False'
2026-03-06 12:09:03.861371,Room0 Virtual Panel,Command,'SetVisible,Label,441,,True'
2026-03-06 12:09:03.861371,Room5 Virtual Panel,Command,'SetVisible,Button,429,,False'
2026-03-06 12:09:03.861371,Room4 Virtual Panel,Command,'SetVisible,Button,3062,,False'
2026-03-06 12:09:03.862379,Room6 Virtual Panel,Command,'SetTextButton,4971,,Aux HDMI 5'
2026-03-06 12:09:03.862379,Room3 Virtual Panel,Command,'SetVisible,Button,428,,False'
2026-03-06 12:09:03.862379,Room2 Virtual Panel,Command,'SetVisible,Button,422,,False'
2026-03-06 12:09:03.862379,Room1 Virtual Panel,Command,'SetVisible,Button,295,,False'
2026-03-06 12:09:03.862812,Room0 Virtual Panel,Command,'SetVisible,Button,422,,False'
2026-03-06 12:09:03.862812,Room4 Virtual Panel,Command,'SetVisible,Button,3063,,False'
2026-03-06 12:09:03.862812,Room5 Virtual Panel,Command,'SetVisible,Button,430,,False'
2026-03-06 12:09:03.863377,Room6 Virtual Panel,Command,'SetText,Label,4872,,Aux HDMI 6'
2026-03-06 12:09:03.863377,Room3 Virtual Panel,Command,'SetVisible,Button,429,,False'
2026-03-06 12:09:03.863377,Room2 Virtual Panel,Command,'SetVisible,Button,423,,False'
2026-03-06 12:09:03.863377,Room1 Virtual Panel,Command,'SetVisible,Label,296,,False'
2026-03-06 12:09:03.863377,Room3 Virtual Panel,Command,'SetVisible,Button,430,,False'
2026-03-06 12:09:03.863377,Room0 Virtual Panel,Command,'SetVisible,Button,423,,False'
2026-03-06 12:09:03.863377,Room1 Virtual Panel,Command,'SetVisible,Label,297,,False'
2026-03-06 12:09:03.863377,Room5 Virtual Panel,Command,'SetVisible,Button,421,,True'
2026-03-06 12:09:03.864379,Room4 Virtual Panel,Command,'SetVisible,Button,3064,,False'
2026-03-06 12:09:03.864379,Room6 Virtual Panel,Command,'SetTextButton,4972,,Aux HDMI 6'
2026-03-06 12:09:03.864379,Room3 Virtual Panel,Command,'SetVisible,Button,421,,True'
2026-03-06 12:09:03.864379,Room5 Virtual Panel,Command,'SetVisible,Button,3062,,False'
2026-03-06 12:09:03.864379,Room2 Virtual Panel,Command,'SetVisible,Button,424,,False'
2026-03-06 12:09:03.864379,Room0 Virtual Panel,Command,'SetVisible,Button,424,,False'
2026-03-06 12:09:03.864379,Room4 Virtual Panel,Command,'SetVisible,Button,3065,,False'
2026-03-06 12:09:03.865381,Room5 Virtual Panel,Command,'SetVisible,Button,3063,,False'
2026-03-06 12:09:03.865381,Room6 Virtual Panel,Command,'SetText,Label,4873,,Aux HDMI 7'
2026-03-06 12:09:03.865381,Room3 Virtual Panel,Command,'SetVisible,Button,3062,,False'
2026-03-06 12:09:03.865381,Room0 Virtual Panel,Command,'SetVisible,Button,425,,False'
2026-03-06 12:09:03.866377,Room5 Virtual Panel,Command,'SetVisible,Button,3064,,False'
2026-03-06 12:09:03.866377,Room4 Virtual Panel,Command,'SetVisible,Button,3066,,False'
2026-03-06 12:09:03.866377,Room3 Virtual Panel,Command,'SetVisible,Button,3063,,False'
2026-03-06 12:09:03.866377,Room2 Virtual Panel,Command,'SetVisible,Button,425,,False'
2026-03-06 12:09:03.867377,Room5 Virtual Panel,Command,'SetVisible,Button,3065,,False'
2026-03-06 12:09:03.867377,Room6 Virtual Panel,Command,'SetTextButton,4973,,Aux HDMI 7'
2026-03-06 12:09:03.867377,Room3 Virtual Panel,Command,'SetVisible,Button,3064,,False'
2026-03-06 12:09:03.867377,Room1 Virtual Panel,Command,'SetVisible,Label,8601,,False'
2026-03-06 12:09:03.867377,Room4 Virtual Panel,Command,'SetVisible,Button,3067,,False'
2026-03-06 12:09:03.867377,Room0 Virtual Panel,Command,'SetVisible,Button,426,,False'
2026-03-06 12:09:03.867377,Room2 Virtual Panel,Command,'SetVisible,Button,426,,False'
2026-03-06 12:09:03.867377,Room5 Virtual Panel,Command,'SetVisible,Button,3066,,False'
2026-03-06 12:09:03.868376,Room0 Virtual Panel,Command,'SetVisible,Button,427,,False'
2026-03-06 12:09:03.868376,Room4 Virtual Panel,Command,'SetVisible,Button,3068,,False'
2026-03-06 12:09:03.868376,Room3 Virtual Panel,Command,'SetVisible,Button,3065,,False'
2026-03-06 12:09:03.868376,Room5 Virtual Panel,Command,'SetVisible,Button,3067,,False'
2026-03-06 12:09:03.868376,Room6 Virtual Panel,Command,'SetText,Label,675,,None'
2026-03-06 12:09:03.868376,Room1 Virtual Panel,Command,'SetVisible,Label,8602,,False'
2026-03-06 12:09:03.868376,Room5 Virtual Panel,Command,'SetVisible,Button,3068,,False'
2026-03-06 12:09:03.869375,Room4 Virtual Panel,Command,'SetVisible,Button,3069,,False'
2026-03-06 12:09:03.869375,Room0 Virtual Panel,Command,'SetVisible,Button,428,,False'
2026-03-06 12:09:03.869375,Room3 Virtual Panel,Command,'SetVisible,Button,3066,,False'
2026-03-06 12:09:03.869375,Room2 Virtual Panel,Command,'SetVisible,Button,427,,False'
2026-03-06 12:09:03.869375,Room1 Virtual Panel,Command,'SetVisible,Label,8603,,False'
2026-03-06 12:09:03.869375,Room6 Virtual Panel,Command,'SetVisible,Label,679,,False'
2026-03-06 12:09:03.869375,Room4 Virtual Panel,Command,'SetVisible,Button,3070,,False'
2026-03-06 12:09:03.869375,Room5 Virtual Panel,Command,'SetVisible,Button,3069,,False'
2026-03-06 12:09:03.869375,Room0 Virtual Panel,Command,'SetVisible,Button,429,,False'
2026-03-06 12:09:03.869375,Room2 Virtual Panel,Command,'SetVisible,Button,428,,False'
2026-03-06 12:09:03.869375,Room3 Virtual Panel,Command,'SetVisible,Button,3067,,False'
2026-03-06 12:09:03.869375,Room1 Virtual Panel,Command,'SetVisible,Label,8604,,False'
2026-03-06 12:09:03.870878,Room6 Virtual Panel,Command,'SetVisible,Button,1669,,False'
2026-03-06 12:09:03.870878,Room2 Virtual Panel,Command,'SetVisible,Button,429,,False'
2026-03-06 12:09:03.870878,Room4 Virtual Panel,Command,'SetVisible,Button,3061,,True'
2026-03-06 12:09:03.870878,Room1 Virtual Panel,Command,'SetVisible,Label,8605,,False'
2026-03-06 12:09:03.870878,Room6 Virtual Panel,Command,'SetEnable,Button,1669,,False'
2026-03-06 12:09:03.871389,Room0 Virtual Panel,Command,'SetVisible,Button,430,,False'
2026-03-06 12:09:03.871389,Room3 Virtual Panel,Command,'SetVisible,Button,3068,,False'
2026-03-06 12:09:03.871389,Room4 Virtual Panel,Command,'SetText,Label,461,,Display'
2026-03-06 12:09:03.871389,Room5 Virtual Panel,Command,'SetVisible,Button,3070,,False'
2026-03-06 12:09:03.871389,Room6 Virtual Panel,Command,'SetVisible,Button,3742,,False'
2026-03-06 12:09:03.871389,Room1 Virtual Panel,Command,'SetVisible,Label,8606,,False'
2026-03-06 12:09:03.872393,Room2 Virtual Panel,Command,'SetVisible,Button,430,,False'
2026-03-06 12:09:03.872393,Room6 Virtual Panel,Command,'SetVisible,Button,3743,,False'
2026-03-06 12:09:03.872393,Room0 Virtual Panel,Command,'SetVisible,Button,421,,True'
2026-03-06 12:09:03.872393,Room3 Virtual Panel,Command,'SetVisible,Button,3069,,False'
2026-03-06 12:09:03.872393,Room5 Virtual Panel,Command,'SetVisible,Button,3061,,True'
2026-03-06 12:09:03.872393,Room1 Virtual Panel,Command,'SetVisible,Button,8501,,False'
2026-03-06 12:09:03.872393,Room6 Virtual Panel,Command,'SetVisible,Button,3743,,False'
2026-03-06 12:09:03.872393,Room4 Virtual Panel,Command,'SetText,Label,441,,'
2026-03-06 12:09:03.873392,Room0 Virtual Panel,Command,'SetVisible,Button,3062,,False'
2026-03-06 12:09:03.873392,Room3 Virtual Panel,Command,'SetVisible,Button,3070,,False'
2026-03-06 12:09:03.873392,Room2 Virtual Panel,Command,'SetVisible,Button,421,,True'
2026-03-06 12:09:03.873392,Room0 Virtual Panel,Command,'SetVisible,Button,3063,,False'
2026-03-06 12:09:03.873392,Room1 Virtual Panel,Command,'SetVisible,Button,8502,,False'
2026-03-06 12:09:03.873392,Room4 Virtual Panel,Command,'SetStateButton,421,,0'
2026-03-06 12:09:03.873392,Room2 Virtual Panel,Command,'SetVisible,Button,3062,,False'
2026-03-06 12:09:03.873392,Room0 Virtual Panel,Command,'SetVisible,Button,3064,,False'
2026-03-06 12:09:03.873392,Room5 Virtual Panel,Command,'SetText,Label,461,,Display'
2026-03-06 12:09:03.874394,Room1 Virtual Panel,Command,'SetVisible,Button,8503,,False'
2026-03-06 12:09:03.874394,Room4 Virtual Panel,Command,'SetVisible,Button,295,,False'
2026-03-06 12:09:03.874394,Room6 Virtual Panel,Command,'SetEnable,Button,3742,,False'
2026-03-06 12:09:03.874394,Room2 Virtual Panel,Command,'SetVisible,Button,3063,,False'
2026-03-06 12:09:03.874394,Room0 Virtual Panel,Command,'SetVisible,Button,3065,,False'
2026-03-06 12:09:03.874394,Room4 Virtual Panel,Command,'SetVisible,Label,296,,False'
2026-03-06 12:09:03.874394,Room5 Virtual Panel,Command,'SetText,Label,441,,'
2026-03-06 12:09:03.875394,Room1 Virtual Panel,Command,'SetVisible,Button,8504,,False'
2026-03-06 12:09:03.875394,Room6 Virtual Panel,Command,'SetEnable,Button,3743,,False'
2026-03-06 12:09:03.875394,Room3 Virtual Panel,Command,'SetVisible,Button,3061,,True'
2026-03-06 12:09:03.875394,Room4 Virtual Panel,Command,'SetVisible,Label,297,,False'
2026-03-06 12:09:03.875394,Room2 Virtual Panel,Command,'SetVisible,Button,3064,,False'
2026-03-06 12:09:03.875394,Room0 Virtual Panel,Command,'SetVisible,Button,3066,,False'
2026-03-06 12:09:03.875394,Room1 Virtual Panel,Command,'SetVisible,Button,8505,,False'
2026-03-06 12:09:03.875394,Room6 Virtual Panel,Command,'SetEnable,Button,3743,,False'
2026-03-06 12:09:03.876393,Room2 Virtual Panel,Command,'SetVisible,Button,3065,,False'
2026-03-06 12:09:03.876393,Room5 Virtual Panel,Command,'SetStateButton,421,,0'
2026-03-06 12:09:03.876393,Room6 Virtual Panel,Command,'SetVisible,Button,6000,,False'
2026-03-06 12:09:03.876393,Room1 Virtual Panel,Command,'SetVisible,Button,8506,,False'
2026-03-06 12:09:03.876393,Room2 Virtual Panel,Command,'SetVisible,Button,3066,,False'
2026-03-06 12:09:03.876393,Room5 Virtual Panel,Command,'SetVisible,Button,295,,False'
2026-03-06 12:09:03.876393,Room0 Virtual Panel,Command,'SetVisible,Button,3067,,False'
2026-03-06 12:09:03.876393,Room1 Virtual Panel,Command,'SetVisible,Button,8511,,False'
2026-03-06 12:09:03.877393,Room3 Virtual Panel,Command,'SetText,Label,461,,Display'
2026-03-06 12:09:03.877393,Room6 Virtual Panel,Command,'SetVisible,Button,6001,,False'
2026-03-06 12:09:03.877393,Room1 Virtual Panel,Command,'SetVisible,Button,8512,,False'
2026-03-06 12:09:03.877393,Room2 Virtual Panel,Command,'SetVisible,Button,3067,,False'
2026-03-06 12:09:03.877393,Room5 Virtual Panel,Command,'SetVisible,Label,296,,False'
2026-03-06 12:09:03.877393,Room1 Virtual Panel,Command,'SetVisible,Button,8513,,False'
2026-03-06 12:09:03.878394,Room4 Virtual Panel,Command,'SetVisible,Label,8601,,False'
2026-03-06 12:09:03.878394,Room3 Virtual Panel,Command,'SetText,Label,441,,'
2026-03-06 12:09:03.878394,Room5 Virtual Panel,Command,'SetVisible,Label,297,,False'
2026-03-06 12:09:03.878394,Room2 Virtual Panel,Command,'SetVisible,Button,3068,,False'
2026-03-06 12:09:03.878394,Room6 Virtual Panel,Command,'SetVisible,Label,461,,False'
2026-03-06 12:09:03.878394,Room0 Virtual Panel,Command,'SetVisible,Button,3068,,False'
2026-03-06 12:09:03.878394,Room4 Virtual Panel,Command,'SetVisible,Label,8602,,False'
2026-03-06 12:09:03.879394,Room2 Virtual Panel,Command,'SetVisible,Button,3069,,False'
2026-03-06 12:09:03.879394,Room0 Virtual Panel,Command,'SetVisible,Button,3069,,False'
2026-03-06 12:09:03.879394,Room1 Virtual Panel,Command,'SetVisible,Button,8514,,False'
2026-03-06 12:09:03.879394,Room2 Virtual Panel,Command,'SetVisible,Button,3070,,False'
2026-03-06 12:09:03.879394,Room3 Virtual Panel,Command,'SetStateButton,421,,0'
2026-03-06 12:09:03.879394,Room1 Virtual Panel,Command,'SetVisible,Button,8515,,False'
2026-03-06 12:09:03.879394,Room0 Virtual Panel,Command,'SetVisible,Button,3070,,False'
2026-03-06 12:09:03.879394,Room4 Virtual Panel,Command,'SetVisible,Label,8603,,False'
2026-03-06 12:09:03.879394,Room6 Virtual Panel,Command,'SetVisible,Label,462,,False'
2026-03-06 12:09:03.880907,Room2 Virtual Panel,Command,'SetVisible,Button,3061,,True'
2026-03-06 12:09:03.880907,Room4 Virtual Panel,Command,'SetVisible,Label,8604,,False'
2026-03-06 12:09:03.880907,Room1 Virtual Panel,Command,'SetVisible,Button,8516,,False'
2026-03-06 12:09:03.880907,Room4 Virtual Panel,Command,'SetVisible,Label,8605,,False'
2026-03-06 12:09:03.881557,Room0 Virtual Panel,Command,'SetVisible,Button,3061,,True'
2026-03-06 12:09:03.881557,Room5 Virtual Panel,Command,'SetVisible,Label,8601,,False'
2026-03-06 12:09:03.881557,Room3 Virtual Panel,Command,'SetVisible,Button,295,,False'
2026-03-06 12:09:03.881557,Room2 Virtual Panel,Command,'SetText,Label,461,,Display'
2026-03-06 12:09:03.881557,Room4 Virtual Panel,Command,'SetVisible,Label,8606,,False'
2026-03-06 12:09:03.881557,Room5 Virtual Panel,Command,'SetVisible,Label,8602,,False'
2026-03-06 12:09:03.881557,Room3 Virtual Panel,Command,'SetVisible,Label,296,,False'
2026-03-06 12:09:03.881557,Room1 Virtual Panel,Command,'SetVisible,Button,8521,,False'
2026-03-06 12:09:03.881557,Room6 Virtual Panel,Command,'SetVisible,Label,463,,False'
2026-03-06 12:09:03.882560,Room0 Virtual Panel,Command,'SetText,Label,461,,Display'
2026-03-06 12:09:03.882560,Room2 Virtual Panel,Command,'SetText,Label,441,,'
2026-03-06 12:09:03.882560,Room6 Virtual Panel,Command,'SetVisible,Label,464,,False'
2026-03-06 12:09:03.883356,Room5 Virtual Panel,Command,'SetVisible,Label,8603,,False'
2026-03-06 12:09:03.883356,Room1 Virtual Panel,Command,'SetVisible,Button,8522,,False'
2026-03-06 12:09:03.883356,Room3 Virtual Panel,Command,'SetVisible,Label,297,,False'
2026-03-06 12:09:03.883356,Room4 Virtual Panel,Command,'SetVisible,Button,8501,,False'
2026-03-06 12:09:03.883356,Room2 Virtual Panel,Command,'SetStateButton,421,,0'
2026-03-06 12:09:03.883356,Room5 Virtual Panel,Command,'SetVisible,Label,8604,,False'
2026-03-06 12:09:03.883356,Room6 Virtual Panel,Command,'SetVisible,Label,465,,False'
2026-03-06 12:09:03.883356,Room1 Virtual Panel,Command,'SetVisible,Button,8523,,False'
2026-03-06 12:09:03.884365,Room5 Virtual Panel,Command,'SetVisible,Label,8605,,False'
2026-03-06 12:09:03.884365,Room2 Virtual Panel,Command,'SetVisible,Button,295,,False'
2026-03-06 12:09:03.884365,Room1 Virtual Panel,Command,'SetVisible,Button,8524,,False'
2026-03-06 12:09:03.884365,Room4 Virtual Panel,Command,'SetVisible,Button,8502,,False'
2026-03-06 12:09:03.884365,Room6 Virtual Panel,Command,'SetVisible,Label,466,,False'
2026-03-06 12:09:03.884365,Room0 Virtual Panel,Command,'SetText,Label,441,,'
2026-03-06 12:09:03.885374,Room2 Virtual Panel,Command,'SetVisible,Label,296,,False'
2026-03-06 12:09:03.885374,Room5 Virtual Panel,Command,'SetVisible,Label,8606,,False'
2026-03-06 12:09:03.885374,Room1 Virtual Panel,Command,'SetVisible,Button,8525,,False'
2026-03-06 12:09:03.885374,Room4 Virtual Panel,Command,'SetVisible,Button,8503,,False'
2026-03-06 12:09:03.885374,Room3 Virtual Panel,Command,'SetVisible,Label,8601,,False'
2026-03-06 12:09:03.885374,Room0 Virtual Panel,Command,'SetStateButton,421,,0'
2026-03-06 12:09:03.885374,Room6 Virtual Panel,Command,'SetVisible,Label,467,,False'
2026-03-06 12:09:03.885374,Room2 Virtual Panel,Command,'SetVisible,Label,297,,False'
2026-03-06 12:09:03.885374,Room5 Virtual Panel,Command,'SetVisible,Button,8501,,False'
2026-03-06 12:09:03.885374,Room1 Virtual Panel,Command,'SetVisible,Button,8526,,False'
2026-03-06 12:09:03.885374,Room4 Virtual Panel,Command,'SetVisible,Button,8504,,False'
2026-03-06 12:09:03.886364,Room0 Virtual Panel,Command,'SetVisible,Button,295,,False'
2026-03-06 12:09:03.886364,Room3 Virtual Panel,Command,'SetVisible,Label,8602,,False'
2026-03-06 12:09:03.886364,Room1 Virtual Panel,Command,'SetVisible,Button,8531,,False'
2026-03-06 12:09:03.886364,Room4 Virtual Panel,Command,'SetVisible,Button,8505,,False'
2026-03-06 12:09:03.886364,Room5 Virtual Panel,Command,'SetVisible,Button,8502,,False'
2026-03-06 12:09:03.887364,Room6 Virtual Panel,Command,'SetVisible,Label,468,,False'
2026-03-06 12:09:03.887364,Room3 Virtual Panel,Command,'SetVisible,Label,8603,,False'
2026-03-06 12:09:03.887364,Room0 Virtual Panel,Command,'SetVisible,Label,296,,False'
2026-03-06 12:09:03.887364,Room1 Virtual Panel,Command,'SetVisible,Button,8532,,False'
2026-03-06 12:09:03.887364,Room5 Virtual Panel,Command,'SetVisible,Button,8503,,False'
2026-03-06 12:09:03.887364,Room3 Virtual Panel,Command,'SetVisible,Label,8604,,False'
2026-03-06 12:09:03.887364,Room0 Virtual Panel,Command,'SetVisible,Label,297,,False'
2026-03-06 12:09:03.887364,Room4 Virtual Panel,Command,'SetVisible,Button,8506,,False'
2026-03-06 12:09:03.887364,Room2 Virtual Panel,Command,'SetVisible,Label,8601,,False'
2026-03-06 12:09:03.887364,Room6 Virtual Panel,Command,'SetVisible,Label,469,,False'
2026-03-06 12:09:03.888364,Room1 Virtual Panel,Command,'SetVisible,Button,8533,,False'
2026-03-06 12:09:03.888364,Room3 Virtual Panel,Command,'SetVisible,Label,8605,,False'
2026-03-06 12:09:03.888364,Room4 Virtual Panel,Command,'SetVisible,Button,8511,,False'
2026-03-06 12:09:03.888364,Room2 Virtual Panel,Command,'SetVisible,Label,8602,,False'
2026-03-06 12:09:03.888364,Room5 Virtual Panel,Command,'SetVisible,Button,8504,,False'
2026-03-06 12:09:03.888364,Room6 Virtual Panel,Command,'SetVisible,Label,470,,False'
2026-03-06 12:09:03.888364,Room1 Virtual Panel,Command,'SetVisible,Button,8534,,False'
2026-03-06 12:09:03.888364,Room3 Virtual Panel,Command,'SetVisible,Label,8606,,False'
2026-03-06 12:09:03.889364,Room5 Virtual Panel,Command,'SetVisible,Button,8505,,False'
2026-03-06 12:09:03.889364,Room1 Virtual Panel,Command,'SetVisible,Button,8535,,False'
2026-03-06 12:09:03.889364,Room4 Virtual Panel,Command,'SetVisible,Button,8512,,False'
2026-03-06 12:09:03.889364,Room3 Virtual Panel,Command,'SetVisible,Button,8501,,False'
2026-03-06 12:09:03.889364,Room5 Virtual Panel,Command,'SetVisible,Button,8506,,False'
2026-03-06 12:09:03.889364,Room6 Virtual Panel,Command,'SetVisible,Label,441,,False'
2026-03-06 12:09:03.889364,Room2 Virtual Panel,Command,'SetVisible,Label,8603,,False'
2026-03-06 12:09:03.889364,Room6 Virtual Panel,Command,'SetVisible,Label,442,,False'
2026-03-06 12:09:03.889364,Room5 Virtual Panel,Command,'SetVisible,Button,8511,,False'
2026-03-06 12:09:03.889364,Room3 Virtual Panel,Command,'SetVisible,Button,8502,,False'
2026-03-06 12:09:03.889364,Room1 Virtual Panel,Command,'SetVisible,Button,8536,,False'
2026-03-06 12:09:03.890875,Room0 Virtual Panel,Command,'SetVisible,Label,8601,,False'
2026-03-06 12:09:03.890875,Room4 Virtual Panel,Command,'SetVisible,Button,8513,,False'
2026-03-06 12:09:03.890875,Room2 Virtual Panel,Command,'SetVisible,Label,8604,,False'
2026-03-06 12:09:03.891418,Room6 Virtual Panel,Command,'SetVisible,Label,443,,False'
2026-03-06 12:09:03.891418,Room3 Virtual Panel,Command,'SetVisible,Button,8503,,False'
2026-03-06 12:09:03.891418,Room0 Virtual Panel,Command,'SetVisible,Label,8602,,False'
2026-03-06 12:09:03.891418,Room2 Virtual Panel,Command,'SetVisible,Label,8605,,False'
2026-03-06 12:09:03.891418,Room4 Virtual Panel,Command,'SetVisible,Button,8514,,False'
2026-03-06 12:09:03.891418,Room1 Virtual Panel,Command,'SetVisible,Button,8541,,False'
2026-03-06 12:09:03.891418,Room5 Virtual Panel,Command,'SetVisible,Button,8512,,False'
2026-03-06 12:09:03.891418,Room0 Virtual Panel,Command,'SetVisible,Label,8603,,False'
2026-03-06 12:09:03.892423,Room3 Virtual Panel,Command,'SetVisible,Button,8504,,False'
2026-03-06 12:09:03.892423,Room2 Virtual Panel,Command,'SetVisible,Label,8606,,False'
2026-03-06 12:09:03.892423,Room1 Virtual Panel,Command,'SetVisible,Button,8542,,False'
2026-03-06 12:09:03.892423,Room5 Virtual Panel,Command,'SetVisible,Button,8513,,False'
2026-03-06 12:09:03.892423,Room6 Virtual Panel,Command,'SetVisible,Label,444,,False'
2026-03-06 12:09:03.892423,Room4 Virtual Panel,Command,'SetVisible,Button,8515,,False'
2026-03-06 12:09:03.892423,Room0 Virtual Panel,Command,'SetVisible,Label,8604,,False'
2026-03-06 12:09:03.892423,Room1 Virtual Panel,Command,'SetVisible,Button,8543,,False'
2026-03-06 12:09:03.892423,Room3 Virtual Panel,Command,'SetVisible,Button,8505,,False'
2026-03-06 12:09:03.892423,Room6 Virtual Panel,Command,'SetVisible,Label,445,,False'
2026-03-06 12:09:03.893423,Room2 Virtual Panel,Command,'SetVisible,Button,8501,,False'
2026-03-06 12:09:03.893423,Room5 Virtual Panel,Command,'SetVisible,Button,8514,,False'
2026-03-06 12:09:03.893423,Room0 Virtual Panel,Command,'SetVisible,Label,8605,,False'
2026-03-06 12:09:03.893423,Room3 Virtual Panel,Command,'SetVisible,Button,8506,,False'
2026-03-06 12:09:03.893423,Room1 Virtual Panel,Command,'SetVisible,Button,8544,,False'
2026-03-06 12:09:03.893423,Room0 Virtual Panel,Command,'SetVisible,Label,8606,,False'
2026-03-06 12:09:03.893423,Room2 Virtual Panel,Command,'SetVisible,Button,8502,,False'
2026-03-06 12:09:03.893423,Room4 Virtual Panel,Command,'SetVisible,Button,8516,,False'
2026-03-06 12:09:03.893423,Room6 Virtual Panel,Command,'SetVisible,Label,446,,False'
2026-03-06 12:09:03.894422,Room3 Virtual Panel,Command,'SetVisible,Button,8511,,False'
2026-03-06 12:09:03.894422,Room4 Virtual Panel,Command,'SetVisible,Button,8521,,False'
2026-03-06 12:09:03.894422,Room2 Virtual Panel,Command,'SetVisible,Button,8503,,False'
2026-03-06 12:09:03.894422,Room0 Virtual Panel,Command,'SetVisible,Button,8501,,False'
2026-03-06 12:09:03.894422,Room6 Virtual Panel,Command,'SetVisible,Label,447,,False'
2026-03-06 12:09:03.894422,Room1 Virtual Panel,Command,'SetVisible,Button,8545,,False'
2026-03-06 12:09:03.894422,Room5 Virtual Panel,Command,'SetVisible,Button,8515,,False'
2026-03-06 12:09:03.894422,Room6 Virtual Panel,Command,'SetVisible,Label,448,,False'
2026-03-06 12:09:03.895421,Room4 Virtual Panel,Command,'SetVisible,Button,8522,,False'
2026-03-06 12:09:03.895421,Room3 Virtual Panel,Command,'SetVisible,Button,8512,,False'
2026-03-06 12:09:03.895421,Room2 Virtual Panel,Command,'SetVisible,Button,8504,,False'
2026-03-06 12:09:03.895421,Room5 Virtual Panel,Command,'SetVisible,Button,8516,,False'
2026-03-06 12:09:03.895421,Room1 Virtual Panel,Command,'SetVisible,Button,8546,,False'
2026-03-06 12:09:03.895421,Room6 Virtual Panel,Command,'SetVisible,Label,449,,False'
2026-03-06 12:09:03.895421,Room0 Virtual Panel,Command,'SetVisible,Button,8502,,False'
2026-03-06 12:09:03.895421,Room3 Virtual Panel,Command,'SetVisible,Button,8513,,False'
2026-03-06 12:09:03.895421,Room0 Virtual Panel,Command,'SetVisible,Button,8503,,False'
2026-03-06 12:09:03.895421,Room6 Virtual Panel,Command,'SetVisible,Label,450,,False'
2026-03-06 12:09:03.896421,Room5 Virtual Panel,Command,'SetVisible,Button,8521,,False'
2026-03-06 12:09:03.896421,Room2 Virtual Panel,Command,'SetVisible,Button,8505,,False'
2026-03-06 12:09:03.896421,Room0 Virtual Panel,Command,'SetVisible,Button,8504,,False'
2026-03-06 12:09:03.896421,Room5 Virtual Panel,Command,'SetVisible,Button,8522,,False'
2026-03-06 12:09:03.896421,Room1 Virtual Panel,Command,'SetText,Label,960,,Mic Receiver Status'
2026-03-06 12:09:03.896421,Room2 Virtual Panel,Command,'SetVisible,Button,8506,,False'
2026-03-06 12:09:03.896421,Room4 Virtual Panel,Command,'SetVisible,Button,8523,,False'
2026-03-06 12:09:03.897422,Room6 Virtual Panel,Command,'SetVisible,Button,421,,False'
2026-03-06 12:09:03.897422,Room3 Virtual Panel,Command,'SetVisible,Button,8514,,False'
2026-03-06 12:09:03.897422,Room4 Virtual Panel,Command,'SetVisible,Button,8524,,False'
2026-03-06 12:09:03.897422,Room0 Virtual Panel,Command,'SetVisible,Button,8505,,False'
2026-03-06 12:09:03.898422,Room3 Virtual Panel,Command,'SetVisible,Button,8515,,False'
2026-03-06 12:09:03.898422,Room5 Virtual Panel,Command,'SetVisible,Button,8523,,False'
2026-03-06 12:09:03.898422,Room6 Virtual Panel,Command,'SetVisible,Button,422,,False'
2026-03-06 12:09:03.898422,Room2 Virtual Panel,Command,'SetVisible,Button,8511,,False'
2026-03-06 12:09:03.898422,Room4 Virtual Panel,Command,'SetVisible,Button,8525,,False'
2026-03-06 12:09:03.899434,Room0 Virtual Panel,Command,'SetVisible,Button,8506,,False'
2026-03-06 12:09:03.899434,Room6 Virtual Panel,Command,'SetVisible,Button,423,,False'
2026-03-06 12:09:03.899434,Room3 Virtual Panel,Command,'SetVisible,Button,8516,,False'
2026-03-06 12:09:03.899434,Room1 Virtual Panel,Command,'SetText,Label,944,,Disconnected'
2026-03-06 12:09:03.899434,Room4 Virtual Panel,Command,'SetVisible,Button,8526,,False'
2026-03-06 12:09:03.899434,Room5 Virtual Panel,Command,'SetVisible,Button,8524,,False'
2026-03-06 12:09:03.899434,Room3 Virtual Panel,Command,'SetVisible,Button,8521,,False'
2026-03-06 12:09:03.899434,Room2 Virtual Panel,Command,'SetVisible,Button,8512,,False'
2026-03-06 12:09:03.899434,Room1 Virtual Panel,Command,'SetText,Label,945,,Disconnected'
2026-03-06 12:09:03.899434,Room0 Virtual Panel,Command,'SetVisible,Button,8511,,False'
2026-03-06 12:09:03.900423,Room4 Virtual Panel,Command,'SetVisible,Button,8531,,False'
2026-03-06 12:09:03.900423,Room1 Virtual Panel,Command,'SetText,Label,943,,Disconnected'
2026-03-06 12:09:03.900423,Room3 Virtual Panel,Command,'SetVisible,Button,8522,,False'
2026-03-06 12:09:03.900423,Room5 Virtual Panel,Command,'SetVisible,Button,8525,,False'
2026-03-06 12:09:03.900423,Room6 Virtual Panel,Command,'SetVisible,Button,424,,False'
2026-03-06 12:09:03.900423,Room4 Virtual Panel,Command,'SetVisible,Button,8532,,False'
2026-03-06 12:09:03.900423,Room0 Virtual Panel,Command,'SetVisible,Button,8512,,False'
2026-03-06 12:09:03.900423,Room2 Virtual Panel,Command,'SetVisible,Button,8513,,False'
2026-03-06 12:09:03.901542,Room5 Virtual Panel,Command,'SetVisible,Button,8526,,False'
2026-03-06 12:09:03.901542,Room3 Virtual Panel,Command,'SetVisible,Button,8523,,False'
2026-03-06 12:09:03.901542,Room4 Virtual Panel,Command,'SetVisible,Button,8533,,False'
2026-03-06 12:09:03.901542,Room0 Virtual Panel,Command,'SetVisible,Button,8513,,False'
2026-03-06 12:09:03.901542,Room2 Virtual Panel,Command,'SetVisible,Button,8514,,False'
2026-03-06 12:09:03.901542,Room1 Virtual Panel,Command,'SetTextButton,3001,,Display'
2026-03-06 12:09:03.901542,Room3 Virtual Panel,Command,'SetVisible,Button,8524,,False'
2026-03-06 12:09:03.902549,Room5 Virtual Panel,Command,'SetVisible,Button,8531,,False'
2026-03-06 12:09:03.902549,Room0 Virtual Panel,Command,'SetVisible,Button,8514,,False'
2026-03-06 12:09:03.902549,Room2 Virtual Panel,Command,'SetVisible,Button,8515,,False'
2026-03-06 12:09:03.902873,Room4 Virtual Panel,Command,'SetVisible,Button,8534,,False'
2026-03-06 12:09:03.902873,Room3 Virtual Panel,Command,'SetVisible,Button,8525,,False'
2026-03-06 12:09:03.902873,Room6 Virtual Panel,Command,'SetVisible,Button,425,,False'
2026-03-06 12:09:03.902873,Room5 Virtual Panel,Command,'SetVisible,Button,8532,,False'
2026-03-06 12:09:03.902873,Room2 Virtual Panel,Command,'SetVisible,Button,8516,,False'
2026-03-06 12:09:03.902873,Room1 Virtual Panel,Command,'SetTextButton,3011,,Disconnected'
2026-03-06 12:09:03.902873,Room3 Virtual Panel,Command,'SetVisible,Button,8526,,False'
2026-03-06 12:09:03.902873,Room4 Virtual Panel,Command,'SetVisible,Button,8535,,False'
2026-03-06 12:09:03.903881,Room0 Virtual Panel,Command,'SetVisible,Button,8515,,False'
2026-03-06 12:09:03.903881,Room2 Virtual Panel,Command,'SetVisible,Button,8521,,False'
2026-03-06 12:09:03.903881,Room6 Virtual Panel,Command,'SetVisible,Button,426,,False'
2026-03-06 12:09:03.903881,Room1 Virtual Panel,Command,'SetStateButton,3011,,0'
2026-03-06 12:09:03.903881,Room5 Virtual Panel,Command,'SetVisible,Button,8533,,False'
2026-03-06 12:09:03.903881,Room4 Virtual Panel,Command,'SetVisible,Button,8536,,False'
2026-03-06 12:09:03.903881,Room3 Virtual Panel,Command,'SetVisible,Button,8531,,False'
2026-03-06 12:09:03.903881,Room2 Virtual Panel,Command,'SetVisible,Button,8522,,False'
2026-03-06 12:09:03.904881,Room4 Virtual Panel,Command,'SetVisible,Button,8541,,False'
2026-03-06 12:09:03.904881,Room0 Virtual Panel,Command,'SetVisible,Button,8516,,False'
2026-03-06 12:09:03.904881,Room5 Virtual Panel,Command,'SetVisible,Button,8534,,False'
2026-03-06 12:09:03.904881,Room3 Virtual Panel,Command,'SetVisible,Button,8532,,False'
2026-03-06 12:09:03.904881,Room0 Virtual Panel,Command,'SetVisible,Button,8521,,False'
2026-03-06 12:09:03.904881,Room6 Virtual Panel,Command,'SetVisible,Button,427,,False'
2026-03-06 12:09:03.904881,Room4 Virtual Panel,Command,'SetVisible,Button,8542,,False'
2026-03-06 12:09:03.904881,Room2 Virtual Panel,Command,'SetVisible,Button,8523,,False'
2026-03-06 12:09:03.904881,Room5 Virtual Panel,Command,'SetVisible,Button,8535,,False'
2026-03-06 12:09:03.905889,Room2 Virtual Panel,Command,'SetVisible,Button,8524,,False'
2026-03-06 12:09:03.905889,Room1 Virtual Panel,Command,'SetText,Label,3021,,'
2026-03-06 12:09:03.905889,Room3 Virtual Panel,Command,'SetVisible,Button,8533,,False'
2026-03-06 12:09:03.905889,Room4 Virtual Panel,Command,'SetVisible,Button,8543,,False'
2026-03-06 12:09:03.905889,Room6 Virtual Panel,Command,'SetVisible,Button,428,,False'
2026-03-06 12:09:03.905889,Room0 Virtual Panel,Command,'SetVisible,Button,8522,,False'
2026-03-06 12:09:03.905889,Room3 Virtual Panel,Command,'SetVisible,Button,8534,,False'
2026-03-06 12:09:03.905889,Room4 Virtual Panel,Command,'SetVisible,Button,8544,,False'
2026-03-06 12:09:03.906882,Room2 Virtual Panel,Command,'SetVisible,Button,8525,,False'
2026-03-06 12:09:03.906882,Room1 Virtual Panel,Command,'SetText,Label,3041,,0'
2026-03-06 12:09:03.906882,Room6 Virtual Panel,Command,'SetVisible,Button,429,,False'
2026-03-06 12:09:03.906882,Room5 Virtual Panel,Command,'SetVisible,Button,8536,,False'
2026-03-06 12:09:03.906882,Room0 Virtual Panel,Command,'SetVisible,Button,8523,,False'
2026-03-06 12:09:03.906882,Room2 Virtual Panel,Command,'SetVisible,Button,8526,,False'
2026-03-06 12:09:03.906882,Room3 Virtual Panel,Command,'SetVisible,Button,8535,,False'
2026-03-06 12:09:03.906882,Room4 Virtual Panel,Command,'SetVisible,Button,8545,,False'
2026-03-06 12:09:03.906882,Room5 Virtual Panel,Command,'SetVisible,Button,8541,,False'
2026-03-06 12:09:03.907882,Room6 Virtual Panel,Command,'SetVisible,Button,430,,False'
2026-03-06 12:09:03.907882,Room1 Virtual Panel,Command,'SetVisible,Button,481,,False'
2026-03-06 12:09:03.907882,Room2 Virtual Panel,Command,'SetVisible,Button,8531,,False'
2026-03-06 12:09:03.907882,Room3 Virtual Panel,Command,'SetVisible,Button,8536,,False'
2026-03-06 12:09:03.907882,Room5 Virtual Panel,Command,'SetVisible,Button,8542,,False'
2026-03-06 12:09:03.907882,Room0 Virtual Panel,Command,'SetVisible,Button,8524,,False'
2026-03-06 12:09:03.907882,Room4 Virtual Panel,Command,'SetVisible,Button,8546,,False'
2026-03-06 12:09:03.907882,Room0 Virtual Panel,Command,'SetVisible,Button,8525,,False'
2026-03-06 12:09:03.907882,Room2 Virtual Panel,Command,'SetVisible,Button,8532,,False'
2026-03-06 12:09:03.907882,Room3 Virtual Panel,Command,'SetVisible,Button,8541,,False'
2026-03-06 12:09:03.908881,Room1 Virtual Panel,Command,'SetVisible,Button,491,,False'
2026-03-06 12:09:03.908881,Room3 Virtual Panel,Command,'SetVisible,Button,8542,,False'
2026-03-06 12:09:03.908881,Room0 Virtual Panel,Command,'SetVisible,Button,8526,,False'
2026-03-06 12:09:03.908881,Room4 Virtual Panel,Command,'SetText,Label,960,,Mic Receiver Status'
2026-03-06 12:09:03.908881,Room6 Virtual Panel,Command,'SetVisible,Button,3061,,False'
2026-03-06 12:09:03.908881,Room2 Virtual Panel,Command,'SetVisible,Button,8533,,False'
2026-03-06 12:09:03.908881,Room1 Virtual Panel,Command,'SetVisible,Label,1481,,False'
2026-03-06 12:09:03.909891,Room3 Virtual Panel,Command,'SetVisible,Button,8543,,False'
2026-03-06 12:09:03.909891,Room5 Virtual Panel,Command,'SetVisible,Button,8543,,False'
2026-03-06 12:09:03.909891,Room2 Virtual Panel,Command,'SetVisible,Button,8534,,False'
2026-03-06 12:09:03.909891,Room6 Virtual Panel,Command,'SetVisible,Button,3062,,False'
2026-03-06 12:09:03.910888,Room3 Virtual Panel,Command,'SetVisible,Button,8544,,False'
2026-03-06 12:09:03.910888,Room1 Virtual Panel,Command,'SetText,Label,451,,HDMI 1'
2026-03-06 12:09:03.910888,Room2 Virtual Panel,Command,'SetVisible,Button,8535,,False'
2026-03-06 12:09:03.911393,Room6 Virtual Panel,Command,'SetVisible,Button,3063,,False'
2026-03-06 12:09:03.911393,Room5 Virtual Panel,Command,'SetVisible,Button,8544,,False'
2026-03-06 12:09:03.911393,Room3 Virtual Panel,Command,'SetVisible,Button,8545,,False'
2026-03-06 12:09:03.911393,Room0 Virtual Panel,Command,'SetVisible,Button,8531,,False'
2026-03-06 12:09:03.911393,Room4 Virtual Panel,Command,'SetText,Label,944,,Disconnected'
2026-03-06 12:09:03.911393,Room2 Virtual Panel,Command,'SetVisible,Button,8536,,False'
2026-03-06 12:09:03.911393,Room6 Virtual Panel,Command,'SetVisible,Button,3064,,False'
2026-03-06 12:09:03.911393,Room0 Virtual Panel,Command,'SetVisible,Button,8532,,False'
2026-03-06 12:09:03.912397,Room4 Virtual Panel,Command,'SetText,Label,945,,Disconnected'
2026-03-06 12:09:03.912397,Room3 Virtual Panel,Command,'SetVisible,Button,8546,,False'
2026-03-06 12:09:03.912397,Room2 Virtual Panel,Command,'SetVisible,Button,8541,,False'
2026-03-06 12:09:03.912397,Room5 Virtual Panel,Command,'SetVisible,Button,8545,,False'
2026-03-06 12:09:03.912397,Room6 Virtual Panel,Command,'SetVisible,Button,3065,,False'
2026-03-06 12:09:03.912397,Room0 Virtual Panel,Command,'SetVisible,Button,8533,,False'
2026-03-06 12:09:03.912397,Room1 Virtual Panel,Command,'SetText,Label,1681,,'
2026-03-06 12:09:03.913404,Room3 Virtual Panel,Command,'SetText,Label,960,,Mic Receiver Status'
2026-03-06 12:09:03.913404,Room2 Virtual Panel,Command,'SetVisible,Button,8542,,False'
2026-03-06 12:09:03.913404,Room4 Virtual Panel,Command,'SetText,Label,943,,Disconnected'
2026-03-06 12:09:03.913404,Room0 Virtual Panel,Command,'SetVisible,Button,8534,,False'
2026-03-06 12:09:03.913404,Room5 Virtual Panel,Command,'SetVisible,Button,8546,,False'
2026-03-06 12:09:03.913404,Room6 Virtual Panel,Command,'SetVisible,Button,3066,,False'
2026-03-06 12:09:03.914397,Room2 Virtual Panel,Command,'SetVisible,Button,8543,,False'
2026-03-06 12:09:03.914397,Room1 Virtual Panel,Command,'SetStateButton,681,,0'
2026-03-06 12:09:03.914397,Room5 Virtual Panel,Command,'SetText,Label,960,,Mic Receiver Status'
2026-03-06 12:09:03.915397,Room6 Virtual Panel,Command,'SetVisible,Button,3067,,False'
2026-03-06 12:09:03.915397,Room0 Virtual Panel,Command,'SetVisible,Button,8535,,False'
2026-03-06 12:09:03.915397,Room1 Virtual Panel,Command,'SetText,Label,441,,'
2026-03-06 12:09:03.915397,Room4 Virtual Panel,Command,'SetTextButton,3001,,Display'
2026-03-06 12:09:03.915397,Room2 Virtual Panel,Command,'SetVisible,Button,8544,,False'
2026-03-06 12:09:03.916405,Room2 Virtual Panel,Command,'SetVisible,Button,8545,,False'
2026-03-06 12:09:03.916405,Room0 Virtual Panel,Command,'SetVisible,Button,8536,,False'
2026-03-06 12:09:03.916405,Room3 Virtual Panel,Command,'SetText,Label,944,,Disconnected'
2026-03-06 12:09:03.917397,Room2 Virtual Panel,Command,'SetVisible,Button,8546,,False'
2026-03-06 12:09:03.917397,Room0 Virtual Panel,Command,'SetVisible,Button,8541,,False'
2026-03-06 12:09:03.917397,Room5 Virtual Panel,Command,'SetText,Label,944,,Disconnected'
2026-03-06 12:09:03.917397,Room1 Virtual Panel,Command,'SetStateButton,421,,0'
2026-03-06 12:09:03.917397,Room6 Virtual Panel,Command,'SetVisible,Button,3068,,False'
2026-03-06 12:09:03.917397,Room4 Virtual Panel,Command,'SetTextButton,3011,,Disconnected'
2026-03-06 12:09:03.918397,Room2 Virtual Panel,Command,'SetText,Label,960,,Mic Receiver Status'
2026-03-06 12:09:03.918397,Room3 Virtual Panel,Command,'SetText,Label,945,,Disconnected'
2026-03-06 12:09:03.918397,Room5 Virtual Panel,Command,'SetText,Label,945,,Disconnected'
2026-03-06 12:09:03.918397,Room0 Virtual Panel,Command,'SetVisible,Button,8542,,False'
2026-03-06 12:09:03.918397,Room6 Virtual Panel,Command,'SetVisible,Button,3069,,False'
2026-03-06 12:09:03.918397,Room5 Virtual Panel,Command,'SetText,Label,943,,Disconnected'
2026-03-06 12:09:03.918397,Room3 Virtual Panel,Command,'SetText,Label,943,,Disconnected'
2026-03-06 12:09:03.918397,Room1 Virtual Panel,Command,'SetTextButton,3401,,Video Switcher'
2026-03-06 12:09:03.918397,Room6 Virtual Panel,Command,'SetVisible,Button,3070,,False'
2026-03-06 12:09:03.919907,Room4 Virtual Panel,Command,'SetStateButton,3011,,0'
2026-03-06 12:09:03.919907,Room3 Virtual Panel,Command,'SetTextButton,3001,,Display'
2026-03-06 12:09:03.919907,Room6 Virtual Panel,Command,'SetVisible,Button,295,,False'
2026-03-06 12:09:03.919907,Room0 Virtual Panel,Command,'SetVisible,Button,8543,,False'
2026-03-06 12:09:03.919907,Room5 Virtual Panel,Command,'SetTextButton,3001,,Display'
2026-03-06 12:09:03.920970,Room1 Virtual Panel,Command,'SetTextButton,3411,,Disconnected'
2026-03-06 12:09:03.920970,Room3 Virtual Panel,Command,'SetTextButton,3011,,Disconnected'
2026-03-06 12:09:03.920970,Room0 Virtual Panel,Command,'SetVisible,Button,8544,,False'
2026-03-06 12:09:03.920970,Room6 Virtual Panel,Command,'SetVisible,Label,296,,False'
2026-03-06 12:09:03.920970,Room5 Virtual Panel,Command,'SetTextButton,3011,,Disconnected'
2026-03-06 12:09:03.921498,Room6 Virtual Panel,Command,'SetVisible,Label,297,,False'
2026-03-06 12:09:03.921498,Room3 Virtual Panel,Command,'SetStateButton,3011,,0'
2026-03-06 12:09:03.921498,Room2 Virtual Panel,Command,'SetText,Label,944,,Disconnected'
2026-03-06 12:09:03.921498,Room4 Virtual Panel,Command,'SetText,Label,3021,,'
2026-03-06 12:09:03.921498,Room5 Virtual Panel,Command,'SetStateButton,3011,,0'
2026-03-06 12:09:03.922506,Room1 Virtual Panel,Command,'SetStateButton,3411,,0'
2026-03-06 12:09:03.922506,Room2 Virtual Panel,Command,'SetText,Label,945,,Disconnected'
2026-03-06 12:09:03.922506,Room3 Virtual Panel,Command,'SetText,Label,3021,,'
2026-03-06 12:09:03.922850,Room0 Virtual Panel,Command,'SetVisible,Button,8545,,False'
2026-03-06 12:09:03.922850,Room6 Virtual Panel,Command,'SetVisible,Label,8601,,False'
2026-03-06 12:09:03.922850,Room3 Virtual Panel,Command,'SetText,Label,3041,,0'
2026-03-06 12:09:03.922850,Room2 Virtual Panel,Command,'SetText,Label,943,,Disconnected'
2026-03-06 12:09:03.922850,Room0 Virtual Panel,Command,'SetVisible,Button,8546,,False'
2026-03-06 12:09:03.922850,Room6 Virtual Panel,Command,'SetVisible,Label,8602,,False'
2026-03-06 12:09:03.922850,Room4 Virtual Panel,Command,'SetText,Label,3041,,0'
2026-03-06 12:09:03.923855,Room1 Virtual Panel,Command,'SetText,Label,3421,,'
2026-03-06 12:09:03.923855,Room6 Virtual Panel,Command,'SetVisible,Label,8603,,False'
2026-03-06 12:09:03.923855,Room5 Virtual Panel,Command,'SetText,Label,3021,,'
2026-03-06 12:09:03.923855,Room3 Virtual Panel,Command,'SetVisible,Button,481,,False'
2026-03-06 12:09:03.923855,Room2 Virtual Panel,Command,'SetTextButton,3001,,Display'
2026-03-06 12:09:03.924856,Room6 Virtual Panel,Command,'SetVisible,Label,8604,,False'
2026-03-06 12:09:03.924856,Room0 Virtual Panel,Command,'SetText,Label,960,,Mic Receiver Status'
2026-03-06 12:09:03.924856,Room4 Virtual Panel,Command,'SetVisible,Button,481,,False'
2026-03-06 12:09:03.924856,Room5 Virtual Panel,Command,'SetText,Label,3041,,0'
2026-03-06 12:09:03.924856,Room1 Virtual Panel,Command,'SetText,Label,3441,,14'
2026-03-06 12:09:03.924856,Room3 Virtual Panel,Command,'SetVisible,Button,491,,False'
2026-03-06 12:09:03.925854,Room6 Virtual Panel,Command,'SetVisible,Label,8605,,False'
2026-03-06 12:09:03.925854,Room4 Virtual Panel,Command,'SetVisible,Button,491,,False'
2026-03-06 12:09:03.925854,Room5 Virtual Panel,Command,'SetVisible,Button,481,,False'
2026-03-06 12:09:03.925854,Room6 Virtual Panel,Command,'SetVisible,Label,8606,,False'
2026-03-06 12:09:03.926854,Room2 Virtual Panel,Command,'SetTextButton,3011,,Disconnected'
2026-03-06 12:09:03.926854,Room1 Virtual Panel,Command,'SetTextButton,3501,,DSP0'
2026-03-06 12:09:03.926854,Module:Switch0,API,To Device,'w3cv\r\n'
2026-03-06 12:09:03.926854,Room3 Virtual Panel,Command,'SetVisible,Label,1481,,False'
2026-03-06 12:09:03.926854,Room6 Virtual Panel,Command,'SetVisible,Button,8501,,False'
2026-03-06 12:09:03.927862,Module:Switch0,API,To Device,'{14i:\x1b0LS\r}\r'
2026-03-06 12:09:03.927862,Room6 Virtual Panel,Command,'SetVisible,Button,8502,,False'
2026-03-06 12:09:03.927862,Room4 Virtual Panel,Command,'SetVisible,Label,1481,,False'
2026-03-06 12:09:03.927862,Room1 Virtual Panel,Command,'SetTextButton,3511,,Disconnected'
2026-03-06 12:09:03.928862,Room6 Virtual Panel,Command,'SetVisible,Button,8503,,False'
2026-03-06 12:09:03.928862,Room3 Virtual Panel,Command,'SetText,Label,451,,HDMI 1'
2026-03-06 12:09:03.928862,Room2 Virtual Panel,Command,'SetStateButton,3011,,0'
2026-03-06 12:09:03.928862,Room5 Virtual Panel,Command,'SetVisible,Button,491,,False'
2026-03-06 12:09:03.928862,Room5 Virtual Panel,Command,'SetVisible,Label,1481,,False'
2026-03-06 12:09:03.928862,Room0 Virtual Panel,Command,'SetText,Label,944,,Disconnected'
2026-03-06 12:09:03.928862,Room6 Virtual Panel,Command,'SetVisible,Button,8504,,False'
2026-03-06 12:09:03.929861,Room2 Virtual Panel,Command,'SetText,Label,3021,,'
2026-03-06 12:09:03.929861,Room4 Virtual Panel,Command,'SetText,Label,451,,HDMI 1'
2026-03-06 12:09:03.929861,Room1 Virtual Panel,Command,'SetStateButton,3511,,0'
2026-03-06 12:09:03.929861,Room5 Virtual Panel,Command,'SetText,Label,451,,HDMI 1'
2026-03-06 12:09:03.929861,Room0 Virtual Panel,Command,'SetText,Label,945,,Disconnected'
2026-03-06 12:09:03.929861,Room3 Virtual Panel,Command,'SetText,Label,1681,,'
2026-03-06 12:09:03.929861,Room4 Virtual Panel,Command,'SetText,Label,1681,,'
2026-03-06 12:09:03.930861,Room2 Virtual Panel,Command,'SetText,Label,3041,,0'
2026-03-06 12:09:03.930861,Room6 Virtual Panel,Command,'SetVisible,Button,8505,,False'
2026-03-06 12:09:03.930861,Room1 Virtual Panel,Command,'SetText,Label,3521,,'
2026-03-06 12:09:03.931374,Room0 Virtual Panel,Command,'SetText,Label,943,,Disconnected'
2026-03-06 12:09:03.931374,DEBUG,Print,'rm5 index out of range:index=0: disp outputs used:[]'
2026-03-06 12:09:03.931374,Room4 Virtual Panel,Command,'SetStateButton,681,,0'
2026-03-06 12:09:03.931374,Room1 Virtual Panel,Command,'SetText,Label,3541,,0'
2026-03-06 12:09:03.931374,Room2 Virtual Panel,Command,'SetVisible,Button,481,,False'
2026-03-06 12:09:03.931374,Room6 Virtual Panel,Command,'SetVisible,Button,8506,,False'
2026-03-06 12:09:03.931374,Room3 Virtual Panel,Command,'SetStateButton,681,,0'
2026-03-06 12:09:03.932389,Room5 Virtual Panel,Command,'SetTextButton,3401,,Video Switcher'
2026-03-06 12:09:03.932389,Room6 Virtual Panel,Command,'SetVisible,Button,8511,,False'
2026-03-06 12:09:03.932389,Room0 Virtual Panel,Command,'SetTextButton,3001,,Display'
2026-03-06 12:09:03.932389,Room2 Virtual Panel,Command,'SetVisible,Button,491,,False'
2026-03-06 12:09:03.932389,Room1 Virtual Panel,Command,'SetVisible,Button,961,,False'
2026-03-06 12:09:03.932389,Room3 Virtual Panel,Command,'SetText,Label,441,,'
2026-03-06 12:09:03.932389,Room4 Virtual Panel,Command,'SetText,Label,441,,'
2026-03-06 12:09:03.932389,Room6 Virtual Panel,Command,'SetVisible,Button,8512,,False'
2026-03-06 12:09:03.932389,Room1 Virtual Panel,Command,'SetVisible,Button,962,,False'
2026-03-06 12:09:03.933388,Room2 Virtual Panel,Command,'SetVisible,Label,1481,,False'
2026-03-06 12:09:03.933388,Room3 Virtual Panel,Command,'SetStateButton,421,,0'
2026-03-06 12:09:03.933388,Room6 Virtual Panel,Command,'SetVisible,Button,8513,,False'
2026-03-06 12:09:03.933388,Room5 Virtual Panel,Command,'SetTextButton,3411,,Disconnected'
2026-03-06 12:09:03.933388,Room4 Virtual Panel,Command,'SetStateButton,421,,0'
2026-03-06 12:09:03.933388,Room0 Virtual Panel,Command,'SetTextButton,3011,,Disconnected'
2026-03-06 12:09:03.933388,Room5 Virtual Panel,Command,'SetStateButton,3411,,0'
2026-03-06 12:09:03.934388,Room6 Virtual Panel,Command,'SetVisible,Button,8514,,False'
2026-03-06 12:09:03.934388,Room1 Virtual Panel,Command,'SetVisible,Button,963,,False'
2026-03-06 12:09:03.934388,Room2 Virtual Panel,Command,'SetText,Label,451,,HDMI 1'
2026-03-06 12:09:03.934388,Room3 Virtual Panel,Command,'SetTextButton,3401,,Video Switcher'
2026-03-06 12:09:03.934388,Room1 Virtual Panel,Command,'SetVisible,Button,964,,False'
2026-03-06 12:09:03.934388,Room6 Virtual Panel,Command,'SetVisible,Button,8515,,False'
2026-03-06 12:09:03.934388,Room2 Virtual Panel,Command,'SetText,Label,1681,,'
2026-03-06 12:09:03.935388,Room0 Virtual Panel,Command,'SetStateButton,3011,,0'
2026-03-06 12:09:03.935388,Room3 Virtual Panel,Command,'SetTextButton,3411,,Disconnected'
2026-03-06 12:09:03.935388,Room5 Virtual Panel,Command,'SetText,Label,3421,,'
2026-03-06 12:09:03.935388,Room4 Virtual Panel,Command,'SetTextButton,3401,,Video Switcher'
2026-03-06 12:09:03.935388,Room6 Virtual Panel,Command,'SetVisible,Button,8516,,False'
2026-03-06 12:09:03.935388,Room0 Virtual Panel,Command,'SetText,Label,3021,,'
2026-03-06 12:09:03.935388,Room2 Virtual Panel,Command,'SetStateButton,681,,0'
2026-03-06 12:09:03.935388,Room1 Virtual Panel,Command,'SetVisible,Button,965,,False'
2026-03-06 12:09:03.936388,Room4 Virtual Panel,Command,'SetTextButton,3411,,Disconnected'
2026-03-06 12:09:03.936388,Room3 Virtual Panel,Command,'SetStateButton,3411,,0'
2026-03-06 12:09:03.936388,Room5 Virtual Panel,Command,'SetText,Label,3441,,14'
2026-03-06 12:09:03.936388,Room2 Virtual Panel,Command,'SetText,Label,441,,'
2026-03-06 12:09:03.936388,Room6 Virtual Panel,Command,'SetVisible,Button,8521,,False'
2026-03-06 12:09:03.936388,Room4 Virtual Panel,Command,'SetStateButton,3411,,0'
2026-03-06 12:09:03.937388,Room2 Virtual Panel,Command,'SetStateButton,421,,0'
2026-03-06 12:09:03.937388,Room3 Virtual Panel,Command,'SetText,Label,3421,,'
2026-03-06 12:09:03.937388,Room1 Virtual Panel,Command,'SetVisible,Button,966,,False'
2026-03-06 12:09:03.937388,Room5 Virtual Panel,Command,'SetTextButton,3501,,DSP0'
2026-03-06 12:09:03.937388,Room6 Virtual Panel,Command,'SetVisible,Button,8522,,False'
2026-03-06 12:09:03.937388,Room2 Virtual Panel,Command,'SetTextButton,3401,,Video Switcher'
2026-03-06 12:09:03.938381,Room1 Virtual Panel,Command,'SetVisible,Button,967,,False'
2026-03-06 12:09:03.938381,Room3 Virtual Panel,Command,'SetText,Label,3441,,14'
2026-03-06 12:09:03.938381,Room0 Virtual Panel,Command,'SetText,Label,3041,,0'
2026-03-06 12:09:03.938381,Room2 Virtual Panel,Command,'SetTextButton,3411,,Disconnected'
2026-03-06 12:09:03.938381,Room4 Virtual Panel,Command,'SetText,Label,3421,,'
2026-03-06 12:09:03.938381,Room6 Virtual Panel,Command,'SetVisible,Button,8523,,False'
2026-03-06 12:09:03.938381,Room5 Virtual Panel,Command,'SetTextButton,3511,,Disconnected'
2026-03-06 12:09:03.938381,Room3 Virtual Panel,Command,'SetTextButton,3501,,DSP0'
2026-03-06 12:09:03.939380,Room6 Virtual Panel,Command,'SetVisible,Button,8524,,False'
2026-03-06 12:09:03.939380,Room4 Virtual Panel,Command,'SetText,Label,3441,,14'
2026-03-06 12:09:03.939380,Room1 Virtual Panel,Command,'SetVisible,Button,968,,False'
2026-03-06 12:09:03.939380,Room5 Virtual Panel,Command,'SetStateButton,3511,,0'
2026-03-06 12:09:03.939380,Room6 Virtual Panel,Command,'SetVisible,Button,8525,,False'
2026-03-06 12:09:03.939380,Room0 Virtual Panel,Command,'SetVisible,Button,481,,False'
2026-03-06 12:09:03.939380,Room2 Virtual Panel,Command,'SetStateButton,3411,,0'
2026-03-06 12:09:03.939380,Room3 Virtual Panel,Command,'SetTextButton,3511,,Disconnected'
2026-03-06 12:09:03.939380,Room4 Virtual Panel,Command,'SetTextButton,3501,,DSP0'
2026-03-06 12:09:03.939380,Room6 Virtual Panel,Command,'SetVisible,Button,8526,,False'
2026-03-06 12:09:03.939380,Room1 Virtual Panel,Command,'SetVisible,Button,969,,False'
2026-03-06 12:09:03.940892,Room2 Virtual Panel,Command,'SetText,Label,3421,,'
2026-03-06 12:09:03.940892,Room3 Virtual Panel,Command,'SetStateButton,3511,,0'
2026-03-06 12:09:03.940892,Room5 Virtual Panel,Command,'SetText,Label,3521,,'
2026-03-06 12:09:03.940892,Room0 Virtual Panel,Command,'SetVisible,Button,491,,False'
2026-03-06 12:09:03.941438,Room5 Virtual Panel,Command,'SetText,Label,3541,,0'
2026-03-06 12:09:03.941438,Room6 Virtual Panel,Command,'SetVisible,Button,8531,,False'
2026-03-06 12:09:03.941438,Room1 Virtual Panel,Command,'SetVisible,Button,970,,False'
2026-03-06 12:09:03.941438,Room0 Virtual Panel,Command,'SetVisible,Label,1481,,False'
2026-03-06 12:09:03.941438,Room2 Virtual Panel,Command,'SetText,Label,3441,,14'
2026-03-06 12:09:03.941438,Room3 Virtual Panel,Command,'SetText,Label,3521,,'
2026-03-06 12:09:03.942445,Room4 Virtual Panel,Command,'SetTextButton,3511,,Disconnected'
2026-03-06 12:09:03.942803,Room5 Virtual Panel,Command,'SetVisible,Button,961,,False'
2026-03-06 12:09:03.942803,Room6 Virtual Panel,Command,'SetVisible,Button,8532,,False'
2026-03-06 12:09:03.942803,Room1 Virtual Panel,Command,'SetVisible,Button,971,,False'
2026-03-06 12:09:03.942803,Room0 Virtual Panel,Command,'SetText,Label,451,,HDMI 1'
2026-03-06 12:09:03.942803,Room2 Virtual Panel,Command,'SetTextButton,3501,,DSP0'
2026-03-06 12:09:03.943446,Module:Switch0,Command,"UpdateInputSignalStatus,{'ID': '16'}"
2026-03-06 12:09:03.943446,Room5 Virtual Panel,Command,'SetVisible,Button,962,,False'
2026-03-06 12:09:03.943446,Room3 Virtual Panel,Command,'SetText,Label,3541,,0'
2026-03-06 12:09:03.943446,Room0 Virtual Panel,Command,'SetText,Label,1681,,'
2026-03-06 12:09:03.943446,Room4 Virtual Panel,Command,'SetStateButton,3511,,0'
2026-03-06 12:09:03.944454,Room6 Virtual Panel,Command,'SetVisible,Button,8533,,False'
2026-03-06 12:09:03.944454,Room3 Virtual Panel,Command,'SetVisible,Button,961,,False'
2026-03-06 12:09:03.945455,Room2 Virtual Panel,Command,'SetTextButton,3511,,Disconnected'
2026-03-06 12:09:03.945455,Room1 Virtual Panel,Command,'SetVisible,Button,972,,False'
2026-03-06 12:09:03.945455,Room6 Virtual Panel,Command,'SetVisible,Button,8534,,False'
2026-03-06 12:09:03.945455,Room5 Virtual Panel,Command,'SetVisible,Button,963,,False'
2026-03-06 12:09:03.945455,Room0 Virtual Panel,Command,'SetStateButton,681,,0'
2026-03-06 12:09:03.945455,Room6 Virtual Panel,Command,'SetVisible,Button,8535,,False'
2026-03-06 12:09:03.945455,Room2 Virtual Panel,Command,'SetStateButton,3511,,0'
2026-03-06 12:09:03.946453,Room6 Virtual Panel,Command,'SetVisible,Button,8536,,False'
2026-03-06 12:09:03.946453,Room4 Virtual Panel,Command,'SetText,Label,3521,,'
2026-03-06 12:09:03.946453,Room0 Virtual Panel,Command,'SetText,Label,441,,'
2026-03-06 12:09:03.946453,Room1 Virtual Panel,Command,'SetVisible,Button,973,,False'
2026-03-06 12:09:03.946453,Room3 Virtual Panel,Command,'SetVisible,Button,962,,False'
2026-03-06 12:09:03.946453,Room5 Virtual Panel,Command,'SetVisible,Button,964,,False'
2026-03-06 12:09:03.946453,Room0 Virtual Panel,Command,'SetStateButton,421,,0'
2026-03-06 12:09:03.946453,Room6 Virtual Panel,Command,'SetVisible,Button,8541,,False'
2026-03-06 12:09:03.946453,Room5 Virtual Panel,Command,'SetVisible,Button,965,,False'
2026-03-06 12:09:03.947453,Room6 Virtual Panel,Command,'SetVisible,Button,8542,,False'
2026-03-06 12:09:03.947453,Room1 Virtual Panel,Command,'SetVisible,Button,974,,False'
2026-03-06 12:09:03.947453,Room4 Virtual Panel,Command,'SetText,Label,3541,,0'
2026-03-06 12:09:03.947453,Room2 Virtual Panel,Command,'SetText,Label,3521,,'
2026-03-06 12:09:03.947453,Room3 Virtual Panel,Command,'SetVisible,Button,963,,False'
2026-03-06 12:09:03.947453,Room6 Virtual Panel,Command,'SetVisible,Button,8543,,False'
2026-03-06 12:09:03.947453,Room5 Virtual Panel,Command,'SetVisible,Button,966,,False'
2026-03-06 12:09:03.947453,Room1 Virtual Panel,Command,'SetVisible,Button,975,,False'
2026-03-06 12:09:03.948453,Room4 Virtual Panel,Command,'SetVisible,Button,961,,False'
2026-03-06 12:09:03.948453,Room6 Virtual Panel,Command,'SetVisible,Button,8544,,False'
2026-03-06 12:09:03.948453,Room5 Virtual Panel,Command,'SetVisible,Button,967,,False'
2026-03-06 12:09:03.948453,Room0 Virtual Panel,Command,'SetTextButton,3401,,Video Switcher'
2026-03-06 12:09:03.948453,Room2 Virtual Panel,Command,'SetText,Label,3541,,0'
2026-03-06 12:09:03.948453,Room6 Virtual Panel,Command,'SetVisible,Button,8545,,False'
2026-03-06 12:09:03.948453,Room3 Virtual Panel,Command,'SetVisible,Button,964,,False'
2026-03-06 12:09:03.948453,Room5 Virtual Panel,Command,'SetVisible,Button,968,,False'
2026-03-06 12:09:03.949453,Room5 Virtual Panel,Command,'SetVisible,Button,969,,False'
2026-03-06 12:09:03.949453,Room6 Virtual Panel,Command,'SetVisible,Button,8546,,False'
2026-03-06 12:09:03.949453,Room3 Virtual Panel,Command,'SetVisible,Button,965,,False'
2026-03-06 12:09:03.949453,Room4 Virtual Panel,Command,'SetVisible,Button,962,,False'
2026-03-06 12:09:03.949453,Room0 Virtual Panel,Command,'SetTextButton,3411,,Disconnected'
2026-03-06 12:09:03.949453,Room1 Virtual Panel,Command,'SetVisible,Button,976,,False'
2026-03-06 12:09:03.949453,Room6 Virtual Panel,Command,'SetText,Label,960,,Mic Receiver Status'
2026-03-06 12:09:03.950453,Room3 Virtual Panel,Command,'SetVisible,Button,966,,False'
2026-03-06 12:09:03.950969,Room5 Virtual Panel,Command,'SetVisible,Button,970,,False'
2026-03-06 12:09:03.950969,Room0 Virtual Panel,Command,'SetStateButton,3411,,0'
2026-03-06 12:09:03.950969,Room2 Virtual Panel,Command,'SetVisible,Button,961,,False'
2026-03-06 12:09:03.950969,Room1 Virtual Panel,Command,'SetVisible,Button,981,,False'
2026-03-06 12:09:03.951480,Room4 Virtual Panel,Command,'SetVisible,Button,963,,False'
2026-03-06 12:09:03.951480,Room3 Virtual Panel,Command,'SetVisible,Button,967,,False'
2026-03-06 12:09:03.951480,Room5 Virtual Panel,Command,'SetVisible,Button,971,,False'
2026-03-06 12:09:03.951480,Room4 Virtual Panel,Command,'SetVisible,Button,964,,False'
2026-03-06 12:09:03.952492,Room2 Virtual Panel,Command,'SetVisible,Button,962,,False'
2026-03-06 12:09:03.952492,Room1 Virtual Panel,Command,'SetVisible,Button,982,,False'
2026-03-06 12:09:03.952492,Room0 Virtual Panel,Command,'SetText,Label,3421,,'
2026-03-06 12:09:03.953491,Room3 Virtual Panel,Command,'SetVisible,Button,968,,False'
2026-03-06 12:09:03.953491,Room5 Virtual Panel,Command,'SetVisible,Button,972,,False'
2026-03-06 12:09:03.956490,Room3 Virtual Panel,Command,'SetVisible,Button,969,,False'
2026-03-06 12:09:03.956490,Room5 Virtual Panel,Command,'SetVisible,Button,973,,False'
2026-03-06 12:09:03.957491,Room1 Virtual Panel,Command,'SetVisible,Button,983,,False'
2026-03-06 12:09:03.957491,Room6 Virtual Panel,Command,'SetText,Label,944,,Disconnected'
2026-03-06 12:09:03.957491,Room6 Virtual Panel,Command,'SetText,Label,945,,Disconnected'
2026-03-06 12:09:03.957491,Room2 Virtual Panel,Command,'SetVisible,Button,963,,False'
2026-03-06 12:09:03.957491,Room4 Virtual Panel,Command,'SetVisible,Button,965,,False'
2026-03-06 12:09:03.958491,Room0 Virtual Panel,Command,'SetText,Label,3441,,14'
2026-03-06 12:09:03.958491,Room3 Virtual Panel,Command,'SetVisible,Button,970,,False'
2026-03-06 12:09:03.958491,Room5 Virtual Panel,Command,'SetVisible,Button,974,,False'
2026-03-06 12:09:03.958491,Room6 Virtual Panel,Command,'SetTextButton,3401,,Video Switcher'
2026-03-06 12:09:03.958491,Room1 Virtual Panel,Command,'SetVisible,Button,984,,False'
2026-03-06 12:09:03.959494,Room4 Virtual Panel,Command,'SetVisible,Button,966,,False'
2026-03-06 12:09:03.959494,Room2 Virtual Panel,Command,'SetVisible,Button,964,,False'
2026-03-06 12:09:03.959494,Room0 Virtual Panel,Command,'SetTextButton,3501,,DSP0'
2026-03-06 12:09:03.959494,Room3 Virtual Panel,Command,'SetVisible,Button,971,,False'
2026-03-06 12:09:03.959494,Room5 Virtual Panel,Command,'SetVisible,Button,975,,False'
2026-03-06 12:09:03.959494,Room2 Virtual Panel,Command,'SetVisible,Button,965,,False'
2026-03-06 12:09:03.960492,Room6 Virtual Panel,Command,'SetTextButton,3411,,Disconnected'
2026-03-06 12:09:03.960492,Room1 Virtual Panel,Command,'SetVisible,Button,985,,False'
2026-03-06 12:09:03.960492,Room4 Virtual Panel,Command,'SetVisible,Button,967,,False'
2026-03-06 12:09:03.960492,Room3 Virtual Panel,Command,'SetVisible,Button,972,,False'
2026-03-06 12:09:03.960492,Room2 Virtual Panel,Command,'SetVisible,Button,966,,False'
2026-03-06 12:09:03.960492,Room6 Virtual Panel,Command,'SetStateButton,3411,,0'
2026-03-06 12:09:03.960492,Room4 Virtual Panel,Command,'SetVisible,Button,968,,False'
2026-03-06 12:09:03.960492,Room1 Virtual Panel,Command,'SetVisible,Button,986,,False'
2026-03-06 12:09:03.960492,Room5 Virtual Panel,Command,'SetVisible,Button,976,,False'
2026-03-06 12:09:03.960492,Room0 Virtual Panel,Command,'SetTextButton,3511,,Disconnected'
2026-03-06 12:09:03.961924,Room3 Virtual Panel,Command,'SetVisible,Button,973,,False'
2026-03-06 12:09:03.961924,Room2 Virtual Panel,Command,'SetVisible,Button,967,,False'
2026-03-06 12:09:03.961924,Room5 Virtual Panel,Command,'SetVisible,Button,981,,False'
2026-03-06 12:09:03.961924,Room6 Virtual Panel,Command,'SetText,Label,3421,,'
2026-03-06 12:09:03.961924,Room1 Virtual Panel,Command,'SetVisible,Button,987,,False'
2026-03-06 12:09:03.961924,Room4 Virtual Panel,Command,'SetVisible,Button,969,,False'
2026-03-06 12:09:03.962937,Room0 Virtual Panel,Command,'SetStateButton,3511,,0'
2026-03-06 12:09:03.962937,Room5 Virtual Panel,Command,'SetVisible,Button,982,,False'
2026-03-06 12:09:03.962937,Room2 Virtual Panel,Command,'SetVisible,Button,968,,False'
2026-03-06 12:09:03.962937,Room6 Virtual Panel,Command,'SetText,Label,3441,,14'
2026-03-06 12:09:03.963466,Room3 Virtual Panel,Command,'SetVisible,Button,974,,False'
2026-03-06 12:09:03.963466,Room1 Virtual Panel,Command,'SetVisible,Button,988,,False'
2026-03-06 12:09:03.963466,Room4 Virtual Panel,Command,'SetVisible,Button,970,,False'
2026-03-06 12:09:03.963466,Room5 Virtual Panel,Command,'SetVisible,Button,983,,False'
2026-03-06 12:09:03.963466,Room2 Virtual Panel,Command,'SetVisible,Button,969,,False'
2026-03-06 12:09:03.964508,Room6 Virtual Panel,Command,'SetTextButton,3501,,DSP0'
2026-03-06 12:09:03.964508,Room0 Virtual Panel,Command,'SetText,Label,3521,,'
2026-03-06 12:09:03.964508,Room3 Virtual Panel,Command,'SetVisible,Button,975,,False'
2026-03-06 12:09:03.964508,Room4 Virtual Panel,Command,'SetVisible,Button,971,,False'
2026-03-06 12:09:03.964508,Room1 Virtual Panel,Command,'SetVisible,Button,989,,False'
2026-03-06 12:09:03.964508,Room6 Virtual Panel,Command,'SetTextButton,3511,,Disconnected'
2026-03-06 12:09:03.964508,Room5 Virtual Panel,Command,'SetVisible,Button,984,,False'
2026-03-06 12:09:03.965508,Room0 Virtual Panel,Command,'SetText,Label,3541,,0'
2026-03-06 12:09:03.965508,Room4 Virtual Panel,Command,'SetVisible,Button,972,,False'
2026-03-06 12:09:03.965508,Room3 Virtual Panel,Command,'SetVisible,Button,976,,False'
2026-03-06 12:09:03.965508,Room1 Virtual Panel,Command,'SetVisible,Button,990,,False'
2026-03-06 12:09:03.965508,Room0 Virtual Panel,Command,'SetVisible,Button,961,,False'
2026-03-06 12:09:03.965508,Room5 Virtual Panel,Command,'SetVisible,Button,985,,False'
2026-03-06 12:09:03.966509,Room2 Virtual Panel,Command,'SetVisible,Button,970,,False'
2026-03-06 12:09:03.966509,Room1 Virtual Panel,Command,'SetVisible,Button,991,,False'
2026-03-06 12:09:03.966509,Room0 Virtual Panel,Command,'SetVisible,Button,962,,False'
2026-03-06 12:09:03.966509,Room4 Virtual Panel,Command,'SetVisible,Button,973,,False'
2026-03-06 12:09:03.966509,Room3 Virtual Panel,Command,'SetVisible,Button,981,,False'
2026-03-06 12:09:03.966509,Room6 Virtual Panel,Command,'SetStateButton,3511,,0'
2026-03-06 12:09:03.967510,Room2 Virtual Panel,Command,'SetVisible,Button,971,,False'
2026-03-06 12:09:03.967510,Room5 Virtual Panel,Command,'SetVisible,Button,986,,False'
2026-03-06 12:09:03.967510,Room0 Virtual Panel,Command,'SetVisible,Button,963,,False'
2026-03-06 12:09:03.967510,Room1 Virtual Panel,Command,'SetVisible,Button,992,,False'
2026-03-06 12:09:03.967510,Room6 Virtual Panel,Command,'SetText,Label,3521,,'
2026-03-06 12:09:03.967510,Room4 Virtual Panel,Command,'SetVisible,Button,974,,False'
2026-03-06 12:09:03.968509,Room2 Virtual Panel,Command,'SetVisible,Button,972,,False'
2026-03-06 12:09:03.968509,Room4 Virtual Panel,Command,'SetVisible,Button,975,,False'
2026-03-06 12:09:03.968509,Room3 Virtual Panel,Command,'SetVisible,Button,982,,False'
2026-03-06 12:09:03.968509,Room6 Virtual Panel,Command,'SetText,Label,3541,,0'
2026-03-06 12:09:03.968509,Room0 Virtual Panel,Command,'SetVisible,Button,964,,False'
2026-03-06 12:09:03.968509,Room5 Virtual Panel,Command,'SetVisible,Button,987,,False'
2026-03-06 12:09:03.969508,Room1 Virtual Panel,Command,'SetVisible,Button,993,,False'
2026-03-06 12:09:03.969508,Room5 Virtual Panel,Command,'SetVisible,Button,988,,False'
2026-03-06 12:09:03.969508,Room4 Virtual Panel,Command,'SetVisible,Button,976,,False'
2026-03-06 12:09:03.969508,Room1 Virtual Panel,Command,'SetVisible,Button,994,,False'
2026-03-06 12:09:03.969508,Room3 Virtual Panel,Command,'SetVisible,Button,983,,False'
2026-03-06 12:09:03.969508,Room6 Virtual Panel,Command,'SetVisible,Button,961,,False'
2026-03-06 12:09:03.969508,Room0 Virtual Panel,Command,'SetVisible,Button,965,,False'
2026-03-06 12:09:03.970508,Room1 Virtual Panel,Command,'SetVisible,Button,995,,False'
2026-03-06 12:09:03.970508,Room2 Virtual Panel,Command,'SetVisible,Button,973,,False'
2026-03-06 12:09:03.970508,Room6 Virtual Panel,Command,'SetVisible,Button,962,,False'
2026-03-06 12:09:03.970508,Room4 Virtual Panel,Command,'SetVisible,Button,981,,False'
2026-03-06 12:09:03.970508,Room0 Virtual Panel,Command,'SetVisible,Button,966,,False'
2026-03-06 12:09:03.970508,Room5 Virtual Panel,Command,'SetVisible,Button,989,,False'
2026-03-06 12:09:03.970508,Room3 Virtual Panel,Command,'SetVisible,Button,984,,False'
2026-03-06 12:09:03.971644,Room1 Virtual Panel,Command,'SetVisible,Button,996,,False'
2026-03-06 12:09:03.971644,Room2 Virtual Panel,Command,'SetVisible,Button,974,,False'
2026-03-06 12:09:03.971644,Room3 Virtual Panel,Command,'SetVisible,Button,985,,False'
2026-03-06 12:09:03.971644,Room0 Virtual Panel,Command,'SetVisible,Button,967,,False'
2026-03-06 12:09:03.971644,Room4 Virtual Panel,Command,'SetVisible,Button,982,,False'
2026-03-06 12:09:03.971644,Room2 Virtual Panel,Command,'SetVisible,Button,975,,False'
2026-03-06 12:09:03.972650,Room5 Virtual Panel,Command,'SetVisible,Button,990,,False'
2026-03-06 12:09:03.972650,Room2 Virtual Panel,Command,'SetVisible,Button,976,,False'
2026-03-06 12:09:03.972650,Room6 Virtual Panel,Command,'SetVisible,Button,963,,False'
2026-03-06 12:09:03.972650,Room3 Virtual Panel,Command,'SetVisible,Button,986,,False'
2026-03-06 12:09:03.973650,Room1 Virtual Panel,Command,'SetVisible,Label,1001,,False'
2026-03-06 12:09:03.973650,Room4 Virtual Panel,Command,'SetVisible,Button,983,,False'
2026-03-06 12:09:03.973650,Room0 Virtual Panel,Command,'SetVisible,Button,968,,False'
2026-03-06 12:09:03.973650,Room5 Virtual Panel,Command,'SetVisible,Button,991,,False'
2026-03-06 12:09:03.974652,Room2 Virtual Panel,Command,'SetVisible,Button,981,,False'
2026-03-06 12:09:03.974652,Room1 Virtual Panel,Command,'SetVisible,Label,1002,,False'
2026-03-06 12:09:03.975695,Room3 Virtual Panel,Command,'SetVisible,Button,987,,False'
2026-03-06 12:09:03.975695,Room1 Virtual Panel,Command,'SetVisible,Label,1003,,False'
2026-03-06 12:09:03.975695,Room6 Virtual Panel,Command,'SetVisible,Button,964,,False'
2026-03-06 12:09:03.975695,Room2 Virtual Panel,Command,'SetVisible,Button,982,,False'
2026-03-06 12:09:03.975695,Room0 Virtual Panel,Command,'SetVisible,Button,969,,False'
2026-03-06 12:09:03.975695,Room4 Virtual Panel,Command,'SetVisible,Button,984,,False'
2026-03-06 12:09:03.975695,Room5 Virtual Panel,Command,'SetVisible,Button,992,,False'
2026-03-06 12:09:03.976697,Room3 Virtual Panel,Command,'SetVisible,Button,988,,False'
2026-03-06 12:09:03.976697,Room6 Virtual Panel,Command,'SetVisible,Button,965,,False'
2026-03-06 12:09:03.976697,Room2 Virtual Panel,Command,'SetVisible,Button,983,,False'
2026-03-06 12:09:03.976697,Room5 Virtual Panel,Command,'SetVisible,Button,993,,False'
2026-03-06 12:09:03.976697,Room1 Virtual Panel,Command,'SetVisible,Label,1004,,False'
2026-03-06 12:09:03.976697,Room4 Virtual Panel,Command,'SetVisible,Button,985,,False'
2026-03-06 12:09:03.977755,Room2 Virtual Panel,Command,'SetVisible,Button,984,,False'
2026-03-06 12:09:03.977755,Room0 Virtual Panel,Command,'SetVisible,Button,970,,False'
2026-03-06 12:09:03.977755,Room5 Virtual Panel,Command,'SetVisible,Button,994,,False'
2026-03-06 12:09:03.977755,Room1 Virtual Panel,Command,'SetVisible,Label,1005,,False'
2026-03-06 12:09:03.977755,Room3 Virtual Panel,Command,'SetVisible,Button,989,,False'
2026-03-06 12:09:03.978756,Room6 Virtual Panel,Command,'SetVisible,Button,966,,False'
2026-03-06 12:09:03.978756,Room4 Virtual Panel,Command,'SetVisible,Button,986,,False'
2026-03-06 12:09:03.978756,Room2 Virtual Panel,Command,'SetVisible,Button,985,,False'
2026-03-06 12:09:03.978756,Room0 Virtual Panel,Command,'SetVisible,Button,971,,False'
2026-03-06 12:09:03.978756,Room5 Virtual Panel,Command,'SetVisible,Button,995,,False'
2026-03-06 12:09:03.978756,Room1 Virtual Panel,Command,'SetVisible,Label,1006,,False'
2026-03-06 12:09:03.979749,Room0 Virtual Panel,Command,'SetVisible,Button,972,,False'
2026-03-06 12:09:03.979749,Room6 Virtual Panel,Command,'SetVisible,Button,967,,False'
2026-03-06 12:09:03.979749,Room2 Virtual Panel,Command,'SetVisible,Button,986,,False'
2026-03-06 12:09:03.979749,Room3 Virtual Panel,Command,'SetVisible,Button,990,,False'
2026-03-06 12:09:03.979749,Room4 Virtual Panel,Command,'SetVisible,Button,987,,False'
2026-03-06 12:09:03.979749,Room5 Virtual Panel,Command,'SetVisible,Button,996,,False'
2026-03-06 12:09:03.980650,Room0 Virtual Panel,Command,'SetVisible,Button,973,,False'
2026-03-06 12:09:03.980650,Room3 Virtual Panel,Command,'SetVisible,Button,991,,False'
2026-03-06 12:09:03.980650,Room6 Virtual Panel,Command,'SetVisible,Button,968,,False'
2026-03-06 12:09:03.980650,Room2 Virtual Panel,Command,'SetVisible,Button,987,,False'
2026-03-06 12:09:03.980650,Room4 Virtual Panel,Command,'SetVisible,Button,988,,False'
2026-03-06 12:09:03.980650,Room5 Virtual Panel,Command,'SetVisible,Label,1001,,False'
2026-03-06 12:09:03.980650,Room0 Virtual Panel,Command,'SetVisible,Button,974,,False'
2026-03-06 12:09:03.980650,Room3 Virtual Panel,Command,'SetVisible,Button,992,,False'
2026-03-06 12:09:03.980650,Room1 Virtual Panel,Command,'SetVisible,Label,1007,,False'
2026-03-06 12:09:03.981965,Room2 Virtual Panel,Command,'SetVisible,Button,988,,False'
2026-03-06 12:09:03.981965,Room4 Virtual Panel,Command,'SetVisible,Button,989,,False'
2026-03-06 12:09:03.981965,Room1 Virtual Panel,Command,'SetVisible,Label,1008,,False'
2026-03-06 12:09:03.981965,Room0 Virtual Panel,Command,'SetVisible,Button,975,,False'
2026-03-06 12:09:03.981965,Room6 Virtual Panel,Command,'SetVisible,Button,969,,False'
2026-03-06 12:09:03.981965,Room2 Virtual Panel,Command,'SetVisible,Button,989,,False'
2026-03-06 12:09:03.981965,Room5 Virtual Panel,Command,'SetVisible,Label,1002,,False'
2026-03-06 12:09:03.983073,Room3 Virtual Panel,Command,'SetVisible,Button,993,,False'
2026-03-06 12:09:03.983073,Room4 Virtual Panel,Command,'SetVisible,Button,990,,False'
2026-03-06 12:09:03.983073,Room0 Virtual Panel,Command,'SetVisible,Button,976,,False'
2026-03-06 12:09:03.983073,Room2 Virtual Panel,Command,'SetVisible,Button,990,,False'
2026-03-06 12:09:03.983073,Room1 Virtual Panel,Command,'SetVisible,Label,1009,,False'
2026-03-06 12:09:03.983959,Room4 Virtual Panel,Command,'SetVisible,Button,991,,False'
2026-03-06 12:09:03.983959,Room6 Virtual Panel,Command,'SetVisible,Button,970,,False'
2026-03-06 12:09:03.983959,Room2 Virtual Panel,Command,'SetVisible,Button,991,,False'
2026-03-06 12:09:03.983959,Room1 Virtual Panel,Command,'SetVisible,Label,1010,,False'
2026-03-06 12:09:03.983959,Room5 Virtual Panel,Command,'SetVisible,Label,1003,,False'
2026-03-06 12:09:03.983959,Room0 Virtual Panel,Command,'SetVisible,Button,981,,False'
2026-03-06 12:09:03.983959,Room4 Virtual Panel,Command,'SetVisible,Button,992,,False'
2026-03-06 12:09:03.983959,Room6 Virtual Panel,Command,'SetVisible,Button,971,,False'
2026-03-06 12:09:03.983959,Room3 Virtual Panel,Command,'SetVisible,Button,994,,False'
2026-03-06 12:09:03.985059,Room5 Virtual Panel,Command,'SetVisible,Label,1004,,False'
2026-03-06 12:09:03.985059,Room2 Virtual Panel,Command,'SetVisible,Button,992,,False'
2026-03-06 12:09:03.986060,Room3 Virtual Panel,Command,'SetVisible,Button,995,,False'
2026-03-06 12:09:03.986060,Room6 Virtual Panel,Command,'SetVisible,Button,972,,False'
2026-03-06 12:09:03.986060,Room0 Virtual Panel,Command,'SetVisible,Button,982,,False'
2026-03-06 12:09:03.986060,Room2 Virtual Panel,Command,'SetVisible,Button,993,,False'
2026-03-06 12:09:03.986060,Room1 Virtual Panel,Command,'SetVisible,Label,1011,,False'
2026-03-06 12:09:03.986060,Room4 Virtual Panel,Command,'SetVisible,Button,993,,False'
2026-03-06 12:09:03.987058,Room5 Virtual Panel,Command,'SetVisible,Label,1005,,False'
2026-03-06 12:09:03.987058,Room0 Virtual Panel,Command,'SetVisible,Button,983,,False'
2026-03-06 12:09:03.987058,Room2 Virtual Panel,Command,'SetVisible,Button,994,,False'
2026-03-06 12:09:03.987058,Room3 Virtual Panel,Command,'SetVisible,Button,996,,False'
2026-03-06 12:09:03.987058,Room4 Virtual Panel,Command,'SetVisible,Button,994,,False'
2026-03-06 12:09:03.988002,Room6 Virtual Panel,Command,'SetVisible,Button,973,,False'
2026-03-06 12:09:03.988002,Room3 Virtual Panel,Command,'SetVisible,Label,1001,,False'
2026-03-06 12:09:03.988002,Room5 Virtual Panel,Command,'SetVisible,Label,1006,,False'
2026-03-06 12:09:03.988002,Room2 Virtual Panel,Command,'SetVisible,Button,995,,False'
2026-03-06 12:09:03.988002,Room1 Virtual Panel,Command,'SetVisible,Label,1012,,False'
2026-03-06 12:09:03.988002,Room4 Virtual Panel,Command,'SetVisible,Button,995,,False'
2026-03-06 12:09:03.988972,Room5 Virtual Panel,Command,'SetVisible,Label,1007,,False'
2026-03-06 12:09:03.988972,Room3 Virtual Panel,Command,'SetVisible,Label,1002,,False'
2026-03-06 12:09:03.988972,Room4 Virtual Panel,Command,'SetVisible,Button,996,,False'
2026-03-06 12:09:03.988972,Room0 Virtual Panel,Command,'SetVisible,Button,984,,False'
2026-03-06 12:09:03.988972,Room5 Virtual Panel,Command,'SetVisible,Label,1008,,False'
2026-03-06 12:09:03.988972,Room6 Virtual Panel,Command,'SetVisible,Button,974,,False'
2026-03-06 12:09:03.988972,Room2 Virtual Panel,Command,'SetVisible,Button,996,,False'
2026-03-06 12:09:03.988972,Room0 Virtual Panel,Command,'SetVisible,Button,985,,False'
2026-03-06 12:09:03.990476,Room1 Virtual Panel,Command,'SetVisible,Label,1013,,False'
2026-03-06 12:09:03.990476,Room6 Virtual Panel,Command,'SetVisible,Button,975,,False'
2026-03-06 12:09:03.990476,Room3 Virtual Panel,Command,'SetVisible,Label,1003,,False'
2026-03-06 12:09:03.990476,Room5 Virtual Panel,Command,'SetVisible,Label,1009,,False'
2026-03-06 12:09:03.990476,Room2 Virtual Panel,Command,'SetVisible,Label,1001,,False'
2026-03-06 12:09:03.990476,Room4 Virtual Panel,Command,'SetVisible,Label,1001,,False'
2026-03-06 12:09:03.990476,Room0 Virtual Panel,Command,'SetVisible,Button,986,,False'
2026-03-06 12:09:03.991480,Room2 Virtual Panel,Command,'SetVisible,Label,1002,,False'
2026-03-06 12:09:03.991480,Room5 Virtual Panel,Command,'SetVisible,Label,1010,,False'
2026-03-06 12:09:03.991480,Room1 Virtual Panel,Command,'SetVisible,Label,1014,,False'
2026-03-06 12:09:03.991480,Room3 Virtual Panel,Command,'SetVisible,Label,1004,,False'
2026-03-06 12:09:03.991480,Room6 Virtual Panel,Command,'SetVisible,Button,976,,False'
2026-03-06 12:09:03.991480,Room4 Virtual Panel,Command,'SetVisible,Label,1002,,False'
2026-03-06 12:09:03.991480,Room2 Virtual Panel,Command,'SetVisible,Label,1003,,False'
2026-03-06 12:09:03.991480,Room0 Virtual Panel,Command,'SetVisible,Button,987,,False'
2026-03-06 12:09:03.992737,Room1 Virtual Panel,Command,'SetVisible,Label,1015,,False'
2026-03-06 12:09:03.992737,Room5 Virtual Panel,Command,'SetVisible,Label,1011,,False'
2026-03-06 12:09:03.992737,Room4 Virtual Panel,Command,'SetVisible,Label,1003,,False'
2026-03-06 12:09:03.992737,Room3 Virtual Panel,Command,'SetVisible,Label,1005,,False'
2026-03-06 12:09:03.993735,Room1 Virtual Panel,Command,'SetVisible,Label,1016,,False'
2026-03-06 12:09:03.993735,Room6 Virtual Panel,Command,'SetVisible,Button,981,,False'
2026-03-06 12:09:03.993735,Room5 Virtual Panel,Command,'SetVisible,Label,1012,,False'
2026-03-06 12:09:03.993735,Room4 Virtual Panel,Command,'SetVisible,Label,1004,,False'
2026-03-06 12:09:03.993735,Room2 Virtual Panel,Command,'SetVisible,Label,1004,,False'
2026-03-06 12:09:03.993735,Room6 Virtual Panel,Command,'SetVisible,Button,982,,False'
2026-03-06 12:09:03.994726,Room1 Virtual Panel,Command,'SetTextButton,961,,Touch Panel'
2026-03-06 12:09:03.994726,Room3 Virtual Panel,Command,'SetVisible,Label,1006,,False'
2026-03-06 12:09:03.994726,Room0 Virtual Panel,Command,'SetVisible,Button,988,,False'
2026-03-06 12:09:03.994726,Room2 Virtual Panel,Command,'SetVisible,Label,1005,,False'
2026-03-06 12:09:03.994726,Room5 Virtual Panel,Command,'SetVisible,Label,1013,,False'
2026-03-06 12:09:03.994726,Room0 Virtual Panel,Command,'SetVisible,Button,989,,False'
2026-03-06 12:09:03.994726,Room4 Virtual Panel,Command,'SetVisible,Label,1005,,False'
2026-03-06 12:09:03.995733,Room1 Virtual Panel,Command,'SetTextButton,981,,Disconnected'
2026-03-06 12:09:03.995733,Room6 Virtual Panel,Command,'SetVisible,Button,983,,False'
2026-03-06 12:09:03.995733,Room4 Virtual Panel,Command,'SetVisible,Label,1006,,False'
2026-03-06 12:09:03.995733,Room5 Virtual Panel,Command,'SetVisible,Label,1014,,False'
2026-03-06 12:09:03.995733,Room1 Virtual Panel,Command,'SetStateButton,981,,0'
2026-03-06 12:09:03.995733,Room2 Virtual Panel,Command,'SetVisible,Label,1006,,False'
2026-03-06 12:09:03.996726,Room0 Virtual Panel,Command,'SetVisible,Button,990,,False'
2026-03-06 12:09:03.996726,Room3 Virtual Panel,Command,'SetVisible,Label,1007,,False'
2026-03-06 12:09:03.996726,Room6 Virtual Panel,Command,'SetVisible,Button,984,,False'
2026-03-06 12:09:03.996726,Room0 Virtual Panel,Command,'SetVisible,Button,991,,False'
2026-03-06 12:09:03.996726,Room5 Virtual Panel,Command,'SetVisible,Label,1015,,False'
2026-03-06 12:09:03.996726,Room4 Virtual Panel,Command,'SetVisible,Label,1007,,False'
2026-03-06 12:09:03.997726,Room5 Virtual Panel,Command,'SetVisible,Label,1016,,False'
2026-03-06 12:09:03.997726,Room2 Virtual Panel,Command,'SetVisible,Label,1007,,False'
2026-03-06 12:09:03.997726,Room6 Virtual Panel,Command,'SetVisible,Button,985,,False'
2026-03-06 12:09:03.997726,Room3 Virtual Panel,Command,'SetVisible,Label,1008,,False'
2026-03-06 12:09:03.997726,Room0 Virtual Panel,Command,'SetVisible,Button,992,,False'
2026-03-06 12:09:03.997726,Room1 Virtual Panel,Command,'SetText,Label,1001,,'
2026-03-06 12:09:03.998733,Room2 Virtual Panel,Command,'SetVisible,Label,1008,,False'
2026-03-06 12:09:03.998733,Room4 Virtual Panel,Command,'SetVisible,Label,1008,,False'
2026-03-06 12:09:03.998733,Room5 Virtual Panel,Command,'SetTextButton,961,,Touch Panel'
2026-03-06 12:09:03.998733,Room3 Virtual Panel,Command,'SetVisible,Label,1009,,False'
2026-03-06 12:09:03.998733,Room6 Virtual Panel,Command,'SetVisible,Button,986,,False'
2026-03-06 12:09:03.998733,Room1 Virtual Panel,Command,'SetVisible,Button,961,,True'
2026-03-06 12:09:03.998733,Room2 Virtual Panel,Command,'SetVisible,Label,1009,,False'
2026-03-06 12:09:03.999733,Room0 Virtual Panel,Command,'SetVisible,Button,993,,False'
2026-03-06 12:09:03.999733,Room5 Virtual Panel,Command,'SetTextButton,981,,Disconnected'
2026-03-06 12:09:03.999733,Room6 Virtual Panel,Command,'SetVisible,Button,987,,False'
2026-03-06 12:09:03.999733,Room1 Virtual Panel,Command,'SetVisible,Button,981,,True'
2026-03-06 12:09:03.999733,Room4 Virtual Panel,Command,'SetVisible,Label,1009,,False'
2026-03-06 12:09:03.999733,Room0 Virtual Panel,Command,'SetVisible,Button,994,,False'
2026-03-06 12:09:03.999733,Room3 Virtual Panel,Command,'SetVisible,Label,1010,,False'
2026-03-06 12:09:03.999733,Room5 Virtual Panel,Command,'SetStateButton,981,,0'
2026-03-06 12:09:04.000726,Room2 Virtual Panel,Command,'SetVisible,Label,1010,,False'
2026-03-06 12:09:04.000726,Room5 Virtual Panel,Command,'SetText,Label,1001,,'
2026-03-06 12:09:04.000726,Room1 Virtual Panel,Command,'SetVisible,Label,1001,,True'
2026-03-06 12:09:04.001241,Room4 Virtual Panel,Command,'SetVisible,Label,1010,,False'
2026-03-06 12:09:04.001241,Room2 Virtual Panel,Command,'SetVisible,Label,1011,,False'
2026-03-06 12:09:04.001241,Room6 Virtual Panel,Command,'SetVisible,Button,988,,False'
2026-03-06 12:09:04.001241,Room3 Virtual Panel,Command,'SetVisible,Label,1011,,False'
2026-03-06 12:09:04.001241,Room0 Virtual Panel,Command,'SetVisible,Button,995,,False'
2026-03-06 12:09:04.001752,Room5 Virtual Panel,Command,'SetVisible,Button,961,,True'
2026-03-06 12:09:04.001752,Room6 Virtual Panel,Command,'SetVisible,Button,989,,False'
2026-03-06 12:09:04.001752,Room1 Virtual Panel,Command,'SetTextButton,962,,Video Switcher'
2026-03-06 12:09:04.001752,Room2 Virtual Panel,Command,'SetVisible,Label,1012,,False'
2026-03-06 12:09:04.001752,Room3 Virtual Panel,Command,'SetVisible,Label,1012,,False'
2026-03-06 12:09:04.001752,Room5 Virtual Panel,Command,'SetVisible,Button,981,,True'
2026-03-06 12:09:04.001752,Room0 Virtual Panel,Command,'SetVisible,Button,996,,False'
2026-03-06 12:09:04.001752,Room2 Virtual Panel,Command,'SetVisible,Label,1013,,False'
2026-03-06 12:09:04.002760,Room4 Virtual Panel,Command,'SetVisible,Label,1011,,False'
2026-03-06 12:09:04.002760,Room5 Virtual Panel,Command,'SetVisible,Label,1001,,True'
2026-03-06 12:09:04.002760,Room3 Virtual Panel,Command,'SetVisible,Label,1013,,False'
2026-03-06 12:09:04.002760,Room6 Virtual Panel,Command,'SetVisible,Button,990,,False'
2026-03-06 12:09:04.002760,Room1 Virtual Panel,Command,'SetTextButton,982,,Disconnected'
2026-03-06 12:09:04.003329,Room4 Virtual Panel,Command,'SetVisible,Label,1012,,False'
2026-03-06 12:09:04.003329,Room5 Virtual Panel,Command,'SetTextButton,962,,Video Switcher'
2026-03-06 12:09:04.003329,Room0 Virtual Panel,Command,'SetVisible,Label,1001,,False'
2026-03-06 12:09:04.003329,Room2 Virtual Panel,Command,'SetVisible,Label,1014,,False'
2026-03-06 12:09:04.003760,Room1 Virtual Panel,Command,'SetStateButton,982,,0'
2026-03-06 12:09:04.003760,Room4 Virtual Panel,Command,'SetVisible,Label,1013,,False'
2026-03-06 12:09:04.003760,Room5 Virtual Panel,Command,'SetTextButton,982,,Disconnected'
2026-03-06 12:09:04.003760,Room6 Virtual Panel,Command,'SetVisible,Button,991,,False'
2026-03-06 12:09:04.003760,Room3 Virtual Panel,Command,'SetVisible,Label,1014,,False'
2026-03-06 12:09:04.003760,Room0 Virtual Panel,Command,'SetVisible,Label,1002,,False'
2026-03-06 12:09:04.003760,Room1 Virtual Panel,Command,'SetText,Label,1002,,'
2026-03-06 12:09:04.004760,Room2 Virtual Panel,Command,'SetVisible,Label,1015,,False'
2026-03-06 12:09:04.004760,Room6 Virtual Panel,Command,'SetVisible,Button,992,,False'
2026-03-06 12:09:04.004760,Room4 Virtual Panel,Command,'SetVisible,Label,1014,,False'
2026-03-06 12:09:04.004760,Room3 Virtual Panel,Command,'SetVisible,Label,1015,,False'
2026-03-06 12:09:04.004760,Room0 Virtual Panel,Command,'SetVisible,Label,1003,,False'
2026-03-06 12:09:04.004760,Room2 Virtual Panel,Command,'SetVisible,Label,1016,,False'
2026-03-06 12:09:04.004760,Room5 Virtual Panel,Command,'SetStateButton,982,,0'
2026-03-06 12:09:04.005760,Room1 Virtual Panel,Command,'SetVisible,Button,962,,True'
2026-03-06 12:09:04.005760,Room6 Virtual Panel,Command,'SetVisible,Button,993,,False'
2026-03-06 12:09:04.005760,Room4 Virtual Panel,Command,'SetVisible,Label,1015,,False'
2026-03-06 12:09:04.005760,Room3 Virtual Panel,Command,'SetVisible,Label,1016,,False'
2026-03-06 12:09:04.005760,Room5 Virtual Panel,Command,'SetText,Label,1002,,'
2026-03-06 12:09:04.005760,Room0 Virtual Panel,Command,'SetVisible,Label,1004,,False'
2026-03-06 12:09:04.005760,Room6 Virtual Panel,Command,'SetVisible,Button,994,,False'
2026-03-06 12:09:04.005760,Room3 Virtual Panel,Command,'SetTextButton,961,,Touch Panel'
2026-03-06 12:09:04.006767,Room2 Virtual Panel,Command,'SetTextButton,961,,Touch Panel'
2026-03-06 12:09:04.006767,Room5 Virtual Panel,Command,'SetVisible,Button,962,,True'
2026-03-06 12:09:04.006767,Room4 Virtual Panel,Command,'SetVisible,Label,1016,,False'
2026-03-06 12:09:04.006767,Room1 Virtual Panel,Command,'SetVisible,Button,982,,True'
2026-03-06 12:09:04.006767,Room0 Virtual Panel,Command,'SetVisible,Label,1005,,False'
2026-03-06 12:09:04.006767,Room6 Virtual Panel,Command,'SetVisible,Button,995,,False'
2026-03-06 12:09:04.006767,Room1 Virtual Panel,Command,'SetVisible,Label,1002,,True'
2026-03-06 12:09:04.007760,Room5 Virtual Panel,Command,'SetVisible,Button,982,,True'
2026-03-06 12:09:04.007760,Room3 Virtual Panel,Command,'SetTextButton,981,,Disconnected'
2026-03-06 12:09:04.007760,Room2 Virtual Panel,Command,'SetTextButton,981,,Disconnected'
2026-03-06 12:09:04.007760,Room4 Virtual Panel,Command,'SetTextButton,961,,Touch Panel'
2026-03-06 12:09:04.007760,Room6 Virtual Panel,Command,'SetVisible,Button,996,,False'
2026-03-06 12:09:04.007760,Room5 Virtual Panel,Command,'SetVisible,Label,1002,,True'
2026-03-06 12:09:04.007760,Room3 Virtual Panel,Command,'SetStateButton,981,,0'
2026-03-06 12:09:04.008769,Room1 Virtual Panel,Command,'SetTextButton,963,,Audio DSP'
2026-03-06 12:09:04.008769,Room0 Virtual Panel,Command,'SetVisible,Label,1006,,False'
2026-03-06 12:09:04.008769,Room4 Virtual Panel,Command,'SetTextButton,981,,Disconnected'
2026-03-06 12:09:04.008769,Room2 Virtual Panel,Command,'SetStateButton,981,,0'
2026-03-06 12:09:04.008769,Room3 Virtual Panel,Command,'SetText,Label,1001,,'
2026-03-06 12:09:04.008769,Room6 Virtual Panel,Command,'SetVisible,Label,1001,,False'
2026-03-06 12:09:04.009760,Room1 Virtual Panel,Command,'SetTextButton,983,,Disconnected'
2026-03-06 12:09:04.009760,Room5 Virtual Panel,Command,'SetTextButton,963,,Audio DSP'
2026-03-06 12:09:04.009760,Room0 Virtual Panel,Command,'SetVisible,Label,1007,,False'
2026-03-06 12:09:04.009760,Room4 Virtual Panel,Command,'SetStateButton,981,,0'
2026-03-06 12:09:04.009760,Room2 Virtual Panel,Command,'SetText,Label,1001,,'
2026-03-06 12:09:04.009760,Room6 Virtual Panel,Command,'SetVisible,Label,1002,,False'
2026-03-06 12:09:04.010767,Room3 Virtual Panel,Command,'SetVisible,Button,961,,True'
2026-03-06 12:09:04.010767,Room1 Virtual Panel,Command,'SetStateButton,983,,0'
2026-03-06 12:09:04.010767,Room5 Virtual Panel,Command,'SetTextButton,983,,Disconnected'
2026-03-06 12:09:04.011272,Room4 Virtual Panel,Command,'SetText,Label,1001,,'
2026-03-06 12:09:04.011272,Room0 Virtual Panel,Command,'SetVisible,Label,1008,,False'
2026-03-06 12:09:04.011272,Room2 Virtual Panel,Command,'SetVisible,Button,961,,True'
2026-03-06 12:09:04.011272,Room3 Virtual Panel,Command,'SetVisible,Button,981,,True'
2026-03-06 12:09:04.011272,Room1 Virtual Panel,Command,'SetText,Label,1003,,:0'
2026-03-06 12:09:04.011272,Room5 Virtual Panel,Command,'SetStateButton,983,,0'
2026-03-06 12:09:04.011272,Room0 Virtual Panel,Command,'SetVisible,Label,1009,,False'
2026-03-06 12:09:04.011272,Room6 Virtual Panel,Command,'SetVisible,Label,1003,,False'
2026-03-06 12:09:04.012274,Room2 Virtual Panel,Command,'SetVisible,Button,981,,True'
2026-03-06 12:09:04.012274,Room1 Virtual Panel,Command,'SetVisible,Button,963,,True'
2026-03-06 12:09:04.012274,Room4 Virtual Panel,Command,'SetVisible,Button,961,,True'
2026-03-06 12:09:04.012274,Room3 Virtual Panel,Command,'SetVisible,Label,1001,,True'
2026-03-06 12:09:04.012274,Room4 Virtual Panel,Command,'SetVisible,Button,981,,True'
2026-03-06 12:09:04.012274,Room0 Virtual Panel,Command,'SetVisible,Label,1010,,False'
2026-03-06 12:09:04.012274,Room2 Virtual Panel,Command,'SetVisible,Label,1001,,True'
2026-03-06 12:09:04.013283,Room6 Virtual Panel,Command,'SetVisible,Label,1004,,False'
2026-03-06 12:09:04.013283,Room1 Virtual Panel,Command,'SetVisible,Button,983,,True'
2026-03-06 12:09:04.013283,Room5 Virtual Panel,Command,'SetText,Label,1003,,:0'
2026-03-06 12:09:04.013283,Room4 Virtual Panel,Command,'SetVisible,Label,1001,,True'
2026-03-06 12:09:04.013283,Room0 Virtual Panel,Command,'SetVisible,Label,1011,,False'
2026-03-06 12:09:04.013283,Room2 Virtual Panel,Command,'SetTextButton,962,,Video Switcher'
2026-03-06 12:09:04.013283,Room5 Virtual Panel,Command,'SetVisible,Button,963,,True'
2026-03-06 12:09:04.013283,Room3 Virtual Panel,Command,'SetTextButton,962,,Video Switcher'
2026-03-06 12:09:04.014275,Room0 Virtual Panel,Command,'SetVisible,Label,1012,,False'
2026-03-06 12:09:04.014275,Room5 Virtual Panel,Command,'SetVisible,Button,983,,True'
2026-03-06 12:09:04.014275,Room6 Virtual Panel,Command,'SetVisible,Label,1005,,False'
2026-03-06 12:09:04.014275,Room3 Virtual Panel,Command,'SetTextButton,982,,Disconnected'
2026-03-06 12:09:04.014275,Room1 Virtual Panel,Command,'SetVisible,Label,1003,,True'
2026-03-06 12:09:04.014275,Room4 Virtual Panel,Command,'SetTextButton,962,,Video Switcher'
2026-03-06 12:09:04.014275,Room0 Virtual Panel,Command,'SetVisible,Label,1013,,False'
2026-03-06 12:09:04.015282,Room5 Virtual Panel,Command,'SetVisible,Label,1003,,True'
2026-03-06 12:09:04.015282,Room2 Virtual Panel,Command,'SetTextButton,982,,Disconnected'
2026-03-06 12:09:04.015282,Room4 Virtual Panel,Command,'SetTextButton,982,,Disconnected'
2026-03-06 12:09:04.015282,Room1 Virtual Panel,Command,'SetTextButton,964,,Displays'
2026-03-06 12:09:04.015282,Room3 Virtual Panel,Command,'SetStateButton,982,,0'
2026-03-06 12:09:04.015282,Room0 Virtual Panel,Command,'SetVisible,Label,1014,,False'
2026-03-06 12:09:04.015282,Room6 Virtual Panel,Command,'SetVisible,Label,1006,,False'
2026-03-06 12:09:04.016282,Room2 Virtual Panel,Command,'SetStateButton,982,,0'
2026-03-06 12:09:04.016282,Room0 Virtual Panel,Command,'SetVisible,Label,1015,,False'
2026-03-06 12:09:04.016282,Room5 Virtual Panel,Command,'SetTextButton,964,,Displays'
2026-03-06 12:09:04.016282,Room4 Virtual Panel,Command,'SetStateButton,982,,0'
2026-03-06 12:09:04.016282,Room6 Virtual Panel,Command,'SetVisible,Label,1007,,False'
2026-03-06 12:09:04.016282,Room3 Virtual Panel,Command,'SetText,Label,1002,,'
2026-03-06 12:09:04.016282,Room2 Virtual Panel,Command,'SetText,Label,1002,,'
2026-03-06 12:09:04.016282,Room1 Virtual Panel,Command,'SetTextButton,984,,Disconnected'
2026-03-06 12:09:04.017275,Room5 Virtual Panel,Command,'SetTextButton,984,,Disconnected'
2026-03-06 12:09:04.017275,Room0 Virtual Panel,Command,'SetVisible,Label,1016,,False'
2026-03-06 12:09:04.017275,Room4 Virtual Panel,Command,'SetText,Label,1002,,'
2026-03-06 12:09:04.017275,Room3 Virtual Panel,Command,'SetVisible,Button,962,,True'
2026-03-06 12:09:04.017275,Room2 Virtual Panel,Command,'SetVisible,Button,962,,True'
2026-03-06 12:09:04.017275,Room1 Virtual Panel,Command,'SetStateButton,984,,0'
2026-03-06 12:09:04.017275,Room5 Virtual Panel,Command,'SetStateButton,984,,0'
2026-03-06 12:09:04.018275,Room6 Virtual Panel,Command,'SetVisible,Label,1008,,False'
2026-03-06 12:09:04.018275,Room2 Virtual Panel,Command,'SetVisible,Button,982,,True'
2026-03-06 12:09:04.018275,Room0 Virtual Panel,Command,'SetTextButton,961,,Touch Panel'
2026-03-06 12:09:04.018275,Room3 Virtual Panel,Command,'SetVisible,Button,982,,True'
2026-03-06 12:09:04.018275,Room1 Virtual Panel,Command,'SetText,Label,1004,,'
2026-03-06 12:09:04.018275,Room6 Virtual Panel,Command,'SetVisible,Label,1009,,False'
2026-03-06 12:09:04.018275,Room4 Virtual Panel,Command,'SetVisible,Button,962,,True'
2026-03-06 12:09:04.018275,Room5 Virtual Panel,Command,'SetText,Label,1004,,'
2026-03-06 12:09:04.018275,Room0 Virtual Panel,Command,'SetTextButton,981,,Disconnected'
2026-03-06 12:09:04.019785,Room2 Virtual Panel,Command,'SetVisible,Label,1002,,True'
2026-03-06 12:09:04.019785,Room4 Virtual Panel,Command,'SetVisible,Button,982,,True'
2026-03-06 12:09:04.019785,Room6 Virtual Panel,Command,'SetVisible,Label,1010,,False'
2026-03-06 12:09:04.019785,Room5 Virtual Panel,Command,'SetVisible,Button,964,,True'
2026-03-06 12:09:04.019785,Room1 Virtual Panel,Command,'SetVisible,Button,964,,True'
2026-03-06 12:09:04.019785,Room0 Virtual Panel,Command,'SetStateButton,981,,0'
2026-03-06 12:09:04.019785,Room3 Virtual Panel,Command,'SetVisible,Label,1002,,True'
2026-03-06 12:09:04.019785,Room2 Virtual Panel,Command,'SetTextButton,963,,Audio DSP'
2026-03-06 12:09:04.020920,Room6 Virtual Panel,Command,'SetVisible,Label,1011,,False'
2026-03-06 12:09:04.020920,Room1 Virtual Panel,Command,'SetVisible,Button,984,,True'
2026-03-06 12:09:04.020920,Room2 Virtual Panel,Command,'SetTextButton,983,,Disconnected'
2026-03-06 12:09:04.021431,Room3 Virtual Panel,Command,'SetTextButton,963,,Audio DSP'
2026-03-06 12:09:04.021431,Room0 Virtual Panel,Command,'SetText,Label,1001,,'
2026-03-06 12:09:04.021431,Room4 Virtual Panel,Command,'SetVisible,Label,1002,,True'
2026-03-06 12:09:04.021431,Room5 Virtual Panel,Command,'SetVisible,Button,984,,True'
2026-03-06 12:09:04.021431,Room0 Virtual Panel,Command,'SetVisible,Button,961,,True'
2026-03-06 12:09:04.022455,Room2 Virtual Panel,Command,'SetStateButton,983,,0'
2026-03-06 12:09:04.022455,Room6 Virtual Panel,Command,'SetVisible,Label,1012,,False'
2026-03-06 12:09:04.022455,Room4 Virtual Panel,Command,'SetTextButton,963,,Audio DSP'
2026-03-06 12:09:04.022455,Room1 Virtual Panel,Command,'SetVisible,Label,1004,,True'
2026-03-06 12:09:04.022455,Room5 Virtual Panel,Command,'SetVisible,Label,1004,,True'
2026-03-06 12:09:04.023252,Room3 Virtual Panel,Command,'SetTextButton,983,,Disconnected'
2026-03-06 12:09:04.023252,Room4 Virtual Panel,Command,'SetTextButton,983,,Disconnected'
2026-03-06 12:09:04.023252,Room2 Virtual Panel,Command,'SetText,Label,1003,,:0'
2026-03-06 12:09:04.023252,Room0 Virtual Panel,Command,'SetVisible,Button,981,,True'
2026-03-06 12:09:04.023252,Room6 Virtual Panel,Command,'SetVisible,Label,1013,,False'
2026-03-06 12:09:04.024259,Room4 Virtual Panel,Command,'SetStateButton,983,,0'
2026-03-06 12:09:04.024259,Room2 Virtual Panel,Command,'SetVisible,Button,963,,True'
2026-03-06 12:09:04.024259,Room3 Virtual Panel,Command,'SetStateButton,983,,0'
2026-03-06 12:09:04.024259,Room6 Virtual Panel,Command,'SetVisible,Label,1014,,False'
2026-03-06 12:09:04.024259,Room0 Virtual Panel,Command,'SetVisible,Label,1001,,True'
2026-03-06 12:09:04.025258,Room4 Virtual Panel,Command,'SetText,Label,1003,,:0'
2026-03-06 12:09:04.025258,Room2 Virtual Panel,Command,'SetVisible,Button,983,,True'
2026-03-06 12:09:04.025258,Room3 Virtual Panel,Command,'SetText,Label,1003,,:0'
2026-03-06 12:09:04.025258,Room0 Virtual Panel,Command,'SetTextButton,962,,Video Switcher'
2026-03-06 12:09:04.025258,Room6 Virtual Panel,Command,'SetVisible,Label,1015,,False'
2026-03-06 12:09:04.025258,Room3 Virtual Panel,Command,'SetVisible,Button,963,,True'
2026-03-06 12:09:04.025258,Room4 Virtual Panel,Command,'SetVisible,Button,963,,True'
2026-03-06 12:09:04.026267,Room0 Virtual Panel,Command,'SetTextButton,982,,Disconnected'
2026-03-06 12:09:04.026267,Room2 Virtual Panel,Command,'SetVisible,Label,1003,,True'
2026-03-06 12:09:04.026267,Room6 Virtual Panel,Command,'SetVisible,Label,1016,,False'
2026-03-06 12:09:04.026267,Room3 Virtual Panel,Command,'SetVisible,Button,983,,True'
2026-03-06 12:09:04.026267,Room4 Virtual Panel,Command,'SetVisible,Button,983,,True'
2026-03-06 12:09:04.027257,Room0 Virtual Panel,Command,'SetStateButton,982,,0'
2026-03-06 12:09:04.027257,Room6 Virtual Panel,Command,'SetTextButton,961,,Touch Panel'
2026-03-06 12:09:04.027257,Room2 Virtual Panel,Command,'SetTextButton,964,,Displays'
2026-03-06 12:09:04.027257,Room3 Virtual Panel,Command,'SetVisible,Label,1003,,True'
2026-03-06 12:09:04.027257,Room4 Virtual Panel,Command,'SetVisible,Label,1003,,True'
2026-03-06 12:09:04.027257,Room6 Virtual Panel,Command,'SetTextButton,981,,Disconnected'
2026-03-06 12:09:04.027257,Room2 Virtual Panel,Command,'SetTextButton,984,,Disconnected'
2026-03-06 12:09:04.028258,Room4 Virtual Panel,Command,'SetTextButton,964,,Displays'
2026-03-06 12:09:04.028258,Room3 Virtual Panel,Command,'SetTextButton,964,,Displays'
2026-03-06 12:09:04.028258,Room0 Virtual Panel,Command,'SetText,Label,1002,,'
2026-03-06 12:09:04.028258,Room2 Virtual Panel,Command,'SetStateButton,984,,0'
2026-03-06 12:09:04.028258,Room4 Virtual Panel,Command,'SetTextButton,984,,Disconnected'
2026-03-06 12:09:04.028258,Room6 Virtual Panel,Command,'SetStateButton,981,,0'
2026-03-06 12:09:04.028258,Room3 Virtual Panel,Command,'SetTextButton,984,,Disconnected'
2026-03-06 12:09:04.029257,Room0 Virtual Panel,Command,'SetVisible,Button,962,,True'
2026-03-06 12:09:04.029257,Room4 Virtual Panel,Command,'SetStateButton,984,,0'
2026-03-06 12:09:04.029257,Room2 Virtual Panel,Command,'SetText,Label,1004,,'
2026-03-06 12:09:04.029257,Room3 Virtual Panel,Command,'SetStateButton,984,,0'
2026-03-06 12:09:04.029257,Room0 Virtual Panel,Command,'SetVisible,Button,982,,True'
2026-03-06 12:09:04.029257,Room6 Virtual Panel,Command,'SetText,Label,1001,,'
2026-03-06 12:09:04.029257,Room4 Virtual Panel,Command,'SetText,Label,1004,,'
2026-03-06 12:09:04.029257,Room2 Virtual Panel,Command,'SetVisible,Button,964,,True'
2026-03-06 12:09:04.029257,Room6 Virtual Panel,Command,'SetVisible,Button,961,,True'
2026-03-06 12:09:04.030760,Room3 Virtual Panel,Command,'SetText,Label,1004,,'
2026-03-06 12:09:04.030760,Room0 Virtual Panel,Command,'SetVisible,Label,1002,,True'
2026-03-06 12:09:04.030760,Room4 Virtual Panel,Command,'SetVisible,Button,964,,True'
2026-03-06 12:09:04.030760,Room2 Virtual Panel,Command,'SetVisible,Button,984,,True'
2026-03-06 12:09:04.031272,Room6 Virtual Panel,Command,'SetVisible,Button,981,,True'
2026-03-06 12:09:04.031272,Room4 Virtual Panel,Command,'SetVisible,Button,984,,True'
2026-03-06 12:09:04.031272,Room0 Virtual Panel,Command,'SetTextButton,963,,Audio DSP'
2026-03-06 12:09:04.031272,Room3 Virtual Panel,Command,'SetVisible,Button,964,,True'
2026-03-06 12:09:04.031272,Room6 Virtual Panel,Command,'SetVisible,Label,1001,,True'
2026-03-06 12:09:04.031272,Room2 Virtual Panel,Command,'SetVisible,Label,1004,,True'
2026-03-06 12:09:04.031272,Room4 Virtual Panel,Command,'SetVisible,Label,1004,,True'
2026-03-06 12:09:04.032277,Room0 Virtual Panel,Command,'SetTextButton,983,,Disconnected'
2026-03-06 12:09:04.032277,Room3 Virtual Panel,Command,'SetVisible,Button,984,,True'
2026-03-06 12:09:04.032277,Room6 Virtual Panel,Command,'SetTextButton,962,,Video Switcher'
2026-03-06 12:09:04.032277,Room0 Virtual Panel,Command,'SetStateButton,983,,0'
2026-03-06 12:09:04.033276,Room6 Virtual Panel,Command,'SetTextButton,982,,Disconnected'
2026-03-06 12:09:04.033276,Room3 Virtual Panel,Command,'SetVisible,Label,1004,,True'
2026-03-06 12:09:04.033276,Room0 Virtual Panel,Command,'SetText,Label,1003,,:0'
2026-03-06 12:09:04.033276,Room6 Virtual Panel,Command,'SetStateButton,982,,0'
2026-03-06 12:09:04.033276,Room0 Virtual Panel,Command,'SetVisible,Button,963,,True'
2026-03-06 12:09:04.033276,Room6 Virtual Panel,Command,'SetText,Label,1002,,'
2026-03-06 12:09:04.034277,Room0 Virtual Panel,Command,'SetVisible,Button,983,,True'
2026-03-06 12:09:04.034277,Room6 Virtual Panel,Command,'SetVisible,Button,962,,True'
2026-03-06 12:09:04.034277,Room0 Virtual Panel,Command,'SetVisible,Label,1003,,True'
2026-03-06 12:09:04.034277,Room6 Virtual Panel,Command,'SetVisible,Button,982,,True'
2026-03-06 12:09:04.034277,Room6 Virtual Panel,Command,'SetVisible,Label,1002,,True'
2026-03-06 12:09:04.034277,Room0 Virtual Panel,Command,'SetTextButton,964,,Displays'
2026-03-06 12:09:04.034277,Room6 Virtual Panel,Command,'SetTextButton,963,,Audio DSP'
2026-03-06 12:09:04.035276,Room0 Virtual Panel,Command,'SetTextButton,984,,Disconnected'
2026-03-06 12:09:04.035276,Room0 Virtual Panel,Command,'SetStateButton,984,,0'
2026-03-06 12:09:04.035276,Room6 Virtual Panel,Command,'SetTextButton,983,,Disconnected'
2026-03-06 12:09:04.035276,Room6 Virtual Panel,Command,'SetStateButton,983,,0'
2026-03-06 12:09:04.035276,Room0 Virtual Panel,Command,'SetText,Label,1004,,'
2026-03-06 12:09:04.035276,Room6 Virtual Panel,Command,'SetText,Label,1003,,:0'
2026-03-06 12:09:04.035276,Room0 Virtual Panel,Command,'SetVisible,Button,964,,True'
2026-03-06 12:09:04.036286,Room0 Virtual Panel,Command,'SetVisible,Button,984,,True'
2026-03-06 12:09:04.036286,Room6 Virtual Panel,Command,'SetVisible,Button,963,,True'
2026-03-06 12:09:04.036286,Room0 Virtual Panel,Command,'SetVisible,Label,1004,,True'
2026-03-06 12:09:04.036286,Room6 Virtual Panel,Command,'SetVisible,Button,983,,True'
2026-03-06 12:09:04.036286,Room6 Virtual Panel,Command,'SetVisible,Label,1003,,True'
2026-03-06 12:09:04.347416,Module:Display5,Command,'UpdatePower,None'
2026-03-06 12:09:04.347416,Module:Display5,API,To Device,b'\x010A0A06\x0201D6\x03t\r'
2026-03-06 12:09:04.425406,Module:Display0,Command,'UpdatePower,None'
2026-03-06 12:09:04.425406,Module:Display0,API,To Device,b'\x010A0A06\x0201D6\x03t\r'
2026-03-06 12:09:04.425406,Module:Display3,Command,'UpdatePower,None'
2026-03-06 12:09:04.426408,Module:Display3,API,To Device,b'\x010A0A06\x0201D6\x03t\r'
2026-03-06 12:09:04.426408,Module:Display4,Command,'UpdatePower,None'
2026-03-06 12:09:04.426408,Module:Display4,API,To Device,'POWR????\r'
2026-03-06 12:09:04.426408,Module:Display1,Command,'UpdatePower,None'
2026-03-06 12:09:04.426408,Module:Display1,API,To Device,b'\x010A0A06\x0201D6\x03t\r'
2026-03-06 12:09:04.426408,Module:Display2,Command,'UpdatePower,None'
2026-03-06 12:09:04.426408,Module:Display2,API,To Device,b'\x010A0A06\x0201D6\x03t\r'
2026-03-06 12:09:04.440655,Module:Switch0,API,To Device,'w3cv\r\n'
2026-03-06 12:09:04.441159,Module:Switch0,API,To Device,'{15i:\x1b0LS\r}\r'
2026-03-06 12:09:04.456731,Module:Switch0,Command,"UpdateInputSignalStatus,{'ID': '17'}"
2026-03-06 12:09:04.953549,Module:Switch0,API,To Device,'w3cv\r\n'
2026-03-06 12:09:04.953549,Module:Switch0,API,To Device,'{16i:\x1b0LS\r}\r'
2026-03-06 12:09:04.969127,Module:Switch0,Command,"UpdateInputSignalStatus,{'ID': '18'}"
2026-03-06 12:09:05.468325,Module:Switch0,API,To Device,'w3cv\r\n'
2026-03-06 12:09:05.468325,Module:Switch0,API,To Device,'{17i:\x1b0LS\r}\r'
2026-03-06 12:09:05.484298,Module:Switch0,Command,"UpdateInputSignalStatus,{'ID': '19'}"
2026-03-06 12:09:05.983860,Module:Switch0,API,To Device,'w3cv\r\n'
2026-03-06 12:09:05.983860,Module:Switch0,API,To Device,'{18i:\x1b0LS\r}\r'
2026-03-06 12:09:06.000584,Module:Switch0,Command,"UpdateInputSignalStatus,{'ID': '20'}"
2026-03-06 12:09:06.497344,Module:Switch0,API,To Device,'w3cv\r\n'
2026-03-06 12:09:06.497344,Module:Switch0,API,To Device,'{19i:\x1b0LS\r}\r'
2026-03-06 12:09:06.512432,Module:Switch0,Command,"UpdateInputSignalStatus,{'ID': '21'}"
2026-03-06 12:09:07.012695,Module:Switch0,API,To Device,'w3cv\r\n'
2026-03-06 12:09:07.013383,Module:Switch0,API,To Device,'{20i:\x1b0LS\r}\r'
2026-03-06 12:09:07.027483,Module:Switch0,Command,"UpdateInputSignalStatus,{'ID': '22'}"
2026-03-06 12:09:07.523218,Module:Switch0,API,To Device,'w3cv\r\n'
2026-03-06 12:09:07.524317,Module:Switch0,API,To Device,'{21i:\x1b0LS\r}\r'
2026-03-06 12:09:07.538777,Module:Switch0,Command,"UpdateInputSignalStatus,{'ID': '23'}"
2026-03-06 12:09:08.035863,Module:Switch0,API,To Device,'w3cv\r\n'
2026-03-06 12:09:08.036864,Module:Switch0,API,To Device,'{22i:\x1b0LS\r}\r'
2026-03-06 12:09:08.550504,Module:Switch0,API,To Device,'w3cv\r\n'
2026-03-06 12:09:08.550504,Module:Switch0,API,To Device,'{23i:\x1b0LS\r}\r'
2026-03-06 12:09:13.215299,Module:Switch0,Command,"UpdateVideoMuteDecoder,{'ID': '1'}"
2026-03-06 12:09:14.226765,Module:Switch0,API,To Device,'w3cv\r\n'
2026-03-06 12:09:14.226765,Module:Switch0,API,To Device,'{1o:B\r}\r'
2026-03-06 12:09:17.309801,Module:Display4,API,From Device,b''
2026-03-06 12:09:17.309801,Module:Display3,API,From Device,b''
2026-03-06 12:09:17.309801,Module:Display5,API,From Device,b''
2026-03-06 12:09:17.309801,Module:Display0,API,From Device,b''
2026-03-06 12:09:17.309801,Module:Display2,API,From Device,b''
2026-03-06 12:09:17.309801,Module:Display1,API,From Device,b''
2026-03-06 12:09:23.226517,Module:Switch0,Command,"UpdateVideoMuteDecoder,{'ID': '1'}"
2026-03-06 12:09:24.238759,Module:Switch0,API,To Device,'w3cv\r\n'
2026-03-06 12:09:24.238759,Module:Switch0,API,To Device,'{1o:B\r}\r'
2026-03-06 12:09:27.405541,Module:Display3,Command,'UpdatePower,None'
2026-03-06 12:09:27.405541,Module:Display3,API,To Device,b'\x010A0A06\x0201D6\x03t\r'
2026-03-06 12:09:27.405541,Module:Display0,Command,'UpdatePower,None'
2026-03-06 12:09:27.405541,Module:Display0,API,To Device,b'\x010A0A06\x0201D6\x03t\r'
2026-03-06 12:09:27.405541,Module:Display4,Command,'UpdatePower,None'
2026-03-06 12:09:27.406540,Module:Display4,API,To Device,'POWR????\r'
2026-03-06 12:09:27.406540,Module:Display2,Command,'UpdatePower,None'
2026-03-06 12:09:27.406540,Module:Display2,API,To Device,b'\x010A0A06\x0201D6\x03t\r'
2026-03-06 12:09:27.406540,Module:Display5,Command,'UpdatePower,None'
2026-03-06 12:09:27.406540,Module:Display5,API,To Device,b'\x010A0A06\x0201D6\x03t\r'
2026-03-06 12:09:27.406540,Module:Display1,Command,'UpdatePower,None'
2026-03-06 12:09:27.406540,Module:Display1,API,To Device,b'\x010A0A06\x0201D6\x03t\r'
2026-03-06 12:09:27.437594,Module:Display0,API,From Device,b''
2026-03-06 12:09:27.483736,Module:Display4,API,From Device,b''
2026-03-06 12:09:27.483736,Module:Display2,API,From Device,b''
2026-03-06 12:09:27.483736,Module:Display3,API,From Device,b''
2026-03-06 12:09:27.483736,Module:Display1,API,From Device,b''
2026-03-06 12:09:27.483736,Module:Display5,API,From Device,b''
2026-03-06 12:09:33.231342,Module:Switch0,Command,"UpdateVideoMuteDecoder,{'ID': '1'}"
2026-03-06 12:09:34.241492,Module:Switch0,API,To Device,'w3cv\r\n'
2026-03-06 12:09:34.241492,Module:Switch0,API,To Device,'{1o:B\r}\r'
2026-03-06 12:09:37.509576,Module:Display0,Command,'UpdatePower,None'
2026-03-06 12:09:37.509576,Module:Display0,API,To Device,b'\x010A0A06\x0201D6\x03t\r'
2026-03-06 12:09:37.540818,Module:Display0,API,From Device,b''
2026-03-06 12:09:37.556251,Module:Display1,Command,'UpdatePower,None'
2026-03-06 12:09:37.556251,Module:Display1,API,To Device,b'\x010A0A06\x0201D6\x03t\r'
2026-03-06 12:09:37.556251,Module:Display3,Command,'UpdatePower,None'
2026-03-06 12:09:37.556251,Module:Display3,API,To Device,b'\x010A0A06\x0201D6\x03t\r'
2026-03-06 12:09:37.556251,Module:Display5,Command,'UpdatePower,None'
2026-03-06 12:09:37.556251,Module:Display5,API,To Device,b'\x010A0A06\x0201D6\x03t\r'
2026-03-06 12:09:37.557244,Module:Display4,Command,'UpdatePower,None'
2026-03-06 12:09:37.557244,Module:Display4,API,To Device,'POWR????\r'
2026-03-06 12:09:37.557244,Module:Display2,Command,'UpdatePower,None'
2026-03-06 12:09:37.557244,Module:Display2,API,To Device,b'\x010A0A06\x0201D6\x03t\r'
2026-03-06 12:09:37.586768,Module:Display1,API,From Device,b''
2026-03-06 12:09:37.649103,Module:Display3,API,From Device,b''
2026-03-06 12:09:37.649103,Module:Display5,API,From Device,b''
2026-03-06 12:09:37.649103,Module:Display4,API,From Device,b''
2026-03-06 12:09:37.649103,Module:Display2,API,From Device,b''
2026-03-06 12:09:43.240523,Module:Switch0,Command,"UpdateVideoMuteDecoder,{'ID': '1'}"
2026-03-06 12:09:44.249669,Module:Switch0,API,To Device,'w3cv\r\n'
2026-03-06 12:09:44.249669,Module:Switch0,API,To Device,'{1o:B\r}\r'
2026-03-06 12:09:47.643619,Module:Display0,Command,'UpdatePower,None'Timestamp,Device Name,MessageType,Data
2026-03-06 12:09:47.643619,Module:Display0,API,To Device,b'\x010A0A06\x0201D6\x03t\r'
2026-03-06 12:09:47.689445,Module:Display0,API,From Device,b''
2026-03-06 12:09:47.689445,Module:Display1,Command,'UpdatePower,None'
2026-03-06 12:09:47.689445,Module:Display1,API,To Device,b'\x010A0A06\x0201D6\x03t\r'
2026-03-06 12:09:47.751764,Module:Display3,Command,'UpdatePower,None'
2026-03-06 12:09:47.751764,Module:Display3,API,To Device,b'\x010A0A06\x0201D6\x03t\r'
2026-03-06 12:09:47.751764,Module:Display4,Command,'UpdatePower,None'
2026-03-06 12:09:47.751764,Module:Display4,API,To Device,'POWR????\r'
2026-03-06 12:09:47.751764,Module:Display5,Command,'UpdatePower,None'
2026-03-06 12:09:47.751764,Module:Display5,API,To Device,b'\x010A0A06\x0201D6\x03t\r'
2026-03-06 12:09:47.751764,Module:Display2,Command,'UpdatePower,None'
2026-03-06 12:09:47.751764,Module:Display2,API,To Device,b'\x010A0A06\x0201D6\x03t\r'
2026-03-06 12:09:47.814210,Module:Display1,API,From Device,b''
2026-03-06 12:09:47.814210,Module:Display4,API,From Device,b''
2026-03-06 12:09:47.814210,Module:Display3,API,From Device,b''
2026-03-06 12:09:47.859950,Module:Display5,API,From Device,b''
2026-03-06 12:09:47.859950,Module:Display2,API,From Device,b''
2026-03-06 12:09:53.254822,Module:Switch0,Command,"UpdateVideoMuteDecoder,{'ID': '1'}"
2026-03-06 12:09:54.265243,Module:Switch0,API,To Device,'w3cv\r\n'
2026-03-06 12:09:54.265243,Module:Switch0,API,To Device,'{1o:B\r}\r'
2026-03-06 12:09:57.788620,Module:Display0,Command,'UpdatePower,None'
2026-03-06 12:09:57.788620,Module:Display0,API,To Device,b'\x010A0A06\x0201D6\x03t\r'
2026-03-06 12:09:57.819479,Module:Display0,API,From Device,b''
2026-03-06 12:09:57.896430,Module:Display4,Command,'UpdatePower,None'
2026-03-06 12:09:57.896430,Module:Display4,API,To Device,'POWR????\r'
2026-03-06 12:09:57.896430,Module:Display1,Command,'UpdatePower,None'
2026-03-06 12:09:57.896430,Module:Display1,API,To Device,b'\x010A0A06\x0201D6\x03t\r'
2026-03-06 12:09:57.896430,Module:Display3,Command,'UpdatePower,None'
2026-03-06 12:09:57.896430,Module:Display3,API,To Device,b'\x010A0A06\x0201D6\x03t\r'
2026-03-06 12:09:57.928375,Module:Display4,API,From Device,b''
2026-03-06 12:09:57.943310,Module:Display5,Command,'UpdatePower,None'
2026-03-06 12:09:57.943310,Module:Display5,API,To Device,b'\x010A0A06\x0201D6\x03t\r'
2026-03-06 12:09:57.943310,Module:Display2,Command,'UpdatePower,None'
2026-03-06 12:09:57.943310,Module:Display2,API,To Device,b'\x010A0A06\x0201D6\x03t\r'
2026-03-06 12:09:57.958774,Module:Display3,API,From Device,b''
2026-03-06 12:09:57.958774,Module:Display1,API,From Device,b''
2026-03-06 12:09:57.974952,Module:Display5,API,From Device,b''
2026-03-06 12:09:58.020726,Module:Display2,API,From Device,b''
2026-03-06 12:10:03.258077,Module:Switch0,Command,"UpdateVideoMuteDecoder,{'ID': '1'}"
2026-03-06 12:10:04.265506,Module:Switch0,API,To Device,'w3cv\r\n'
2026-03-06 12:10:04.265506,Module:Switch0,API,To Device,'{1o:B\r}\r'
2026-03-06 12:10:07.912351,Module:Display0,Command,'UpdatePower,None'
2026-03-06 12:10:07.912351,Module:Display0,API,To Device,b'\x010A0A06\x0201D6\x03t\r'
2026-03-06 12:10:07.943737,Module:Display0,API,From Device,b''
2026-03-06 12:10:08.021340,Module:Display4,Command,'UpdatePower,None'
2026-03-06 12:10:08.021340,Module:Display4,API,To Device,'POWR????\r'
2026-03-06 12:10:08.068978,Module:Display4,API,From Device,b''
2026-03-06 12:10:08.068978,Module:Display3,Command,'UpdatePower,None'
2026-03-06 12:10:08.068978,Module:Display3,API,To Device,b'\x010A0A06\x0201D6\x03t\r'
2026-03-06 12:10:08.068978,Module:Display1,Command,'UpdatePower,None'
2026-03-06 12:10:08.068978,Module:Display1,API,To Device,b'\x010A0A06\x0201D6\x03t\r'
2026-03-06 12:10:08.084280,Module:Display3,API,From Device,b''
2026-03-06 12:10:08.099889,Module:Display5,Command,'UpdatePower,None'
2026-03-06 12:10:08.099889,Module:Display5,API,To Device,b'\x010A0A06\x0201D6\x03t\r'
2026-03-06 12:10:08.115268,Module:Display1,API,From Device,b''
2026-03-06 12:10:08.145723,Module:Display2,Command,'UpdatePower,None'
2026-03-06 12:10:08.145723,Module:Display2,API,To Device,b'\x010A0A06\x0201D6\x03t\r'
2026-03-06 12:10:08.161905,Module:Display5,API,From Device,b''
2026-03-06 12:10:08.177822,Module:Display2,API,From Device,b''
2026-03-06 12:10:13.269553,Module:Switch0,Command,"UpdateVideoMuteDecoder,{'ID': '1'}"
2026-03-06 12:10:14.278519,Module:Switch0,API,To Device,'w3cv\r\n'
2026-03-06 12:10:14.278519,Module:Switch0,API,To Device,'{1o:B\r}\r'
2026-03-06 12:10:18.039248,Module:Display0,Command,'UpdatePower,None'
2026-03-06 12:10:18.039248,Module:Display0,API,To Device,b'\x010A0A06\x0201D6\x03t\r'
2026-03-06 12:10:18.070595,Module:Display0,API,From Device,b''
2026-03-06 12:10:18.162805,Module:Display4,Command,'UpdatePower,None'
2026-03-06 12:10:18.162805,Module:Display4,API,To Device,'POWR????\r'
2026-03-06 12:10:18.177188,Module:Display3,Command,'UpdatePower,None'
2026-03-06 12:10:18.177188,Module:Display3,API,To Device,b'\x010A0A06\x0201D6\x03t\r'
2026-03-06 12:10:18.192768,Module:Display4,API,From Device,b''
2026-03-06 12:10:18.208735,Module:Display3,API,From Device,b''
2026-03-06 12:10:18.208735,Module:Display1,Command,'UpdatePower,None'
2026-03-06 12:10:18.208735,Module:Display1,API,To Device,b'\x010A0A06\x0201D6\x03t\r'
2026-03-06 12:10:18.255800,Module:Display1,API,From Device,b''
2026-03-06 12:10:18.256807,Module:Display5,Command,'UpdatePower,None'
2026-03-06 12:10:18.256807,Module:Display5,API,To Device,b'\x010A0A06\x0201D6\x03t\r'
2026-03-06 12:10:18.271320,Module:Display5,API,From Device,b''
2026-03-06 12:10:18.271883,Module:Display2,Command,'UpdatePower,None'
2026-03-06 12:10:18.271883,Module:Display2,API,To Device,b'\x010A0A06\x0201D6\x03t\r'
2026-03-06 12:10:18.302382,Module:Display2,API,From Device,b''
2026-03-06 12:10:23.281383,Module:Switch0,Command,"UpdateVideoMuteDecoder,{'ID': '1'}"
2026-03-06 12:10:24.294398,Module:Switch0,API,To Device,'w3cv\r\n'
2026-03-06 12:10:24.294398,Module:Switch0,API,To Device,'{1o:B\r}\r'
2026-03-06 12:10:28.194631,Module:Display0,Command,'UpdatePower,None'
2026-03-06 12:10:28.194631,Module:Display0,API,To Device,b'\x010A0A06\x0201D6\x03t\r'
2026-03-06 12:10:28.226128,Module:Display0,API,From Device,b''
2026-03-06 12:10:28.288340,Module:Display4,Command,'UpdatePower,None'
2026-03-06 12:10:28.288340,Module:Display4,API,To Device,'POWR????\r'
2026-03-06 12:10:28.303778,Module:Display4,API,From Device,b''
2026-03-06 12:10:28.303778,Module:Display3,Command,'UpdatePower,None'
2026-03-06 12:10:28.303778,Module:Display3,API,To Device,b'\x010A0A06\x0201D6\x03t\r'
2026-03-06 12:10:28.335665,Module:Display3,API,From Device,b''
2026-03-06 12:10:28.382820,Module:Display1,Command,'UpdatePower,None'
2026-03-06 12:10:28.382820,Module:Display1,API,To Device,b'\x010A0A06\x0201D6\x03t\r'
2026-03-06 12:10:28.398778,Module:Display5,Command,'UpdatePower,None'
2026-03-06 12:10:28.398778,Module:Display5,API,To Device,b'\x010A0A06\x0201D6\x03t\r'
2026-03-06 12:10:28.413657,Module:Display1,API,From Device,b''
2026-03-06 12:10:28.429459,Module:Display5,API,From Device,b''
2026-03-06 12:10:28.429459,Module:Display2,Command,'UpdatePower,None'
2026-03-06 12:10:28.429459,Module:Display2,API,To Device,b'\x010A0A06\x0201D6\x03t\r'
2026-03-06 12:10:28.445436,Module:Display2,API,From Device,b''
2026-03-06 12:10:33.297360,Module:Switch0,Command,"UpdateVideoMuteDecoder,{'ID': '1'}"
2026-03-06 12:10:34.309907,Module:Switch0,API,To Device,'w3cv\r\n'
2026-03-06 12:10:34.309907,Module:Switch0,API,To Device,'{1o:B\r}\r'
2026-03-06 12:10:38.339536,Module:Display0,Command,'UpdatePower,None'
2026-03-06 12:10:38.339536,Module:Display0,API,To Device,b'\x010A0A06\x0201D6\x03t\r'
2026-03-06 12:10:38.354755,Module:Display0,API,From Device,b''
2026-03-06 12:10:38.417303,Module:Display4,Command,'UpdatePower,None'
2026-03-06 12:10:38.417303,Module:Display4,API,To Device,'POWR????\r'
2026-03-06 12:10:38.448883,Module:Display4,API,From Device,b''
2026-03-06 12:10:38.448883,Module:Display3,Command,'UpdatePower,None'
2026-03-06 12:10:38.448883,Module:Display3,API,To Device,b'\x010A0A06\x0201D6\x03t\r'
2026-03-06 12:10:38.480483,Module:Display3,API,From Device,b''
2026-03-06 12:10:38.511319,Module:Display1,Command,'UpdatePower,None'
2026-03-06 12:10:38.511319,Module:Display1,API,To Device,b'\x010A0A06\x0201D6\x03t\r'
2026-03-06 12:10:38.526852,Module:Display1,API,From Device,b''
2026-03-06 12:10:38.526852,Module:Display5,Command,'UpdatePower,None'
2026-03-06 12:10:38.526852,Module:Display5,API,To Device,b'\x010A0A06\x0201D6\x03t\r'
2026-03-06 12:10:38.543444,Module:Display2,Command,'UpdatePower,None'
2026-03-06 12:10:38.543444,Module:Display2,API,To Device,b'\x010A0A06\x0201D6\x03t\r'
2026-03-06 12:10:38.558809,Module:Display5,API,From Device,b''
2026-03-06 12:10:38.574335,Module:Display2,API,From Device,b''
2026-03-06 12:10:43.309755,Module:Switch0,Command,"UpdateVideoMuteDecoder,{'ID': '1'}"
2026-03-06 12:10:44.322549,Module:Switch0,API,To Device,'w3cv\r\n'
2026-03-06 12:10:44.322549,Module:Switch0,API,To Device,'{1o:B\r}\r'
2026-03-06 12:10:48.463311,Module:Display0,Command,'UpdatePower,None'Timestamp,Device Name,MessageType,Data
2026-03-06 12:10:48.463311,Module:Display0,API,To Device,b'\x010A0A06\x0201D6\x03t\r'
2026-03-06 12:10:48.509337,Module:Display0,API,From Device,b''
2026-03-06 12:10:48.557714,Module:Display4,Command,'UpdatePower,None'
2026-03-06 12:10:48.557714,Module:Display4,API,To Device,'POWR????\r'
2026-03-06 12:10:48.573784,Module:Display3,Command,'UpdatePower,None'
2026-03-06 12:10:48.573784,Module:Display3,API,To Device,b'\x010A0A06\x0201D6\x03t\r'
2026-03-06 12:10:48.589318,Module:Display4,API,From Device,b''
2026-03-06 12:10:48.604921,Module:Display3,API,From Device,b''
2026-03-06 12:10:48.636377,Module:Display1,Command,'UpdatePower,None'
2026-03-06 12:10:48.636377,Module:Display1,API,To Device,b'\x010A0A06\x0201D6\x03t\r'
2026-03-06 12:10:48.669388,Module:Display5,Command,'UpdatePower,None'
2026-03-06 12:10:48.669388,Module:Display5,API,To Device,b'\x010A0A06\x0201D6\x03t\r'
2026-03-06 12:10:48.684420,Module:Display1,API,From Device,b''
2026-03-06 12:10:48.685421,Module:Display2,Command,'UpdatePower,None'
2026-03-06 12:10:48.685421,Module:Display2,API,To Device,b'\x010A0A06\x0201D6\x03t\r'
2026-03-06 12:10:48.700020,Module:Display5,API,From Device,b''
2026-03-06 12:10:48.715647,Module:Display2,API,From Device,b''
2026-03-06 12:10:53.315833,Module:Switch0,Command,"UpdateVideoMuteDecoder,{'ID': '1'}"
2026-03-06 12:10:54.330504,Module:Switch0,API,To Device,'w3cv\r\n'
2026-03-06 12:10:54.330504,Module:Switch0,API,To Device,'{1o:B\r}\r'
2026-03-06 12:10:58.588320,Module:Display0,Command,'UpdatePower,None'
2026-03-06 12:10:58.588320,Module:Display0,API,To Device,b'\x010A0A06\x0201D6\x03t\r'
2026-03-06 12:10:58.619749,Module:Display0,API,From Device,b''
2026-03-06 12:10:58.666449,Module:Display4,Command,'UpdatePower,None'
2026-03-06 12:10:58.666449,Module:Display4,API,To Device,'POWR????\r'
2026-03-06 12:10:58.697466,Module:Display4,API,From Device,b''
2026-03-06 12:10:58.697466,Module:Display3,Command,'UpdatePower,None'
2026-03-06 12:10:58.697466,Module:Display3,API,To Device,b'\x010A0A06\x0201D6\x03t\r'
2026-03-06 12:10:58.713369,Module:Display3,API,From Device,b''
2026-03-06 12:10:58.776172,Module:Display1,Command,'UpdatePower,None'
2026-03-06 12:10:58.776172,Module:Display1,API,To Device,b'\x010A0A06\x0201D6\x03t\r'
2026-03-06 12:10:58.791729,Module:Display5,Command,'UpdatePower,None'
2026-03-06 12:10:58.791729,Module:Display5,API,To Device,b'\x010A0A06\x0201D6\x03t\r'
2026-03-06 12:10:58.807469,Module:Display1,API,From Device,b''
2026-03-06 12:10:58.808469,Module:Display2,Command,'UpdatePower,None'
2026-03-06 12:10:58.808469,Module:Display2,API,To Device,b'\x010A0A06\x0201D6\x03t\r'
2026-03-06 12:10:58.822953,Module:Display5,API,From Device,b''
2026-03-06 12:10:58.838549,Module:Display2,API,From Device,b''
2026-03-06 12:11:03.318853,Module:Switch0,Command,"UpdateVideoMuteDecoder,{'ID': '1'}"
2026-03-06 12:11:04.330491,Module:Switch0,API,To Device,'w3cv\r\n'
2026-03-06 12:11:04.330491,Module:Switch0,API,To Device,'{1o:B\r}\r'
2026-03-06 12:11:08.732775,Module:Display0,Command,'UpdatePower,None'
2026-03-06 12:11:08.732775,Module:Display0,API,To Device,b'\x010A0A06\x0201D6\x03t\r'
2026-03-06 12:11:08.748737,Module:Display0,API,From Device,b''
2026-03-06 12:11:08.810654,Module:Display4,Command,'UpdatePower,None'
2026-03-06 12:11:08.810654,Module:Display4,API,To Device,'POWR????\r'
2026-03-06 12:11:08.825984,Module:Display3,Command,'UpdatePower,None'
2026-03-06 12:11:08.825984,Module:Display3,API,To Device,b'\x010A0A06\x0201D6\x03t\r'
2026-03-06 12:11:08.841704,Module:Display4,API,From Device,b''
2026-03-06 12:11:08.857671,Module:Display3,API,From Device,b''
2026-03-06 12:11:08.920591,Module:Display1,Command,'UpdatePower,None'
2026-03-06 12:11:08.920591,Module:Display1,API,To Device,b'\x010A0A06\x0201D6\x03t\r'
2026-03-06 12:11:08.936566,Module:Display5,Command,'UpdatePower,None'
2026-03-06 12:11:08.936566,Module:Display5,API,To Device,b'\x010A0A06\x0201D6\x03t\r'
2026-03-06 12:11:08.953189,Module:Display1,API,From Device,b''
2026-03-06 12:11:08.953189,Module:Display2,Command,'UpdatePower,None'
2026-03-06 12:11:08.953189,Module:Display2,API,To Device,b'\x010A0A06\x0201D6\x03t\r'
2026-03-06 12:11:08.969313,Module:Display5,API,From Device,b''
2026-03-06 12:11:08.984715,Module:Display2,API,From Device,b''
2026-03-06 12:11:13.329446,Module:Switch0,Command,"UpdateVideoMuteDecoder,{'ID': '1'}"
2026-03-06 12:11:14.338647,Module:Switch0,API,To Device,'w3cv\r\n'
2026-03-06 12:11:14.338647,Module:Switch0,API,To Device,'{1o:B\r}\r'
2026-03-06 12:11:18.824823,Module:Display0,Command,'UpdatePower,None'
2026-03-06 12:11:18.824823,Module:Display0,API,To Device,b'\x010A0A06\x0201D6\x03t\r'
2026-03-06 12:11:18.855226,Module:Display0,API,From Device,b''
2026-03-06 12:11:18.931598,Module:Display4,Command,'UpdatePower,None'
2026-03-06 12:11:18.931598,Module:Display4,API,To Device,'POWR????\r'
2026-03-06 12:11:18.946807,Module:Display4,API,From Device,b''
2026-03-06 12:11:18.946807,Module:Display3,Command,'UpdatePower,None'
2026-03-06 12:11:18.946807,Module:Display3,API,To Device,b'\x010A0A06\x0201D6\x03t\r'
2026-03-06 12:11:18.977955,Module:Display3,API,From Device,b''
2026-03-06 12:11:19.039688,Module:Display1,Command,'UpdatePower,None'
2026-03-06 12:11:19.039688,Module:Display1,API,To Device,b'\x010A0A06\x0201D6\x03t\r'
2026-03-06 12:11:19.055761,Module:Display1,API,From Device,b''
2026-03-06 12:11:19.055761,Module:Display5,Command,'UpdatePower,None'
2026-03-06 12:11:19.055761,Module:Display5,API,To Device,b'\x010A0A06\x0201D6\x03t\r'
2026-03-06 12:11:19.071761,Module:Display2,Command,'UpdatePower,None'
2026-03-06 12:11:19.071761,Module:Display2,API,To Device,b'\x010A0A06\x0201D6\x03t\r'
2026-03-06 12:11:19.086957,Module:Display5,API,From Device,b''
2026-03-06 12:11:19.102781,Module:Display2,API,From Device,b''
2026-03-06 12:11:23.340645,Module:Switch0,Command,"UpdateVideoMuteDecoder,{'ID': '1'}"
2026-03-06 12:11:24.347125,Module:Switch0,API,To Device,'w3cv\r\n'
2026-03-06 12:11:24.347125,Module:Switch0,API,To Device,'{1o:B\r}\r'
2026-03-06 12:11:28.943305,Module:Display0,Command,'UpdatePower,None'
2026-03-06 12:11:28.943305,Module:Display0,API,To Device,b'\x010A0A06\x0201D6\x03t\r'
2026-03-06 12:11:28.958698,Module:Display0,API,From Device,b''
2026-03-06 12:11:29.034909,Module:Display4,Command,'UpdatePower,None'
2026-03-06 12:11:29.034909,Module:Display4,API,To Device,'POWR????\r'
2026-03-06 12:11:29.049838,Module:Display4,API,From Device,b''
2026-03-06 12:11:29.065383,Module:Display3,Command,'UpdatePower,None'
2026-03-06 12:11:29.065383,Module:Display3,API,To Device,b'\x010A0A06\x0201D6\x03t\r'
2026-03-06 12:11:29.080833,Module:Display3,API,From Device,b''
2026-03-06 12:11:29.143365,Module:Display1,Command,'UpdatePower,None'
2026-03-06 12:11:29.143365,Module:Display1,API,To Device,b'\x010A0A06\x0201D6\x03t\r'
2026-03-06 12:11:29.174724,Module:Display1,API,From Device,b''
2026-03-06 12:11:29.174724,Module:Display5,Command,'UpdatePower,None'
2026-03-06 12:11:29.174724,Module:Display5,API,To Device,b'\x010A0A06\x0201D6\x03t\r'
2026-03-06 12:11:29.190658,Module:Display5,API,From Device,b''
2026-03-06 12:11:29.190658,Module:Display2,Command,'UpdatePower,None'
2026-03-06 12:11:29.190658,Module:Display2,API,To Device,b'\x010A0A06\x0201D6\x03t\r'
2026-03-06 12:11:29.221223,Module:Display2,API,From Device,b''
2026-03-06 12:11:33.344357,Module:Switch0,Command,"UpdateVideoMuteDecoder,{'ID': '1'}"
2026-03-06 12:11:34.359429,Module:Switch0,API,To Device,'w3cv\r\n'
2026-03-06 12:11:34.359429,Module:Switch0,API,To Device,'{1o:B\r}\r'
2026-03-06 12:11:39.056117,Module:Display0,Command,'UpdatePower,None'
2026-03-06 12:11:39.056627,Module:Display0,Event,'ConnectionStatus,Disconnected,None'
2026-03-06 12:11:39.056627,Module:Display0,API,To Device,b'\x010A0A06\x0201D6\x03t\r'
2026-03-06 12:11:39.071887,Module:Display0,API,From Device,b''
2026-03-06 12:11:39.149864,Module:Display4,Command,'UpdatePower,None'
2026-03-06 12:11:39.149864,Module:Display4,Event,'ConnectionStatus,Disconnected,None'
2026-03-06 12:11:39.149864,Module:Display4,API,To Device,'POWR????\r'
2026-03-06 12:11:39.181496,Module:Display3,Command,'UpdatePower,None'
2026-03-06 12:11:39.181496,Module:Display3,Event,'ConnectionStatus,Disconnected,None'
2026-03-06 12:11:39.181496,Module:Display3,API,To Device,b'\x010A0A06\x0201D6\x03t\r'
2026-03-06 12:11:39.196266,Module:Display4,API,From Device,b''
2026-03-06 12:11:39.212393,Module:Display3,API,From Device,b''
2026-03-06 12:11:39.274886,Module:Display1,Command,'UpdatePower,None'
2026-03-06 12:11:39.274886,Module:Display1,Event,'ConnectionStatus,Disconnected,None'
2026-03-06 12:11:39.274886,Module:Display1,API,To Device,b'\x010A0A06\x0201D6\x03t\r'
2026-03-06 12:11:39.289827,Module:Display1,API,From Device,b''
2026-03-06 12:11:39.289827,Module:Display5,Command,'UpdatePower,None'
2026-03-06 12:11:39.289827,Module:Display5,Event,'ConnectionStatus,Disconnected,None'
2026-03-06 12:11:39.289827,Module:Display5,API,To Device,b'\x010A0A06\x0201D6\x03t\r'
2026-03-06 12:11:39.321709,Module:Display5,API,From Device,b''
2026-03-06 12:11:39.336401,Module:Display2,Command,'UpdatePower,None'
2026-03-06 12:11:39.336401,Module:Display2,Event,'ConnectionStatus,Disconnected,None'
2026-03-06 12:11:39.336401,Module:Display2,API,To Device,b'\x010A0A06\x0201D6\x03t\r'
2026-03-06 12:11:39.367615,Module:Display2,API,From Device,b''
2026-03-06 12:11:43.349547,Module:Switch0,Command,"UpdateVideoMuteDecoder,{'ID': '1'}"
2026-03-06 12:11:44.360821,Module:Switch0,API,To Device,'w3cv\r\n'
2026-03-06 12:11:44.360821,Module:Switch0,API,To Device,'{1o:B\r}\r'
2026-03-06 12:11:49.160473,Module:Display0,Command,'UpdatePower,None'Timestamp,Device Name,MessageType,Data
2026-03-06 12:11:49.160473,Module:Display0,API,To Device,b'\x010A0A06\x0201D6\x03t\r'
2026-03-06 12:11:49.192252,Module:Display0,API,From Device,b''
2026-03-06 12:11:49.300688,Module:Display4,Command,'UpdatePower,None'
2026-03-06 12:11:49.300688,Module:Display4,API,To Device,'POWR????\r'
2026-03-06 12:11:49.317056,Module:Display3,Command,'UpdatePower,None'
2026-03-06 12:11:49.317056,Module:Display3,API,To Device,b'\x010A0A06\x0201D6\x03t\r'
2026-03-06 12:11:49.331462,Module:Display4,API,From Device,b''
2026-03-06 12:11:49.347526,Module:Display3,API,From Device,b''
2026-03-06 12:11:49.393913,Module:Display1,Command,'UpdatePower,None'
2026-03-06 12:11:49.393913,Module:Display1,API,To Device,b'\x010A0A06\x0201D6\x03t\r'
2026-03-06 12:11:49.424396,Module:Display1,API,From Device,b''
2026-03-06 12:11:49.424396,Module:Display5,Command,'UpdatePower,None'
2026-03-06 12:11:49.424396,Module:Display5,API,To Device,b'\x010A0A06\x0201D6\x03t\r'
2026-03-06 12:11:49.439919,Module:Display5,API,From Device,b''
2026-03-06 12:11:49.472245,Module:Display2,Command,'UpdatePower,None'
2026-03-06 12:11:49.472245,Module:Display2,API,To Device,b'\x010A0A06\x0201D6\x03t\r'
2026-03-06 12:11:49.503393,Module:Display2,API,From Device,b''
2026-03-06 12:11:53.366374,Module:Switch0,Command,"UpdateVideoMuteDecoder,{'ID': '1'}"
2026-03-06 12:11:54.376572,Module:Switch0,API,To Device,'w3cv\r\n'
2026-03-06 12:11:54.376572,Module:Switch0,API,To Device,'{1o:B\r}\r'
2026-03-06 12:11:59.308664,Module:Display0,Command,'UpdatePower,None'
2026-03-06 12:11:59.308664,Module:Display0,API,To Device,b'\x010A0A06\x0201D6\x03t\r'
2026-03-06 12:11:59.340507,Module:Display0,API,From Device,b''
2026-03-06 12:11:59.449342,Module:Display4,Command,'UpdatePower,None'
2026-03-06 12:11:59.449342,Module:Display4,API,To Device,'POWR????\r'
2026-03-06 12:11:59.464548,Module:Display3,Command,'UpdatePower,None'
2026-03-06 12:11:59.464548,Module:Display3,API,To Device,b'\x010A0A06\x0201D6\x03t\r'
2026-03-06 12:11:59.480462,Module:Display4,API,From Device,b''
2026-03-06 12:11:59.495416,Module:Display3,API,From Device,b''
2026-03-06 12:11:59.543723,Module:Display1,Command,'UpdatePower,None'
2026-03-06 12:11:59.543723,Module:Display1,API,To Device,b'\x010A0A06\x0201D6\x03t\r'
2026-03-06 12:11:59.559565,Module:Display5,Command,'UpdatePower,None'
2026-03-06 12:11:59.559565,Module:Display5,API,To Device,b'\x010A0A06\x0201D6\x03t\r'
2026-03-06 12:11:59.575082,Module:Display1,API,From Device,b''
2026-03-06 12:11:59.591121,Module:Display5,API,From Device,b''
2026-03-06 12:11:59.621970,Module:Display2,Command,'UpdatePower,None'
2026-03-06 12:11:59.621970,Module:Display2,API,To Device,b'\x010A0A06\x0201D6\x03t\r'
2026-03-06 12:11:59.638052,Module:Display2,API,From Device,b''
2026-03-06 12:12:03.383678,Module:Switch0,Command,"UpdateVideoMuteDecoder,{'ID': '1'}"
2026-03-06 12:12:04.395306,Module:Switch0,API,To Device,'w3cv\r\n'
2026-03-06 12:12:04.395306,Module:Switch0,API,To Device,'{1o:B\r}\r'
2026-03-06 12:12:09.436780,Module:Display0,Command,'UpdatePower,None'
2026-03-06 12:12:09.436780,Module:Display0,API,To Device,b'\x010A0A06\x0201D6\x03t\r'
2026-03-06 12:12:09.467715,Module:Display0,API,From Device,b''
2026-03-06 12:12:09.559766,Module:Display4,Command,'UpdatePower,None'
2026-03-06 12:12:09.559766,Module:Display4,API,To Device,'POWR????\r'
2026-03-06 12:12:09.575797,Module:Display4,API,From Device,b''
2026-03-06 12:12:09.575797,Module:Display3,Command,'UpdatePower,None'
2026-03-06 12:12:09.575797,Module:Display3,API,To Device,b'\x010A0A06\x0201D6\x03t\r'
2026-03-06 12:12:09.606970,Module:Display3,API,From Device,b''
2026-03-06 12:12:09.670511,Module:Display1,Command,'UpdatePower,None'
2026-03-06 12:12:09.670511,Module:Display1,API,To Device,b'\x010A0A06\x0201D6\x03t\r'
2026-03-06 12:12:09.686062,Module:Display1,API,From Device,b''
2026-03-06 12:12:09.686062,Module:Display5,Command,'UpdatePower,None'
2026-03-06 12:12:09.686062,Module:Display5,API,To Device,b'\x010A0A06\x0201D6\x03t\r'
2026-03-06 12:12:09.715971,Module:Display5,API,From Device,b''
2026-03-06 12:12:09.731673,Module:Display2,Command,'UpdatePower,None'
2026-03-06 12:12:09.731673,Module:Display2,API,To Device,b'\x010A0A06\x0201D6\x03t\r'
2026-03-06 12:12:09.762986,Module:Display2,API,From Device,b''
2026-03-06 12:12:13.389965,Module:Switch0,Command,"UpdateVideoMuteDecoder,{'ID': '1'}"
2026-03-06 12:12:14.398616,Module:Switch0,API,To Device,'w3cv\r\n'
2026-03-06 12:12:14.398616,Module:Switch0,API,To Device,'{1o:B\r}\r'
2026-03-06 12:12:19.574846,Module:Display0,Command,'UpdatePower,None'
2026-03-06 12:12:19.574846,Module:Display0,API,To Device,b'\x010A0A06\x0201D6\x03t\r'
2026-03-06 12:12:19.605805,Module:Display0,API,From Device,b''
2026-03-06 12:12:19.668629,Module:Display4,Command,'UpdatePower,None'
2026-03-06 12:12:19.668629,Module:Display4,API,To Device,'POWR????\r'
2026-03-06 12:12:19.699915,Module:Display4,API,From Device,b''
2026-03-06 12:12:19.699915,Module:Display3,Command,'UpdatePower,None'
2026-03-06 12:12:19.699915,Module:Display3,API,To Device,b'\x010A0A06\x0201D6\x03t\r'
2026-03-06 12:12:19.746871,Module:Display3,API,From Device,b''
2026-03-06 12:12:19.778158,Module:Display1,Command,'UpdatePower,None'
2026-03-06 12:12:19.778158,Module:Display1,API,To Device,b'\x010A0A06\x0201D6\x03t\r'
2026-03-06 12:12:19.793327,Module:Display1,API,From Device,b''
2026-03-06 12:12:19.793327,Module:Display5,Command,'UpdatePower,None'
2026-03-06 12:12:19.793327,Module:Display5,API,To Device,b'\x010A0A06\x0201D6\x03t\r'
2026-03-06 12:12:19.825176,Module:Display5,API,From Device,b''
2026-03-06 12:12:19.871504,Module:Display2,Command,'UpdatePower,None'
2026-03-06 12:12:19.871504,Module:Display2,API,To Device,b'\x010A0A06\x0201D6\x03t\r'
2026-03-06 12:12:19.903173,Module:Display2,API,From Device,b''
2026-03-06 12:12:23.402720,Module:Switch0,Command,"UpdateVideoMuteDecoder,{'ID': '1'}"
2026-03-06 12:12:24.415168,Module:Switch0,API,To Device,'w3cv\r\n'
2026-03-06 12:12:24.415168,Module:Switch0,API,To Device,'{1o:B\r}\r'
2026-03-06 12:12:29.694144,Module:Display0,Command,'UpdatePower,None'
2026-03-06 12:12:29.694144,Module:Display0,API,To Device,b'\x010A0A06\x0201D6\x03t\r'
2026-03-06 12:12:29.724940,Module:Display0,API,From Device,b''
2026-03-06 12:12:29.787349,Module:Display4,Command,'UpdatePower,None'
2026-03-06 12:12:29.787349,Module:Display4,API,To Device,'POWR????\r'
2026-03-06 12:12:29.802740,Module:Display4,API,From Device,b''
2026-03-06 12:12:29.833803,Module:Display3,Command,'UpdatePower,None'
2026-03-06 12:12:29.833803,Module:Display3,API,To Device,b'\x010A0A06\x0201D6\x03t\r'
2026-03-06 12:12:29.864239,Module:Display3,API,From Device,b''
2026-03-06 12:12:29.879471,Module:Display1,Command,'UpdatePower,None'
2026-03-06 12:12:29.879471,Module:Display1,API,To Device,b'\x010A0A06\x0201D6\x03t\r'
2026-03-06 12:12:29.909919,Module:Display1,API,From Device,b''
2026-03-06 12:12:29.909919,Module:Display5,Command,'UpdatePower,None'
2026-03-06 12:12:29.909919,Module:Display5,API,To Device,b'\x010A0A06\x0201D6\x03t\r'
2026-03-06 12:12:29.925897,Module:Display5,API,From Device,b''
2026-03-06 12:12:30.003268,Module:Display2,Command,'UpdatePower,None'
2026-03-06 12:12:30.003268,Module:Display2,API,To Device,b'\x010A0A06\x0201D6\x03t\r'
2026-03-06 12:12:30.018784,Module:Display2,API,From Device,b''
2026-03-06 12:12:33.418824,Module:Switch0,Command,"UpdateVideoMuteDecoder,{'ID': '1'}"
2026-03-06 12:12:34.430917,Module:Switch0,API,To Device,'w3cv\r\n'
2026-03-06 12:12:34.430917,Module:Switch0,API,To Device,'{1o:B\r}\r'
2026-03-06 12:12:39.816419,Module:Display0,Command,'UpdatePower,None'
2026-03-06 12:12:39.816419,Module:Display0,API,To Device,b'\x010A0A06\x0201D6\x03t\r'
2026-03-06 12:12:39.847469,Module:Display0,API,From Device,b''
2026-03-06 12:12:39.910849,Module:Display4,Command,'UpdatePower,None'
2026-03-06 12:12:39.910849,Module:Display4,API,To Device,'POWR????\r'
2026-03-06 12:12:39.942784,Module:Display4,API,From Device,b''
2026-03-06 12:12:39.974097,Module:Display3,Command,'UpdatePower,None'
2026-03-06 12:12:39.974097,Module:Display3,API,To Device,b'\x010A0A06\x0201D6\x03t\r'
2026-03-06 12:12:39.989783,Module:Display3,API,From Device,b''
2026-03-06 12:12:40.020977,Module:Display1,Command,'UpdatePower,None'
2026-03-06 12:12:40.020977,Module:Display1,API,To Device,b'\x010A0A06\x0201D6\x03t\r'
2026-03-06 12:12:40.036735,Module:Display5,Command,'UpdatePower,None'
2026-03-06 12:12:40.036735,Module:Display5,API,To Device,b'\x010A0A06\x0201D6\x03t\r'
2026-03-06 12:12:40.051328,Module:Display1,API,From Device,b''
2026-03-06 12:12:40.066920,Module:Display5,API,From Device,b''
2026-03-06 12:12:40.130805,Module:Display2,Command,'UpdatePower,None'
2026-03-06 12:12:40.131525,Module:Display2,API,To Device,b'\x010A0A06\x0201D6\x03t\r'
2026-03-06 12:12:40.178345,Module:Display2,API,From Device,b''
2026-03-06 12:12:43.427885,Module:Switch0,Command,"UpdateVideoMuteDecoder,{'ID': '1'}"
2026-03-06 12:12:44.440623,Module:Switch0,API,To Device,'w3cv\r\n'
2026-03-06 12:12:44.440623,Module:Switch0,API,To Device,'{1o:B\r}\r'
2026-03-06 12:12:49.957809,Module:Display0,Command,'UpdatePower,None'Timestamp,Device Name,MessageType,Data
2026-03-06 12:12:49.957809,Module:Display0,API,To Device,b'\x010A0A06\x0201D6\x03t\r'
2026-03-06 12:12:49.988895,Module:Display0,API,From Device,b''
2026-03-06 12:12:50.050899,Module:Display4,Command,'UpdatePower,None'
2026-03-06 12:12:50.050899,Module:Display4,API,To Device,'POWR????\r'
2026-03-06 12:12:50.098281,Module:Display4,API,From Device,b''
2026-03-06 12:12:50.098281,Module:Display3,Command,'UpdatePower,None'
2026-03-06 12:12:50.098281,Module:Display3,API,To Device,b'\x010A0A06\x0201D6\x03t\r'
2026-03-06 12:12:50.114342,Module:Display3,API,From Device,b''
2026-03-06 12:12:50.161169,Module:Display1,Command,'UpdatePower,None'
2026-03-06 12:12:50.161169,Module:Display1,API,To Device,b'\x010A0A06\x0201D6\x03t\r'
2026-03-06 12:12:50.161169,Module:Display5,Command,'UpdatePower,None'
2026-03-06 12:12:50.161169,Module:Display5,API,To Device,b'\x010A0A06\x0201D6\x03t\r'
2026-03-06 12:12:50.176498,Module:Display1,API,From Device,b''
2026-03-06 12:12:50.207029,Module:Display5,API,From Device,b''
2026-03-06 12:12:50.283895,Module:Display2,Command,'UpdatePower,None'
2026-03-06 12:12:50.283895,Module:Display2,API,To Device,b'\x010A0A06\x0201D6\x03t\r'
2026-03-06 12:12:50.314037,Module:Display2,API,From Device,b''
2026-03-06 12:12:53.438610,Module:Switch0,Command,"UpdateVideoMuteDecoder,{'ID': '1'}"
2026-03-06 12:12:54.446815,Module:Switch0,API,To Device,'w3cv\r\n'
2026-03-06 12:12:54.446815,Module:Switch0,API,To Device,'{1o:B\r}\r'
2026-03-06 12:13:00.093545,Module:Display0,Command,'UpdatePower,None'
2026-03-06 12:13:00.093545,Module:Display0,API,To Device,b'\x010A0A06\x0201D6\x03t\r'
2026-03-06 12:13:00.124115,Module:Display0,API,From Device,b''
2026-03-06 12:13:00.186951,Module:Display4,Command,'UpdatePower,None'
2026-03-06 12:13:00.186951,Module:Display4,API,To Device,'POWR????\r'
2026-03-06 12:13:00.202491,Module:Display4,API,From Device,b''
2026-03-06 12:13:00.202491,Module:Display3,Command,'UpdatePower,None'
2026-03-06 12:13:00.202491,Module:Display3,API,To Device,b'\x010A0A06\x0201D6\x03t\r'
2026-03-06 12:13:00.233955,Module:Display3,API,From Device,b''
2026-03-06 12:13:00.263775,Module:Display1,Command,'UpdatePower,None'
2026-03-06 12:13:00.263775,Module:Display1,API,To Device,b'\x010A0A06\x0201D6\x03t\r'
2026-03-06 12:13:00.294492,Module:Display5,Command,'UpdatePower,None'
2026-03-06 12:13:00.294492,Module:Display5,API,To Device,b'\x010A0A06\x0201D6\x03t\r'
2026-03-06 12:13:00.309268,Module:Display1,API,From Device,b''
2026-03-06 12:13:00.325096,Module:Display5,API,From Device,b''
2026-03-06 12:13:00.418709,Module:Display2,Command,'UpdatePower,None'
2026-03-06 12:13:00.418709,Module:Display2,API,To Device,b'\x010A0A06\x0201D6\x03t\r'
2026-03-06 12:13:00.433979,Module:Display2,API,From Device,b''
2026-03-06 12:13:03.451714,Module:Switch0,Command,"UpdateVideoMuteDecoder,{'ID': '1'}"
2026-03-06 12:13:04.466043,Module:Switch0,API,To Device,'w3cv\r\n'
2026-03-06 12:13:04.466043,Module:Switch0,API,To Device,'{1o:B\r}\r'
2026-03-06 12:13:10.228171,Module:Display0,Command,'UpdatePower,None'
2026-03-06 12:13:10.228171,Module:Display0,API,To Device,b'\x010A0A06\x0201D6\x03t\r'
2026-03-06 12:13:10.260187,Module:Display0,API,From Device,b''
2026-03-06 12:13:10.306671,Module:Display4,Command,'UpdatePower,None'
2026-03-06 12:13:10.306671,Module:Display4,API,To Device,'POWR????\r'
2026-03-06 12:13:10.337230,Module:Display4,API,From Device,b''
2026-03-06 12:13:10.337230,Module:Display3,Command,'UpdatePower,None'
2026-03-06 12:13:10.337230,Module:Display3,API,To Device,b'\x010A0A06\x0201D6\x03t\r'
2026-03-06 12:13:10.352690,Module:Display3,API,From Device,b''
2026-03-06 12:13:10.399405,Module:Display1,Command,'UpdatePower,None'
2026-03-06 12:13:10.399405,Module:Display1,API,To Device,b'\x010A0A06\x0201D6\x03t\r'
2026-03-06 12:13:10.414439,Module:Display1,API,From Device,b''
2026-03-06 12:13:10.430588,Module:Display5,Command,'UpdatePower,None'
2026-03-06 12:13:10.430588,Module:Display5,API,To Device,b'\x010A0A06\x0201D6\x03t\r'
2026-03-06 12:13:10.445339,Module:Display5,API,From Device,b''
2026-03-06 12:13:10.523330,Module:Display2,Command,'UpdatePower,None'
2026-03-06 12:13:10.523330,Module:Display2,API,To Device,b'\x010A0A06\x0201D6\x03t\r'
2026-03-06 12:13:10.538645,Module:Display2,API,From Device,b''
2026-03-06 12:13:13.468181,Module:Switch0,Command,"UpdateVideoMuteDecoder,{'ID': '1'}"
2026-03-06 12:13:14.477175,Module:Switch0,API,To Device,'w3cv\r\n'
2026-03-06 12:13:14.477175,Module:Switch0,API,To Device,'{1o:B\r}\r'
2026-03-06 12:13:20.356846,Module:Display0,Command,'UpdatePower,None'
2026-03-06 12:13:20.356846,Module:Display0,API,To Device,b'\x010A0A06\x0201D6\x03t\r'
2026-03-06 12:13:20.387658,Module:Display0,API,From Device,b''
2026-03-06 12:13:20.433835,Module:Display4,Command,'UpdatePower,None'
2026-03-06 12:13:20.433835,Module:Display4,API,To Device,'POWR????\r'
2026-03-06 12:13:20.449675,Module:Display3,Command,'UpdatePower,None'
2026-03-06 12:13:20.449675,Module:Display3,API,To Device,b'\x010A0A06\x0201D6\x03t\r'
2026-03-06 12:13:20.464076,Module:Display4,API,From Device,b''
2026-03-06 12:13:20.479639,Module:Display3,API,From Device,b''
2026-03-06 12:13:20.511292,Module:Display1,Command,'UpdatePower,None'
2026-03-06 12:13:20.511292,Module:Display1,API,To Device,b'\x010A0A06\x0201D6\x03t\r'
2026-03-06 12:13:20.541301,Module:Display5,Command,'UpdatePower,None'
2026-03-06 12:13:20.542308,Module:Display5,API,To Device,b'\x010A0A06\x0201D6\x03t\r'
2026-03-06 12:13:20.557338,Module:Display1,API,From Device,b''
2026-03-06 12:13:20.572464,Module:Display5,API,From Device,b''
2026-03-06 12:13:20.633147,Module:Display2,Command,'UpdatePower,None'
2026-03-06 12:13:20.633147,Module:Display2,API,To Device,b'\x010A0A06\x0201D6\x03t\r'
2026-03-06 12:13:20.663482,Module:Display2,API,From Device,b''
2026-03-06 12:13:23.479483,Module:Switch0,Command,"UpdateVideoMuteDecoder,{'ID': '1'}"
2026-03-06 12:13:24.493024,Module:Switch0,API,To Device,'w3cv\r\n'
2026-03-06 12:13:24.493024,Module:Switch0,API,To Device,'{1o:B\r}\r'
2026-03-06 12:13:30.496478,Module:Display0,Command,'UpdatePower,None'
2026-03-06 12:13:30.496478,Module:Display0,API,To Device,b'\x010A0A06\x0201D6\x03t\r'
2026-03-06 12:13:30.511625,Module:Display0,API,From Device,b''
2026-03-06 12:13:30.572409,Module:Display4,Command,'UpdatePower,None'
2026-03-06 12:13:30.572409,Module:Display4,API,To Device,'POWR????\r'
2026-03-06 12:13:30.587533,Module:Display3,Command,'UpdatePower,None'
2026-03-06 12:13:30.587533,Module:Display3,API,To Device,b'\x010A0A06\x0201D6\x03t\r'
2026-03-06 12:13:30.602879,Module:Display4,API,From Device,b''
2026-03-06 12:13:30.618725,Module:Display3,API,From Device,b''
2026-03-06 12:13:30.649623,Module:Display1,Command,'UpdatePower,None'
2026-03-06 12:13:30.649623,Module:Display1,API,To Device,b'\x010A0A06\x0201D6\x03t\r'
2026-03-06 12:13:30.665644,Module:Display1,API,From Device,b''
2026-03-06 12:13:30.665644,Module:Display5,Command,'UpdatePower,None'
2026-03-06 12:13:30.665644,Module:Display5,API,To Device,b'\x010A0A06\x0201D6\x03t\r'
2026-03-06 12:13:30.696325,Module:Display5,API,From Device,b''
2026-03-06 12:13:30.774078,Module:Display2,Command,'UpdatePower,None'
2026-03-06 12:13:30.774078,Module:Display2,API,To Device,b'\x010A0A06\x0201D6\x03t\r'
2026-03-06 12:13:30.805801,Module:Display2,API,From Device,b''
2026-03-06 12:13:33.481399,Module:Switch0,Command,"UpdateVideoMuteDecoder,{'ID': '1'}"
2026-03-06 12:13:34.491851,Module:Switch0,API,To Device,'w3cv\r\n'
2026-03-06 12:13:34.491851,Module:Switch0,API,To Device,'{1o:B\r}\r'
2026-03-06 12:13:40.623513,Module:Display0,Command,'UpdatePower,None'
2026-03-06 12:13:40.623513,Module:Display0,API,To Device,b'\x010A0A06\x0201D6\x03t\r'
2026-03-06 12:13:40.653787,Module:Display0,API,From Device,b''
2026-03-06 12:13:40.700782,Module:Display4,Command,'UpdatePower,None'
2026-03-06 12:13:40.700782,Module:Display4,API,To Device,'POWR????\r'
2026-03-06 12:13:40.715383,Module:Display3,Command,'UpdatePower,None'
2026-03-06 12:13:40.715383,Module:Display3,API,To Device,b'\x010A0A06\x0201D6\x03t\r'
2026-03-06 12:13:40.730895,Module:Display4,API,From Device,b''
2026-03-06 12:13:40.746610,Module:Display3,API,From Device,b''
2026-03-06 12:13:40.761701,Module:Display1,Command,'UpdatePower,None'
2026-03-06 12:13:40.761701,Module:Display1,API,To Device,b'\x010A0A06\x0201D6\x03t\r'
2026-03-06 12:13:40.791884,Module:Display1,API,From Device,b''
2026-03-06 12:13:40.791884,Module:Display5,Command,'UpdatePower,None'
2026-03-06 12:13:40.791884,Module:Display5,API,To Device,b'\x010A0A06\x0201D6\x03t\r'
2026-03-06 12:13:40.807413,Module:Display5,API,From Device,b''
2026-03-06 12:13:40.914513,Module:Display2,Command,'UpdatePower,None'
2026-03-06 12:13:40.914513,Module:Display2,API,To Device,b'\x010A0A06\x0201D6\x03t\r'
2026-03-06 12:13:40.929539,Module:Display2,API,From Device,b''
2026-03-06 12:13:43.491764,Module:Switch0,Command,"UpdateVideoMuteDecoder,{'ID': '1'}"
2026-03-06 12:13:44.505785,Module:Switch0,API,To Device,'w3cv\r\n'
2026-03-06 12:13:44.505785,Module:Switch0,API,To Device,'{1o:B\r}\r'
2026-03-06 12:13:50.759672,Module:Display0,Command,'UpdatePower,None'Timestamp,Device Name,MessageType,Data
2026-03-06 12:13:50.759672,Module:Display0,API,To Device,b'\x010A0A06\x0201D6\x03t\r'
2026-03-06 12:13:50.791728,Module:Display0,API,From Device,b''
2026-03-06 12:13:50.836642,Module:Display4,Command,'UpdatePower,None'
2026-03-06 12:13:50.836642,Module:Display4,API,To Device,'POWR????\r'
2026-03-06 12:13:50.851704,Module:Display3,Command,'UpdatePower,None'
2026-03-06 12:13:50.851704,Module:Display3,API,To Device,b'\x010A0A06\x0201D6\x03t\r'
2026-03-06 12:13:50.883441,Module:Display3,API,From Device,b''
2026-03-06 12:13:50.883441,Module:Display4,API,From Device,b''
2026-03-06 12:13:50.899012,Module:Display5,Command,'UpdatePower,None'
2026-03-06 12:13:50.899012,Module:Display5,API,To Device,b'\x010A0A06\x0201D6\x03t\r'
2026-03-06 12:13:50.899012,Module:Display1,Command,'UpdatePower,None'
2026-03-06 12:13:50.899012,Module:Display1,API,To Device,b'\x010A0A06\x0201D6\x03t\r'
2026-03-06 12:13:50.929687,Module:Display5,API,From Device,b''
2026-03-06 12:13:50.945550,Module:Display1,API,From Device,b''
2026-03-06 12:13:51.024428,Module:Display2,Command,'UpdatePower,None'
2026-03-06 12:13:51.024428,Module:Display2,API,To Device,b'\x010A0A06\x0201D6\x03t\r'
2026-03-06 12:13:51.055180,Module:Display2,API,From Device,b''
2026-03-06 12:13:53.499058,Module:Switch0,Command,"UpdateVideoMuteDecoder,{'ID': '1'}"
2026-03-06 12:13:54.510951,Module:Switch0,API,To Device,'w3cv\r\n'
2026-03-06 12:13:54.511456,Module:Switch0,API,To Device,'{1o:B\r}\r'
2026-03-06 12:14:00.868416,Module:Display0,Command,'UpdatePower,None'
2026-03-06 12:14:00.868416,Module:Display0,API,To Device,b'\x010A0A06\x0201D6\x03t\r'
2026-03-06 12:14:00.915974,Module:Display0,API,From Device,b''
2026-03-06 12:14:00.976581,Module:Display4,Command,'UpdatePower,None'
2026-03-06 12:14:00.976581,Module:Display4,API,To Device,'POWR????\r'
2026-03-06 12:14:00.976581,Module:Display3,Command,'UpdatePower,None'
2026-03-06 12:14:00.976581,Module:Display3,API,To Device,b'\x010A0A06\x0201D6\x03t\r'
2026-03-06 12:14:00.992887,Module:Display3,API,From Device,b''
2026-03-06 12:14:01.024303,Module:Display5,Command,'UpdatePower,None'
2026-03-06 12:14:01.024303,Module:Display5,API,To Device,b'\x010A0A06\x0201D6\x03t\r'
2026-03-06 12:14:01.039296,Module:Display1,Command,'UpdatePower,None'
2026-03-06 12:14:01.039296,Module:Display1,API,To Device,b'\x010A0A06\x0201D6\x03t\r'
2026-03-06 12:14:01.054728,Module:Display4,API,From Device,b''
2026-03-06 12:14:01.070790,Module:Display5,API,From Device,b''
2026-03-06 12:14:01.117860,Module:Display1,API,From Device,b''
2026-03-06 12:14:01.148571,Module:Display2,Command,'UpdatePower,None'
2026-03-06 12:14:01.148571,Module:Display2,API,To Device,b'\x010A0A06\x0201D6\x03t\r'
2026-03-06 12:14:01.164469,Module:Display2,API,From Device,b''
2026-03-06 12:14:03.206498,DEBUG,Print,'shutdown timer execute'
2026-03-06 12:14:03.501699,Module:Switch0,Command,"UpdateVideoMuteDecoder,{'ID': '1'}"
2026-03-06 12:14:04.510493,Module:Switch0,API,To Device,'w3cv\r\n'
2026-03-06 12:14:04.510493,Module:Switch0,API,To Device,'{1o:B\r}\r'
2026-03-06 12:14:11.037986,Module:Display0,Command,'UpdatePower,None'
2026-03-06 12:14:11.038957,Module:Display0,API,To Device,b'\x010A0A06\x0201D6\x03t\r'
2026-03-06 12:14:11.053440,Module:Display0,API,From Device,b''
2026-03-06 12:14:11.084585,Module:Display3,Command,'UpdatePower,None'
2026-03-06 12:14:11.084585,Module:Display3,API,To Device,b'\x010A0A06\x0201D6\x03t\r'
2026-03-06 12:14:11.116056,Module:Display3,API,From Device,b''
2026-03-06 12:14:11.147296,Module:Display4,Command,'UpdatePower,None'
2026-03-06 12:14:11.147296,Module:Display4,API,To Device,'POWR????\r'
2026-03-06 12:14:11.162770,Module:Display4,API,From Device,b''
2026-03-06 12:14:11.163213,Module:Display5,Command,'UpdatePower,None'
2026-03-06 12:14:11.163213,Module:Display5,API,To Device,b'\x010A0A06\x0201D6\x03t\r'
2026-03-06 12:14:11.193524,Module:Display5,API,From Device,b''
2026-03-06 12:14:11.209484,Module:Display1,Command,'UpdatePower,None'
2026-03-06 12:14:11.209484,Module:Display1,API,To Device,b'\x010A0A06\x0201D6\x03t\r'
2026-03-06 12:14:11.239669,Module:Display1,API,From Device,b''
2026-03-06 12:14:11.270730,Module:Display2,Command,'UpdatePower,None'
2026-03-06 12:14:11.270730,Module:Display2,API,To Device,b'\x010A0A06\x0201D6\x03t\r'
2026-03-06 12:14:11.286483,Module:Display2,API,From Device,b''
2026-03-06 12:14:13.508011,Module:Switch0,Command,"UpdateVideoMuteDecoder,{'ID': '1'}"
2026-03-06 12:14:14.512576,Module:Switch0,API,To Device,'w3cv\r\n'
2026-03-06 12:14:14.512576,Module:Switch0,API,To Device,'{1o:B\r}\r'
2026-03-06 12:14:21.126526,Module:Display0,Command,'UpdatePower,None'
2026-03-06 12:14:21.126526,Module:Display0,API,To Device,b'\x010A0A06\x0201D6\x03t\r'
2026-03-06 12:14:21.172762,Module:Display0,API,From Device,b''
2026-03-06 12:14:21.187924,Module:Display3,Command,'UpdatePower,None'
2026-03-06 12:14:21.187924,Module:Display3,API,To Device,b'\x010A0A06\x0201D6\x03t\r'
2026-03-06 12:14:21.217998,Module:Display3,API,From Device,b''
2026-03-06 12:14:21.249358,Module:Display4,Command,'UpdatePower,None'
2026-03-06 12:14:21.249358,Module:Display4,API,To Device,'POWR????\r'
2026-03-06 12:14:21.265434,Module:Display4,API,From Device,b''
2026-03-06 12:14:21.280812,Module:Display5,Command,'UpdatePower,None'
2026-03-06 12:14:21.280812,Module:Display5,API,To Device,b'\x010A0A06\x0201D6\x03t\r'
2026-03-06 12:14:21.296851,Module:Display5,API,From Device,b''
2026-03-06 12:14:21.328958,Module:Display1,Command,'UpdatePower,None'
2026-03-06 12:14:21.328958,Module:Display1,API,To Device,b'\x010A0A06\x0201D6\x03t\r'
2026-03-06 12:14:21.360789,Module:Display1,API,From Device,b''
2026-03-06 12:14:21.376818,Module:Display2,Command,'UpdatePower,None'
2026-03-06 12:14:21.376818,Module:Display2,API,To Device,b'\x010A0A06\x0201D6\x03t\r'
2026-03-06 12:14:21.408382,Module:Display2,API,From Device,b''
2026-03-06 12:14:23.513758,Module:Switch0,Command,"UpdateVideoMuteDecoder,{'ID': '1'}"
2026-03-06 12:14:24.524392,Module:Switch0,API,To Device,'w3cv\r\n'
2026-03-06 12:14:24.524392,Module:Switch0,API,To Device,'{1o:B\r}\r'
2026-03-06 12:14:31.286515,Module:Display0,Command,'UpdatePower,None'
2026-03-06 12:14:31.286515,Module:Display0,API,To Device,b'\x010A0A06\x0201D6\x03t\r'
2026-03-06 12:14:31.318330,Module:Display0,API,From Device,b''
2026-03-06 12:14:31.333938,Module:Display3,Command,'UpdatePower,None'
2026-03-06 12:14:31.333938,Module:Display3,API,To Device,b'\x010A0A06\x0201D6\x03t\r'
2026-03-06 12:14:31.364893,Module:Display3,API,From Device,b''
2026-03-06 12:14:31.380929,Module:Display4,Command,'UpdatePower,None'
2026-03-06 12:14:31.380929,Module:Display4,API,To Device,'POWR????\r'
2026-03-06 12:14:31.411641,Module:Display4,API,From Device,b''
2026-03-06 12:14:31.412147,Module:Display5,Command,'UpdatePower,None'
2026-03-06 12:14:31.412147,Module:Display5,API,To Device,b'\x010A0A06\x0201D6\x03t\r'
2026-03-06 12:14:31.458620,Module:Display5,API,From Device,b''
2026-03-06 12:14:31.474010,Module:Display1,Command,'UpdatePower,None'
2026-03-06 12:14:31.474010,Module:Display1,API,To Device,b'\x010A0A06\x0201D6\x03t\r'
2026-03-06 12:14:31.521821,Module:Display2,Command,'UpdatePower,None'
2026-03-06 12:14:31.521821,Module:Display2,API,To Device,b'\x010A0A06\x0201D6\x03t\r'
2026-03-06 12:14:31.536227,Module:Display1,API,From Device,b''
2026-03-06 12:14:31.596700,Module:Display2,API,From Device,b''
2026-03-06 12:14:33.526872,Module:Switch0,Command,"UpdateVideoMuteDecoder,{'ID': '1'}"
2026-03-06 12:14:34.532742,Module:Switch0,API,To Device,'w3cv\r\n'
2026-03-06 12:14:34.533204,Module:Switch0,API,To Device,'{1o:B\r}\r'
2026-03-06 12:14:41.415727,Module:Display0,Command,'UpdatePower,None'
2026-03-06 12:14:41.415727,Module:Display0,API,To Device,b'\x010A0A06\x0201D6\x03t\r'
2026-03-06 12:14:41.431728,Module:Display0,API,From Device,b''
2026-03-06 12:14:41.446648,Module:Display3,Command,'UpdatePower,None'
2026-03-06 12:14:41.446648,Module:Display3,API,To Device,b'\x010A0A06\x0201D6\x03t\r'
2026-03-06 12:14:41.462297,Module:Display3,API,From Device,b''
2026-03-06 12:14:41.478414,Module:Display4,Command,'UpdatePower,None'
2026-03-06 12:14:41.478414,Module:Display4,API,To Device,'POWR????\r'
2026-03-06 12:14:41.494343,Module:Display4,API,From Device,b''
2026-03-06 12:14:41.541591,Module:Display5,Command,'UpdatePower,None'
2026-03-06 12:14:41.541591,Module:Display5,API,To Device,b'\x010A0A06\x0201D6\x03t\r'
2026-03-06 12:14:41.557153,Module:Display5,API,From Device,b''
2026-03-06 12:14:41.619087,Module:Display1,Command,'UpdatePower,None'
2026-03-06 12:14:41.619087,Module:Display1,API,To Device,b'\x010A0A06\x0201D6\x03t\r'
2026-03-06 12:14:41.649475,Module:Display1,API,From Device,b''
2026-03-06 12:14:41.681519,Module:Display2,Command,'UpdatePower,None'
2026-03-06 12:14:41.681519,Module:Display2,API,To Device,b'\x010A0A06\x0201D6\x03t\r'
2026-03-06 12:14:41.696739,Module:Display2,API,From Device,b''
2026-03-06 12:14:43.531374,Module:Switch0,Command,"UpdateVideoMuteDecoder,{'ID': '1'}"
2026-03-06 12:14:44.543249,Module:Switch0,API,To Device,'w3cv\r\n'
2026-03-06 12:14:44.543249,Module:Switch0,API,To Device,'{1o:B\r}\r'
2026-03-06 12:14:51.536653,Module:Display0,Command,'UpdatePower,None'Timestamp,Device Name,MessageType,Data
2026-03-06 12:14:51.536653,Module:Display0,API,To Device,b'\x010A0A06\x0201D6\x03t\r'
2026-03-06 12:14:51.568717,Module:Display0,API,From Device,b''
2026-03-06 12:14:51.568717,Module:Display3,Command,'UpdatePower,None'
2026-03-06 12:14:51.568717,Module:Display3,API,To Device,b'\x010A0A06\x0201D6\x03t\r'
2026-03-06 12:14:51.584576,Module:Display3,API,From Device,b''
2026-03-06 12:14:51.599944,Module:Display4,Command,'UpdatePower,None'
2026-03-06 12:14:51.599944,Module:Display4,API,To Device,'POWR????\r'
2026-03-06 12:14:51.615122,Module:Display4,API,From Device,b''
2026-03-06 12:14:51.662123,Module:Display5,Command,'UpdatePower,None'
2026-03-06 12:14:51.662123,Module:Display5,API,To Device,b'\x010A0A06\x0201D6\x03t\r'
2026-03-06 12:14:51.709451,Module:Display5,API,From Device,b''
2026-03-06 12:14:51.756265,Module:Display1,Command,'UpdatePower,None'
2026-03-06 12:14:51.756265,Module:Display1,API,To Device,b'\x010A0A06\x0201D6\x03t\r'
2026-03-06 12:14:51.787027,Module:Display1,API,From Device,b''
2026-03-06 12:14:51.802121,Module:Display2,Command,'UpdatePower,None'
2026-03-06 12:14:51.802121,Module:Display2,API,To Device,b'\x010A0A06\x0201D6\x03t\r'
2026-03-06 12:14:51.832906,Module:Display2,API,From Device,b''
2026-03-06 12:14:53.544429,Module:Switch0,Command,"UpdateVideoMuteDecoder,{'ID': '1'}"
2026-03-06 12:14:54.557903,Module:Switch0,API,To Device,'w3cv\r\n'
2026-03-06 12:14:54.557903,Module:Switch0,API,To Device,'{1o:B\r}\r'
2026-03-06 12:15:01.683430,Module:Display0,Command,'UpdatePower,None'
2026-03-06 12:15:01.683430,Module:Display0,API,To Device,b'\x010A0A06\x0201D6\x03t\r'
2026-03-06 12:15:01.698891,Module:Display3,Command,'UpdatePower,None'
2026-03-06 12:15:01.698891,Module:Display3,API,To Device,b'\x010A0A06\x0201D6\x03t\r'
2026-03-06 12:15:01.714379,Module:Display0,API,From Device,b''
2026-03-06 12:15:01.729964,Module:Display3,API,From Device,b''
2026-03-06 12:15:01.729964,Module:Display4,Command,'UpdatePower,None'
2026-03-06 12:15:01.729964,Module:Display4,API,To Device,'POWR????\r'
2026-03-06 12:15:01.745760,Module:Display4,API,From Device,b''
2026-03-06 12:15:01.807741,Module:Display5,Command,'UpdatePower,None'
2026-03-06 12:15:01.807741,Module:Display5,API,To Device,b'\x010A0A06\x0201D6\x03t\r'
2026-03-06 12:15:01.839367,Module:Display5,API,From Device,b''
2026-03-06 12:15:01.901597,Module:Display1,Command,'UpdatePower,None'
2026-03-06 12:15:01.901597,Module:Display1,API,To Device,b'\x010A0A06\x0201D6\x03t\r'
2026-03-06 12:15:01.917395,Module:Display1,API,From Device,b''
2026-03-06 12:15:01.932665,Module:Display2,Command,'UpdatePower,None'
2026-03-06 12:15:01.932665,Module:Display2,API,To Device,b'\x010A0A06\x0201D6\x03t\r'
2026-03-06 12:15:01.948697,Module:Display2,API,From Device,b''
2026-03-06 12:15:03.556222,Module:Switch0,Command,"UpdateVideoMuteDecoder,{'ID': '1'}"
2026-03-06 12:15:04.563851,Module:Switch0,API,To Device,'w3cv\r\n'
2026-03-06 12:15:04.563851,Module:Switch0,API,To Device,'{1o:B\r}\r'
2026-03-06 12:15:11.808789,Module:Display0,Command,'UpdatePower,None'
2026-03-06 12:15:11.808789,Module:Display0,API,To Device,b'\x010A0A06\x0201D6\x03t\r'
2026-03-06 12:15:11.823651,Module:Display3,Command,'UpdatePower,None'
2026-03-06 12:15:11.823651,Module:Display3,API,To Device,b'\x010A0A06\x0201D6\x03t\r'
2026-03-06 12:15:11.838844,Module:Display0,API,From Device,b''
2026-03-06 12:15:11.838844,Module:Display4,Command,'UpdatePower,None'
2026-03-06 12:15:11.838844,Module:Display4,API,To Device,'POWR????\r'
2026-03-06 12:15:11.853819,Module:Display3,API,From Device,b''
2026-03-06 12:15:11.900551,Module:Display4,API,From Device,b''
2026-03-06 12:15:11.931412,Module:Display5,Command,'UpdatePower,None'
2026-03-06 12:15:11.931412,Module:Display5,API,To Device,b'\x010A0A06\x0201D6\x03t\r'
2026-03-06 12:15:11.962457,Module:Display5,API,From Device,b''
2026-03-06 12:15:11.994100,Module:Display1,Command,'UpdatePower,None'
2026-03-06 12:15:11.994100,Module:Display1,API,To Device,b'\x010A0A06\x0201D6\x03t\r'
2026-03-06 12:15:12.009778,Module:Display1,API,From Device,b''
2026-03-06 12:15:12.025912,Module:Display2,Command,'UpdatePower,None'
2026-03-06 12:15:12.025912,Module:Display2,API,To Device,b'\x010A0A06\x0201D6\x03t\r'
2026-03-06 12:15:12.041275,Module:Display2,API,From Device,b''
2026-03-06 12:15:13.559541,Module:Switch0,Command,"UpdateVideoMuteDecoder,{'ID': '1'}"
2026-03-06 12:15:14.573008,Module:Switch0,API,To Device,'w3cv\r\n'
2026-03-06 12:15:14.573008,Module:Switch0,API,To Device,'{1o:B\r}\r'
2026-03-06 12:15:21.927303,Module:Display0,Command,'UpdatePower,None'
2026-03-06 12:15:21.927303,Module:Display0,API,To Device,b'\x010A0A06\x0201D6\x03t\r'
2026-03-06 12:15:21.942569,Module:Display3,Command,'UpdatePower,None'
2026-03-06 12:15:21.942569,Module:Display3,API,To Device,b'\x010A0A06\x0201D6\x03t\r'
2026-03-06 12:15:21.958611,Module:Display0,API,From Device,b''
2026-03-06 12:15:21.973995,Module:Display3,API,From Device,b''
2026-03-06 12:15:21.989872,Module:Display4,Command,'UpdatePower,None'
2026-03-06 12:15:21.989872,Module:Display4,API,To Device,'POWR????\r'
2026-03-06 12:15:22.020954,Module:Display4,API,From Device,b''
2026-03-06 12:15:22.067647,Module:Display5,Command,'UpdatePower,None'
2026-03-06 12:15:22.067647,Module:Display5,API,To Device,b'\x010A0A06\x0201D6\x03t\r'
2026-03-06 12:15:22.098500,Module:Display5,API,From Device,b''
2026-03-06 12:15:22.098500,Module:Display1,Command,'UpdatePower,None'
2026-03-06 12:15:22.098500,Module:Display1,API,To Device,b'\x010A0A06\x0201D6\x03t\r'
2026-03-06 12:15:22.114210,Module:Display1,API,From Device,b''
2026-03-06 12:15:22.145478,Module:Display2,Command,'UpdatePower,None'
2026-03-06 12:15:22.145478,Module:Display2,API,To Device,b'\x010A0A06\x0201D6\x03t\r'
2026-03-06 12:15:22.177101,Module:Display2,API,From Device,b''
2026-03-06 12:15:23.566065,Module:Switch0,Command,"UpdateVideoMuteDecoder,{'ID': '1'}"
2026-03-06 12:15:24.570570,Module:Switch0,API,To Device,'w3cv\r\n'
2026-03-06 12:15:24.570570,Module:Switch0,API,To Device,'{1o:B\r}\r'
2026-03-06 12:15:32.057114,Module:Display0,Command,'UpdatePower,None'
2026-03-06 12:15:32.057114,Module:Display0,API,To Device,b'\x010A0A06\x0201D6\x03t\r'
2026-03-06 12:15:32.072628,Module:Display0,API,From Device,b''
2026-03-06 12:15:32.072628,Module:Display3,Command,'UpdatePower,None'
2026-03-06 12:15:32.072628,Module:Display3,API,To Device,b'\x010A0A06\x0201D6\x03t\r'
2026-03-06 12:15:32.103498,Module:Display3,API,From Device,b''
2026-03-06 12:15:32.118780,Module:Display4,Command,'UpdatePower,None'
2026-03-06 12:15:32.118780,Module:Display4,API,To Device,'POWR????\r'
2026-03-06 12:15:32.150863,Module:Display4,API,From Device,b''
2026-03-06 12:15:32.198175,Module:Display5,Command,'UpdatePower,None'
2026-03-06 12:15:32.198175,Module:Display5,API,To Device,b'\x010A0A06\x0201D6\x03t\r'
2026-03-06 12:15:32.214099,Module:Display1,Command,'UpdatePower,None'
2026-03-06 12:15:32.214099,Module:Display1,API,To Device,b'\x010A0A06\x0201D6\x03t\r'
2026-03-06 12:15:32.230617,Module:Display5,API,From Device,b''
2026-03-06 12:15:32.245868,Module:Display1,API,From Device,b''
2026-03-06 12:15:32.277417,Module:Display2,Command,'UpdatePower,None'
2026-03-06 12:15:32.277417,Module:Display2,API,To Device,b'\x010A0A06\x0201D6\x03t\r'
2026-03-06 12:15:32.308484,Module:Display2,API,From Device,b''
2026-03-06 12:15:33.581322,Module:Switch0,Command,"UpdateVideoMuteDecoder,{'ID': '1'}"
2026-03-06 12:15:34.594209,Module:Switch0,API,To Device,'w3cv\r\n'
2026-03-06 12:15:34.594209,Module:Switch0,API,To Device,'{1o:B\r}\r'
2026-03-06 12:15:42.166592,Module:Display0,Command,'UpdatePower,None'
2026-03-06 12:15:42.166592,Module:Display0,API,To Device,b'\x010A0A06\x0201D6\x03t\r'
2026-03-06 12:15:42.197773,Module:Display0,API,From Device,b''
2026-03-06 12:15:42.197773,Module:Display3,Command,'UpdatePower,None'
2026-03-06 12:15:42.197773,Module:Display3,API,To Device,b'\x010A0A06\x0201D6\x03t\r'
2026-03-06 12:15:42.213653,Module:Display3,API,From Device,b''
2026-03-06 12:15:42.260528,Module:Display4,Command,'UpdatePower,None'
2026-03-06 12:15:42.260528,Module:Display4,API,To Device,'POWR????\r'
2026-03-06 12:15:42.275756,Module:Display4,API,From Device,b''
2026-03-06 12:15:42.338306,Module:Display5,Command,'UpdatePower,None'
2026-03-06 12:15:42.338306,Module:Display5,API,To Device,b'\x010A0A06\x0201D6\x03t\r'
2026-03-06 12:15:42.355338,Module:Display1,Command,'UpdatePower,None'
2026-03-06 12:15:42.355338,Module:Display1,API,To Device,b'\x010A0A06\x0201D6\x03t\r'
2026-03-06 12:15:42.370868,Module:Display5,API,From Device,b''
2026-03-06 12:15:42.386902,Module:Display1,API,From Device,b''
2026-03-06 12:15:42.402735,Module:Display2,Command,'UpdatePower,None'
2026-03-06 12:15:42.402735,Module:Display2,API,To Device,b'\x010A0A06\x0201D6\x03t\r'
2026-03-06 12:15:42.433448,Module:Display2,API,From Device,b''
2026-03-06 12:15:43.586794,Module:Switch0,Command,"UpdateVideoMuteDecoder,{'ID': '1'}"
2026-03-06 12:15:44.590502,Module:Switch0,API,To Device,'w3cv\r\n'
2026-03-06 12:15:44.590502,Module:Switch0,API,To Device,'{1o:B\r}\r'
2026-03-06 12:15:52.280473,Module:Display0,Command,'UpdatePower,None'Timestamp,Device Name,MessageType,Data
2026-03-06 12:15:52.280473,Module:Display0,API,To Device,b'\x010A0A06\x0201D6\x03t\r'
2026-03-06 12:15:52.295154,Module:Display3,Command,'UpdatePower,None'
2026-03-06 12:15:52.295154,Module:Display3,API,To Device,b'\x010A0A06\x0201D6\x03t\r'
2026-03-06 12:15:52.325981,Module:Display0,API,From Device,b''
2026-03-06 12:15:52.357114,Module:Display4,Command,'UpdatePower,None'
2026-03-06 12:15:52.357114,Module:Display4,API,To Device,'POWR????\r'
2026-03-06 12:15:52.372528,Module:Display3,API,From Device,b''
2026-03-06 12:15:52.387891,Module:Display4,API,From Device,b''
2026-03-06 12:15:52.464496,Module:Display5,Command,'UpdatePower,None'
2026-03-06 12:15:52.464496,Module:Display5,API,To Device,b'\x010A0A06\x0201D6\x03t\r'
2026-03-06 12:15:52.480495,Module:Display1,Command,'UpdatePower,None'
2026-03-06 12:15:52.480495,Module:Display1,API,To Device,b'\x010A0A06\x0201D6\x03t\r'
2026-03-06 12:15:52.496259,Module:Display5,API,From Device,b''
2026-03-06 12:15:52.512699,Module:Display1,API,From Device,b''
2026-03-06 12:15:52.528448,Module:Display2,Command,'UpdatePower,None'
2026-03-06 12:15:52.528448,Module:Display2,API,To Device,b'\x010A0A06\x0201D6\x03t\r'
2026-03-06 12:15:52.559689,Module:Display2,API,From Device,b''
2026-03-06 12:15:53.595656,Module:Switch0,Command,"UpdateVideoMuteDecoder,{'ID': '1'}"
2026-03-06 12:15:54.602917,Module:Switch0,API,To Device,'w3cv\r\n'
2026-03-06 12:15:54.602917,Module:Switch0,API,To Device,'{1o:B\r}\r'
2026-03-06 12:16:02.423029,Module:Display0,Command,'UpdatePower,None'
2026-03-06 12:16:02.423029,Module:Display0,API,To Device,b'\x010A0A06\x0201D6\x03t\r'
2026-03-06 12:16:02.454628,Module:Display0,API,From Device,b''
2026-03-06 12:16:02.469926,Module:Display3,Command,'UpdatePower,None'
2026-03-06 12:16:02.469926,Module:Display3,API,To Device,b'\x010A0A06\x0201D6\x03t\r'
2026-03-06 12:16:02.485429,Module:Display3,API,From Device,b''
2026-03-06 12:16:02.485429,Module:Display4,Command,'UpdatePower,None'
2026-03-06 12:16:02.485429,Module:Display4,API,To Device,'POWR????\r'
2026-03-06 12:16:02.516460,Module:Display4,API,From Device,b''
2026-03-06 12:16:02.591517,Module:Display5,Command,'UpdatePower,None'
2026-03-06 12:16:02.591517,Module:Display5,API,To Device,b'\x010A0A06\x0201D6\x03t\r'
2026-03-06 12:16:02.606577,Module:Display1,Command,'UpdatePower,None'
2026-03-06 12:16:02.606577,Module:Display1,API,To Device,b'\x010A0A06\x0201D6\x03t\r'
2026-03-06 12:16:02.622144,Module:Display5,API,From Device,b''
2026-03-06 12:16:02.638196,Module:Display1,API,From Device,b''
2026-03-06 12:16:02.653583,Module:Display2,Command,'UpdatePower,None'
2026-03-06 12:16:02.653583,Module:Display2,API,To Device,b'\x010A0A06\x0201D6\x03t\r'
2026-03-06 12:16:02.683635,Module:Display2,API,From Device,b''
2026-03-06 12:16:03.601586,Module:Switch0,Command,"UpdateVideoMuteDecoder,{'ID': '1'}"
2026-03-06 12:16:04.611590,Module:Switch0,API,To Device,'w3cv\r\n'
2026-03-06 12:16:04.611590,Module:Switch0,API,To Device,'{1o:B\r}\r'
2026-03-06 12:16:12.549160,Module:Display0,Command,'UpdatePower,None'
2026-03-06 12:16:12.549160,Module:Display0,API,To Device,b'\x010A0A06\x0201D6\x03t\r'
2026-03-06 12:16:12.581434,Module:Display0,API,From Device,b''
2026-03-06 12:16:12.581937,Module:Display3,Command,'UpdatePower,None'
2026-03-06 12:16:12.581937,Module:Display3,API,To Device,b'\x010A0A06\x0201D6\x03t\r'
2026-03-06 12:16:12.596751,Module:Display3,API,From Device,b''
2026-03-06 12:16:12.611577,Module:Display4,Command,'UpdatePower,None'
2026-03-06 12:16:12.611577,Module:Display4,API,To Device,'POWR????\r'
2026-03-06 12:16:12.626453,Module:Display4,API,From Device,b''
2026-03-06 12:16:12.719323,Module:Display5,Command,'UpdatePower,None'
2026-03-06 12:16:12.719323,Module:Display5,API,To Device,b'\x010A0A06\x0201D6\x03t\r'
2026-03-06 12:16:12.735367,Module:Display1,Command,'UpdatePower,None'
2026-03-06 12:16:12.735367,Module:Display1,API,To Device,b'\x010A0A06\x0201D6\x03t\r'
2026-03-06 12:16:12.750430,Module:Display5,API,From Device,b''
2026-03-06 12:16:12.766193,Module:Display1,API,From Device,b''
2026-03-06 12:16:12.781393,Module:Display2,Command,'UpdatePower,None'
2026-03-06 12:16:12.781393,Module:Display2,API,To Device,b'\x010A0A06\x0201D6\x03t\r'
2026-03-06 12:16:12.812819,Module:Display2,API,From Device,b''
2026-03-06 12:16:13.603461,Module:Switch0,Command,"UpdateVideoMuteDecoder,{'ID': '1'}"
2026-03-06 12:16:14.612478,Module:Switch0,API,To Device,'w3cv\r\n'
2026-03-06 12:16:14.612478,Module:Switch0,API,To Device,'{1o:B\r}\r'
2026-03-06 12:16:22.672375,Module:Display0,Command,'UpdatePower,None'
2026-03-06 12:16:22.672375,Module:Display0,API,To Device,b'\x010A0A06\x0201D6\x03t\r'
2026-03-06 12:16:22.688435,Module:Display0,API,From Device,b''
2026-03-06 12:16:22.688435,Module:Display3,Command,'UpdatePower,None'
2026-03-06 12:16:22.688435,Module:Display3,API,To Device,b'\x010A0A06\x0201D6\x03t\r'
2026-03-06 12:16:22.703655,Module:Display4,Command,'UpdatePower,None'
2026-03-06 12:16:22.703655,Module:Display4,API,To Device,'POWR????\r'
2026-03-06 12:16:22.719181,Module:Display3,API,From Device,b''
2026-03-06 12:16:22.734813,Module:Display4,API,From Device,b''
2026-03-06 12:16:22.843022,Module:Display5,Command,'UpdatePower,None'
2026-03-06 12:16:22.843022,Module:Display5,API,To Device,b'\x010A0A06\x0201D6\x03t\r'
2026-03-06 12:16:22.858180,Module:Display1,Command,'UpdatePower,None'
2026-03-06 12:16:22.858180,Module:Display1,API,To Device,b'\x010A0A06\x0201D6\x03t\r'
2026-03-06 12:16:22.873921,Module:Display5,API,From Device,b''
2026-03-06 12:16:22.889128,Module:Display1,API,From Device,b''
2026-03-06 12:16:22.904814,Module:Display2,Command,'UpdatePower,None'
2026-03-06 12:16:22.904814,Module:Display2,API,To Device,b'\x010A0A06\x0201D6\x03t\r'
2026-03-06 12:16:22.936469,Module:Display2,API,From Device,b''
2026-03-06 12:16:23.620922,Module:Switch0,Command,"UpdateVideoMuteDecoder,{'ID': '1'}"
2026-03-06 12:16:24.633974,Module:Switch0,API,To Device,'w3cv\r\n'
2026-03-06 12:16:24.633974,Module:Switch0,API,To Device,'{1o:B\r}\r'
2026-03-06 12:16:32.776878,Module:Display0,Command,'UpdatePower,None'
2026-03-06 12:16:32.776878,Module:Display0,API,To Device,b'\x010A0A06\x0201D6\x03t\r'
2026-03-06 12:16:32.808174,Module:Display0,API,From Device,b''
2026-03-06 12:16:32.809181,Module:Display3,Command,'UpdatePower,None'
2026-03-06 12:16:32.809181,Module:Display3,API,To Device,b'\x010A0A06\x0201D6\x03t\r'
2026-03-06 12:16:32.824263,Module:Display3,API,From Device,b''
2026-03-06 12:16:32.839551,Module:Display4,Command,'UpdatePower,None'
2026-03-06 12:16:32.839551,Module:Display4,API,To Device,'POWR????\r'
2026-03-06 12:16:32.854965,Module:Display4,API,From Device,b''
2026-03-06 12:16:32.965481,Module:Display5,Command,'UpdatePower,None'
2026-03-06 12:16:32.965481,Module:Display5,API,To Device,b'\x010A0A06\x0201D6\x03t\r'
2026-03-06 12:16:32.980505,Module:Display5,API,From Device,b''
2026-03-06 12:16:32.980505,Module:Display1,Command,'UpdatePower,None'
2026-03-06 12:16:32.980505,Module:Display1,API,To Device,b'\x010A0A06\x0201D6\x03t\r'
2026-03-06 12:16:33.012490,Module:Display1,API,From Device,b''
2026-03-06 12:16:33.043723,Module:Display2,Command,'UpdatePower,None'
2026-03-06 12:16:33.043723,Module:Display2,API,To Device,b'\x010A0A06\x0201D6\x03t\r'
2026-03-06 12:16:33.058607,Module:Display2,API,From Device,b''
2026-03-06 12:16:33.637466,Module:Switch0,Command,"UpdateVideoMuteDecoder,{'ID': '1'}"
2026-03-06 12:16:34.647582,Module:Switch0,API,To Device,'w3cv\r\n'
2026-03-06 12:16:34.647582,Module:Switch0,API,To Device,'{1o:B\r}\r'
2026-03-06 12:16:42.918182,Module:Display0,Command,'UpdatePower,None'
2026-03-06 12:16:42.918182,Module:Display0,API,To Device,b'\x010A0A06\x0201D6\x03t\r'
2026-03-06 12:16:42.933617,Module:Display0,API,From Device,b''
2026-03-06 12:16:42.933617,Module:Display3,Command,'UpdatePower,None'
2026-03-06 12:16:42.933617,Module:Display3,API,To Device,b'\x010A0A06\x0201D6\x03t\r'
2026-03-06 12:16:42.948819,Module:Display4,Command,'UpdatePower,None'
2026-03-06 12:16:42.948819,Module:Display4,API,To Device,'POWR????\r'
2026-03-06 12:16:42.963620,Module:Display3,API,From Device,b''
2026-03-06 12:16:42.978769,Module:Display4,API,From Device,b''
2026-03-06 12:16:43.088619,Module:Display5,Command,'UpdatePower,None'
2026-03-06 12:16:43.088619,Module:Display5,API,To Device,b'\x010A0A06\x0201D6\x03t\r'
2026-03-06 12:16:43.120852,Module:Display5,API,From Device,b''
2026-03-06 12:16:43.120852,Module:Display1,Command,'UpdatePower,None'
2026-03-06 12:16:43.120852,Module:Display1,API,To Device,b'\x010A0A06\x0201D6\x03t\r'
2026-03-06 12:16:43.135913,Module:Display1,API,From Device,b''
2026-03-06 12:16:43.167276,Module:Display2,Command,'UpdatePower,None'
2026-03-06 12:16:43.167276,Module:Display2,API,To Device,b'\x010A0A06\x0201D6\x03t\r'
2026-03-06 12:16:43.198645,Module:Display2,API,From Device,b''
2026-03-06 12:16:43.651418,Module:Switch0,Command,"UpdateVideoMuteDecoder,{'ID': '1'}"
2026-03-06 12:16:44.656347,Module:Switch0,API,To Device,'w3cv\r\n'
2026-03-06 12:16:44.656347,Module:Switch0,API,To Device,'{1o:B\r}\r'
2026-03-06 12:16:53.028157,Module:Display0,Command,'UpdatePower,None'Timestamp,Device Name,MessageType,Data
2026-03-06 12:16:53.028157,Module:Display0,API,To Device,b'\x010A0A06\x0201D6\x03t\r'
2026-03-06 12:16:53.075430,Module:Display0,API,From Device,b''
2026-03-06 12:16:53.075430,Module:Display3,Command,'UpdatePower,None'
2026-03-06 12:16:53.075430,Module:Display3,API,To Device,b'\x010A0A06\x0201D6\x03t\r'
2026-03-06 12:16:53.091775,Module:Display3,API,From Device,b''
2026-03-06 12:16:53.091775,Module:Display4,Command,'UpdatePower,None'
2026-03-06 12:16:53.091775,Module:Display4,API,To Device,'POWR????\r'
2026-03-06 12:16:53.123106,Module:Display4,API,From Device,b''
2026-03-06 12:16:53.230849,Module:Display5,Command,'UpdatePower,None'
2026-03-06 12:16:53.230849,Module:Display5,API,To Device,b'\x010A0A06\x0201D6\x03t\r'
2026-03-06 12:16:53.246477,Module:Display1,Command,'UpdatePower,None'
2026-03-06 12:16:53.246477,Module:Display1,API,To Device,b'\x010A0A06\x0201D6\x03t\r'
2026-03-06 12:16:53.262579,Module:Display5,API,From Device,b''
2026-03-06 12:16:53.277621,Module:Display1,API,From Device,b''
2026-03-06 12:16:53.308451,Module:Display2,Command,'UpdatePower,None'
2026-03-06 12:16:53.308451,Module:Display2,API,To Device,b'\x010A0A06\x0201D6\x03t\r'
2026-03-06 12:16:53.323520,Module:Display2,API,From Device,b''
2026-03-06 12:16:53.657085,Module:Switch0,Command,"UpdateVideoMuteDecoder,{'ID': '1'}"
2026-03-06 12:16:54.668791,Module:Switch0,API,To Device,'w3cv\r\n'
2026-03-06 12:16:54.668791,Module:Switch0,API,To Device,'{1o:B\r}\r'
2026-03-06 12:17:03.167656,Module:Display0,Command,'UpdatePower,None'
2026-03-06 12:17:03.167656,Module:Display0,API,To Device,b'\x010A0A06\x0201D6\x03t\r'
2026-03-06 12:17:03.167656,Module:Display3,Command,'UpdatePower,None'
2026-03-06 12:17:03.167656,Module:Display3,API,To Device,b'\x010A0A06\x0201D6\x03t\r'
2026-03-06 12:17:03.199388,Module:Display0,API,From Device,b''
2026-03-06 12:17:03.199388,Module:Display4,Command,'UpdatePower,None'
2026-03-06 12:17:03.199388,Module:Display4,API,To Device,'POWR????\r'
2026-03-06 12:17:03.214829,Module:Display3,API,From Device,b''
2026-03-06 12:17:03.262322,Module:Display4,API,From Device,b''
2026-03-06 12:17:03.356137,Module:Display5,Command,'UpdatePower,None'
2026-03-06 12:17:03.356137,Module:Display5,API,To Device,b'\x010A0A06\x0201D6\x03t\r'
2026-03-06 12:17:03.371519,Module:Display5,API,From Device,b''
2026-03-06 12:17:03.371519,Module:Display1,Command,'UpdatePower,None'
2026-03-06 12:17:03.371519,Module:Display1,API,To Device,b'\x010A0A06\x0201D6\x03t\r'
2026-03-06 12:17:03.402863,Module:Display1,API,From Device,b''
2026-03-06 12:17:03.418451,Module:Display2,Command,'UpdatePower,None'
2026-03-06 12:17:03.418451,Module:Display2,API,To Device,b'\x010A0A06\x0201D6\x03t\r'
2026-03-06 12:17:03.450523,Module:Display2,API,From Device,b''
2026-03-06 12:17:03.668392,Module:Switch0,Command,"UpdateVideoMuteDecoder,{'ID': '1'}"
2026-03-06 12:17:04.680711,Module:Switch0,API,To Device,'w3cv\r\n'
2026-03-06 12:17:04.680711,Module:Switch0,API,To Device,'{1o:B\r}\r'
2026-03-06 12:17:13.300787,Module:Display0,Command,'UpdatePower,None'
2026-03-06 12:17:13.301290,Module:Display0,API,To Device,b'\x010A0A06\x0201D6\x03t\r'
2026-03-06 12:17:13.316599,Module:Display3,Command,'UpdatePower,None'
2026-03-06 12:17:13.316599,Module:Display3,API,To Device,b'\x010A0A06\x0201D6\x03t\r'
2026-03-06 12:17:13.331786,Module:Display0,API,From Device,b''
2026-03-06 12:17:13.347536,Module:Display3,API,From Device,b''
2026-03-06 12:17:13.362701,Module:Display4,Command,'UpdatePower,None'
2026-03-06 12:17:13.362701,Module:Display4,API,To Device,'POWR????\r'
2026-03-06 12:17:13.394954,Module:Display4,API,From Device,b''
2026-03-06 12:17:13.472544,Module:Display5,Command,'UpdatePower,None'
2026-03-06 12:17:13.472544,Module:Display5,API,To Device,b'\x010A0A06\x0201D6\x03t\r'
2026-03-06 12:17:13.503344,Module:Display5,API,From Device,b''
2026-03-06 12:17:13.503344,Module:Display1,Command,'UpdatePower,None'
2026-03-06 12:17:13.503344,Module:Display1,API,To Device,b'\x010A0A06\x0201D6\x03t\r'
2026-03-06 12:17:13.535244,Module:Display2,Command,'UpdatePower,None'
2026-03-06 12:17:13.535244,Module:Display2,API,To Device,b'\x010A0A06\x0201D6\x03t\r'
2026-03-06 12:17:13.549399,Module:Display1,API,From Device,b''
2026-03-06 12:17:13.565084,Module:Display2,API,From Device,b''
2026-03-06 12:17:13.674517,Module:Switch0,Command,"UpdateVideoMuteDecoder,{'ID': '1'}"
2026-03-06 12:17:14.683320,Module:Switch0,API,To Device,'w3cv\r\n'
2026-03-06 12:17:14.683320,Module:Switch0,API,To Device,'{1o:B\r}\r'
2026-03-06 12:17:23.441083,Module:Display0,Command,'UpdatePower,None'
2026-03-06 12:17:23.441083,Module:Display0,API,To Device,b'\x010A0A06\x0201D6\x03t\r'
2026-03-06 12:17:23.457030,Module:Display3,Command,'UpdatePower,None'
2026-03-06 12:17:23.457030,Module:Display3,API,To Device,b'\x010A0A06\x0201D6\x03t\r'
2026-03-06 12:17:23.472856,Module:Display0,API,From Device,b''
2026-03-06 12:17:23.488621,Module:Display3,API,From Device,b''
2026-03-06 12:17:23.503986,Module:Display4,Command,'UpdatePower,None'
2026-03-06 12:17:23.503986,Module:Display4,API,To Device,'POWR????\r'
2026-03-06 12:17:23.534539,Module:Display4,API,From Device,b''
2026-03-06 12:17:23.594715,Module:Display5,Command,'UpdatePower,None'
2026-03-06 12:17:23.594715,Module:Display5,API,To Device,b'\x010A0A06\x0201D6\x03t\r'
2026-03-06 12:17:23.609687,Module:Display5,API,From Device,b''
2026-03-06 12:17:23.640809,Module:Display1,Command,'UpdatePower,None'
2026-03-06 12:17:23.640809,Module:Display1,API,To Device,b'\x010A0A06\x0201D6\x03t\r'
2026-03-06 12:17:23.656218,Module:Display2,Command,'UpdatePower,None'
2026-03-06 12:17:23.656218,Module:Display2,API,To Device,b'\x010A0A06\x0201D6\x03t\r'
2026-03-06 12:17:23.671532,Module:Display1,API,From Device,b''
2026-03-06 12:17:23.686724,Module:Display2,API,From Device,b''
2026-03-06 12:17:23.686724,Module:Switch0,Command,"UpdateVideoMuteDecoder,{'ID': '1'}"
2026-03-06 12:17:24.695028,Module:Switch0,API,To Device,'w3cv\r\n'
2026-03-06 12:17:24.695028,Module:Switch0,API,To Device,'{1o:B\r}\r'
2026-03-06 12:17:33.569447,Module:Display0,Command,'UpdatePower,None'
2026-03-06 12:17:33.569447,Module:Display0,API,To Device,b'\x010A0A06\x0201D6\x03t\r'
2026-03-06 12:17:33.585297,Module:Display3,Command,'UpdatePower,None'
2026-03-06 12:17:33.585297,Module:Display3,API,To Device,b'\x010A0A06\x0201D6\x03t\r'
2026-03-06 12:17:33.615918,Module:Display0,API,From Device,b''
2026-03-06 12:17:33.631330,Module:Display4,Command,'UpdatePower,None'
2026-03-06 12:17:33.631330,Module:Display4,API,To Device,'POWR????\r'
2026-03-06 12:17:33.662706,Module:Display3,API,From Device,b''
2026-03-06 12:17:33.662706,Module:Display4,API,From Device,b''
2026-03-06 12:17:33.693507,Module:Switch0,Command,"UpdateVideoMuteDecoder,{'ID': '1'}"
2026-03-06 12:17:33.709187,Module:Display5,Command,'UpdatePower,None'
2026-03-06 12:17:33.709187,Module:Display5,API,To Device,b'\x010A0A06\x0201D6\x03t\r'
2026-03-06 12:17:33.740669,Module:Display5,API,From Device,b''
2026-03-06 12:17:33.770831,Module:Display1,Command,'UpdatePower,None'
2026-03-06 12:17:33.771337,Module:Display1,API,To Device,b'\x010A0A06\x0201D6\x03t\r'
2026-03-06 12:17:33.786447,Module:Display1,API,From Device,b''
2026-03-06 12:17:33.786447,Module:Display2,Command,'UpdatePower,None'
2026-03-06 12:17:33.786447,Module:Display2,API,To Device,b'\x010A0A06\x0201D6\x03t\r'
2026-03-06 12:17:33.818025,Module:Display2,API,From Device,b''
2026-03-06 12:17:34.703146,Module:Switch0,API,To Device,'w3cv\r\n'
2026-03-06 12:17:34.703146,Module:Switch0,API,To Device,'{1o:B\r}\r'
2026-03-06 12:17:43.709840,Module:Switch0,Command,"UpdateVideoMuteDecoder,{'ID': '1'}"
2026-03-06 12:17:43.725326,Module:Display0,Command,'UpdatePower,None'
2026-03-06 12:17:43.725326,Module:Display0,API,To Device,b'\x010A0A06\x0201D6\x03t\r'
2026-03-06 12:17:43.755679,Module:Display0,API,From Device,b''
2026-03-06 12:17:43.770471,Module:Display3,Command,'UpdatePower,None'
2026-03-06 12:17:43.770471,Module:Display3,API,To Device,b'\x010A0A06\x0201D6\x03t\r'
2026-03-06 12:17:43.770471,Module:Display4,Command,'UpdatePower,None'
2026-03-06 12:17:43.770471,Module:Display4,API,To Device,'POWR????\r'
2026-03-06 12:17:43.800542,Module:Display3,API,From Device,b''
2026-03-06 12:17:43.847634,Module:Display4,API,From Device,b''
2026-03-06 12:17:43.847634,Module:Display5,Command,'UpdatePower,None'
2026-03-06 12:17:43.847634,Module:Display5,API,To Device,b'\x010A0A06\x0201D6\x03t\r'
2026-03-06 12:17:43.879591,Module:Display5,API,From Device,b''
2026-03-06 12:17:43.895072,Module:Display1,Command,'UpdatePower,None'
2026-03-06 12:17:43.895072,Module:Display1,API,To Device,b'\x010A0A06\x0201D6\x03t\r'
2026-03-06 12:17:43.926265,Module:Display1,API,From Device,b''
2026-03-06 12:17:43.926265,Module:Display2,Command,'UpdatePower,None'
2026-03-06 12:17:43.926265,Module:Display2,API,To Device,b'\x010A0A06\x0201D6\x03t\r'
2026-03-06 12:17:43.941416,Module:Display2,API,From Device,b''
2026-03-06 12:17:44.716011,Module:Switch0,API,To Device,'w3cv\r\n'
2026-03-06 12:17:44.716011,Module:Switch0,API,To Device,'{1o:B\r}\r'
2026-03-06 12:17:53.718523,Module:Switch0,Command,"UpdateVideoMuteDecoder,{'ID': '1'}"Timestamp,Device Name,MessageType,Data
2026-03-06 12:17:53.874401,Module:Display0,Command,'UpdatePower,None'
2026-03-06 12:17:53.874401,Module:Display0,API,To Device,b'\x010A0A06\x0201D6\x03t\r'
2026-03-06 12:17:53.905562,Module:Display3,Command,'UpdatePower,None'
2026-03-06 12:17:53.905562,Module:Display3,API,To Device,b'\x010A0A06\x0201D6\x03t\r'
2026-03-06 12:17:53.951360,Module:Display4,Command,'UpdatePower,None'
2026-03-06 12:17:53.951360,Module:Display4,API,To Device,'POWR????\r'
2026-03-06 12:17:53.982614,Module:Display5,Command,'UpdatePower,None'
2026-03-06 12:17:53.982614,Module:Display5,API,To Device,b'\x010A0A06\x0201D6\x03t\r'
2026-03-06 12:17:54.029136,Module:Display1,Command,'UpdatePower,None'
2026-03-06 12:17:54.029136,Module:Display1,API,To Device,b'\x010A0A06\x0201D6\x03t\r'
2026-03-06 12:17:54.044948,Module:Display2,Command,'UpdatePower,None'
2026-03-06 12:17:54.044948,Module:Display2,API,To Device,b'\x010A0A06\x0201D6\x03t\r'
2026-03-06 12:17:54.185158,Module:Display3,API,From Device,b''
2026-03-06 12:17:54.185158,Module:Display5,API,From Device,b''
2026-03-06 12:17:54.185158,Module:Display0,API,From Device,b''
2026-03-06 12:17:54.185158,Module:Display1,API,From Device,b''
2026-03-06 12:17:54.185158,Module:Display4,API,From Device,b''
2026-03-06 12:17:54.215768,Module:Display2,API,From Device,b''
2026-03-06 12:17:54.729351,Module:Switch0,API,To Device,'w3cv\r\n'
2026-03-06 12:17:54.729351,Module:Switch0,API,To Device,'{1o:B\r}\r'
2026-03-06 12:18:03.729218,Module:Switch0,Command,"UpdateVideoMuteDecoder,{'ID': '1'}"
2026-03-06 12:18:04.304430,Module:Display4,Command,'UpdatePower,None'
2026-03-06 12:18:04.304430,Module:Display4,API,To Device,'POWR????\r'
2026-03-06 12:18:04.305426,Module:Display1,Command,'UpdatePower,None'
2026-03-06 12:18:04.305426,Module:Display1,API,To Device,b'\x010A0A06\x0201D6\x03t\r'
2026-03-06 12:18:04.305426,Module:Display3,Command,'UpdatePower,None'
2026-03-06 12:18:04.305426,Module:Display3,API,To Device,b'\x010A0A06\x0201D6\x03t\r'
2026-03-06 12:18:04.305426,Module:Display0,Command,'UpdatePower,None'
2026-03-06 12:18:04.305426,Module:Display0,API,To Device,b'\x010A0A06\x0201D6\x03t\r'
2026-03-06 12:18:04.305426,Module:Display5,Command,'UpdatePower,None'
2026-03-06 12:18:04.305426,Module:Display5,API,To Device,b'\x010A0A06\x0201D6\x03t\r'
2026-03-06 12:18:04.335140,Module:Display1,API,From Device,b''
2026-03-06 12:18:04.335140,Module:Display2,Command,'UpdatePower,None'
2026-03-06 12:18:04.335140,Module:Display2,API,To Device,b'\x010A0A06\x0201D6\x03t\r'
2026-03-06 12:18:04.365351,Module:Display4,API,From Device,b''
2026-03-06 12:18:04.365351,Module:Display0,API,From Device,b''
2026-03-06 12:18:04.365351,Module:Display5,API,From Device,b''
2026-03-06 12:18:04.365351,Module:Display3,API,From Device,b''
2026-03-06 12:18:04.410880,Module:Display2,API,From Device,b''
2026-03-06 12:18:04.738844,Module:Switch0,API,To Device,'w3cv\r\n'
2026-03-06 12:18:04.738844,Module:Switch0,API,To Device,'{1o:B\r}\r'
2026-03-06 12:18:13.744391,Module:Switch0,Command,"UpdateVideoMuteDecoder,{'ID': '1'}"
2026-03-06 12:18:14.394819,Module:Display1,Command,'UpdatePower,None'
2026-03-06 12:18:14.395735,Module:Display1,API,To Device,b'\x010A0A06\x0201D6\x03t\r'
2026-03-06 12:18:14.409981,Module:Display1,API,From Device,b''
2026-03-06 12:18:14.425504,Module:Display4,Command,'UpdatePower,None'
2026-03-06 12:18:14.425504,Module:Display4,API,To Device,'POWR????\r'
2026-03-06 12:18:14.425504,Module:Display0,Command,'UpdatePower,None'
2026-03-06 12:18:14.425504,Module:Display0,API,To Device,b'\x010A0A06\x0201D6\x03t\r'
2026-03-06 12:18:14.426505,Module:Display3,Command,'UpdatePower,None'
2026-03-06 12:18:14.426505,Module:Display3,API,To Device,b'\x010A0A06\x0201D6\x03t\r'
2026-03-06 12:18:14.426505,Module:Display5,Command,'UpdatePower,None'
2026-03-06 12:18:14.426505,Module:Display5,API,To Device,b'\x010A0A06\x0201D6\x03t\r'
2026-03-06 12:18:14.441086,Module:Display4,API,From Device,b''
2026-03-06 12:18:14.471639,Module:Display0,API,From Device,b''
2026-03-06 12:18:14.487504,Module:Display2,Command,'UpdatePower,None'
2026-03-06 12:18:14.487504,Module:Display2,API,To Device,b'\x010A0A06\x0201D6\x03t\r'
2026-03-06 12:18:14.518588,Module:Display5,API,From Device,b''
2026-03-06 12:18:14.518588,Module:Display3,API,From Device,b''
2026-03-06 12:18:14.565424,Module:Display2,API,From Device,b''
2026-03-06 12:18:14.754460,Module:Switch0,API,To Device,'w3cv\r\n'
2026-03-06 12:18:14.754460,Module:Switch0,API,To Device,'{1o:B\r}\r'
2026-03-06 12:18:23.759252,Module:Switch0,Command,"UpdateVideoMuteDecoder,{'ID': '1'}"
2026-03-06 12:18:24.526722,Module:Display1,Command,'UpdatePower,None'
2026-03-06 12:18:24.526722,Module:Display1,API,To Device,b'\x010A0A06\x0201D6\x03t\r'
2026-03-06 12:18:24.543087,Module:Display1,API,From Device,b''
2026-03-06 12:18:24.558733,Module:Display4,Command,'UpdatePower,None'
2026-03-06 12:18:24.558733,Module:Display4,API,To Device,'POWR????\r'
2026-03-06 12:18:24.574489,Module:Display4,API,From Device,b''
2026-03-06 12:18:24.574489,Module:Display0,Command,'UpdatePower,None'
2026-03-06 12:18:24.574489,Module:Display0,API,To Device,b'\x010A0A06\x0201D6\x03t\r'
2026-03-06 12:18:24.606258,Module:Display0,API,From Device,b''
2026-03-06 12:18:24.622710,Module:Display3,Command,'UpdatePower,None'
2026-03-06 12:18:24.622710,Module:Display3,API,To Device,b'\x010A0A06\x0201D6\x03t\r'
2026-03-06 12:18:24.622710,Module:Display5,Command,'UpdatePower,None'
2026-03-06 12:18:24.622710,Module:Display5,API,To Device,b'\x010A0A06\x0201D6\x03t\r'
2026-03-06 12:18:24.653399,Module:Display3,API,From Device,b''
2026-03-06 12:18:24.653399,Module:Display2,Command,'UpdatePower,None'
2026-03-06 12:18:24.653399,Module:Display2,API,To Device,b'\x010A0A06\x0201D6\x03t\r'
2026-03-06 12:18:24.668562,Module:Display5,API,From Device,b''
2026-03-06 12:18:24.684304,Module:Display2,API,From Device,b''
2026-03-06 12:18:24.761512,Module:Switch0,API,To Device,'w3cv\r\n'
2026-03-06 12:18:24.761512,Module:Switch0,API,To Device,'{1o:B\r}\r'
2026-03-06 12:18:33.765933,Module:Switch0,Command,"UpdateVideoMuteDecoder,{'ID': '1'}"
2026-03-06 12:18:34.640747,Module:Display1,Command,'UpdatePower,None'
2026-03-06 12:18:34.640747,Module:Display1,API,To Device,b'\x010A0A06\x0201D6\x03t\r'
2026-03-06 12:18:34.656670,Module:Display1,API,From Device,b''
2026-03-06 12:18:34.671800,Module:Display4,Command,'UpdatePower,None'
2026-03-06 12:18:34.671800,Module:Display4,API,To Device,'POWR????\r'
2026-03-06 12:18:34.687646,Module:Display4,API,From Device,b''
2026-03-06 12:18:34.703372,Module:Display0,Command,'UpdatePower,None'
2026-03-06 12:18:34.703372,Module:Display0,API,To Device,b'\x010A0A06\x0201D6\x03t\r'
2026-03-06 12:18:34.718785,Module:Display0,API,From Device,b''
2026-03-06 12:18:34.749719,Module:Display3,Command,'UpdatePower,None'
2026-03-06 12:18:34.749719,Module:Display3,API,To Device,b'\x010A0A06\x0201D6\x03t\r'
2026-03-06 12:18:34.765180,Module:Display5,Command,'UpdatePower,None'
2026-03-06 12:18:34.765180,Module:Display5,API,To Device,b'\x010A0A06\x0201D6\x03t\r'
2026-03-06 12:18:34.780747,Module:Display3,API,From Device,b''
2026-03-06 12:18:34.780747,Module:Switch0,API,To Device,'w3cv\r\n'
2026-03-06 12:18:34.780747,Module:Display2,Command,'UpdatePower,None'
2026-03-06 12:18:34.780747,Module:Display2,API,To Device,b'\x010A0A06\x0201D6\x03t\r'
2026-03-06 12:18:34.780747,Module:Switch0,API,To Device,'{1o:B\r}\r'
2026-03-06 12:18:34.795955,Module:Display5,API,From Device,b''
2026-03-06 12:18:34.842689,Module:Display2,API,From Device,b''
2026-03-06 12:18:43.779528,Module:Switch0,Command,"UpdateVideoMuteDecoder,{'ID': '1'}"
2026-03-06 12:18:44.742752,Module:Display1,Command,'UpdatePower,None'
2026-03-06 12:18:44.742752,Module:Display1,API,To Device,b'\x010A0A06\x0201D6\x03t\r'
2026-03-06 12:18:44.773425,Module:Display1,API,From Device,b''
2026-03-06 12:18:44.773425,Module:Display4,Command,'UpdatePower,None'
2026-03-06 12:18:44.773425,Module:Display4,API,To Device,'POWR????\r'
2026-03-06 12:18:44.789013,Module:Switch0,API,To Device,'w3cv\r\n'
2026-03-06 12:18:44.789013,Module:Switch0,API,To Device,'{1o:B\r}\r'
2026-03-06 12:18:44.805118,Module:Display0,Command,'UpdatePower,None'
2026-03-06 12:18:44.805118,Module:Display0,API,To Device,b'\x010A0A06\x0201D6\x03t\r'
2026-03-06 12:18:44.820478,Module:Display4,API,From Device,b''
2026-03-06 12:18:44.836359,Module:Display0,API,From Device,b''
2026-03-06 12:18:44.898359,Module:Display3,Command,'UpdatePower,None'
2026-03-06 12:18:44.898359,Module:Display3,API,To Device,b'\x010A0A06\x0201D6\x03t\r'
2026-03-06 12:18:44.914467,Module:Display3,API,From Device,b''
2026-03-06 12:18:44.914467,Module:Display5,Command,'UpdatePower,None'
2026-03-06 12:18:44.914467,Module:Display5,API,To Device,b'\x010A0A06\x0201D6\x03t\r'
2026-03-06 12:18:44.945904,Module:Display5,API,From Device,b''
2026-03-06 12:18:44.945904,Module:Display2,Command,'UpdatePower,None'
2026-03-06 12:18:44.945904,Module:Display2,API,To Device,b'\x010A0A06\x0201D6\x03t\r'
2026-03-06 12:18:44.989388,Module:Display2,API,From Device,b''
2026-03-06 12:18:53.792851,Module:Switch0,Command,"UpdateVideoMuteDecoder,{'ID': '1'}"